ISO-10303-21;
HEADER;
FILE_DESCRIPTION (( 'STEP AP214' ),
    '1' );
FILE_NAME ('CUI_DEVICES_TBP02R2-381-05BE.step',
    '2019-10-22T04:12:55',
    ( '' ),
    ( '' ),
    'SwSTEP 2.0',
    'SolidWorks 2019',
    '' );
FILE_SCHEMA (( 'AUTOMOTIVE_DESIGN' ));
ENDSEC;

DATA;
#1 = PLANE ( 'NONE',  #1209 ) ;
#2 = COLOUR_RGB ( '',1.000000000000000000, 1.000000000000000000, 1.000000000000000000 ) ;
#3 = AXIS2_PLACEMENT_3D ( 'NONE', #2984, #1796, #6035 ) ;
#4 =( NAMED_UNIT ( * ) SI_UNIT ( $, .STERADIAN. ) SOLID_ANGLE_UNIT ( ) );
#5 = LINE ( 'NONE', #4245, #1582 ) ;
#6 = DIRECTION ( 'NONE',  ( -1.000000000000000000, 0.0000000000000000000, 0.0000000000000000000 ) ) ;
#7 = VERTEX_POINT ( 'NONE', #2931 ) ;
#8 = FACE_OUTER_BOUND ( 'NONE', #3548, .T. ) ;
#9 = LINE ( 'NONE', #4770, #6570 ) ;
#10 = STYLED_ITEM ( 'NONE', ( #1975 ), #5727 ) ;
#11 = VECTOR ( 'NONE', #3508, 1000.000000000000000 ) ;
#12 = LINE ( 'NONE', #6571, #4129 ) ;
#13 = FACE_BOUND ( 'NONE', #3567, .T. ) ;
#14 = FILL_AREA_STYLE_COLOUR ( '', #3931 ) ;
#15 = EDGE_CURVE ( 'NONE', #6148, #437, #4830, .T. ) ;
#16 =( GEOMETRIC_REPRESENTATION_CONTEXT ( 3 ) GLOBAL_UNCERTAINTY_ASSIGNED_CONTEXT ( ( #3585 ) ) GLOBAL_UNIT_ASSIGNED_CONTEXT ( ( #5483, #3592, #2363 ) ) REPRESENTATION_CONTEXT ( 'NONE', 'WORKASPACE' ) );
#17 = CARTESIAN_POINT ( 'NONE',  ( 9.800000000000000711, 9.000000000000001776, 9.109999999999999432 ) ) ;
#18 = MECHANICAL_DESIGN_GEOMETRIC_PRESENTATION_REPRESENTATION (  '', ( #2928 ), #4828 ) ;
#19 = DIRECTION ( 'NONE',  ( 0.9451512019217267468, 0.0000000000000000000, 0.3266331359582419491 ) ) ;
#20 = ADVANCED_FACE ( 'NONE', ( #7764, #1117 ), #2369, .T. ) ;
#21 = LINE ( 'NONE', #7127, #6004 ) ;
#22 = ORIENTED_EDGE ( 'NONE', *, *, #6193, .F. ) ;
#23 = FILL_AREA_STYLE_COLOUR ( '', #6261 ) ;
#24 = MECHANICAL_DESIGN_GEOMETRIC_PRESENTATION_REPRESENTATION (  '', ( #5216 ), #415 ) ;
#25 = EDGE_CURVE ( 'NONE', #6258, #2358, #3564, .T. ) ;
#26 = ORIENTED_EDGE ( 'NONE', *, *, #798, .T. ) ;
#27 = SURFACE_SIDE_STYLE ('',( #3670 ) ) ;
#28 = FILL_AREA_STYLE_COLOUR ( '', #2408 ) ;
#29 = ORIENTED_EDGE ( 'NONE', *, *, #2623, .T. ) ;
#30 = CARTESIAN_POINT ( 'NONE',  ( 6.349999999999999645, 18.19999999999999929, 2.209999999999999964 ) ) ;
#31 = VERTEX_POINT ( 'NONE', #3525 ) ;
#32 = LINE ( 'NONE', #7809, #5072 ) ;
#33 = VERTEX_POINT ( 'NONE', #4753 ) ;
#34 = LINE ( 'NONE', #2487, #4305 ) ;
#35 = ORIENTED_EDGE ( 'NONE', *, *, #1729, .F. ) ;
#36 = FACE_OUTER_BOUND ( 'NONE', #3150, .T. ) ;
#37 = SURFACE_SIDE_STYLE ('',( #4955 ) ) ;
#38 =( NAMED_UNIT ( * ) SI_UNIT ( $, .STERADIAN. ) SOLID_ANGLE_UNIT ( ) );
#39 = VERTEX_POINT ( 'NONE', #7065 ) ;
#40 = CARTESIAN_POINT ( 'NONE',  ( 6.900000000000000355, 14.69999999999999929, 18.64999999999999858 ) ) ;
#41 = PLANE ( 'NONE',  #1917 ) ;
#42 =( NAMED_UNIT ( * ) PLANE_ANGLE_UNIT ( ) SI_UNIT ( $, .RADIAN. ) );
#43 = CARTESIAN_POINT ( 'NONE',  ( 5.950000000000009059, 20.30000000000001847, 19.59999999999998721 ) ) ;
#44 = EDGE_CURVE ( 'NONE', #2075, #5067, #1745, .T. ) ;
#45 = PLANE ( 'NONE',  #4120 ) ;
#46 = DIRECTION ( 'NONE',  ( -0.9451512019217267468, 0.0000000000000000000, 0.3266331359582419491 ) ) ;
#47 = CARTESIAN_POINT ( 'NONE',  ( 6.349999999999999645, 11.50000000000000000, 20.65000000000000213 ) ) ;
#48 = PLANE ( 'NONE',  #1489 ) ;
#49 = VERTEX_POINT ( 'NONE', #5886 ) ;
#50 = EDGE_CURVE ( 'NONE', #4940, #2492, #5843, .T. ) ;
#51 = SURFACE_SIDE_STYLE ('',( #2546 ) ) ;
#52 = VECTOR ( 'NONE', #3932, 1000.000000000000000 ) ;
#53 = AXIS2_PLACEMENT_3D ( 'NONE', #2080, #5491, #4314 ) ;
#54 = EDGE_LOOP ( 'NONE', ( #6668, #6948, #831, #1036 ) ) ;
#55 = EDGE_CURVE ( 'NONE', #7632, #7484, #5238, .T. ) ;
#56 = COLOUR_RGB ( '',0.2862745098039215508, 0.6431372549019607199, 0.8666666666666666963 ) ;
#57 = CARTESIAN_POINT ( 'NONE',  ( 6.099999999999999645, 20.89999999999999147, 14.83999999999999986 ) ) ;
#58 = AXIS2_PLACEMENT_3D ( 'NONE', #3196, #2585, #5012 ) ;
#59 = AXIS2_PLACEMENT_3D ( 'NONE', #5789, #5239, #983 ) ;
#60 = ADVANCED_FACE ( 'NONE', ( #5377 ), #7808, .T. ) ;
#61 = ORIENTED_EDGE ( 'NONE', *, *, #6088, .T. ) ;
#62 = EDGE_CURVE ( 'NONE', #3337, #7399, #4714, .T. ) ;
#63 = PLANE ( 'NONE',  #1250 ) ;
#64 = VECTOR ( 'NONE', #7610, 1000.000000000000114 ) ;
#65 = ADVANCED_FACE ( 'NONE', ( #4087 ), #2967, .T. ) ;
#66 = VERTEX_POINT ( 'NONE', #7682 ) ;
#67 = CARTESIAN_POINT ( 'NONE',  ( 9.800000000000000711, 15.69999999999999929, 17.55999999999999872 ) ) ;
#68 = CARTESIAN_POINT ( 'NONE',  ( 6.099999999999999645, 18.19999999999999929, 4.210000000000001741 ) ) ;
#69 = EDGE_CURVE ( 'NONE', #3992, #3803, #7723, .T. ) ;
#70 = COLOUR_RGB ( '',1.000000000000000000, 1.000000000000000000, 1.000000000000000000 ) ;
#71 = ORIENTED_EDGE ( 'NONE', *, *, #6977, .F. ) ;
#72 = LINE ( 'NONE', #4278, #5704 ) ;
#73 = COLOUR_RGB ( '',1.000000000000000000, 1.000000000000000000, 1.000000000000000000 ) ;
#74 = VERTEX_POINT ( 'NONE', #4202 ) ;
#75 = DIRECTION ( 'NONE',  ( -0.0000000000000000000, -1.000000000000000000, -0.0000000000000000000 ) ) ;
#76 = CARTESIAN_POINT ( 'NONE',  ( 7.549999999999999822, 9.000000000000001776, 2.210000000000003517 ) ) ;
#77 = DIRECTION ( 'NONE',  ( 1.000000000000000000, 0.0000000000000000000, 0.0000000000000000000 ) ) ;
#78 = ORIENTED_EDGE ( 'NONE', *, *, #2580, .F. ) ;
#79 =( LENGTH_UNIT ( ) NAMED_UNIT ( * ) SI_UNIT ( .MILLI., .METRE. ) );
#80 =( LENGTH_UNIT ( ) NAMED_UNIT ( * ) SI_UNIT ( .MILLI., .METRE. ) );
#81 = AXIS2_PLACEMENT_3D ( 'NONE', #4402, #3811, #5615 ) ;
#82 = ORIENTED_EDGE ( 'NONE', *, *, #555, .T. ) ;
#83 =( LENGTH_UNIT ( ) NAMED_UNIT ( * ) SI_UNIT ( .MILLI., .METRE. ) );
#84 = SURFACE_SIDE_STYLE ('',( #684 ) ) ;
#85 = DIRECTION ( 'NONE',  ( 0.0000000000000000000, -1.000000000000000000, 0.0000000000000000000 ) ) ;
#86 = DIRECTION ( 'NONE',  ( -0.2357022603955121753, -0.9428090415820651327, -0.2357022603955121753 ) ) ;
#87 = LINE ( 'NONE', #6535, #2335 ) ;
#88 =( LENGTH_UNIT ( ) NAMED_UNIT ( * ) SI_UNIT ( .MILLI., .METRE. ) );
#89 = CARTESIAN_POINT ( 'NONE',  ( 7.099999999999999645, 15.69999999999999929, 9.830000000000000071 ) ) ;
#90 = CARTESIAN_POINT ( 'NONE',  ( 6.500000000000000888, 15.69999999999999929, 7.620000000000001883 ) ) ;
#91 = UNCERTAINTY_MEASURE_WITH_UNIT (LENGTH_MEASURE( 1.000000000000000082E-05 ), #5004, 'distance_accuracy_value', 'NONE');
#92 = ORIENTED_EDGE ( 'NONE', *, *, #474, .F. ) ;
#93 = PLANE ( 'NONE',  #3496 ) ;
#94 = FACE_OUTER_BOUND ( 'NONE', #2203, .T. ) ;
#95 = VERTEX_POINT ( 'NONE', #2292 ) ;
#96 = LINE ( 'NONE', #742, #5918 ) ;
#97 = LINE ( 'NONE', #267, #2799 ) ;
#98 = ORIENTED_EDGE ( 'NONE', *, *, #5383, .F. ) ;
#99 = VERTEX_POINT ( 'NONE', #2403 ) ;
#100 = VECTOR ( 'NONE', #3716, 1000.000000000000114 ) ;
#101 = EDGE_CURVE ( 'NONE', #3640, #5258, #6593, .T. ) ;
#102 = ORIENTED_EDGE ( 'NONE', *, *, #2380, .F. ) ;
#103 = VECTOR ( 'NONE', #2699, 1000.000000000000000 ) ;
#104 = FILL_AREA_STYLE ('',( #6861 ) ) ;
#105 = ADVANCED_FACE ( 'NONE', ( #7172 ), #1783, .T. ) ;
#106 = ORIENTED_EDGE ( 'NONE', *, *, #2934, .F. ) ;
#107 = DIRECTION ( 'NONE',  ( 0.0000000000000000000, 0.0000000000000000000, -1.000000000000000000 ) ) ;
#108 = EDGE_CURVE ( 'NONE', #1357, #4982, #4491, .T. ) ;
#109 = AXIS2_PLACEMENT_3D ( 'NONE', #3083, #4344, #4385 ) ;
#110 = EDGE_CURVE ( 'NONE', #842, #4577, #4500, .T. ) ;
#111 = ORIENTED_EDGE ( 'NONE', *, *, #1707, .T. ) ;
#112 = LINE ( 'NONE', #1942, #3605 ) ;
#113 = EDGE_CURVE ( 'NONE', #5067, #4009, #1304, .T. ) ;
#114 = CARTESIAN_POINT ( 'NONE',  ( 2.950000000000000178, 17.39999999999999858, 15.24000000000000021 ) ) ;
#115 = FACE_OUTER_BOUND ( 'NONE', #4829, .T. ) ;
#116 = ORIENTED_EDGE ( 'NONE', *, *, #3607, .T. ) ;
#117 =( NAMED_UNIT ( * ) PLANE_ANGLE_UNIT ( ) SI_UNIT ( $, .RADIAN. ) );
#118 = VECTOR ( 'NONE', #2675, 1000.000000000000000 ) ;
#119 = ORIENTED_EDGE ( 'NONE', *, *, #3604, .T. ) ;
#120 = LINE ( 'NONE', #3183, #7023 ) ;
#121 = DIRECTION ( 'NONE',  ( -1.000000000000000000, 0.0000000000000000000, 0.0000000000000000000 ) ) ;
#122 = VECTOR ( 'NONE', #3523, 1000.000000000000000 ) ;
#123 = MECHANICAL_DESIGN_GEOMETRIC_PRESENTATION_REPRESENTATION (  '', ( #3549 ), #4560 ) ;
#124 = CARTESIAN_POINT ( 'NONE',  ( 6.099999999999999645, 10.40000000000000213, 19.25000000000000000 ) ) ;
#125 = CARTESIAN_POINT ( 'NONE',  ( 9.119999999999999218, 17.39999999999999858, 10.17500000000000249 ) ) ;
#126 = LINE ( 'NONE', #6123, #7433 ) ;
#127 = CARTESIAN_POINT ( 'NONE',  ( 6.333333333333330373, 10.26666666666669947, 11.59666666666670132 ) ) ;
#128 = CARTESIAN_POINT ( 'NONE',  ( 6.099999999999999645, 18.19999999999999929, 18.64999999999999858 ) ) ;
#129 = FACE_OUTER_BOUND ( 'NONE', #302, .T. ) ;
#130 =( GEOMETRIC_REPRESENTATION_CONTEXT ( 3 ) GLOBAL_UNCERTAINTY_ASSIGNED_CONTEXT ( ( #91 ) ) GLOBAL_UNIT_ASSIGNED_CONTEXT ( ( #5004, #4336, #4127 ) ) REPRESENTATION_CONTEXT ( 'NONE', 'WORKASPACE' ) );
#131 = DIRECTION ( 'NONE',  ( 0.0000000000000000000, 1.000000000000000000, 0.0000000000000000000 ) ) ;
#132 = COLOUR_RGB ( '',1.000000000000000000, 1.000000000000000000, 1.000000000000000000 ) ;
#133 = ORIENTED_EDGE ( 'NONE', *, *, #4912, .F. ) ;
#134 = DIRECTION ( 'NONE',  ( 0.0000000000000000000, 0.0000000000000000000, -1.000000000000000000 ) ) ;
#135 = CARTESIAN_POINT ( 'NONE',  ( 8.599999999999999645, 9.000000000000001776, 18.35000000000000142 ) ) ;
#136 = ORIENTED_EDGE ( 'NONE', *, *, #5111, .F. ) ;
#137 = AXIS2_PLACEMENT_3D ( 'NONE', #1746, #4870, #1899 ) ;
#138 = MANIFOLD_SOLID_BREP ( 'Combine1', #5348 ) ;
#139 = AXIS2_PLACEMENT_3D ( 'NONE', #599, #1750, #6520 ) ;
#140 = LINE ( 'NONE', #7279, #5683 ) ;
#141 = CARTESIAN_POINT ( 'NONE',  ( 6.099999999999999645, 21.69999999999999929, 7.220000000000000639 ) ) ;
#142 = SURFACE_SIDE_STYLE ('',( #6215 ) ) ;
#143 = VERTEX_POINT ( 'NONE', #2443 ) ;
#144 = ORIENTED_EDGE ( 'NONE', *, *, #461, .T. ) ;
#145 = DIRECTION ( 'NONE',  ( 0.0000000000000000000, 0.0000000000000000000, -1.000000000000000000 ) ) ;
#146 = ORIENTED_EDGE ( 'NONE', *, *, #6346, .T. ) ;
#147 = VECTOR ( 'NONE', #4111, 1000.000000000000000 ) ;
#148 = CARTESIAN_POINT ( 'NONE',  ( 7.549999999999999822, 18.19999999999999929, 1.510000000000000897 ) ) ;
#149 = VERTEX_POINT ( 'NONE', #6706 ) ;
#150 = DIRECTION ( 'NONE',  ( 1.000000000000000000, 0.0000000000000000000, 0.0000000000000000000 ) ) ;
#151 = EDGE_CURVE ( 'NONE', #5982, #5446, #6101, .T. ) ;
#152 = EDGE_LOOP ( 'NONE', ( #2406, #6321, #5188, #2945 ) ) ;
#153 = DIRECTION ( 'NONE',  ( 0.0000000000000000000, 0.0000000000000000000, -1.000000000000000000 ) ) ;
#154 = EDGE_CURVE ( 'NONE', #1535, #6148, #223, .T. ) ;
#155 = PRESENTATION_STYLE_ASSIGNMENT (( #3250 ) ) ;
#156 = FILL_AREA_STYLE ('',( #2022 ) ) ;
#157 = FILL_AREA_STYLE_COLOUR ( '', #7416 ) ;
#158 = ORIENTED_EDGE ( 'NONE', *, *, #3360, .T. ) ;
#159 = FACE_OUTER_BOUND ( 'NONE', #5459, .T. ) ;
#160 = PRESENTATION_STYLE_ASSIGNMENT (( #5506 ) ) ;
#161 = ORIENTED_EDGE ( 'NONE', *, *, #750, .F. ) ;
#162 = UNCERTAINTY_MEASURE_WITH_UNIT (LENGTH_MEASURE( 1.000000000000000082E-05 ), #7008, 'distance_accuracy_value', 'NONE');
#163 = DIRECTION ( 'NONE',  ( -0.0000000000000000000, -1.000000000000000000, -0.0000000000000000000 ) ) ;
#164 = EDGE_CURVE ( 'NONE', #673, #3902, #6894, .T. ) ;
#165 = SURFACE_STYLE_FILL_AREA ( #3218 ) ;
#166 = CARTESIAN_POINT ( 'NONE',  ( 4.150000000000000355, 17.39999999999999858, 20.64999999999999858 ) ) ;
#167 = DIRECTION ( 'NONE',  ( 0.0000000000000000000, 0.0000000000000000000, -1.000000000000000000 ) ) ;
#168 = PLANE ( 'NONE',  #5751 ) ;
#169 = DIRECTION ( 'NONE',  ( -1.000000000000000000, 0.0000000000000000000, 0.0000000000000000000 ) ) ;
#170 = LINE ( 'NONE', #252, #5180 ) ;
#171 = LINE ( 'NONE', #127, #2920 ) ;
#172 = LINE ( 'NONE', #7391, #2398 ) ;
#173 = DIRECTION ( 'NONE',  ( 0.0000000000000000000, 0.0000000000000000000, -1.000000000000000000 ) ) ;
#174 = SURFACE_STYLE_FILL_AREA ( #5008 ) ;
#175 = ORIENTED_EDGE ( 'NONE', *, *, #911, .F. ) ;
#176 =( NAMED_UNIT ( * ) PLANE_ANGLE_UNIT ( ) SI_UNIT ( $, .RADIAN. ) );
#177 = PRESENTATION_STYLE_ASSIGNMENT (( #4541 ) ) ;
#178 = ORIENTED_EDGE ( 'NONE', *, *, #955, .T. ) ;
#179 = ORIENTED_EDGE ( 'NONE', *, *, #7057, .T. ) ;
#180 =( NAMED_UNIT ( * ) PLANE_ANGLE_UNIT ( ) SI_UNIT ( $, .RADIAN. ) );
#181 = ORIENTED_EDGE ( 'NONE', *, *, #2929, .F. ) ;
#182 = VECTOR ( 'NONE', #6653, 1000.000000000000000 ) ;
#183 = ORIENTED_EDGE ( 'NONE', *, *, #7244, .T. ) ;
#184 = CARTESIAN_POINT ( 'NONE',  ( 6.349999999999999645, 18.19999999999999929, -9.919999999999999929 ) ) ;
#185 = VECTOR ( 'NONE', #1430, 1000.000000000000000 ) ;
#186 = COLOUR_RGB ( '',1.000000000000000000, 1.000000000000000000, 1.000000000000000000 ) ;
#187 = CARTESIAN_POINT ( 'NONE',  ( 6.299999999999998046, 21.69999999999999929, 11.62999999999999901 ) ) ;
#188 = VERTEX_POINT ( 'NONE', #1453 ) ;
#189 = PRESENTATION_LAYER_ASSIGNMENT (  '', '', ( #7005 ) ) ;
#190 = EDGE_CURVE ( 'NONE', #4957, #3563, #7471, .T. ) ;
#191 = PRESENTATION_LAYER_ASSIGNMENT (  '', '', ( #3615 ) ) ;
#192 = VERTEX_POINT ( 'NONE', #864 ) ;
#193 = CARTESIAN_POINT ( 'NONE',  ( 6.500000000000000888, 14.69999999999999929, 14.33999999999999986 ) ) ;
#194 = DIRECTION ( 'NONE',  ( -1.000000000000000000, 0.0000000000000000000, 0.0000000000000000000 ) ) ;
#195 = CARTESIAN_POINT ( 'NONE',  ( 8.599999999999999645, 9.000000000000001776, 9.219999999999998863 ) ) ;
#196 = DIRECTION ( 'NONE',  ( 0.9701425001453318764, 0.2425356250363329691, 0.0000000000000000000 ) ) ;
#197 = VECTOR ( 'NONE', #2108, 1000.000000000000000 ) ;
#198 = ORIENTED_EDGE ( 'NONE', *, *, #916, .F. ) ;
#199 = LINE ( 'NONE', #1986, #3128 ) ;
#200 = EDGE_CURVE ( 'NONE', #1018, #6753, #3276, .T. ) ;
#201 = VERTEX_POINT ( 'NONE', #1861 ) ;
#202 = CARTESIAN_POINT ( 'NONE',  ( 6.899999999999999467, 18.19999999999999929, 11.82999999999999829 ) ) ;
#203 = CARTESIAN_POINT ( 'NONE',  ( 6.500000000000000888, 14.69999999999999929, 19.95000000000000284 ) ) ;
#204 = VECTOR ( 'NONE', #5786, 1000.000000000000000 ) ;
#205 = CARTESIAN_POINT ( 'NONE',  ( 2.950000000000000178, 17.39999999999999858, 7.620000000000001883 ) ) ;
#206 = EDGE_CURVE ( 'NONE', #939, #2492, #5677, .T. ) ;
#207 =( NAMED_UNIT ( * ) SI_UNIT ( $, .STERADIAN. ) SOLID_ANGLE_UNIT ( ) );
#208 = PLANE ( 'NONE',  #5765 ) ;
#209 = SURFACE_STYLE_USAGE ( .BOTH. , #812 ) ;
#210 = CARTESIAN_POINT ( 'NONE',  ( 6.899999999999999467, 21.69999999999999929, 18.64999999999999858 ) ) ;
#211 = AXIS2_PLACEMENT_3D ( 'NONE', #924, #5809, #2178 ) ;
#212 = PLANE ( 'NONE',  #4307 ) ;
#213 = LINE ( 'NONE', #4928, #537 ) ;
#214 = EDGE_CURVE ( 'NONE', #3248, #4436, #904, .T. ) ;
#215 = VECTOR ( 'NONE', #287, 1000.000000000000000 ) ;
#216 = VERTEX_POINT ( 'NONE', #6067 ) ;
#217 = CARTESIAN_POINT ( 'NONE',  ( 6.099999999999999645, 21.69999999999999929, 18.64999999999999858 ) ) ;
#218 = ADVANCED_FACE ( 'NONE', ( #671 ), #5716, .T. ) ;
#219 = FILL_AREA_STYLE_COLOUR ( '', #1463 ) ;
#220 = AXIS2_PLACEMENT_3D ( 'NONE', #2504, #7353, #1325 ) ;
#221 = ORIENTED_EDGE ( 'NONE', *, *, #5585, .F. ) ;
#222 = ADVANCED_FACE ( 'NONE', ( #5830 ), #424, .T. ) ;
#223 = LINE ( 'NONE', #2631, #4123 ) ;
#224 = VERTEX_POINT ( 'NONE', #7045 ) ;
#225 = ADVANCED_FACE ( 'NONE', ( #6498 ), #2238, .F. ) ;
#226 = DIRECTION ( 'NONE',  ( 0.0000000000000000000, -1.000000000000000000, 0.0000000000000000000 ) ) ;
#227 = DIRECTION ( 'NONE',  ( 0.0000000000000000000, 1.000000000000000000, 0.0000000000000000000 ) ) ;
#228 = ORIENTED_EDGE ( 'NONE', *, *, #322, .T. ) ;
#229 = ORIENTED_EDGE ( 'NONE', *, *, #7448, .F. ) ;
#230 =( NAMED_UNIT ( * ) SI_UNIT ( $, .STERADIAN. ) SOLID_ANGLE_UNIT ( ) );
#231 = EDGE_CURVE ( 'NONE', #6363, #4076, #6338, .T. ) ;
#232 = DIRECTION ( 'NONE',  ( 0.0000000000000000000, 0.0000000000000000000, 1.000000000000000000 ) ) ;
#233 = VECTOR ( 'NONE', #7033, 1000.000000000000000 ) ;
#234 = ORIENTED_EDGE ( 'NONE', *, *, #7286, .F. ) ;
#235 = LINE ( 'NONE', #278, #1901 ) ;
#236 = PRESENTATION_LAYER_ASSIGNMENT (  '', '', ( #3656 ) ) ;
#237 = ORIENTED_EDGE ( 'NONE', *, *, #5619, .F. ) ;
#238 = ORIENTED_EDGE ( 'NONE', *, *, #7022, .T. ) ;
#239 = CARTESIAN_POINT ( 'NONE',  ( 6.349999999999999645, 11.50000000000000000, 2.209999999999999964 ) ) ;
#240 = LINE ( 'NONE', #6278, #4238 ) ;
#241 = LINE ( 'NONE', #803, #2900 ) ;
#242 = ORIENTED_EDGE ( 'NONE', *, *, #3996, .F. ) ;
#243 = CARTESIAN_POINT ( 'NONE',  ( 6.099999999999999645, 21.69999999999999929, 11.22999999999999865 ) ) ;
#244 = ORIENTED_EDGE ( 'NONE', *, *, #1283, .F. ) ;
#245 = UNCERTAINTY_MEASURE_WITH_UNIT (LENGTH_MEASURE( 1.000000000000000082E-05 ), #6920, 'distance_accuracy_value', 'NONE');
#246 = CARTESIAN_POINT ( 'NONE',  ( 0.0000000000000000000, 21.69999999999999929, 19.25000000000000000 ) ) ;
#247 = AXIS2_PLACEMENT_3D ( 'NONE', #1694, #3556, #5948 ) ;
#248 = PRESENTATION_STYLE_ASSIGNMENT (( #5586 ) ) ;
#249 = DIRECTION ( 'NONE',  ( 0.0000000000000000000, 0.0000000000000000000, 1.000000000000000000 ) ) ;
#250 = FACE_OUTER_BOUND ( 'NONE', #1396, .T. ) ;
#251 = CARTESIAN_POINT ( 'NONE',  ( 4.150000000000000355, 9.000000000000001776, 9.219999999999998863 ) ) ;
#252 = CARTESIAN_POINT ( 'NONE',  ( 6.099999999999999645, 20.89999999999999147, 3.409999999999999698 ) ) ;
#253 = CARTESIAN_POINT ( 'NONE',  ( 9.119999999999999218, 15.69999999999999929, 17.79500000000000171 ) ) ;
#254 = ORIENTED_EDGE ( 'NONE', *, *, #7159, .T. ) ;
#255 = PLANE ( 'NONE',  #4761 ) ;
#256 = MECHANICAL_DESIGN_GEOMETRIC_PRESENTATION_REPRESENTATION (  '', ( #6308 ), #2650 ) ;
#257 = COLOUR_RGB ( '',1.000000000000000000, 1.000000000000000000, 1.000000000000000000 ) ;
#258 = EDGE_CURVE ( 'NONE', #7052, #842, #7586, .T. ) ;
#259 = EDGE_LOOP ( 'NONE', ( #4636, #1691, #6416, #3374 ) ) ;
#260 = CARTESIAN_POINT ( 'NONE',  ( 9.119999999999999218, 17.39999999999999858, 8.875000000000001776 ) ) ;
#261 = DIRECTION ( 'NONE',  ( -1.000000000000000000, 0.0000000000000000000, 0.0000000000000000000 ) ) ;
#262 = ORIENTED_EDGE ( 'NONE', *, *, #5917, .T. ) ;
#263 = PRESENTATION_LAYER_ASSIGNMENT (  '', '', ( #4690 ) ) ;
#264 = EDGE_CURVE ( 'NONE', #6093, #149, #4107, .T. ) ;
#265 = LINE ( 'NONE', #2161, #2146 ) ;
#266 = AXIS2_PLACEMENT_3D ( 'NONE', #4101, #4845, #1799 ) ;
#267 = CARTESIAN_POINT ( 'NONE',  ( 8.599999999999999645, 15.69999999999999929, 15.93999999999999950 ) ) ;
#268 = LINE ( 'NONE', #4425, #4258 ) ;
#269 = ORIENTED_EDGE ( 'NONE', *, *, #7203, .F. ) ;
#270 = ORIENTED_EDGE ( 'NONE', *, *, #4237, .T. ) ;
#271 = ADVANCED_FACE ( 'NONE', ( #2908 ), #347, .F. ) ;
#272 = SURFACE_SIDE_STYLE ('',( #3995 ) ) ;
#273 =( GEOMETRIC_REPRESENTATION_CONTEXT ( 3 ) GLOBAL_UNCERTAINTY_ASSIGNED_CONTEXT ( ( #4156 ) ) GLOBAL_UNIT_ASSIGNED_CONTEXT ( ( #2331, #519, #7142 ) ) REPRESENTATION_CONTEXT ( 'NONE', 'WORKASPACE' ) );
#274 = CIRCLE ( 'NONE', #2046, 1.499999999999999556 ) ;
#275 = VECTOR ( 'NONE', #5371, 1000.000000000000000 ) ;
#276 = VECTOR ( 'NONE', #1743, 1000.000000000000000 ) ;
#277 = ORIENTED_EDGE ( 'NONE', *, *, #4199, .F. ) ;
#278 = CARTESIAN_POINT ( 'NONE',  ( 6.349999999999999645, 10.00000000000000178, 20.64999999999999858 ) ) ;
#279 = CIRCLE ( 'NONE', #4081, 0.4499999999999990119 ) ;
#280 = ORIENTED_EDGE ( 'NONE', *, *, #2002, .T. ) ;
#281 = VERTEX_POINT ( 'NONE', #3660 ) ;
#282 = DIRECTION ( 'NONE',  ( -1.000000000000000000, 0.0000000000000000000, 0.0000000000000000000 ) ) ;
#283 = CARTESIAN_POINT ( 'NONE',  ( 10.50000000000000000, 12.00000000000000000, 21.35000000000000142 ) ) ;
#284 = ORIENTED_EDGE ( 'NONE', *, *, #3038, .T. ) ;
#285 = LINE ( 'NONE', #3298, #4509 ) ;
#286 = VERTEX_POINT ( 'NONE', #5400 ) ;
#287 = DIRECTION ( 'NONE',  ( 0.0000000000000000000, 0.0000000000000000000, -1.000000000000000000 ) ) ;
#288 = CARTESIAN_POINT ( 'NONE',  ( 7.549999999999999822, 9.000000000000001776, 2.210000000000003517 ) ) ;
#289 = DIRECTION ( 'NONE',  ( 0.0000000000000000000, 1.000000000000000000, 0.0000000000000000000 ) ) ;
#290 = DIRECTION ( 'NONE',  ( 0.0000000000000000000, -1.000000000000000000, 0.0000000000000000000 ) ) ;
#291 =( NAMED_UNIT ( * ) PLANE_ANGLE_UNIT ( ) SI_UNIT ( $, .RADIAN. ) );
#292 = LINE ( 'NONE', #3778, #1133 ) ;
#293 = DIRECTION ( 'NONE',  ( 1.000000000000000000, 0.0000000000000000000, 0.0000000000000000000 ) ) ;
#294 = DIRECTION ( 'NONE',  ( 1.000000000000000000, 0.0000000000000000000, 0.0000000000000000000 ) ) ;
#295 = ORIENTED_EDGE ( 'NONE', *, *, #1369, .F. ) ;
#296 = PLANE ( 'NONE',  #1346 ) ;
#297 =( LENGTH_UNIT ( ) NAMED_UNIT ( * ) SI_UNIT ( .MILLI., .METRE. ) );
#298 = EDGE_CURVE ( 'NONE', #2127, #821, #6573, .T. ) ;
#299 = EDGE_LOOP ( 'NONE', ( #1120, #2061, #430, #4030 ) ) ;
#300 = CARTESIAN_POINT ( 'NONE',  ( 2.950000000000000178, 15.69999999999999929, 19.05000000000000071 ) ) ;
#301 = CARTESIAN_POINT ( 'NONE',  ( 4.150000000000000355, 9.000000000000001776, 8.659230484541300399 ) ) ;
#302 = EDGE_LOOP ( 'NONE', ( #4480, #660, #544, #136 ) ) ;
#303 = PLANE ( 'NONE',  #6682 ) ;
#304 = CARTESIAN_POINT ( 'NONE',  ( 9.119999999999999218, 17.39999999999999858, 5.065000000000000391 ) ) ;
#305 = CARTESIAN_POINT ( 'NONE',  ( 6.349999999999999645, 11.50000000000000000, 1.510000000000000897 ) ) ;
#306 = ORIENTED_EDGE ( 'NONE', *, *, #2484, .T. ) ;
#307 = ORIENTED_EDGE ( 'NONE', *, *, #5772, .T. ) ;
#308 = DIRECTION ( 'NONE',  ( 0.0000000000000000000, 0.2425356250363290000, -0.9701425001453328756 ) ) ;
#309 = EDGE_CURVE ( 'NONE', #6258, #5154, #7226, .T. ) ;
#310 = VECTOR ( 'NONE', #563, 1000.000000000000000 ) ;
#311 = EDGE_CURVE ( 'NONE', #1375, #6104, #6607, .T. ) ;
#312 = CARTESIAN_POINT ( 'NONE',  ( 6.500000000000000888, 14.69999999999999929, 7.620000000000001883 ) ) ;
#313 = VECTOR ( 'NONE', #1440, 1000.000000000000000 ) ;
#314 = ADVANCED_FACE ( 'NONE', ( #6009 ), #4809, .T. ) ;
#315 = EDGE_LOOP ( 'NONE', ( #4631, #3373 ) ) ;
#316 = DIRECTION ( 'NONE',  ( 0.0000000000000000000, 0.0000000000000000000, 1.000000000000000000 ) ) ;
#317 = ADVANCED_FACE ( 'NONE', ( #2951 ), #4887, .F. ) ;
#318 = VECTOR ( 'NONE', #3972, 1000.000000000000000 ) ;
#319 = VECTOR ( 'NONE', #3032, 1000.000000000000000 ) ;
#320 = ORIENTED_EDGE ( 'NONE', *, *, #5438, .F. ) ;
#321 = ORIENTED_EDGE ( 'NONE', *, *, #999, .F. ) ;
#322 = EDGE_CURVE ( 'NONE', #5193, #7477, #7270, .T. ) ;
#323 = DIRECTION ( 'NONE',  ( -0.9701425001453328756, 0.2425356250363290000, 0.0000000000000000000 ) ) ;
#324 = FACE_OUTER_BOUND ( 'NONE', #3064, .T. ) ;
#325 = VECTOR ( 'NONE', #861, 1000.000000000000000 ) ;
#326 = PRESENTATION_LAYER_ASSIGNMENT (  '', '', ( #7131 ) ) ;
#327 = ORIENTED_EDGE ( 'NONE', *, *, #5673, .T. ) ;
#328 = UNCERTAINTY_MEASURE_WITH_UNIT (LENGTH_MEASURE( 1.000000000000000082E-05 ), #3609, 'distance_accuracy_value', 'NONE');
#329 = SURFACE_SIDE_STYLE ('',( #5736 ) ) ;
#330 = CARTESIAN_POINT ( 'NONE',  ( 9.119999999999999218, 17.39999999999999858, 10.73000000000000220 ) ) ;
#331 = LINE ( 'NONE', #7535, #968 ) ;
#332 = MECHANICAL_DESIGN_GEOMETRIC_PRESENTATION_REPRESENTATION (  '', ( #5503 ), #6757 ) ;
#333 = CARTESIAN_POINT ( 'NONE',  ( 8.599999999999999645, 9.000000000000001776, 15.93999999999999950 ) ) ;
#334 = PLANE ( 'NONE',  #3238 ) ;
#335 = LINE ( 'NONE', #3265, #7786 ) ;
#336 = LINE ( 'NONE', #5125, #1510 ) ;
#337 = ORIENTED_EDGE ( 'NONE', *, *, #5730, .F. ) ;
#338 = DIRECTION ( 'NONE',  ( 1.000000000000000000, 0.0000000000000000000, 0.0000000000000000000 ) ) ;
#339 = PLANE ( 'NONE',  #5714 ) ;
#340 = VECTOR ( 'NONE', #2890, 1000.000000000000000 ) ;
#341 = CARTESIAN_POINT ( 'NONE',  ( 9.119999999999999218, 17.39999999999999858, 8.320000000000000284 ) ) ;
#342 = VERTEX_POINT ( 'NONE', #6688 ) ;
#343 = LINE ( 'NONE', #1015, #6765 ) ;
#344 = DIRECTION ( 'NONE',  ( 0.0000000000000000000, -0.9701425001453318764, 0.2425356250363329691 ) ) ;
#345 = ORIENTED_EDGE ( 'NONE', *, *, #214, .T. ) ;
#346 = VECTOR ( 'NONE', #6819, 1000.000000000000000 ) ;
#347 = PLANE ( 'NONE',  #5497 ) ;
#348 = STYLED_ITEM ( 'NONE', ( #4806 ), #2435 ) ;
#349 =( NAMED_UNIT ( * ) PLANE_ANGLE_UNIT ( ) SI_UNIT ( $, .RADIAN. ) );
#350 = ORIENTED_EDGE ( 'NONE', *, *, #2924, .T. ) ;
#351 = LINE ( 'NONE', #6816, #118 ) ;
#352 = LINE ( 'NONE', #7517, #2418 ) ;
#353 = DIRECTION ( 'NONE',  ( -0.0000000000000000000, -0.0000000000000000000, 1.000000000000000000 ) ) ;
#354 = ORIENTED_EDGE ( 'NONE', *, *, #5333, .T. ) ;
#355 = ORIENTED_EDGE ( 'NONE', *, *, #4519, .T. ) ;
#356 = VECTOR ( 'NONE', #1525, 1000.000000000000000 ) ;
#357 = CYLINDRICAL_SURFACE ( 'NONE', #5083, 0.4499999999999999001 ) ;
#358 = ORIENTED_EDGE ( 'NONE', *, *, #3036, .F. ) ;
#359 = DIRECTION ( 'NONE',  ( 0.0000000000000000000, -1.000000000000000000, 0.0000000000000000000 ) ) ;
#360 = ORIENTED_EDGE ( 'NONE', *, *, #647, .F. ) ;
#361 = ADVANCED_FACE ( 'NONE', ( #1176 ), #652, .F. ) ;
#362 = ORIENTED_EDGE ( 'NONE', *, *, #6141, .F. ) ;
#363 = PRESENTATION_STYLE_ASSIGNMENT (( #1079 ) ) ;
#364 =( NAMED_UNIT ( * ) SI_UNIT ( $, .STERADIAN. ) SOLID_ANGLE_UNIT ( ) );
#365 = EDGE_CURVE ( 'NONE', #5079, #5906, #7189, .T. ) ;
#366 = CARTESIAN_POINT ( 'NONE',  ( 8.599999999999999645, 17.39999999999999858, 16.83999999999999631 ) ) ;
#367 = ORIENTED_EDGE ( 'NONE', *, *, #2054, .T. ) ;
#368 = LINE ( 'NONE', #6877, #648 ) ;
#369 = DIRECTION ( 'NONE',  ( 0.0000000000000000000, -1.000000000000000000, 0.0000000000000000000 ) ) ;
#370 = EDGE_CURVE ( 'NONE', #1981, #3097, #4255, .T. ) ;
#371 = VECTOR ( 'NONE', #6218, 1000.000000000000000 ) ;
#372 = DIRECTION ( 'NONE',  ( -0.0000000000000000000, 1.000000000000000000, -0.0000000000000000000 ) ) ;
#373 = PRESENTATION_STYLE_ASSIGNMENT (( #1557 ) ) ;
#374 = LINE ( 'NONE', #2184, #950 ) ;
#375 = DIRECTION ( 'NONE',  ( 0.0000000000000000000, 0.0000000000000000000, 1.000000000000000000 ) ) ;
#376 = VERTEX_POINT ( 'NONE', #4849 ) ;
#377 =( NAMED_UNIT ( * ) SI_UNIT ( $, .STERADIAN. ) SOLID_ANGLE_UNIT ( ) );
#378 =( LENGTH_UNIT ( ) NAMED_UNIT ( * ) SI_UNIT ( .MILLI., .METRE. ) );
#379 = DIRECTION ( 'NONE',  ( 1.000000000000000000, 0.0000000000000000000, 0.0000000000000000000 ) ) ;
#380 = EDGE_LOOP ( 'NONE', ( #1543, #337, #2556, #6381 ) ) ;
#381 = CARTESIAN_POINT ( 'NONE',  ( 6.099999999999999645, 18.19999999999999929, 7.220000000000000639 ) ) ;
#382 = PRODUCT_RELATED_PRODUCT_CATEGORY ( 'part', '', ( #1784 ) ) ;
#383 =( NAMED_UNIT ( * ) SI_UNIT ( $, .STERADIAN. ) SOLID_ANGLE_UNIT ( ) );
#384 = PRESENTATION_LAYER_ASSIGNMENT (  '', '', ( #3286 ) ) ;
#385 = ORIENTED_EDGE ( 'NONE', *, *, #5723, .T. ) ;
#386 = LINE ( 'NONE', #425, #2162 ) ;
#387 = PLANE ( 'NONE',  #5689 ) ;
#388 = LINE ( 'NONE', #5058, #6428 ) ;
#389 = CARTESIAN_POINT ( 'NONE',  ( 9.800000000000000711, 15.69999999999999929, 2.319999999999998952 ) ) ;
#390 = DIRECTION ( 'NONE',  ( -0.0000000000000000000, -1.000000000000000000, -0.0000000000000000000 ) ) ;
#391 = EDGE_LOOP ( 'NONE', ( #6702, #61, #321, #358 ) ) ;
#392 = VECTOR ( 'NONE', #2464, 1000.000000000000000 ) ;
#393 = EDGE_LOOP ( 'NONE', ( #2269, #2637, #4701, #5965 ) ) ;
#394 = AXIS2_PLACEMENT_3D ( 'NONE', #2620, #1039, #2037 ) ;
#395 = DIRECTION ( 'NONE',  ( 0.0000000000000000000, -1.000000000000000000, 0.0000000000000000000 ) ) ;
#396 = ORIENTED_EDGE ( 'NONE', *, *, #5481, .T. ) ;
#397 = MECHANICAL_DESIGN_GEOMETRIC_PRESENTATION_REPRESENTATION (  '', ( #1031 ), #3938 ) ;
#398 = VECTOR ( 'NONE', #1841, 1000.000000000000000 ) ;
#399 = ORIENTED_EDGE ( 'NONE', *, *, #4908, .F. ) ;
#400 = VERTEX_POINT ( 'NONE', #4734 ) ;
#401 = MECHANICAL_DESIGN_GEOMETRIC_PRESENTATION_REPRESENTATION (  '', ( #3316 ), #7700 ) ;
#402 =( GEOMETRIC_REPRESENTATION_CONTEXT ( 3 ) GLOBAL_UNCERTAINTY_ASSIGNED_CONTEXT ( ( #7728 ) ) GLOBAL_UNIT_ASSIGNED_CONTEXT ( ( #83, #2496, #2067 ) ) REPRESENTATION_CONTEXT ( 'NONE', 'WORKASPACE' ) );
#403 = SHAPE_DEFINITION_REPRESENTATION ( #4126, #3703 ) ;
#404 = DIRECTION ( 'NONE',  ( -1.000000000000000000, 0.0000000000000000000, 0.0000000000000000000 ) ) ;
#405 = EDGE_LOOP ( 'NONE', ( #4554, #280, #284, #3239 ) ) ;
#406 = UNCERTAINTY_MEASURE_WITH_UNIT (LENGTH_MEASURE( 1.000000000000000082E-05 ), #1527, 'distance_accuracy_value', 'NONE');
#407 = EDGE_CURVE ( 'NONE', #5919, #6113, #87, .T. ) ;
#408 = VECTOR ( 'NONE', #7049, 1000.000000000000000 ) ;
#409 = EDGE_CURVE ( 'NONE', #932, #5103, #1725, .T. ) ;
#410 = CARTESIAN_POINT ( 'NONE',  ( 4.150000000000000355, 9.000000000000001776, 14.20076951545870259 ) ) ;
#411 =( NAMED_UNIT ( * ) PLANE_ANGLE_UNIT ( ) SI_UNIT ( $, .RADIAN. ) );
#412 = DIRECTION ( 'NONE',  ( 0.0000000000000000000, -1.000000000000000000, 0.0000000000000000000 ) ) ;
#413 = PLANE ( 'NONE',  #4795 ) ;
#414 = ORIENTED_EDGE ( 'NONE', *, *, #3850, .T. ) ;
#415 =( GEOMETRIC_REPRESENTATION_CONTEXT ( 3 ) GLOBAL_UNCERTAINTY_ASSIGNED_CONTEXT ( ( #5873 ) ) GLOBAL_UNIT_ASSIGNED_CONTEXT ( ( #618, #4698, #2872 ) ) REPRESENTATION_CONTEXT ( 'NONE', 'WORKASPACE' ) );
#416 = DIRECTION ( 'NONE',  ( 0.0000000000000000000, -0.9701425001453318764, 0.2425356250363329691 ) ) ;
#417 = ADVANCED_FACE ( 'NONE', ( #7121, #1134, #13, #2388, #5969, #4180 ), #3580, .T. ) ;
#418 = CARTESIAN_POINT ( 'NONE',  ( 6.099999999999999645, 21.69999999999999929, 3.409999999999999698 ) ) ;
#419 = EDGE_CURVE ( 'NONE', #2763, #932, #4220, .T. ) ;
#420 = DIRECTION ( 'NONE',  ( -0.0000000000000000000, 1.000000000000000000, -0.0000000000000000000 ) ) ;
#421 = ORIENTED_EDGE ( 'NONE', *, *, #1324, .T. ) ;
#422 = CARTESIAN_POINT ( 'NONE',  ( 9.119999999999999218, 17.39999999999999858, 2.555000000000001492 ) ) ;
#423 = ORIENTED_EDGE ( 'NONE', *, *, #4326, .T. ) ;
#424 = PLANE ( 'NONE',  #59 ) ;
#425 = CARTESIAN_POINT ( 'NONE',  ( 9.119999999999999218, 17.39999999999999858, 13.98500000000000121 ) ) ;
#426 = FACE_OUTER_BOUND ( 'NONE', #5651, .T. ) ;
#427 = CARTESIAN_POINT ( 'NONE',  ( 6.099999999999999645, 18.19999999999999929, 3.409999999999999698 ) ) ;
#428 = UNCERTAINTY_MEASURE_WITH_UNIT (LENGTH_MEASURE( 1.000000000000000082E-05 ), #4685, 'distance_accuracy_value', 'NONE');
#429 = CARTESIAN_POINT ( 'NONE',  ( 6.500000000000000888, 14.69999999999999929, 4.209999999999998188 ) ) ;
#430 = ORIENTED_EDGE ( 'NONE', *, *, #7207, .F. ) ;
#431 = ORIENTED_EDGE ( 'NONE', *, *, #4713, .F. ) ;
#432 =( LENGTH_UNIT ( ) NAMED_UNIT ( * ) SI_UNIT ( .MILLI., .METRE. ) );
#433 = LINE ( 'NONE', #2247, #885 ) ;
#434 = DIRECTION ( 'NONE',  ( 0.0000000000000000000, -1.000000000000000000, 0.0000000000000000000 ) ) ;
#435 = EDGE_LOOP ( 'NONE', ( #1900, #4422, #4313, #4004 ) ) ;
#436 = CARTESIAN_POINT ( 'NONE',  ( 6.500000000000000888, 14.69999999999999929, 18.14999999999999858 ) ) ;
#437 = VERTEX_POINT ( 'NONE', #1764 ) ;
#439 = DIRECTION ( 'NONE',  ( 0.0000000000000000000, 0.0000000000000000000, -1.000000000000000000 ) ) ;
#438 = CIRCLE ( 'NONE', #1701, 1.500000000000001332 ) ;
#440 = FACE_OUTER_BOUND ( 'NONE', #782, .T. ) ;
#441 = CARTESIAN_POINT ( 'NONE',  ( 6.900000000000000355, 11.19999999999999929, 11.02999999999999936 ) ) ;
#442 = ORIENTED_EDGE ( 'NONE', *, *, #601, .T. ) ;
#443 = VECTOR ( 'NONE', #6833, 1000.000000000000000 ) ;
#444 = CARTESIAN_POINT ( 'NONE',  ( 4.150000000000000355, 17.39999999999999858, 4.849230484541299013 ) ) ;
#445 = DIRECTION ( 'NONE',  ( -0.2425356250363329691, -0.9701425001453318764, 0.0000000000000000000 ) ) ;
#446 = PRESENTATION_STYLE_ASSIGNMENT (( #5853 ) ) ;
#447 = EDGE_CURVE ( 'NONE', #6963, #6441, #5359, .T. ) ;
#448 = VECTOR ( 'NONE', #3750, 1000.000000000000000 ) ;
#449 = EDGE_LOOP ( 'NONE', ( #4590, #3980, #6987, #5391 ) ) ;
#450 = DIRECTION ( 'NONE',  ( 0.2357022603955121753, -0.9428090415820651327, -0.2357022603955121753 ) ) ;
#451 = LINE ( 'NONE', #5966, #7331 ) ;
#452 = DIRECTION ( 'NONE',  ( 0.0000000000000000000, 1.000000000000000000, 0.0000000000000000000 ) ) ;
#453 = VERTEX_POINT ( 'NONE', #6046 ) ;
#454 = CARTESIAN_POINT ( 'NONE',  ( 7.549999999999999822, 11.50000000000000000, 20.64999999999999858 ) ) ;
#455 = DIRECTION ( 'NONE',  ( 0.0000000000000000000, 0.0000000000000000000, 1.000000000000000000 ) ) ;
#456 = AXIS2_PLACEMENT_3D ( 'NONE', #2471, #3151, #7234 ) ;
#457 =( GEOMETRIC_REPRESENTATION_CONTEXT ( 3 ) GLOBAL_UNCERTAINTY_ASSIGNED_CONTEXT ( ( #5080 ) ) GLOBAL_UNIT_ASSIGNED_CONTEXT ( ( #7258, #3019, #5461 ) ) REPRESENTATION_CONTEXT ( 'NONE', 'WORKASPACE' ) );
#458 = ADVANCED_FACE ( 'NONE', ( #3071 ), #45, .T. ) ;
#459 = ORIENTED_EDGE ( 'NONE', *, *, #3593, .F. ) ;
#460 = CARTESIAN_POINT ( 'NONE',  ( 10.50000000000000000, 17.69999999999999929, 1.510000000000000897 ) ) ;
#461 = EDGE_CURVE ( 'NONE', #4009, #1795, #1920, .T. ) ;
#462 = SURFACE_STYLE_FILL_AREA ( #5869 ) ;
#463 = STYLED_ITEM ( 'NONE', ( #1668 ), #6860 ) ;
#464 = LINE ( 'NONE', #7048, #2018 ) ;
#465 = VECTOR ( 'NONE', #6369, 1000.000000000000000 ) ;
#466 = EDGE_CURVE ( 'NONE', #5339, #7545, #1954, .T. ) ;
#467 = CARTESIAN_POINT ( 'NONE',  ( 8.599999999999999645, 9.000000000000001776, 13.63999999999999879 ) ) ;
#468 = VERTEX_POINT ( 'NONE', #4370 ) ;
#469 = ORIENTED_EDGE ( 'NONE', *, *, #5950, .T. ) ;
#470 = DIRECTION ( 'NONE',  ( 0.0000000000000000000, -1.000000000000000000, 0.0000000000000000000 ) ) ;
#471 = AXIS2_PLACEMENT_3D ( 'NONE', #2428, #5942, #6541 ) ;
#472 = ADVANCED_FACE ( 'NONE', ( #5042 ), #6162, .T. ) ;
#473 = VECTOR ( 'NONE', #6849, 1000.000000000000000 ) ;
#474 = EDGE_CURVE ( 'NONE', #4009, #5919, #6767, .T. ) ;
#475 = LINE ( 'NONE', #7167, #4672 ) ;
#476 = FACE_OUTER_BOUND ( 'NONE', #5286, .T. ) ;
#477 = EDGE_LOOP ( 'NONE', ( #198, #4910, #7304, #4784 ) ) ;
#478 = PLANE ( 'NONE',  #4184 ) ;
#479 = ORIENTED_EDGE ( 'NONE', *, *, #2970, .T. ) ;
#480 = CARTESIAN_POINT ( 'NONE',  ( 9.800000000000000711, 17.39999999999999858, 9.109999999999999432 ) ) ;
#481 = ORIENTED_EDGE ( 'NONE', *, *, #2336, .F. ) ;
#482 = UNCERTAINTY_MEASURE_WITH_UNIT (LENGTH_MEASURE( 1.000000000000000082E-05 ), #5507, 'distance_accuracy_value', 'NONE');
#483 = DIRECTION ( 'NONE',  ( -1.000000000000000000, 0.0000000000000000000, 0.0000000000000000000 ) ) ;
#484 =( LENGTH_UNIT ( ) NAMED_UNIT ( * ) SI_UNIT ( .MILLI., .METRE. ) );
#485 = DIRECTION ( 'NONE',  ( 0.0000000000000000000, -0.9701425001453318764, -0.2425356250363329691 ) ) ;
#486 =( NAMED_UNIT ( * ) PLANE_ANGLE_UNIT ( ) SI_UNIT ( $, .RADIAN. ) );
#487 =( LENGTH_UNIT ( ) NAMED_UNIT ( * ) SI_UNIT ( .MILLI., .METRE. ) );
#488 = ORIENTED_EDGE ( 'NONE', *, *, #1044, .F. ) ;
#489 = SURFACE_SIDE_STYLE ('',( #7655 ) ) ;
#490 = CARTESIAN_POINT ( 'NONE',  ( 9.119999999999999218, 9.000000000000001776, 3.110000000000001652 ) ) ;
#491 = FILL_AREA_STYLE_COLOUR ( '', #132 ) ;
#492 = AXIS2_PLACEMENT_3D ( 'NONE', #7690, #4979, #709 ) ;
#493 = VERTEX_POINT ( 'NONE', #7385 ) ;
#494 = CARTESIAN_POINT ( 'NONE',  ( 4.150000000000000355, 15.69999999999999929, 2.209999999999999964 ) ) ;
#495 = LINE ( 'NONE', #2191, #465 ) ;
#496 = CARTESIAN_POINT ( 'NONE',  ( 9.119999999999999218, 15.69999999999999929, 8.875000000000001776 ) ) ;
#497 = CIRCLE ( 'NONE', #7287, 0.8999999999999998002 ) ;
#498 =( NAMED_UNIT ( * ) PLANE_ANGLE_UNIT ( ) SI_UNIT ( $, .RADIAN. ) );
#499 = LINE ( 'NONE', #5209, #3806 ) ;
#500 = DIRECTION ( 'NONE',  ( 0.0000000000000000000, 0.0000000000000000000, -1.000000000000000000 ) ) ;
#501 = DIRECTION ( 'NONE',  ( 0.0000000000000000000, 0.0000000000000000000, 1.000000000000000000 ) ) ;
#502 = UNCERTAINTY_MEASURE_WITH_UNIT (LENGTH_MEASURE( 1.000000000000000082E-05 ), #1507, 'distance_accuracy_value', 'NONE');
#503 = DIRECTION ( 'NONE',  ( 0.0000000000000000000, -1.000000000000000000, 0.0000000000000000000 ) ) ;
#504 = ORIENTED_EDGE ( 'NONE', *, *, #1729, .T. ) ;
#505 = ORIENTED_EDGE ( 'NONE', *, *, #3122, .F. ) ;
#506 = EDGE_CURVE ( 'NONE', #3484, #863, #3818, .T. ) ;
#507 = EDGE_CURVE ( 'NONE', #7, #342, #4966, .T. ) ;
#508 = FACE_OUTER_BOUND ( 'NONE', #7209, .T. ) ;
#509 = COLOUR_RGB ( '',1.000000000000000000, 1.000000000000000000, 1.000000000000000000 ) ;
#510 = DIRECTION ( 'NONE',  ( 0.0000000000000000000, -0.0000000000000000000, 1.000000000000000000 ) ) ;
#511 = ADVANCED_FACE ( 'NONE', ( #3852 ), #168, .T. ) ;
#512 = ORIENTED_EDGE ( 'NONE', *, *, #5015, .F. ) ;
#513 = ADVANCED_FACE ( 'NONE', ( #4409 ), #6803, .F. ) ;
#514 = LINE ( 'NONE', #5884, #4683 ) ;
#515 = AXIS2_PLACEMENT_3D ( 'NONE', #7080, #6365, #2899 ) ;
#516 = ORIENTED_EDGE ( 'NONE', *, *, #1810, .F. ) ;
#517 = CARTESIAN_POINT ( 'NONE',  ( 9.800000000000000711, 15.69999999999999929, 9.939999999999999503 ) ) ;
#518 = DIRECTION ( 'NONE',  ( 0.0000000000000000000, 0.0000000000000000000, 1.000000000000000000 ) ) ;
#519 =( NAMED_UNIT ( * ) PLANE_ANGLE_UNIT ( ) SI_UNIT ( $, .RADIAN. ) );
#520 = MECHANICAL_DESIGN_GEOMETRIC_PRESENTATION_REPRESENTATION (  '', ( #2405 ), #1270 ) ;
#521 = DIRECTION ( 'NONE',  ( 0.0000000000000000000, -1.000000000000000000, 0.0000000000000000000 ) ) ;
#522 = ORIENTED_EDGE ( 'NONE', *, *, #2619, .F. ) ;
#523 = PRESENTATION_STYLE_ASSIGNMENT (( #4206 ) ) ;
#524 = LINE ( 'NONE', #1974, #6147 ) ;
#525 = COLOUR_RGB ( '',1.000000000000000000, 1.000000000000000000, 1.000000000000000000 ) ;
#526 = FILL_AREA_STYLE_COLOUR ( '', #6497 ) ;
#527 = DIRECTION ( 'NONE',  ( 1.000000000000000000, 0.0000000000000000000, 0.0000000000000000000 ) ) ;
#528 = PRESENTATION_STYLE_ASSIGNMENT (( #5818 ) ) ;
#529 = DIRECTION ( 'NONE',  ( -1.000000000000000000, 0.0000000000000000000, 0.0000000000000000000 ) ) ;
#530 = ORIENTED_EDGE ( 'NONE', *, *, #154, .T. ) ;
#531 =( NAMED_UNIT ( * ) PLANE_ANGLE_UNIT ( ) SI_UNIT ( $, .RADIAN. ) );
#532 = DIRECTION ( 'NONE',  ( 0.0000000000000000000, 0.0000000000000000000, -1.000000000000000000 ) ) ;
#533 = VECTOR ( 'NONE', #7136, 1000.000000000000000 ) ;
#534 = DIRECTION ( 'NONE',  ( 0.2357022603955148676, -0.9428090415820634673, 0.2357022603955158668 ) ) ;
#535 = SURFACE_SIDE_STYLE ('',( #3539 ) ) ;
#536 = DIRECTION ( 'NONE',  ( 0.0000000000000000000, -1.000000000000000000, 0.0000000000000000000 ) ) ;
#537 = VECTOR ( 'NONE', #5549, 1000.000000000000000 ) ;
#538 = CARTESIAN_POINT ( 'NONE',  ( 7.099999999999999645, 15.69999999999999929, 2.209999999999999964 ) ) ;
#539 = DIRECTION ( 'NONE',  ( 0.9451512019217267468, 0.0000000000000000000, -0.3266331359582419491 ) ) ;
#540 = FACE_OUTER_BOUND ( 'NONE', #3056, .T. ) ;
#541 = DIRECTION ( 'NONE',  ( 0.0000000000000000000, -0.0000000000000000000, 1.000000000000000000 ) ) ;
#542 = FACE_OUTER_BOUND ( 'NONE', #259, .T. ) ;
#543 = VERTEX_POINT ( 'NONE', #732 ) ;
#544 = ORIENTED_EDGE ( 'NONE', *, *, #6028, .F. ) ;
#545 =( LENGTH_UNIT ( ) NAMED_UNIT ( * ) SI_UNIT ( .MILLI., .METRE. ) );
#546 = CARTESIAN_POINT ( 'NONE',  ( 5.799999999999999822, 16.30000000000000071, 3.409999999999999698 ) ) ;
#547 = VERTEX_POINT ( 'NONE', #5546 ) ;
#548 = LINE ( 'NONE', #1028, #5052 ) ;
#549 =( NAMED_UNIT ( * ) SI_UNIT ( $, .STERADIAN. ) SOLID_ANGLE_UNIT ( ) );
#550 = ORIENTED_EDGE ( 'NONE', *, *, #3704, .F. ) ;
#551 = DIRECTION ( 'NONE',  ( 0.0000000000000000000, 0.0000000000000000000, -1.000000000000000000 ) ) ;
#552 = EDGE_CURVE ( 'NONE', #1411, #6908, #3222, .T. ) ;
#553 = VERTEX_POINT ( 'NONE', #3264 ) ;
#554 = CARTESIAN_POINT ( 'NONE',  ( 3.500000000000000000, 18.19999999999999929, -9.919999999999999929 ) ) ;
#555 = EDGE_CURVE ( 'NONE', #3748, #1776, #6245, .T. ) ;
#556 = FILL_AREA_STYLE ('',( #7250 ) ) ;
#557 =( NAMED_UNIT ( * ) SI_UNIT ( $, .STERADIAN. ) SOLID_ANGLE_UNIT ( ) );
#558 = ORIENTED_EDGE ( 'NONE', *, *, #2536, .F. ) ;
#559 = ADVANCED_FACE ( 'NONE', ( #250 ), #2660, .F. ) ;
#560 = EDGE_CURVE ( 'NONE', #3591, #5718, #1521, .T. ) ;
#561 = DIRECTION ( 'NONE',  ( -1.000000000000000000, 0.0000000000000000000, 0.0000000000000000000 ) ) ;
#562 = EDGE_CURVE ( 'NONE', #5339, #2711, #1050, .T. ) ;
#563 = DIRECTION ( 'NONE',  ( -1.000000000000000000, 0.0000000000000000000, 0.0000000000000000000 ) ) ;
#564 = DIRECTION ( 'NONE',  ( 0.0000000000000000000, 0.0000000000000000000, -1.000000000000000000 ) ) ;
#565 = VERTEX_POINT ( 'NONE', #1595 ) ;
#566 = SURFACE_STYLE_USAGE ( .BOTH. , #1241 ) ;
#567 = FACE_OUTER_BOUND ( 'NONE', #2010, .T. ) ;
#568 = UNCERTAINTY_MEASURE_WITH_UNIT (LENGTH_MEASURE( 1.000000000000000082E-05 ), #928, 'distance_accuracy_value', 'NONE');
#569 = SURFACE_SIDE_STYLE ('',( #5394 ) ) ;
#570 = DIRECTION ( 'NONE',  ( 0.0000000000000000000, 0.0000000000000000000, 1.000000000000000000 ) ) ;
#571 = DIRECTION ( 'NONE',  ( 0.0000000000000000000, 0.0000000000000000000, 1.000000000000000000 ) ) ;
#572 = VECTOR ( 'NONE', #7295, 1000.000000000000000 ) ;
#573 = CARTESIAN_POINT ( 'NONE',  ( 6.299999999999998046, 21.69999999999999929, 3.609999999999998543 ) ) ;
#574 = VECTOR ( 'NONE', #6288, 1000.000000000000000 ) ;
#575 = DIRECTION ( 'NONE',  ( -1.000000000000000000, 0.0000000000000000000, -0.0000000000000000000 ) ) ;
#576 = DIRECTION ( 'NONE',  ( -1.000000000000000000, 0.0000000000000000000, 0.0000000000000000000 ) ) ;
#577 = SURFACE_STYLE_FILL_AREA ( #6500 ) ;
#578 = FACE_OUTER_BOUND ( 'NONE', #7278, .T. ) ;
#579 = LINE ( 'NONE', #2912, #6331 ) ;
#580 = UNCERTAINTY_MEASURE_WITH_UNIT (LENGTH_MEASURE( 1.000000000000000082E-05 ), #2910, 'distance_accuracy_value', 'NONE');
#581 = ORIENTED_EDGE ( 'NONE', *, *, #4418, .F. ) ;
#582 = PRESENTATION_LAYER_ASSIGNMENT (  '', '', ( #3364 ) ) ;
#583 = ORIENTED_EDGE ( 'NONE', *, *, #1868, .T. ) ;
#584 = FILL_AREA_STYLE_COLOUR ( '', #2995 ) ;
#585 = MECHANICAL_DESIGN_GEOMETRIC_PRESENTATION_REPRESENTATION (  '', ( #6884 ), #457 ) ;
#586 = SURFACE_STYLE_FILL_AREA ( #6133 ) ;
#587 = ORIENTED_EDGE ( 'NONE', *, *, #6879, .F. ) ;
#588 = VECTOR ( 'NONE', #5158, 1000.000000000000000 ) ;
#589 = DIRECTION ( 'NONE',  ( 0.0000000000000000000, -1.000000000000000000, 0.0000000000000000000 ) ) ;
#590 = CARTESIAN_POINT ( 'NONE',  ( 9.119999999999999218, 9.000000000000001776, 15.93999999999999950 ) ) ;
#591 = ORIENTED_EDGE ( 'NONE', *, *, #1428, .F. ) ;
#592 = ORIENTED_EDGE ( 'NONE', *, *, #2300, .T. ) ;
#593 = CARTESIAN_POINT ( 'NONE',  ( 6.500000000000000888, 15.69999999999999929, 15.24000000000000021 ) ) ;
#594 = AXIS2_PLACEMENT_3D ( 'NONE', #3155, #2635, #5059 ) ;
#595 = CARTESIAN_POINT ( 'NONE',  ( 6.500000000000000888, 14.69999999999999929, 2.910000000000000586 ) ) ;
#596 = VECTOR ( 'NONE', #1950, 1000.000000000000000 ) ;
#597 =( LENGTH_UNIT ( ) NAMED_UNIT ( * ) SI_UNIT ( .MILLI., .METRE. ) );
#598 = ORIENTED_EDGE ( 'NONE', *, *, #1131, .T. ) ;
#599 = CARTESIAN_POINT ( 'NONE',  ( 9.119999999999999218, 17.39999999999999858, 6.920000000000002593 ) ) ;
#600 =( GEOMETRIC_REPRESENTATION_CONTEXT ( 3 ) GLOBAL_UNCERTAINTY_ASSIGNED_CONTEXT ( ( #1689 ) ) GLOBAL_UNIT_ASSIGNED_CONTEXT ( ( #3784, #3859, #1409 ) ) REPRESENTATION_CONTEXT ( 'NONE', 'WORKASPACE' ) );
#601 = EDGE_CURVE ( 'NONE', #4145, #31, #3423, .T. ) ;
#602 = ORIENTED_EDGE ( 'NONE', *, *, #3760, .T. ) ;
#603 = CARTESIAN_POINT ( 'NONE',  ( 2.950000000000000178, 15.69999999999999929, 11.43000000000000149 ) ) ;
#604 = ADVANCED_FACE ( 'NONE', ( #4645, #1675 ), #334, .T. ) ;
#605 = DIRECTION ( 'NONE',  ( 0.0000000000000000000, 0.0000000000000000000, 1.000000000000000000 ) ) ;
#606 = ORIENTED_EDGE ( 'NONE', *, *, #5985, .T. ) ;
#607 = CARTESIAN_POINT ( 'NONE',  ( 7.549999999999999822, 10.00000000000000178, 20.64999999999999858 ) ) ;
#608 = DIRECTION ( 'NONE',  ( 0.0000000000000000000, 0.0000000000000000000, 1.000000000000000000 ) ) ;
#609 = EDGE_CURVE ( 'NONE', #1188, #1865, #7504, .T. ) ;
#610 = FILL_AREA_STYLE_COLOUR ( '', #6639 ) ;
#611 = DIRECTION ( 'NONE',  ( 0.9451512019217267468, 0.0000000000000000000, 0.3266331359582419491 ) ) ;
#612 = CARTESIAN_POINT ( 'NONE',  ( 8.599999999999999645, 9.000000000000001776, 13.63999999999999879 ) ) ;
#613 = CARTESIAN_POINT ( 'NONE',  ( 6.349999999999999645, 11.50000000000000000, 1.510000000000000897 ) ) ;
#614 = CARTESIAN_POINT ( 'NONE',  ( 4.219230769230770228, 9.000000000000001776, 3.010591934968199990 ) ) ;
#615 = CARTESIAN_POINT ( 'NONE',  ( 4.150000000000000355, 17.39999999999999858, 9.830000000000000071 ) ) ;
#616 = FACE_OUTER_BOUND ( 'NONE', #4429, .T. ) ;
#617 = VECTOR ( 'NONE', #2105, 1000.000000000000000 ) ;
#618 =( LENGTH_UNIT ( ) NAMED_UNIT ( * ) SI_UNIT ( .MILLI., .METRE. ) );
#619 = CARTESIAN_POINT ( 'NONE',  ( 4.219230769230770228, 17.39999999999999858, 14.44059193496819837 ) ) ;
#620 = EDGE_LOOP ( 'NONE', ( #3914, #2165, #119, #5071 ) ) ;
#621 = FACE_OUTER_BOUND ( 'NONE', #4075, .T. ) ;
#622 = CARTESIAN_POINT ( 'NONE',  ( 6.099999999999999645, 20.89999999999999147, 11.02999999999999936 ) ) ;
#623 = MECHANICAL_DESIGN_GEOMETRIC_PRESENTATION_REPRESENTATION (  '', ( #875 ), #1006 ) ;
#624 = ORIENTED_EDGE ( 'NONE', *, *, #2723, .T. ) ;
#625 = CARTESIAN_POINT ( 'NONE',  ( 6.899999999999999467, 20.89999999999999147, 4.209999999999998188 ) ) ;
#626 = CIRCLE ( 'NONE', #3031, 0.4499999999999999001 ) ;
#627 = EDGE_LOOP ( 'NONE', ( #1201, #4654, #7763, #4835 ) ) ;
#628 = VECTOR ( 'NONE', #7011, 1000.000000000000000 ) ;
#629 = EDGE_LOOP ( 'NONE', ( #7329, #3431, #6057, #306 ) ) ;
#630 = FILL_AREA_STYLE ('',( #5135 ) ) ;
#631 = ORIENTED_EDGE ( 'NONE', *, *, #2970, .F. ) ;
#632 = VECTOR ( 'NONE', #359, 1000.000000000000000 ) ;
#633 = DIRECTION ( 'NONE',  ( 0.0000000000000000000, 0.0000000000000000000, -1.000000000000000000 ) ) ;
#634 = STYLED_ITEM ( 'NONE', ( #6451 ), #4039 ) ;
#635 = VERTEX_POINT ( 'NONE', #4532 ) ;
#636 = AXIS2_PLACEMENT_3D ( 'NONE', #1363, #4411, #4888 ) ;
#637 = AXIS2_PLACEMENT_3D ( 'NONE', #7190, #6005, #608 ) ;
#638 = CARTESIAN_POINT ( 'NONE',  ( 10.69999999999999929, 12.00000000000000000, 21.35000000000000142 ) ) ;
#639 =( LENGTH_UNIT ( ) NAMED_UNIT ( * ) SI_UNIT ( .MILLI., .METRE. ) );
#640 = FACE_OUTER_BOUND ( 'NONE', #1385, .T. ) ;
#641 = ORIENTED_EDGE ( 'NONE', *, *, #995, .F. ) ;
#642 = LINE ( 'NONE', #1946, #5557 ) ;
#643 = FILL_AREA_STYLE_COLOUR ( '', #6647 ) ;
#644 = EDGE_CURVE ( 'NONE', #5023, #6753, #3384, .T. ) ;
#645 = DIRECTION ( 'NONE',  ( 0.0000000000000000000, 0.0000000000000000000, -1.000000000000000000 ) ) ;
#646 = VECTOR ( 'NONE', #6749, 1000.000000000000000 ) ;
#647 = EDGE_CURVE ( 'NONE', #1563, #7470, #5198, .T. ) ;
#648 = VECTOR ( 'NONE', #6913, 1000.000000000000000 ) ;
#649 = DIRECTION ( 'NONE',  ( 0.0000000000000000000, -1.000000000000000000, 0.0000000000000000000 ) ) ;
#650 = DIRECTION ( 'NONE',  ( 0.0000000000000000000, 0.0000000000000000000, -1.000000000000000000 ) ) ;
#651 = ADVANCED_FACE ( 'NONE', ( #7078 ), #4097, .T. ) ;
#652 = PLANE ( 'NONE',  #7745 ) ;
#653 = SURFACE_STYLE_FILL_AREA ( #1921 ) ;
#654 =( LENGTH_UNIT ( ) NAMED_UNIT ( * ) SI_UNIT ( .MILLI., .METRE. ) );
#655 = ADVANCED_FACE ( 'NONE', ( #3458 ), #4568, .T. ) ;
#656 = AXIS2_PLACEMENT_3D ( 'NONE', #141, #3869, #4345 ) ;
#657 = CARTESIAN_POINT ( 'NONE',  ( 8.599999999999999645, 15.69999999999999929, 14.54000000000000092 ) ) ;
#658 = DIRECTION ( 'NONE',  ( 0.2357022603955148676, 0.9428090415820634673, 0.2357022603955158668 ) ) ;
#659 =( NAMED_UNIT ( * ) PLANE_ANGLE_UNIT ( ) SI_UNIT ( $, .RADIAN. ) );
#660 = ORIENTED_EDGE ( 'NONE', *, *, #3952, .T. ) ;
#661 = EDGE_CURVE ( 'NONE', #3121, #6425, #3998, .T. ) ;
#662 = CARTESIAN_POINT ( 'NONE',  ( 8.599999999999999645, 15.69999999999999929, 9.219999999999998863 ) ) ;
#663 = VECTOR ( 'NONE', #3822, 1000.000000000000000 ) ;
#664 = ORIENTED_EDGE ( 'NONE', *, *, #3456, .T. ) ;
#665 = EDGE_CURVE ( 'NONE', #3905, #6566, #6564, .T. ) ;
#666 = PLANE ( 'NONE',  #109 ) ;
#667 = VECTOR ( 'NONE', #5933, 1000.000000000000000 ) ;
#668 = ORIENTED_EDGE ( 'NONE', *, *, #1532, .F. ) ;
#669 = CARTESIAN_POINT ( 'NONE',  ( 5.799999999999999822, 11.19999999999999929, 18.64999999999999858 ) ) ;
#670 = VERTEX_POINT ( 'NONE', #1238 ) ;
#671 = FACE_OUTER_BOUND ( 'NONE', #3537, .T. ) ;
#672 = DIRECTION ( 'NONE',  ( 0.0000000000000000000, 1.000000000000000000, 0.0000000000000000000 ) ) ;
#673 = VERTEX_POINT ( 'NONE', #7107 ) ;
#674 = CARTESIAN_POINT ( 'NONE',  ( 6.500000000000000888, 14.69999999999999929, 18.14999999999999858 ) ) ;
#675 = ORIENTED_EDGE ( 'NONE', *, *, #6190, .F. ) ;
#676 = SURFACE_SIDE_STYLE ('',( #6072 ) ) ;
#677 = DIRECTION ( 'NONE',  ( 0.0000000000000000000, -0.0000000000000000000, 1.000000000000000000 ) ) ;
#678 = CARTESIAN_POINT ( 'NONE',  ( 6.700000000000001066, 21.69999999999999929, 18.84999999999999787 ) ) ;
#679 = DIRECTION ( 'NONE',  ( 1.000000000000000000, 0.0000000000000000000, 0.0000000000000000000 ) ) ;
#680 = ORIENTED_EDGE ( 'NONE', *, *, #2692, .F. ) ;
#681 = DIRECTION ( 'NONE',  ( 0.0000000000000000000, 0.0000000000000000000, -1.000000000000000000 ) ) ;
#682 = FILL_AREA_STYLE ('',( #6077 ) ) ;
#683 = CARTESIAN_POINT ( 'NONE',  ( 4.150000000000000355, 17.39999999999999858, 17.44999999999999929 ) ) ;
#684 = SURFACE_STYLE_FILL_AREA ( #2420 ) ;
#685 = CARTESIAN_POINT ( 'NONE',  ( 6.099999999999999645, 14.69999999999999929, 19.44999999999999929 ) ) ;
#686 =( GEOMETRIC_REPRESENTATION_CONTEXT ( 3 ) GLOBAL_UNCERTAINTY_ASSIGNED_CONTEXT ( ( #2241 ) ) GLOBAL_UNIT_ASSIGNED_CONTEXT ( ( #639, #1309, #3136 ) ) REPRESENTATION_CONTEXT ( 'NONE', 'WORKASPACE' ) );
#687 = SURFACE_STYLE_FILL_AREA ( #851 ) ;
#688 = CARTESIAN_POINT ( 'NONE',  ( 6.099999999999999645, 18.19999999999999929, 11.02999999999999936 ) ) ;
#689 = AXIS2_PLACEMENT_3D ( 'NONE', #1724, #4219, #5318 ) ;
#690 =( NAMED_UNIT ( * ) SI_UNIT ( $, .STERADIAN. ) SOLID_ANGLE_UNIT ( ) );
#691 = CARTESIAN_POINT ( 'NONE',  ( 9.800000000000000711, 9.000000000000001776, 9.939999999999999503 ) ) ;
#692 = DIRECTION ( 'NONE',  ( 1.000000000000000000, 0.0000000000000000000, 0.0000000000000000000 ) ) ;
#693 = CARTESIAN_POINT ( 'NONE',  ( 6.099999999999999645, 21.69999999999999929, 11.02999999999999936 ) ) ;
#694 = STYLED_ITEM ( 'NONE', ( #3335 ), #7725 ) ;
#695 = ORIENTED_EDGE ( 'NONE', *, *, #1859, .T. ) ;
#696 = DIRECTION ( 'NONE',  ( 1.000000000000000000, 0.0000000000000000000, 0.0000000000000000000 ) ) ;
#697 = ADVANCED_FACE ( 'NONE', ( #5928 ), #3061, .T. ) ;
#698 = PLANE ( 'NONE',  #6626 ) ;
#699 = VECTOR ( 'NONE', #2559, 1000.000000000000000 ) ;
#700 = VECTOR ( 'NONE', #3432, 1000.000000000000000 ) ;
#701 = EDGE_CURVE ( 'NONE', #4234, #4057, #4210, .T. ) ;
#702 = ORIENTED_EDGE ( 'NONE', *, *, #2484, .F. ) ;
#703 =( GEOMETRIC_REPRESENTATION_CONTEXT ( 3 ) GLOBAL_UNCERTAINTY_ASSIGNED_CONTEXT ( ( #5550 ) ) GLOBAL_UNIT_ASSIGNED_CONTEXT ( ( #6352, #7568, #4715 ) ) REPRESENTATION_CONTEXT ( 'NONE', 'WORKASPACE' ) );
#704 = LINE ( 'NONE', #1374, #1773 ) ;
#705 = FACE_OUTER_BOUND ( 'NONE', #3883, .T. ) ;
#706 = STYLED_ITEM ( 'NONE', ( #4858 ), #1619 ) ;
#707 = ORIENTED_EDGE ( 'NONE', *, *, #4092, .T. ) ;
#708 = EDGE_CURVE ( 'NONE', #5579, #6551, #7695, .T. ) ;
#709 = DIRECTION ( 'NONE',  ( 0.0000000000000000000, 0.0000000000000000000, 1.000000000000000000 ) ) ;
#710 = EDGE_CURVE ( 'NONE', #188, #4609, #4282, .T. ) ;
#711 = ORIENTED_EDGE ( 'NONE', *, *, #55, .T. ) ;
#712 = DIRECTION ( 'NONE',  ( 0.0000000000000000000, 0.0000000000000000000, -1.000000000000000000 ) ) ;
#713 = VECTOR ( 'NONE', #4019, 1000.000000000000000 ) ;
#714 = EDGE_LOOP ( 'NONE', ( #2839, #7174, #5335, #3199 ) ) ;
#715 = VECTOR ( 'NONE', #1614, 1000.000000000000000 ) ;
#716 = ORIENTED_EDGE ( 'NONE', *, *, #4293, .T. ) ;
#717 = VECTOR ( 'NONE', #4771, 1000.000000000000000 ) ;
#718 = CARTESIAN_POINT ( 'NONE',  ( 9.119999999999999218, 15.69999999999999929, 12.68500000000000050 ) ) ;
#719 = PLANE ( 'NONE',  #2966 ) ;
#720 = PRESENTATION_STYLE_ASSIGNMENT (( #6715 ) ) ;
#721 = FACE_OUTER_BOUND ( 'NONE', #4164, .T. ) ;
#722 = VERTEX_POINT ( 'NONE', #2979 ) ;
#723 = PLANE ( 'NONE',  #3429 ) ;
#724 =( NAMED_UNIT ( * ) PLANE_ANGLE_UNIT ( ) SI_UNIT ( $, .RADIAN. ) );
#725 = AXIS2_PLACEMENT_3D ( 'NONE', #366, #404, #6989 ) ;
#726 = APPLICATION_CONTEXT ( 'automotive_design' ) ;
#727 = ORIENTED_EDGE ( 'NONE', *, *, #1524, .T. ) ;
#728 = DIRECTION ( 'NONE',  ( -0.0000000000000000000, -1.000000000000000000, -0.0000000000000000000 ) ) ;
#729 = DIRECTION ( 'NONE',  ( 1.000000000000000000, 0.0000000000000000000, 0.0000000000000000000 ) ) ;
#730 = CARTESIAN_POINT ( 'NONE',  ( 10.00000000000000000, 18.19999999999999929, 21.35000000000000142 ) ) ;
#731 = DIRECTION ( 'NONE',  ( 1.000000000000000000, 0.0000000000000000000, 0.0000000000000000000 ) ) ;
#732 = CARTESIAN_POINT ( 'NONE',  ( 6.700000000000001066, 21.69999999999999929, 7.419999999999999929 ) ) ;
#733 = LINE ( 'NONE', #3741, #781 ) ;
#734 = CARTESIAN_POINT ( 'NONE',  ( 10.69999999999999929, 12.00000000000000000, 21.35000000000000142 ) ) ;
#735 = CARTESIAN_POINT ( 'NONE',  ( 8.599999999999999645, 15.69999999999999929, 14.54000000000000092 ) ) ;
#736 = UNCERTAINTY_MEASURE_WITH_UNIT (LENGTH_MEASURE( 1.000000000000000082E-05 ), #2064, 'distance_accuracy_value', 'NONE');
#737 = PRESENTATION_STYLE_ASSIGNMENT (( #1447 ) ) ;
#738 = ORIENTED_EDGE ( 'NONE', *, *, #661, .T. ) ;
#739 = LINE ( 'NONE', #6929, #3753 ) ;
#740 =( NAMED_UNIT ( * ) SI_UNIT ( $, .STERADIAN. ) SOLID_ANGLE_UNIT ( ) );
#741 = VERTEX_POINT ( 'NONE', #6599 ) ;
#742 = CARTESIAN_POINT ( 'NONE',  ( 9.119999999999999218, 15.69999999999999929, 10.73000000000000220 ) ) ;
#743 = CARTESIAN_POINT ( 'NONE',  ( 9.119999999999999218, 15.69999999999999929, 3.110000000000001652 ) ) ;
#744 = SURFACE_STYLE_USAGE ( .BOTH. , #142 ) ;
#745 = ORIENTED_EDGE ( 'NONE', *, *, #461, .F. ) ;
#746 = ADVANCED_FACE ( 'NONE', ( #2412 ), #4172, .T. ) ;
#747 = ORIENTED_EDGE ( 'NONE', *, *, #4773, .T. ) ;
#748 = VECTOR ( 'NONE', #6940, 1000.000000000000000 ) ;
#749 = PLANE ( 'NONE',  #492 ) ;
#750 = EDGE_CURVE ( 'NONE', #859, #3587, #5611, .T. ) ;
#751 = EDGE_LOOP ( 'NONE', ( #5754, #3764 ) ) ;
#752 = ADVANCED_FACE ( 'NONE', ( #838 ), #2646, .F. ) ;
#753 = VECTOR ( 'NONE', #6407, 1000.000000000000000 ) ;
#754 = CARTESIAN_POINT ( 'NONE',  ( 9.800000000000000711, 17.39999999999999858, 20.53999999999999915 ) ) ;
#755 = EDGE_CURVE ( 'NONE', #1733, #5944, #4444, .T. ) ;
#756 = ORIENTED_EDGE ( 'NONE', *, *, #1147, .T. ) ;
#757 = DIRECTION ( 'NONE',  ( -0.0000000000000000000, -1.000000000000000000, 0.0000000000000000000 ) ) ;
#758 = ORIENTED_EDGE ( 'NONE', *, *, #955, .F. ) ;
#759 = DIRECTION ( 'NONE',  ( 0.3266331359582419491, 0.0000000000000000000, -0.9451512019217267468 ) ) ;
#760 = DIRECTION ( 'NONE',  ( 0.0000000000000000000, -0.9701425001453318764, 0.2425356250363329691 ) ) ;
#761 = FACE_OUTER_BOUND ( 'NONE', #6671, .T. ) ;
#762 =( LENGTH_UNIT ( ) NAMED_UNIT ( * ) SI_UNIT ( .MILLI., .METRE. ) );
#763 = ORIENTED_EDGE ( 'NONE', *, *, #2520, .F. ) ;
#764 = CARTESIAN_POINT ( 'NONE',  ( 4.150000000000000355, 15.69999999999999929, 2.909999999999999254 ) ) ;
#765 = VECTOR ( 'NONE', #3107, 1000.000000000000000 ) ;
#766 = CARTESIAN_POINT ( 'NONE',  ( 9.119999999999999218, 15.69999999999999929, 13.98500000000000121 ) ) ;
#767 = ORIENTED_EDGE ( 'NONE', *, *, #4427, .T. ) ;
#768 = PRESENTATION_STYLE_ASSIGNMENT (( #1878 ) ) ;
#769 = CARTESIAN_POINT ( 'NONE',  ( 9.119999999999999218, 17.39999999999999858, 6.365000000000002878 ) ) ;
#770 = CARTESIAN_POINT ( 'NONE',  ( 9.800000000000000711, 15.69999999999999929, 5.299999999999998934 ) ) ;
#771 = VECTOR ( 'NONE', #316, 1000.000000000000000 ) ;
#772 = VECTOR ( 'NONE', #3772, 1000.000000000000000 ) ;
#773 = LINE ( 'NONE', #7384, #952 ) ;
#774 = FILL_AREA_STYLE_COLOUR ( '', #1584 ) ;
#775 = FILL_AREA_STYLE_COLOUR ( '', #2877 ) ;
#776 = CARTESIAN_POINT ( 'NONE',  ( 9.800000000000000711, 17.39999999999999858, 13.74999999999999822 ) ) ;
#777 = FILL_AREA_STYLE_COLOUR ( '', #2 ) ;
#778 = ORIENTED_EDGE ( 'NONE', *, *, #7203, .T. ) ;
#779 = LINE ( 'NONE', #7425, #2302 ) ;
#780 = VECTOR ( 'NONE', #4257, 1000.000000000000000 ) ;
#781 = VECTOR ( 'NONE', #5970, 1000.000000000000000 ) ;
#782 = EDGE_LOOP ( 'NONE', ( #431, #3673, #2903, #4975 ) ) ;
#783 = PRESENTATION_STYLE_ASSIGNMENT (( #6850 ) ) ;
#784 = ORIENTED_EDGE ( 'NONE', *, *, #4912, .T. ) ;
#785 = STYLED_ITEM ( 'NONE', ( #3088 ), #5629 ) ;
#786 = ORIENTED_EDGE ( 'NONE', *, *, #2770, .F. ) ;
#787 = LINE ( 'NONE', #7322, #6553 ) ;
#788 = ORIENTED_EDGE ( 'NONE', *, *, #298, .T. ) ;
#789 = VERTEX_POINT ( 'NONE', #5576 ) ;
#790 = COLOUR_RGB ( '',1.000000000000000000, 1.000000000000000000, 1.000000000000000000 ) ;
#791 = CARTESIAN_POINT ( 'NONE',  ( 8.599999999999999645, 17.39999999999999858, 17.44999999999999929 ) ) ;
#792 = ADVANCED_FACE ( 'NONE', ( #6714 ), #801, .F. ) ;
#793 = AXIS2_PLACEMENT_3D ( 'NONE', #7553, #1502, #2085 ) ;
#794 = CARTESIAN_POINT ( 'NONE',  ( 6.711111111111110361, 10.44444444444440023, 4.021111111111100200 ) ) ;
#795 = ORIENTED_EDGE ( 'NONE', *, *, #1473, .T. ) ;
#796 = SURFACE_STYLE_USAGE ( .BOTH. , #4983 ) ;
#797 = EDGE_CURVE ( 'NONE', #722, #4899, #2606, .T. ) ;
#798 = EDGE_CURVE ( 'NONE', #1261, #49, #438, .T. ) ;
#799 = ORIENTED_EDGE ( 'NONE', *, *, #2570, .T. ) ;
#800 = CARTESIAN_POINT ( 'NONE',  ( 8.599999999999999645, 17.39999999999999858, 18.35000000000000142 ) ) ;
#801 = CYLINDRICAL_SURFACE ( 'NONE', #3225, 0.4500000000000007327 ) ;
#802 = CARTESIAN_POINT ( 'NONE',  ( 9.119999999999999218, 9.000000000000001776, 14.54000000000000092 ) ) ;
#803 = CARTESIAN_POINT ( 'NONE',  ( 6.099999999999999645, 10.40000000000000213, 15.63999999999999702 ) ) ;
#804 = ORIENTED_EDGE ( 'NONE', *, *, #6641, .F. ) ;
#805 = EDGE_CURVE ( 'NONE', #1828, #673, #6231, .T. ) ;
#806 = VERTEX_POINT ( 'NONE', #5500 ) ;
#807 = DIRECTION ( 'NONE',  ( 1.000000000000000000, 0.0000000000000000000, -0.0000000000000000000 ) ) ;
#808 = ADVANCED_FACE ( 'NONE', ( #7296 ), #2063, .T. ) ;
#809 = ADVANCED_FACE ( 'NONE', ( #6109 ), #719, .F. ) ;
#810 = DIRECTION ( 'NONE',  ( 0.0000000000000000000, 0.0000000000000000000, -1.000000000000000000 ) ) ;
#811 = DIRECTION ( 'NONE',  ( 0.0000000000000000000, -1.000000000000000000, 0.0000000000000000000 ) ) ;
#812 = SURFACE_SIDE_STYLE ('',( #1443 ) ) ;
#813 = CARTESIAN_POINT ( 'NONE',  ( 9.119999999999999218, 9.000000000000001776, 16.49500000000000099 ) ) ;
#814 = LINE ( 'NONE', #6847, #7205 ) ;
#815 = CYLINDRICAL_SURFACE ( 'NONE', #4648, 0.5000000000000004441 ) ;
#816 = ORIENTED_EDGE ( 'NONE', *, *, #7787, .F. ) ;
#817 = DIRECTION ( 'NONE',  ( 0.0000000000000000000, -0.0000000000000000000, 1.000000000000000000 ) ) ;
#818 = EDGE_LOOP ( 'NONE', ( #804, #2730, #5654, #1957 ) ) ;
#819 = MECHANICAL_DESIGN_GEOMETRIC_PRESENTATION_REPRESENTATION (  '', ( #7246 ), #5000 ) ;
#820 = PRESENTATION_STYLE_ASSIGNMENT (( #3907 ) ) ;
#821 = VERTEX_POINT ( 'NONE', #3885 ) ;
#822 = SURFACE_SIDE_STYLE ('',( #1538 ) ) ;
#823 =( NAMED_UNIT ( * ) SI_UNIT ( $, .STERADIAN. ) SOLID_ANGLE_UNIT ( ) );
#824 = ORIENTED_EDGE ( 'NONE', *, *, #2002, .F. ) ;
#825 = VECTOR ( 'NONE', #7188, 1000.000000000000000 ) ;
#826 = EDGE_LOOP ( 'NONE', ( #6130, #2584, #7242, #3831, #2719, #876, #5077, #675, #2527, #2565, #668, #4400, #3963, #1197, #3844, #1509 ) ) ;
#827 = FACE_OUTER_BOUND ( 'NONE', #1505, .T. ) ;
#828 = COLOUR_RGB ( '',1.000000000000000000, 1.000000000000000000, 1.000000000000000000 ) ;
#829 = VECTOR ( 'NONE', #5055, 1000.000000000000000 ) ;
#830 = DIRECTION ( 'NONE',  ( -1.000000000000000000, 0.0000000000000000000, 0.0000000000000000000 ) ) ;
#831 = ORIENTED_EDGE ( 'NONE', *, *, #1903, .T. ) ;
#832 = DIRECTION ( 'NONE',  ( -1.000000000000000000, -0.0000000000000000000, -0.0000000000000000000 ) ) ;
#833 = VECTOR ( 'NONE', #4342, 1000.000000000000000 ) ;
#834 = VECTOR ( 'NONE', #2811, 1000.000000000000000 ) ;
#835 = ORIENTED_EDGE ( 'NONE', *, *, #1427, .T. ) ;
#836 = FACE_OUTER_BOUND ( 'NONE', #6863, .T. ) ;
#837 = VECTOR ( 'NONE', #5221, 1000.000000000000000 ) ;
#838 = FACE_OUTER_BOUND ( 'NONE', #1014, .T. ) ;
#839 = FACE_OUTER_BOUND ( 'NONE', #7317, .T. ) ;
#840 = SURFACE_STYLE_USAGE ( .BOTH. , #7453 ) ;
#841 = VECTOR ( 'NONE', #3736, 1000.000000000000114 ) ;
#842 = VERTEX_POINT ( 'NONE', #2097 ) ;
#843 = CARTESIAN_POINT ( 'NONE',  ( 4.150000000000000355, 15.69999999999999929, 5.409999999999998366 ) ) ;
#844 = ORIENTED_EDGE ( 'NONE', *, *, #4961, .T. ) ;
#845 = LINE ( 'NONE', #884, #1661 ) ;
#846 = ADVANCED_FACE ( 'NONE', ( #4520 ), #5115, .T. ) ;
#847 = CARTESIAN_POINT ( 'NONE',  ( 5.799999999999999822, 11.19999999999999929, 3.409999999999999698 ) ) ;
#848 = STYLED_ITEM ( 'NONE', ( #4466 ), #6982 ) ;
#849 = PRESENTATION_LAYER_ASSIGNMENT (  '', '', ( #7256 ) ) ;
#850 = EDGE_CURVE ( 'NONE', #5944, #7810, #7494, .T. ) ;
#851 = FILL_AREA_STYLE ('',( #4923 ) ) ;
#852 = CARTESIAN_POINT ( 'NONE',  ( 6.349999999999999645, 10.10000000000000142, 2.010000000000001563 ) ) ;
#853 = PRESENTATION_STYLE_ASSIGNMENT (( #2737 ) ) ;
#854 = FILL_AREA_STYLE ('',( #931 ) ) ;
#855 = DIRECTION ( 'NONE',  ( 0.0000000000000000000, -1.000000000000000000, 0.0000000000000000000 ) ) ;
#856 = SURFACE_STYLE_USAGE ( .BOTH. , #5045 ) ;
#857 = ADVANCED_FACE ( 'NONE', ( #6008 ), #2989, .F. ) ;
#858 = LINE ( 'NONE', #3268, #2741 ) ;
#859 = VERTEX_POINT ( 'NONE', #612 ) ;
#860 = CARTESIAN_POINT ( 'NONE',  ( 9.800000000000000711, 9.000000000000001776, 16.72999999999999687 ) ) ;
#861 = DIRECTION ( 'NONE',  ( -1.000000000000000000, 0.0000000000000000000, 0.0000000000000000000 ) ) ;
#862 = AXIS2_PLACEMENT_3D ( 'NONE', #7001, #6968, #1562 ) ;
#863 = VERTEX_POINT ( 'NONE', #6606 ) ;
#864 = CARTESIAN_POINT ( 'NONE',  ( 8.599999999999999645, 15.69999999999999929, 13.02999999999999758 ) ) ;
#865 = DIRECTION ( 'NONE',  ( -1.000000000000000000, 0.0000000000000000000, -0.0000000000000000000 ) ) ;
#866 = ORIENTED_EDGE ( 'NONE', *, *, #4671, .T. ) ;
#867 = PRESENTATION_STYLE_ASSIGNMENT (( #3910 ) ) ;
#868 = SURFACE_STYLE_USAGE ( .BOTH. , #6782 ) ;
#869 = EDGE_LOOP ( 'NONE', ( #6784, #2563, #6315, #6746 ) ) ;
#870 = ORIENTED_EDGE ( 'NONE', *, *, #4474, .F. ) ;
#871 =( NAMED_UNIT ( * ) SI_UNIT ( $, .STERADIAN. ) SOLID_ANGLE_UNIT ( ) );
#872 = VECTOR ( 'NONE', #4942, 1000.000000000000000 ) ;
#873 = EDGE_LOOP ( 'NONE', ( #4978, #1077, #3410, #244 ) ) ;
#874 = LINE ( 'NONE', #3288, #2295 ) ;
#875 = STYLED_ITEM ( 'NONE', ( #446 ), #3158 ) ;
#876 = ORIENTED_EDGE ( 'NONE', *, *, #2856, .F. ) ;
#877 = ORIENTED_EDGE ( 'NONE', *, *, #1245, .F. ) ;
#878 = DIRECTION ( 'NONE',  ( 0.0000000000000000000, 1.000000000000000000, 0.0000000000000000000 ) ) ;
#879 = SURFACE_STYLE_USAGE ( .BOTH. , #1944 ) ;
#880 = ORIENTED_EDGE ( 'NONE', *, *, #1235, .F. ) ;
#881 = SURFACE_STYLE_USAGE ( .BOTH. , #6280 ) ;
#882 = EDGE_CURVE ( 'NONE', #2492, #3803, #5433, .T. ) ;
#883 = ORIENTED_EDGE ( 'NONE', *, *, #2976, .T. ) ;
#884 = CARTESIAN_POINT ( 'NONE',  ( 6.900000000000000355, 16.30000000000000071, 4.209999999999998188 ) ) ;
#885 = VECTOR ( 'NONE', #4666, 1000.000000000000000 ) ;
#886 = LINE ( 'NONE', #6841, #596 ) ;
#887 = CARTESIAN_POINT ( 'NONE',  ( 6.899999999999999467, 21.69999999999999929, 3.409999999999999698 ) ) ;
#888 = CARTESIAN_POINT ( 'NONE',  ( 8.599999999999999645, 9.000000000000001776, 10.73000000000000220 ) ) ;
#889 = AXIS2_PLACEMENT_3D ( 'NONE', #1843, #6772, #3662 ) ;
#890 = DIRECTION ( 'NONE',  ( 1.000000000000000000, 0.0000000000000000000, 0.0000000000000000000 ) ) ;
#891 = SURFACE_STYLE_USAGE ( .BOTH. , #5663 ) ;
#892 = LINE ( 'NONE', #5741, #103 ) ;
#893 =( NAMED_UNIT ( * ) PLANE_ANGLE_UNIT ( ) SI_UNIT ( $, .RADIAN. ) );
#894 = DIRECTION ( 'NONE',  ( 1.000000000000000000, 0.0000000000000000000, 0.0000000000000000000 ) ) ;
#895 = EDGE_CURVE ( 'NONE', #3992, #4550, #5469, .T. ) ;
#896 = DIRECTION ( 'NONE',  ( 1.000000000000000000, 0.0000000000000000000, 0.0000000000000000000 ) ) ;
#897 = ORIENTED_EDGE ( 'NONE', *, *, #2682, .T. ) ;
#898 =( NAMED_UNIT ( * ) PLANE_ANGLE_UNIT ( ) SI_UNIT ( $, .RADIAN. ) );
#899 =( GEOMETRIC_REPRESENTATION_CONTEXT ( 3 ) GLOBAL_UNCERTAINTY_ASSIGNED_CONTEXT ( ( #6478 ) ) GLOBAL_UNIT_ASSIGNED_CONTEXT ( ( #2149, #893, #6806 ) ) REPRESENTATION_CONTEXT ( 'NONE', 'WORKASPACE' ) );
#900 = CARTESIAN_POINT ( 'NONE',  ( 5.799999999999999822, 11.19999999999999929, 18.64999999999999858 ) ) ;
#901 = EDGE_CURVE ( 'NONE', #4324, #39, #4295, .T. ) ;
#902 = ORIENTED_EDGE ( 'NONE', *, *, #62, .T. ) ;
#903 = EDGE_CURVE ( 'NONE', #5897, #3944, #2422, .T. ) ;
#904 = LINE ( 'NONE', #1262, #1839 ) ;
#905 = FACE_OUTER_BOUND ( 'NONE', #5352, .T. ) ;
#906 = ORIENTED_EDGE ( 'NONE', *, *, #4273, .F. ) ;
#907 = VECTOR ( 'NONE', #7047, 1000.000000000000000 ) ;
#908 = SURFACE_SIDE_STYLE ('',( #3399 ) ) ;
#909 = VECTOR ( 'NONE', #3502, 1000.000000000000000 ) ;
#910 = CARTESIAN_POINT ( 'NONE',  ( 6.099999999999999645, 20.89999999999999147, 18.64999999999999858 ) ) ;
#911 = EDGE_CURVE ( 'NONE', #6104, #3902, #1801, .T. ) ;
#912 = DIRECTION ( 'NONE',  ( 1.000000000000000000, 0.0000000000000000000, 0.0000000000000000000 ) ) ;
#913 = VERTEX_POINT ( 'NONE', #7156 ) ;
#914 = EDGE_LOOP ( 'NONE', ( #7797, #6596, #3504, #1253, #6580, #1069, #5142, #2725, #1274, #5693, #459, #6371, #3380, #2472, #4448, #2689 ) ) ;
#915 = VECTOR ( 'NONE', #5341, 1000.000000000000000 ) ;
#916 = EDGE_CURVE ( 'NONE', #6116, #3827, #6045, .T. ) ;
#917 = DIRECTION ( 'NONE',  ( 0.0000000000000000000, 1.000000000000000000, 0.0000000000000000000 ) ) ;
#918 = PRESENTATION_LAYER_ASSIGNMENT (  '', '', ( #6308 ) ) ;
#919 = ORIENTED_EDGE ( 'NONE', *, *, #1189, .F. ) ;
#920 = PRESENTATION_LAYER_ASSIGNMENT (  '', '', ( #5216 ) ) ;
#921 = ORIENTED_EDGE ( 'NONE', *, *, #4237, .F. ) ;
#922 = VERTEX_POINT ( 'NONE', #6534 ) ;
#923 = CARTESIAN_POINT ( 'NONE',  ( 6.099999999999999645, 14.69999999999999929, 8.019999999999999574 ) ) ;
#924 = CARTESIAN_POINT ( 'NONE',  ( 6.299999999999998046, 21.69999999999999929, -3.810000000000000053 ) ) ;
#925 = ORIENTED_EDGE ( 'NONE', *, *, #4668, .F. ) ;
#926 = CARTESIAN_POINT ( 'NONE',  ( 7.549999999999999822, 11.50000000000000000, 21.35000000000000142 ) ) ;
#927 = DIRECTION ( 'NONE',  ( -1.000000000000000000, 0.0000000000000000000, 0.0000000000000000000 ) ) ;
#928 =( LENGTH_UNIT ( ) NAMED_UNIT ( * ) SI_UNIT ( .MILLI., .METRE. ) );
#929 = FILL_AREA_STYLE_COLOUR ( '', #2983 ) ;
#930 = FACE_OUTER_BOUND ( 'NONE', #1041, .T. ) ;
#931 = FILL_AREA_STYLE_COLOUR ( '', #7168 ) ;
#932 = VERTEX_POINT ( 'NONE', #573 ) ;
#933 = SURFACE_STYLE_USAGE ( .BOTH. , #6332 ) ;
#934 = SURFACE_STYLE_FILL_AREA ( #3390 ) ;
#935 = CARTESIAN_POINT ( 'NONE',  ( 10.00000000000000000, 18.19999999999999929, -9.919999999999999929 ) ) ;
#936 = ORIENTED_EDGE ( 'NONE', *, *, #1663, .F. ) ;
#937 = FACE_BOUND ( 'NONE', #2997, .T. ) ;
#938 =( NAMED_UNIT ( * ) SI_UNIT ( $, .STERADIAN. ) SOLID_ANGLE_UNIT ( ) );
#939 = VERTEX_POINT ( 'NONE', #496 ) ;
#940 = DIRECTION ( 'NONE',  ( -1.000000000000000000, 0.0000000000000000000, 0.0000000000000000000 ) ) ;
#941 = CARTESIAN_POINT ( 'NONE',  ( 10.69999999999999929, 12.00000000000000000, -9.919999999999999929 ) ) ;
#942 = ORIENTED_EDGE ( 'NONE', *, *, #999, .T. ) ;
#943 = CARTESIAN_POINT ( 'NONE',  ( 9.119999999999999218, 9.000000000000001776, 18.35000000000000142 ) ) ;
#944 = CARTESIAN_POINT ( 'NONE',  ( 8.599999999999999645, 15.69999999999999929, 15.93999999999999950 ) ) ;
#945 = ORIENTED_EDGE ( 'NONE', *, *, #5228, .T. ) ;
#946 = VERTEX_POINT ( 'NONE', #7788 ) ;
#947 = EDGE_CURVE ( 'NONE', #7555, #2415, #7228, .T. ) ;
#948 = LINE ( 'NONE', #5761, #6412 ) ;
#949 = EDGE_CURVE ( 'NONE', #5248, #6093, #7605, .T. ) ;
#950 = VECTOR ( 'NONE', #1051, 1000.000000000000000 ) ;
#951 = DIRECTION ( 'NONE',  ( 0.0000000000000000000, 0.0000000000000000000, -1.000000000000000000 ) ) ;
#952 = VECTOR ( 'NONE', #6081, 1000.000000000000000 ) ;
#953 = EDGE_CURVE ( 'NONE', #2219, #3051, #6572, .T. ) ;
#954 = VERTEX_POINT ( 'NONE', #7706 ) ;
#955 = EDGE_CURVE ( 'NONE', #5450, #1828, #2315, .T. ) ;
#956 = CARTESIAN_POINT ( 'NONE',  ( 9.119999999999999218, 15.69999999999999929, 8.320000000000000284 ) ) ;
#957 = AXIS2_PLACEMENT_3D ( 'NONE', #3293, #3175, #2561 ) ;
#958 = AXIS2_PLACEMENT_3D ( 'NONE', #1634, #2773, #1556 ) ;
#959 = COLOUR_RGB ( '',0.2862745098039215508, 0.6431372549019607199, 0.8666666666666666963 ) ;
#960 = ORIENTED_EDGE ( 'NONE', *, *, #4773, .F. ) ;
#961 = ORIENTED_EDGE ( 'NONE', *, *, #3321, .T. ) ;
#962 = CARTESIAN_POINT ( 'NONE',  ( 6.900000000000000355, 11.19999999999999929, 3.409999999999999698 ) ) ;
#963 = VECTOR ( 'NONE', #4496, 1000.000000000000000 ) ;
#964 = AXIS2_PLACEMENT_3D ( 'NONE', #3532, #1872, #485 ) ;
#965 = ORIENTED_EDGE ( 'NONE', *, *, #4667, .T. ) ;
#966 = UNCERTAINTY_MEASURE_WITH_UNIT (LENGTH_MEASURE( 1.000000000000000082E-05 ), #4091, 'distance_accuracy_value', 'NONE');
#967 =( LENGTH_UNIT ( ) NAMED_UNIT ( * ) SI_UNIT ( .MILLI., .METRE. ) );
#968 = VECTOR ( 'NONE', #2734, 1000.000000000000000 ) ;
#969 = DIRECTION ( 'NONE',  ( 0.0000000000000000000, 0.0000000000000000000, -1.000000000000000000 ) ) ;
#970 = CARTESIAN_POINT ( 'NONE',  ( 5.950000000000009059, 20.30000000000001847, 11.97999999999998977 ) ) ;
#971 = DIRECTION ( 'NONE',  ( -0.9701425001453328756, 0.2425356250363290000, 0.0000000000000000000 ) ) ;
#972 = CARTESIAN_POINT ( 'NONE',  ( 8.599999999999999645, 17.39999999999999858, 3.110000000000001652 ) ) ;
#973 = ORIENTED_EDGE ( 'NONE', *, *, #6380, .T. ) ;
#974 = CARTESIAN_POINT ( 'NONE',  ( 6.899999999999999467, 18.19999999999999929, 15.63999999999999702 ) ) ;
#975 = DIRECTION ( 'NONE',  ( 0.0000000000000000000, 0.0000000000000000000, -1.000000000000000000 ) ) ;
#976 = AXIS2_PLACEMENT_3D ( 'NONE', #3254, #6399, #2693 ) ;
#977 = LINE ( 'NONE', #7038, #6402 ) ;
#978 = ORIENTED_EDGE ( 'NONE', *, *, #903, .F. ) ;
#979 = FACE_OUTER_BOUND ( 'NONE', #4919, .T. ) ;
#980 = FACE_OUTER_BOUND ( 'NONE', #5218, .T. ) ;
#981 = EDGE_LOOP ( 'NONE', ( #350, #5149, #5835, #505 ) ) ;
#982 = VECTOR ( 'NONE', #3664, 1000.000000000000000 ) ;
#983 = DIRECTION ( 'NONE',  ( -0.9451512019217267468, 0.0000000000000000000, -0.3266331359582419491 ) ) ;
#984 = CARTESIAN_POINT ( 'NONE',  ( 4.150000000000000355, 17.39999999999999858, 18.01076951545870131 ) ) ;
#985 = VECTOR ( 'NONE', #7342, 1000.000000000000000 ) ;
#986 = DIRECTION ( 'NONE',  ( 0.9451512019217267468, 0.0000000000000000000, 0.3266331359582419491 ) ) ;
#987 =( LENGTH_UNIT ( ) NAMED_UNIT ( * ) SI_UNIT ( .MILLI., .METRE. ) );
#988 = DIRECTION ( 'NONE',  ( -1.000000000000000000, 0.0000000000000000000, 0.0000000000000000000 ) ) ;
#989 = LINE ( 'NONE', #3358, #715 ) ;
#990 = ORIENTED_EDGE ( 'NONE', *, *, #6088, .F. ) ;
#991 = VERTEX_POINT ( 'NONE', #1132 ) ;
#992 = DIRECTION ( 'NONE',  ( -1.000000000000000000, 0.0000000000000000000, 0.0000000000000000000 ) ) ;
#993 = AXIS2_PLACEMENT_3D ( 'NONE', #5167, #452, #3465 ) ;
#994 =( NAMED_UNIT ( * ) PLANE_ANGLE_UNIT ( ) SI_UNIT ( $, .RADIAN. ) );
#995 = EDGE_CURVE ( 'NONE', #5031, #4940, #3540, .T. ) ;
#996 = ORIENTED_EDGE ( 'NONE', *, *, #7077, .T. ) ;
#997 = DIRECTION ( 'NONE',  ( 0.0000000000000000000, 0.0000000000000000000, 1.000000000000000000 ) ) ;
#998 = ADVANCED_FACE ( 'NONE', ( #2615 ), #5510, .T. ) ;
#999 = EDGE_CURVE ( 'NONE', #6908, #5805, #4368, .T. ) ;
#1000 = EDGE_LOOP ( 'NONE', ( #2760, #2713, #2117, #1662 ) ) ;
#1001 = ORIENTED_EDGE ( 'NONE', *, *, #264, .F. ) ;
#1002 = FILL_AREA_STYLE_COLOUR ( '', #2926 ) ;
#1003 = DIRECTION ( 'NONE',  ( -1.000000000000000000, 0.0000000000000000000, 0.0000000000000000000 ) ) ;
#1004 = ORIENTED_EDGE ( 'NONE', *, *, #4371, .T. ) ;
#1005 = DIRECTION ( 'NONE',  ( 0.0000000000000000000, 0.0000000000000000000, -1.000000000000000000 ) ) ;
#1006 =( GEOMETRIC_REPRESENTATION_CONTEXT ( 3 ) GLOBAL_UNCERTAINTY_ASSIGNED_CONTEXT ( ( #7572 ) ) GLOBAL_UNIT_ASSIGNED_CONTEXT ( ( #487, #1909, #38 ) ) REPRESENTATION_CONTEXT ( 'NONE', 'WORKASPACE' ) );
#1007 = CARTESIAN_POINT ( 'NONE',  ( 6.099999999999999645, 21.69999999999999929, 15.63999999999999702 ) ) ;
#1008 = PRESENTATION_STYLE_ASSIGNMENT (( #3342 ) ) ;
#1009 = DIRECTION ( 'NONE',  ( 0.0000000000000000000, 0.0000000000000000000, -1.000000000000000000 ) ) ;
#1010 = CARTESIAN_POINT ( 'NONE',  ( 4.150000000000000355, 15.69999999999999929, 2.209999999999999964 ) ) ;
#1011 = VERTEX_POINT ( 'NONE', #4964 ) ;
#1012 =( NAMED_UNIT ( * ) SI_UNIT ( $, .STERADIAN. ) SOLID_ANGLE_UNIT ( ) );
#1013 = CARTESIAN_POINT ( 'NONE',  ( 8.599999999999999645, 9.000000000000001776, 17.44999999999999929 ) ) ;
#1014 = EDGE_LOOP ( 'NONE', ( #254, #234, #4740, #2094 ) ) ;
#1015 = CARTESIAN_POINT ( 'NONE',  ( 6.500000000000000888, 14.69999999999999929, 6.720000000000002416 ) ) ;
#1016 = DIRECTION ( 'NONE',  ( 1.000000000000000000, 0.0000000000000000000, 0.0000000000000000000 ) ) ;
#1017 = VECTOR ( 'NONE', #338, 1000.000000000000000 ) ;
#1018 = VERTEX_POINT ( 'NONE', #3186 ) ;
#1019 = LINE ( 'NONE', #3542, #6817 ) ;
#1020 = PRESENTATION_STYLE_ASSIGNMENT (( #7588 ) ) ;
#1021 = CARTESIAN_POINT ( 'NONE',  ( 6.349999999999999645, 11.50000000000000000, 21.35000000000000142 ) ) ;
#1022 = FACE_OUTER_BOUND ( 'NONE', #6928, .T. ) ;
#1023 = EDGE_LOOP ( 'NONE', ( #5056, #4513, #2962, #7407 ) ) ;
#1024 = ORIENTED_EDGE ( 'NONE', *, *, #3644, .F. ) ;
#1025 = SURFACE_STYLE_FILL_AREA ( #4664 ) ;
#1026 = VECTOR ( 'NONE', #7569, 1000.000000000000000 ) ;
#1027 = COLOUR_RGB ( '',1.000000000000000000, 1.000000000000000000, 1.000000000000000000 ) ;
#1028 = CARTESIAN_POINT ( 'NONE',  ( 10.50000000000000000, 12.59999999999999964, 21.35000000000000142 ) ) ;
#1029 = CYLINDRICAL_SURFACE ( 'NONE', #5451, 1.500000000000000000 ) ;
#1030 = EDGE_LOOP ( 'NONE', ( #6813, #2511, #2795, #5876 ) ) ;
#1031 = STYLED_ITEM ( 'NONE', ( #2969 ), #5665 ) ;
#1032 = DIRECTION ( 'NONE',  ( 0.0000000000000000000, 1.000000000000000000, 0.0000000000000000000 ) ) ;
#1033 = VECTOR ( 'NONE', #6039, 1000.000000000000000 ) ;
#1034 = EDGE_CURVE ( 'NONE', #7399, #1597, #5588, .T. ) ;
#1035 = EDGE_LOOP ( 'NONE', ( #6395, #5137, #3823, #906 ) ) ;
#1036 = ORIENTED_EDGE ( 'NONE', *, *, #6540, .F. ) ;
#1037 = AXIS2_PLACEMENT_3D ( 'NONE', #4118, #5980, #6549 ) ;
#1038 = AXIS2_PLACEMENT_3D ( 'NONE', #246, #4483, #3339 ) ;
#1039 = DIRECTION ( 'NONE',  ( 0.0000000000000000000, -1.000000000000000000, 0.0000000000000000000 ) ) ;
#1040 = DIRECTION ( 'NONE',  ( -0.2357022603955148676, -0.9428090415820634673, 0.2357022603955158668 ) ) ;
#1041 = EDGE_LOOP ( 'NONE', ( #367, #6339, #1973, #4793 ) ) ;
#1042 = UNCERTAINTY_MEASURE_WITH_UNIT (LENGTH_MEASURE( 1.000000000000000082E-05 ), #2808, 'distance_accuracy_value', 'NONE');
#1043 = PLANE ( 'NONE',  #139 ) ;
#1044 = EDGE_CURVE ( 'NONE', #6529, #6733, #6766, .T. ) ;
#1045 = FILL_AREA_STYLE_COLOUR ( '', #1628 ) ;
#1046 = VECTOR ( 'NONE', #3783, 1000.000000000000000 ) ;
#1047 = EDGE_CURVE ( 'NONE', #6790, #913, #5661, .T. ) ;
#1048 = DIRECTION ( 'NONE',  ( 0.0000000000000000000, 0.0000000000000000000, -1.000000000000000000 ) ) ;
#1049 = ADVANCED_FACE ( 'NONE', ( #6121 ), #1919, .T. ) ;
#1050 = LINE ( 'NONE', #6993, #64 ) ;
#1051 = DIRECTION ( 'NONE',  ( 0.0000000000000000000, 1.000000000000000000, 0.0000000000000000000 ) ) ;
#1052 = ORIENTED_EDGE ( 'NONE', *, *, #5770, .F. ) ;
#1053 = DIRECTION ( 'NONE',  ( 0.0000000000000000000, 0.2425356250363329691, 0.9701425001453318764 ) ) ;
#1054 =( NAMED_UNIT ( * ) PLANE_ANGLE_UNIT ( ) SI_UNIT ( $, .RADIAN. ) );
#1055 = CYLINDRICAL_SURFACE ( 'NONE', #993, 0.9000000000000014655 ) ;
#1056 = EDGE_CURVE ( 'NONE', #5519, #3550, #6801, .T. ) ;
#1057 = VERTEX_POINT ( 'NONE', #6687 ) ;
#1058 = DIRECTION ( 'NONE',  ( 1.000000000000000000, 0.0000000000000000000, 0.0000000000000000000 ) ) ;
#1059 = EDGE_CURVE ( 'NONE', #7716, #3588, #5086, .T. ) ;
#1060 = CARTESIAN_POINT ( 'NONE',  ( 4.150000000000000355, 17.39999999999999858, 2.209999999999999964 ) ) ;
#1061 = ORIENTED_EDGE ( 'NONE', *, *, #552, .T. ) ;
#1062 = SURFACE_SIDE_STYLE ('',( #6973 ) ) ;
#1063 = CARTESIAN_POINT ( 'NONE',  ( 6.855555555555549851, 11.02222222222220083, 3.454444444444499496 ) ) ;
#1064 = PLANE ( 'NONE',  #5936 ) ;
#1065 = DIRECTION ( 'NONE',  ( 1.546734824340359944E-15, 0.0000000000000000000, -1.000000000000000000 ) ) ;
#1066 = DIRECTION ( 'NONE',  ( 1.000000000000000000, 0.0000000000000000000, 0.0000000000000000000 ) ) ;
#1067 = UNCERTAINTY_MEASURE_WITH_UNIT (LENGTH_MEASURE( 1.000000000000000082E-05 ), #7323, 'distance_accuracy_value', 'NONE');
#1068 = DIRECTION ( 'NONE',  ( 1.000000000000000000, 0.0000000000000000000, 0.0000000000000000000 ) ) ;
#1069 = ORIENTED_EDGE ( 'NONE', *, *, #882, .T. ) ;
#1070 = EDGE_LOOP ( 'NONE', ( #4472, #3757, #4495, #3273 ) ) ;
#1071 = EDGE_CURVE ( 'NONE', #3097, #2213, #5041, .T. ) ;
#1072 = FILL_AREA_STYLE ('',( #4706 ) ) ;
#1073 = DIRECTION ( 'NONE',  ( 1.000000000000000000, 0.0000000000000000000, 0.0000000000000000000 ) ) ;
#1074 = ORIENTED_EDGE ( 'NONE', *, *, #6738, .T. ) ;
#1075 = AXIS2_PLACEMENT_3D ( 'NONE', #7140, #4125, #2889 ) ;
#1076 = DIRECTION ( 'NONE',  ( 0.0000000000000000000, 1.000000000000000000, 0.0000000000000000000 ) ) ;
#1077 = ORIENTED_EDGE ( 'NONE', *, *, #6438, .T. ) ;
#1078 = AXIS2_PLACEMENT_3D ( 'NONE', #6203, #1284, #2572 ) ;
#1079 = SURFACE_STYLE_USAGE ( .BOTH. , #5844 ) ;
#1080 = ORIENTED_EDGE ( 'NONE', *, *, #5903, .F. ) ;
#1081 = LINE ( 'NONE', #5120, #872 ) ;
#1082 = PRESENTATION_LAYER_ASSIGNMENT (  '', '', ( #4494 ) ) ;
#1083 = DIRECTION ( 'NONE',  ( 0.0000000000000000000, 0.0000000000000000000, -1.000000000000000000 ) ) ;
#1084 = FACE_OUTER_BOUND ( 'NONE', #6062, .T. ) ;
#1085 = DIRECTION ( 'NONE',  ( 0.0000000000000000000, 0.0000000000000000000, 1.000000000000000000 ) ) ;
#1086 = AXIS2_PLACEMENT_3D ( 'NONE', #1060, #1605, #1721 ) ;
#1087 = ORIENTED_EDGE ( 'NONE', *, *, #6036, .T. ) ;
#1088 = MECHANICAL_DESIGN_GEOMETRIC_PRESENTATION_REPRESENTATION (  '', ( #7240 ), #3606 ) ;
#1089 = CARTESIAN_POINT ( 'NONE',  ( 7.747222222222190702, 17.51111111111116969, 17.80277777777780912 ) ) ;
#1090 = LINE ( 'NONE', #2310, #667 ) ;
#1091 = EDGE_CURVE ( 'NONE', #4982, #4702, #7739, .T. ) ;
#1092 = PLANE ( 'NONE',  #5691 ) ;
#1093 = ORIENTED_EDGE ( 'NONE', *, *, #322, .F. ) ;
#1094 = LINE ( 'NONE', #7619, #2356 ) ;
#1095 = ADVANCED_FACE ( 'NONE', ( #7419 ), #1316, .T. ) ;
#1096 = AXIS2_PLACEMENT_3D ( 'NONE', #4486, #3143, #6842 ) ;
#1097 = CARTESIAN_POINT ( 'NONE',  ( 6.349999999999999645, 9.000000000000001776, 20.89999999999999858 ) ) ;
#1098 = EDGE_CURVE ( 'NONE', #376, #74, #6843, .T. ) ;
#1099 = FILL_AREA_STYLE ('',( #2158 ) ) ;
#1100 = DIRECTION ( 'NONE',  ( 0.0000000000000000000, 0.0000000000000000000, -1.000000000000000000 ) ) ;
#1101 = CARTESIAN_POINT ( 'NONE',  ( 8.599999999999999645, 9.000000000000001776, 12.13000000000000078 ) ) ;
#1102 = DIRECTION ( 'NONE',  ( 0.0000000000000000000, 0.0000000000000000000, 1.000000000000000000 ) ) ;
#1103 =( GEOMETRIC_REPRESENTATION_CONTEXT ( 3 ) GLOBAL_UNCERTAINTY_ASSIGNED_CONTEXT ( ( #2298 ) ) GLOBAL_UNIT_ASSIGNED_CONTEXT ( ( #2076, #176, #4417 ) ) REPRESENTATION_CONTEXT ( 'NONE', 'WORKASPACE' ) );
#1104 = CARTESIAN_POINT ( 'NONE',  ( 10.50000000000000000, 12.40000000000000213, -9.919999999999999929 ) ) ;
#1105 = EDGE_LOOP ( 'NONE', ( #1307, #7378, #5179, #711 ) ) ;
#1106 = VERTEX_POINT ( 'NONE', #3697 ) ;
#1107 =( NAMED_UNIT ( * ) PLANE_ANGLE_UNIT ( ) SI_UNIT ( $, .RADIAN. ) );
#1108 = VECTOR ( 'NONE', #390, 1000.000000000000000 ) ;
#1109 = VECTOR ( 'NONE', #1518, 1000.000000000000000 ) ;
#1110 = CARTESIAN_POINT ( 'NONE',  ( 9.800000000000000711, 17.39999999999999858, 16.72999999999999687 ) ) ;
#1111 = CARTESIAN_POINT ( 'NONE',  ( 6.900000000000000355, 16.30000000000000071, 11.82999999999999829 ) ) ;
#1112 = MECHANICAL_DESIGN_GEOMETRIC_PRESENTATION_REPRESENTATION (  '', ( #2364 ), #1607 ) ;
#1113 = PRESENTATION_LAYER_ASSIGNMENT (  '', '', ( #4516 ) ) ;
#1114 = ORIENTED_EDGE ( 'NONE', *, *, #4096, .F. ) ;
#1115 = DIRECTION ( 'NONE',  ( 0.0000000000000000000, 0.0000000000000000000, -1.000000000000000000 ) ) ;
#1116 = VERTEX_POINT ( 'NONE', #6160 ) ;
#1117 = FACE_OUTER_BOUND ( 'NONE', #315, .T. ) ;
#1118 = CARTESIAN_POINT ( 'NONE',  ( 4.150000000000000355, 9.000000000000001776, -6.110000000000000320 ) ) ;
#1119 =( LENGTH_UNIT ( ) NAMED_UNIT ( * ) SI_UNIT ( .MILLI., .METRE. ) );
#1120 = ORIENTED_EDGE ( 'NONE', *, *, #3420, .T. ) ;
#1121 = UNCERTAINTY_MEASURE_WITH_UNIT (LENGTH_MEASURE( 1.000000000000000082E-05 ), #2514, 'distance_accuracy_value', 'NONE');
#1122 = DIRECTION ( 'NONE',  ( 0.0000000000000000000, 0.0000000000000000000, -1.000000000000000000 ) ) ;
#1123 = FILL_AREA_STYLE ('',( #4013 ) ) ;
#1124 = LINE ( 'NONE', #3975, #4036 ) ;
#1125 = EDGE_LOOP ( 'NONE', ( #2800, #3278, #3041, #6697, #1377, #7778, #4661, #3440, #1653, #4518, #327, #1949, #1146 ) ) ;
#1126 = SURFACE_STYLE_USAGE ( .BOTH. , #489 ) ;
#1127 = CARTESIAN_POINT ( 'NONE',  ( 6.900000000000000355, 10.40000000000000213, 19.44999999999999929 ) ) ;
#1128 = MECHANICAL_DESIGN_GEOMETRIC_PRESENTATION_REPRESENTATION (  '', ( #5910 ), #4406 ) ;
#1129 = ORIENTED_EDGE ( 'NONE', *, *, #2056, .T. ) ;
#1130 = DIRECTION ( 'NONE',  ( 0.0000000000000000000, 0.0000000000000000000, -1.000000000000000000 ) ) ;
#1131 = EDGE_CURVE ( 'NONE', #6227, #5112, #773, .T. ) ;
#1132 = CARTESIAN_POINT ( 'NONE',  ( 10.50000000000000000, 12.00000000000000000, 1.510000000000000897 ) ) ;
#1133 = VECTOR ( 'NONE', #5708, 1000.000000000000114 ) ;
#1134 = FACE_BOUND ( 'NONE', #1504, .T. ) ;
#1135 = DIRECTION ( 'NONE',  ( 0.0000000000000000000, 1.000000000000000000, 0.0000000000000000000 ) ) ;
#1136 = DIRECTION ( 'NONE',  ( 1.000000000000000000, 0.0000000000000000000, 0.0000000000000000000 ) ) ;
#1137 = PLANE ( 'NONE',  #7056 ) ;
#1138 = FILL_AREA_STYLE ('',( #2274 ) ) ;
#1139 = FACE_OUTER_BOUND ( 'NONE', #6775, .T. ) ;
#1140 = ORIENTED_EDGE ( 'NONE', *, *, #2965, .F. ) ;
#1141 = EDGE_LOOP ( 'NONE', ( #6206, #2476, #5016, #3637 ) ) ;
#1142 = ADVANCED_FACE ( 'NONE', ( #2033 ), #7345, .T. ) ;
#1143 = AXIS2_PLACEMENT_3D ( 'NONE', #6111, #1433, #3176 ) ;
#1144 = DIRECTION ( 'NONE',  ( 0.0000000000000000000, -1.000000000000000000, 0.0000000000000000000 ) ) ;
#1145 = ADVANCED_FACE ( 'NONE', ( #1402 ), #7310, .T. ) ;
#1146 = ORIENTED_EDGE ( 'NONE', *, *, #6084, .F. ) ;
#1147 = EDGE_CURVE ( 'NONE', #3425, #7024, #3361, .T. ) ;
#1148 = SURFACE_STYLE_FILL_AREA ( #1072 ) ;
#1149 = VECTOR ( 'NONE', #3828, 1000.000000000000000 ) ;
#1150 = FACE_OUTER_BOUND ( 'NONE', #3665, .T. ) ;
#1151 = ORIENTED_EDGE ( 'NONE', *, *, #5235, .T. ) ;
#1152 = CARTESIAN_POINT ( 'NONE',  ( 6.099999999999999645, 18.19999999999999929, 11.82999999999999829 ) ) ;
#1153 = EDGE_CURVE ( 'NONE', #1455, #6785, #5740, .T. ) ;
#1154 = EDGE_CURVE ( 'NONE', #5164, #5810, #4362, .T. ) ;
#1155 = VECTOR ( 'NONE', #2251, 1000.000000000000000 ) ;
#1156 = AXIS2_PLACEMENT_3D ( 'NONE', #4802, #6114, #681 ) ;
#1157 = ORIENTED_EDGE ( 'NONE', *, *, #953, .T. ) ;
#1158 = DIRECTION ( 'NONE',  ( 0.0000000000000000000, 0.0000000000000000000, 1.000000000000000000 ) ) ;
#1159 = PLANE ( 'NONE',  #7185 ) ;
#1160 = AXIS2_PLACEMENT_3D ( 'NONE', #5242, #6300, #3277 ) ;
#1161 = SURFACE_STYLE_FILL_AREA ( #5922 ) ;
#1162 = VERTEX_POINT ( 'NONE', #333 ) ;
#1163 = VECTOR ( 'NONE', #3203, 1000.000000000000114 ) ;
#1164 = SURFACE_STYLE_USAGE ( .BOTH. , #3647 ) ;
#1165 = CARTESIAN_POINT ( 'NONE',  ( 6.700000000000001066, 21.69999999999999929, 11.02999999999999936 ) ) ;
#1166 = DIRECTION ( 'NONE',  ( 0.0000000000000000000, 0.0000000000000000000, -1.000000000000000000 ) ) ;
#1167 = CARTESIAN_POINT ( 'NONE',  ( 6.900000000000000355, 11.19999999999999929, 19.44999999999999929 ) ) ;
#1168 = VERTEX_POINT ( 'NONE', #7536 ) ;
#1169 = FILL_AREA_STYLE_COLOUR ( '', #257 ) ;
#1170 = SURFACE_STYLE_FILL_AREA ( #6603 ) ;
#1171 = AXIS2_PLACEMENT_3D ( 'NONE', #312, #434, #5882 ) ;
#1172 = CARTESIAN_POINT ( 'NONE',  ( 6.349999999999999645, 10.00000000000000178, 20.89999999999999858 ) ) ;
#1173 = FACE_OUTER_BOUND ( 'NONE', #629, .T. ) ;
#1174 = CARTESIAN_POINT ( 'NONE',  ( 6.900000000000000355, 10.40000000000000213, 18.85000000000000142 ) ) ;
#1175 = VECTOR ( 'NONE', #2124, 1000.000000000000000 ) ;
#1176 = FACE_OUTER_BOUND ( 'NONE', #2600, .T. ) ;
#1177 = LINE ( 'NONE', #1213, #6313 ) ;
#1178 = DIRECTION ( 'NONE',  ( 1.000000000000000000, 0.0000000000000000000, 0.0000000000000000000 ) ) ;
#1179 = DIRECTION ( 'NONE',  ( 0.0000000000000000000, 0.0000000000000000000, -1.000000000000000000 ) ) ;
#1180 = CARTESIAN_POINT ( 'NONE',  ( 6.900000000000000355, 14.69999999999999929, 15.24000000000000021 ) ) ;
#1181 = DIRECTION ( 'NONE',  ( 0.0000000000000000000, 0.0000000000000000000, -1.000000000000000000 ) ) ;
#1182 = VERTEX_POINT ( 'NONE', #4488 ) ;
#1183 = ORIENTED_EDGE ( 'NONE', *, *, #1227, .F. ) ;
#1184 =( NAMED_UNIT ( * ) PLANE_ANGLE_UNIT ( ) SI_UNIT ( $, .RADIAN. ) );
#1185 = ORIENTED_EDGE ( 'NONE', *, *, #7115, .F. ) ;
#1186 = SURFACE_STYLE_USAGE ( .BOTH. , #6061 ) ;
#1187 = EDGE_CURVE ( 'NONE', #4609, #2044, #6286, .T. ) ;
#1188 = VERTEX_POINT ( 'NONE', #1484 ) ;
#1189 = EDGE_CURVE ( 'NONE', #3640, #2628, #3421, .T. ) ;
#1190 = ORIENTED_EDGE ( 'NONE', *, *, #5395, .T. ) ;
#1191 = FILL_AREA_STYLE_COLOUR ( '', #6991 ) ;
#1192 = ADVANCED_FACE ( 'NONE', ( #3457 ), #5850, .T. ) ;
#1193 = CARTESIAN_POINT ( 'NONE',  ( 6.700000000000001066, 21.69999999999999929, 11.62999999999999901 ) ) ;
#1194 = FACE_OUTER_BOUND ( 'NONE', #1373, .T. ) ;
#1195 = ORIENTED_EDGE ( 'NONE', *, *, #5956, .T. ) ;
#1196 = COLOUR_RGB ( '',1.000000000000000000, 1.000000000000000000, 1.000000000000000000 ) ;
#1197 = ORIENTED_EDGE ( 'NONE', *, *, #6589, .T. ) ;
#1198 = MECHANICAL_DESIGN_GEOMETRIC_PRESENTATION_REPRESENTATION (  '', ( #4388 ), #4487 ) ;
#1199 = DIRECTION ( 'NONE',  ( 0.0000000000000000000, -1.000000000000000000, 0.0000000000000000000 ) ) ;
#1200 = CARTESIAN_POINT ( 'NONE',  ( 6.299999999999999822, 10.40000000000000213, 8.019999999999999574 ) ) ;
#1201 = ORIENTED_EDGE ( 'NONE', *, *, #4435, .T. ) ;
#1202 = SURFACE_STYLE_FILL_AREA ( #3574 ) ;
#1203 = DIRECTION ( 'NONE',  ( -1.000000000000000000, 0.0000000000000000000, 0.0000000000000000000 ) ) ;
#1204 =( GEOMETRIC_REPRESENTATION_CONTEXT ( 3 ) GLOBAL_UNCERTAINTY_ASSIGNED_CONTEXT ( ( #6322 ) ) GLOBAL_UNIT_ASSIGNED_CONTEXT ( ( #3094, #6194, #4322 ) ) REPRESENTATION_CONTEXT ( 'NONE', 'WORKASPACE' ) );
#1205 = VECTOR ( 'NONE', #4790, 1000.000000000000000 ) ;
#1206 = FILL_AREA_STYLE ('',( #3576 ) ) ;
#1207 = CARTESIAN_POINT ( 'NONE',  ( 6.099999999999999645, 21.69999999999999929, 8.019999999999999574 ) ) ;
#1208 = CARTESIAN_POINT ( 'NONE',  ( 6.349999999999999645, 11.50000000000000000, 1.510000000000000897 ) ) ;
#1209 = AXIS2_PLACEMENT_3D ( 'NONE', #7775, #561, #2942 ) ;
#1210 = FILL_AREA_STYLE ('',( #2950 ) ) ;
#1211 = VECTOR ( 'NONE', #5098, 1000.000000000000000 ) ;
#1212 = DIRECTION ( 'NONE',  ( 0.0000000000000000000, 0.0000000000000000000, -1.000000000000000000 ) ) ;
#1213 = CARTESIAN_POINT ( 'NONE',  ( 6.333333333333330373, 10.26666666666669947, 15.40666666666670004 ) ) ;
#1214 = SURFACE_SIDE_STYLE ('',( #577 ) ) ;
#1215 = LINE ( 'NONE', #89, #4808 ) ;
#1216 = UNCERTAINTY_MEASURE_WITH_UNIT (LENGTH_MEASURE( 1.000000000000000082E-05 ), #5612, 'distance_accuracy_value', 'NONE');
#1217 = EDGE_LOOP ( 'NONE', ( #2321, #3794, #2917, #3311 ) ) ;
#1218 =( LENGTH_UNIT ( ) NAMED_UNIT ( * ) SI_UNIT ( .MILLI., .METRE. ) );
#1219 = VECTOR ( 'NONE', #290, 1000.000000000000000 ) ;
#1220 = EDGE_LOOP ( 'NONE', ( #1742, #6933, #4539, #1850 ) ) ;
#1221 = CARTESIAN_POINT ( 'NONE',  ( 8.599999999999999645, 15.69999999999999929, 12.13000000000000078 ) ) ;
#1222 = PRESENTATION_STYLE_ASSIGNMENT (( #2437 ) ) ;
#1223 = EDGE_CURVE ( 'NONE', #4436, #1978, #3383, .T. ) ;
#1224 = VERTEX_POINT ( 'NONE', #4012 ) ;
#1225 = STYLED_ITEM ( 'NONE', ( #6266 ), #6914 ) ;
#1226 = VERTEX_POINT ( 'NONE', #2182 ) ;
#1227 = EDGE_CURVE ( 'NONE', #7470, #4436, #3304, .T. ) ;
#1228 = VECTOR ( 'NONE', #4100, 1000.000000000000000 ) ;
#1229 = VECTOR ( 'NONE', #5721, 1000.000000000000000 ) ;
#1230 = CARTESIAN_POINT ( 'NONE',  ( 6.349999999999999645, 10.00000000000000178, 20.64999999999999858 ) ) ;
#1231 = EDGE_CURVE ( 'NONE', #2358, #789, #1594, .T. ) ;
#1232 = VERTEX_POINT ( 'NONE', #5122 ) ;
#1233 = FACE_OUTER_BOUND ( 'NONE', #405, .T. ) ;
#1234 = EDGE_CURVE ( 'NONE', #6733, #1226, #6405, .T. ) ;
#1235 = EDGE_CURVE ( 'NONE', #4138, #6363, #2111, .T. ) ;
#1236 = VERTEX_POINT ( 'NONE', #410 ) ;
#1237 = SURFACE_SIDE_STYLE ('',( #2260 ) ) ;
#1238 = CARTESIAN_POINT ( 'NONE',  ( 7.549999999999999822, 15.69999999999999929, 20.65000000000000213 ) ) ;
#1239 = CARTESIAN_POINT ( 'NONE',  ( 6.299999999999998046, 21.69999999999999929, 15.03999999999999737 ) ) ;
#1240 = ORIENTED_EDGE ( 'NONE', *, *, #3449, .F. ) ;
#1241 = SURFACE_SIDE_STYLE ('',( #1202 ) ) ;
#1242 = DIRECTION ( 'NONE',  ( -1.000000000000000000, -0.0000000000000000000, -0.0000000000000000000 ) ) ;
#1243 = PLANE ( 'NONE',  #7069 ) ;
#1244 = PLANE ( 'NONE',  #2604 ) ;
#1245 = EDGE_CURVE ( 'NONE', #1375, #1429, #5226, .T. ) ;
#1246 = CARTESIAN_POINT ( 'NONE',  ( 6.900000000000000355, 14.69999999999999929, 11.43000000000000149 ) ) ;
#1247 = DIRECTION ( 'NONE',  ( -1.000000000000000000, -0.0000000000000000000, -0.0000000000000000000 ) ) ;
#1248 = CARTESIAN_POINT ( 'NONE',  ( 9.800000000000000711, 15.69999999999999929, 13.74999999999999822 ) ) ;
#1249 = DIRECTION ( 'NONE',  ( 0.0000000000000000000, 0.0000000000000000000, -1.000000000000000000 ) ) ;
#1250 = AXIS2_PLACEMENT_3D ( 'NONE', #3124, #2478, #4349 ) ;
#1251 = CARTESIAN_POINT ( 'NONE',  ( 9.800000000000000711, 17.39999999999999858, 2.319999999999998952 ) ) ;
#1252 = SURFACE_STYLE_FILL_AREA ( #7752 ) ;
#1253 = ORIENTED_EDGE ( 'NONE', *, *, #995, .T. ) ;
#1254 = LINE ( 'NONE', #622, #7245 ) ;
#1255 = ORIENTED_EDGE ( 'NONE', *, *, #2192, .F. ) ;
#1256 = FILL_AREA_STYLE ('',( #28 ) ) ;
#1257 = AXIS2_PLACEMENT_3D ( 'NONE', #3045, #4229, #1814 ) ;
#1258 = EDGE_LOOP ( 'NONE', ( #3004, #2082, #421, #902 ) ) ;
#1259 = CARTESIAN_POINT ( 'NONE',  ( 5.950000000000009059, 20.30000000000001847, 18.50000000000001066 ) ) ;
#1260 = COLOUR_RGB ( '',1.000000000000000000, 1.000000000000000000, 1.000000000000000000 ) ;
#1261 = VERTEX_POINT ( 'NONE', #4530 ) ;
#1262 = CARTESIAN_POINT ( 'NONE',  ( 8.599999999999999645, 9.000000000000001776, 9.830000000000000071 ) ) ;
#1263 = EDGE_LOOP ( 'NONE', ( #3639, #767, #7100, #4416 ) ) ;
#1264 =( NAMED_UNIT ( * ) PLANE_ANGLE_UNIT ( ) SI_UNIT ( $, .RADIAN. ) );
#1265 = COLOUR_RGB ( '',1.000000000000000000, 1.000000000000000000, 1.000000000000000000 ) ;
#1266 = ADVANCED_FACE ( 'NONE', ( #6919 ), #4836, .T. ) ;
#1267 = EDGE_LOOP ( 'NONE', ( #2740, #2134, #7714, #2544 ) ) ;
#1268 = CARTESIAN_POINT ( 'NONE',  ( 9.119999999999999218, 9.000000000000001776, 12.13000000000000078 ) ) ;
#1269 = VECTOR ( 'NONE', #5320, 1000.000000000000000 ) ;
#1270 =( GEOMETRIC_REPRESENTATION_CONTEXT ( 3 ) GLOBAL_UNCERTAINTY_ASSIGNED_CONTEXT ( ( #2220 ) ) GLOBAL_UNIT_ASSIGNED_CONTEXT ( ( #88, #3581, #2462 ) ) REPRESENTATION_CONTEXT ( 'NONE', 'WORKASPACE' ) );
#1271 = FILL_AREA_STYLE ('',( #4837 ) ) ;
#1272 = FILL_AREA_STYLE_COLOUR ( '', #7601 ) ;
#1273 = DIRECTION ( 'NONE',  ( -0.0000000000000000000, -0.0000000000000000000, 1.000000000000000000 ) ) ;
#1274 = ORIENTED_EDGE ( 'NONE', *, *, #7106, .T. ) ;
#1275 = PLANE ( 'NONE',  #3 ) ;
#1276 = ADVANCED_FACE ( 'NONE', ( #3569 ), #5961, .F. ) ;
#1277 = DIRECTION ( 'NONE',  ( 1.000000000000000000, 0.0000000000000000000, 0.0000000000000000000 ) ) ;
#1278 = ADVANCED_FACE ( 'NONE', ( #4243 ), #1, .T. ) ;
#1279 = PRESENTATION_STYLE_ASSIGNMENT (( #1720 ) ) ;
#1280 = COLOUR_RGB ( '',1.000000000000000000, 1.000000000000000000, 1.000000000000000000 ) ;
#1281 = PRESENTATION_LAYER_ASSIGNMENT (  '', '', ( #3059 ) ) ;
#1282 = LINE ( 'NONE', #43, #841 ) ;
#1283 = EDGE_CURVE ( 'NONE', #7024, #5248, #3991, .T. ) ;
#1284 = DIRECTION ( 'NONE',  ( 1.000000000000000000, 0.0000000000000000000, 0.0000000000000000000 ) ) ;
#1285 = DIRECTION ( 'NONE',  ( 0.0000000000000000000, 1.000000000000000000, 0.0000000000000000000 ) ) ;
#1286 = FACE_OUTER_BOUND ( 'NONE', #1141, .T. ) ;
#1287 = CARTESIAN_POINT ( 'NONE',  ( 6.099999999999999645, 21.69999999999999929, 15.63999999999999702 ) ) ;
#1288 = PRESENTATION_LAYER_ASSIGNMENT (  '', '', ( #3443 ) ) ;
#1289 = LINE ( 'NONE', #4927, #2906 ) ;
#1290 = MECHANICAL_DESIGN_GEOMETRIC_PRESENTATION_REPRESENTATION (  '', ( #4705 ), #1651 ) ;
#1291 = EDGE_CURVE ( 'NONE', #5248, #493, #2411, .T. ) ;
#1292 = CARTESIAN_POINT ( 'NONE',  ( 8.599999999999999645, 17.39999999999999858, 10.73000000000000220 ) ) ;
#1293 = ADVANCED_FACE ( 'NONE', ( #1751 ), #7693, .T. ) ;
#1294 = UNCERTAINTY_MEASURE_WITH_UNIT (LENGTH_MEASURE( 1.000000000000000082E-05 ), #4569, 'distance_accuracy_value', 'NONE');
#1295 = DIRECTION ( 'NONE',  ( 1.000000000000000000, 0.0000000000000000000, 0.0000000000000000000 ) ) ;
#1296 = EDGE_LOOP ( 'NONE', ( #664, #6198, #3652, #2846 ) ) ;
#1297 = EDGE_LOOP ( 'NONE', ( #7113, #778, #7414, #1350 ) ) ;
#1298 = LINE ( 'NONE', #6019, #5296 ) ;
#1299 = CARTESIAN_POINT ( 'NONE',  ( 6.099999999999999645, 20.89999999999999147, 8.019999999999999574 ) ) ;
#1300 = COLOUR_RGB ( '',1.000000000000000000, 1.000000000000000000, 1.000000000000000000 ) ;
#1301 = EDGE_LOOP ( 'NONE', ( #5600, #4785, #3212, #4542 ) ) ;
#1302 = LINE ( 'NONE', #669, #2373 ) ;
#1303 = EDGE_LOOP ( 'NONE', ( #5836, #7576, #35, #1342 ) ) ;
#1304 = LINE ( 'NONE', #67, #2090 ) ;
#1305 = SURFACE_STYLE_USAGE ( .BOTH. , #6708 ) ;
#1306 = VERTEX_POINT ( 'NONE', #4797 ) ;
#1307 = ORIENTED_EDGE ( 'NONE', *, *, #1427, .F. ) ;
#1308 = CARTESIAN_POINT ( 'NONE',  ( 4.219230769230770228, 15.69999999999999929, 19.84940806503179900 ) ) ;
#1309 =( NAMED_UNIT ( * ) PLANE_ANGLE_UNIT ( ) SI_UNIT ( $, .RADIAN. ) );
#1310 = LINE ( 'NONE', #5351, #2133 ) ;
#1311 = ORIENTED_EDGE ( 'NONE', *, *, #1520, .T. ) ;
#1312 = VERTEX_POINT ( 'NONE', #1711 ) ;
#1313 = LINE ( 'NONE', #6762, #3303 ) ;
#1314 = PRESENTATION_STYLE_ASSIGNMENT (( #4450 ) ) ;
#1315 = LINE ( 'NONE', #4332, #7013 ) ;
#1316 = PLANE ( 'NONE',  #1078 ) ;
#1317 = DIRECTION ( 'NONE',  ( 0.0000000000000000000, 0.0000000000000000000, -1.000000000000000000 ) ) ;
#1318 = DIRECTION ( 'NONE',  ( 0.0000000000000000000, 0.0000000000000000000, 1.000000000000000000 ) ) ;
#1319 = EDGE_CURVE ( 'NONE', #7527, #4476, #6100, .T. ) ;
#1320 = VECTOR ( 'NONE', #2537, 1000.000000000000000 ) ;
#1321 = SURFACE_STYLE_USAGE ( .BOTH. , #3820 ) ;
#1322 = CARTESIAN_POINT ( 'NONE',  ( 8.599999999999999645, 15.69999999999999929, 19.75000000000000000 ) ) ;
#1323 = DIRECTION ( 'NONE',  ( -0.9451512019217267468, 0.0000000000000000000, -0.3266331359582419491 ) ) ;
#1324 = EDGE_CURVE ( 'NONE', #3646, #3337, #2605, .T. ) ;
#1325 = DIRECTION ( 'NONE',  ( 0.0000000000000000000, 0.0000000000000000000, -1.000000000000000000 ) ) ;
#1326 = AXIS2_PLACEMENT_3D ( 'NONE', #2526, #1199, #5963 ) ;
#1327 = ORIENTED_EDGE ( 'NONE', *, *, #5909, .T. ) ;
#1328 = DIRECTION ( 'NONE',  ( -1.000000000000000000, 0.0000000000000000000, 0.0000000000000000000 ) ) ;
#1329 = FACE_OUTER_BOUND ( 'NONE', #4160, .T. ) ;
#1330 = STYLED_ITEM ( 'NONE', ( #6484 ), #1278 ) ;
#1331 = AXIS2_PLACEMENT_3D ( 'NONE', #4297, #1285, #3700 ) ;
#1332 = EDGE_CURVE ( 'NONE', #1344, #4103, #2449, .T. ) ;
#1333 = VERTEX_POINT ( 'NONE', #7411 ) ;
#1334 = EDGE_CURVE ( 'NONE', #1615, #4324, #1905, .T. ) ;
#1335 = PRODUCT_DEFINITION_FORMATION_WITH_SPECIFIED_SOURCE ( 'ANY', '', #1784, .NOT_KNOWN. ) ;
#1336 = DIRECTION ( 'NONE',  ( 0.0000000000000000000, -1.000000000000000000, 0.0000000000000000000 ) ) ;
#1337 = DIRECTION ( 'NONE',  ( 0.0000000000000000000, -1.000000000000000000, 0.0000000000000000000 ) ) ;
#1338 = CIRCLE ( 'NONE', #5622, 0.8999999999999998002 ) ;
#1339 = AXIS2_PLACEMENT_3D ( 'NONE', #2852, #7652, #445 ) ;
#1340 = PLANE ( 'NONE',  #3759 ) ;
#1341 = EDGE_LOOP ( 'NONE', ( #3290, #5773, #1451, #4931, #6665 ) ) ;
#1342 = ORIENTED_EDGE ( 'NONE', *, *, #3073, .T. ) ;
#1343 = COLOUR_RGB ( '',1.000000000000000000, 1.000000000000000000, 1.000000000000000000 ) ;
#1344 = VERTEX_POINT ( 'NONE', #5610 ) ;
#1345 = CARTESIAN_POINT ( 'NONE',  ( 4.150000000000000355, 9.000000000000001776, 8.659230484541300399 ) ) ;
#1346 = AXIS2_PLACEMENT_3D ( 'NONE', #217, #2704, #7511 ) ;
#1347 = VERTEX_POINT ( 'NONE', #2523 ) ;
#1348 = PLANE ( 'NONE',  #5329 ) ;
#1349 = AXIS2_PLACEMENT_3D ( 'NONE', #3223, #7386, #2661 ) ;
#1350 = ORIENTED_EDGE ( 'NONE', *, *, #5917, .F. ) ;
#1351 = VECTOR ( 'NONE', #2531, 1000.000000000000000 ) ;
#1352 = CARTESIAN_POINT ( 'NONE',  ( 8.599999999999999645, 17.39999999999999858, 20.64999999999999858 ) ) ;
#1353 = CARTESIAN_POINT ( 'NONE',  ( 5.799999999999999822, 11.19999999999999929, 11.02999999999999936 ) ) ;
#1354 = DIRECTION ( 'NONE',  ( 1.000000000000000000, 0.0000000000000000000, 0.0000000000000000000 ) ) ;
#1355 = VERTEX_POINT ( 'NONE', #718 ) ;
#1356 = PLANE ( 'NONE',  #5191 ) ;
#1357 = VERTEX_POINT ( 'NONE', #1308 ) ;
#1358 = VECTOR ( 'NONE', #2040, 1000.000000000000000 ) ;
#1359 = CARTESIAN_POINT ( 'NONE',  ( 9.800000000000000711, 15.69999999999999929, 5.299999999999998934 ) ) ;
#1360 = LINE ( 'NONE', #4963, #3747 ) ;
#1361 = DIRECTION ( 'NONE',  ( 0.0000000000000000000, -1.000000000000000000, 0.0000000000000000000 ) ) ;
#1362 = DIRECTION ( 'NONE',  ( 0.0000000000000000000, -1.000000000000000000, 0.0000000000000000000 ) ) ;
#1363 = CARTESIAN_POINT ( 'NONE',  ( 6.700000000000001066, 21.69999999999999929, -15.24000000000000021 ) ) ;
#1364 = CARTESIAN_POINT ( 'NONE',  ( 6.299999999999998046, 21.69999999999999929, 7.820000000000000284 ) ) ;
#1365 = DIRECTION ( 'NONE',  ( 0.0000000000000000000, -1.000000000000000000, 0.0000000000000000000 ) ) ;
#1366 = DIRECTION ( 'NONE',  ( 0.0000000000000000000, 0.0000000000000000000, -1.000000000000000000 ) ) ;
#1367 = ORIENTED_EDGE ( 'NONE', *, *, #2682, .F. ) ;
#1368 = DIRECTION ( 'NONE',  ( 0.9701425001453328756, 0.2425356250363290000, 0.0000000000000000000 ) ) ;
#1369 = EDGE_CURVE ( 'NONE', #6304, #4378, #4240, .T. ) ;
#1370 = CARTESIAN_POINT ( 'NONE',  ( 10.50000000000000000, 18.19999999999999929, 1.510000000000000897 ) ) ;
#1371 = ORIENTED_EDGE ( 'NONE', *, *, #3378, .F. ) ;
#1372 = AXIS2_PLACEMENT_3D ( 'NONE', #2732, #4602, #5225 ) ;
#1373 = EDGE_LOOP ( 'NONE', ( #2624, #4231, #4192, #5325 ) ) ;
#1374 = CARTESIAN_POINT ( 'NONE',  ( 4.150000000000000355, 17.39999999999999858, 13.02999999999999758 ) ) ;
#1375 = VERTEX_POINT ( 'NONE', #3685 ) ;
#1376 = EDGE_CURVE ( 'NONE', #5424, #1597, #6713, .T. ) ;
#1377 = ORIENTED_EDGE ( 'NONE', *, *, #7017, .T. ) ;
#1378 = ADVANCED_FACE ( 'NONE', ( #836 ), #3725, .T. ) ;
#1379 = VECTOR ( 'NONE', #4641, 1000.000000000000000 ) ;
#1380 = DIRECTION ( 'NONE',  ( 0.9451512019217267468, 0.0000000000000000000, 0.3266331359582419491 ) ) ;
#1381 = ADVANCED_FACE ( 'NONE', ( #3134 ), #5575, .T. ) ;
#1382 = AXIS2_PLACEMENT_3D ( 'NONE', #2776, #5199, #6961 ) ;
#1383 = DIRECTION ( 'NONE',  ( 0.0000000000000000000, 0.2425356250363290000, 0.9701425001453328756 ) ) ;
#1384 = EDGE_CURVE ( 'NONE', #6276, #6558, #1389, .T. ) ;
#1385 = EDGE_LOOP ( 'NONE', ( #4225, #4213, #3201, #2875 ) ) ;
#1386 = EDGE_CURVE ( 'NONE', #1574, #3121, #2489, .T. ) ;
#1387 = FILL_AREA_STYLE ('',( #3805 ) ) ;
#1388 = VERTEX_POINT ( 'NONE', #4397 ) ;
#1389 = LINE ( 'NONE', #3171, #7612 ) ;
#1390 = DIRECTION ( 'NONE',  ( 0.0000000000000000000, 0.0000000000000000000, -1.000000000000000000 ) ) ;
#1391 = FACE_OUTER_BOUND ( 'NONE', #869, .T. ) ;
#1392 =( NAMED_UNIT ( * ) SI_UNIT ( $, .STERADIAN. ) SOLID_ANGLE_UNIT ( ) );
#1393 = EDGE_LOOP ( 'NONE', ( #1093, #1748, #1647, #5842 ) ) ;
#1394 = VECTOR ( 'NONE', #3511, 1000.000000000000000 ) ;
#1395 =( NAMED_UNIT ( * ) SI_UNIT ( $, .STERADIAN. ) SOLID_ANGLE_UNIT ( ) );
#1396 = EDGE_LOOP ( 'NONE', ( #2228, #4522, #2804, #1080 ) ) ;
#1397 = PRESENTATION_STYLE_ASSIGNMENT (( #7265 ) ) ;
#1398 = CARTESIAN_POINT ( 'NONE',  ( 8.599999999999999645, 15.69999999999999929, 5.409999999999998366 ) ) ;
#1399 = PLANE ( 'NONE',  #4377 ) ;
#1400 = STYLED_ITEM ( 'NONE', ( #3543 ), #5349 ) ;
#1401 = VECTOR ( 'NONE', #3690, 1000.000000000000000 ) ;
#1402 = FACE_OUTER_BOUND ( 'NONE', #6430, .T. ) ;
#1403 = DIRECTION ( 'NONE',  ( 1.000000000000000000, 0.0000000000000000000, 0.0000000000000000000 ) ) ;
#1404 = CARTESIAN_POINT ( 'NONE',  ( 9.119999999999999218, 17.39999999999999858, 8.875000000000001776 ) ) ;
#1405 = CARTESIAN_POINT ( 'NONE',  ( 4.150000000000000355, 15.69999999999999929, 17.44999999999999929 ) ) ;
#1406 = PLANE ( 'NONE',  #2278 ) ;
#1407 = LINE ( 'NONE', #3076, #663 ) ;
#1408 = VECTOR ( 'NONE', #830, 1000.000000000000000 ) ;
#1409 =( NAMED_UNIT ( * ) SI_UNIT ( $, .STERADIAN. ) SOLID_ANGLE_UNIT ( ) );
#1410 =( GEOMETRIC_REPRESENTATION_CONTEXT ( 3 ) GLOBAL_UNCERTAINTY_ASSIGNED_CONTEXT ( ( #7031 ) ) GLOBAL_UNIT_ASSIGNED_CONTEXT ( ( #5934, #7221, #2381 ) ) REPRESENTATION_CONTEXT ( 'NONE', 'WORKASPACE' ) );
#1411 = VERTEX_POINT ( 'NONE', #6795 ) ;
#1412 = VERTEX_POINT ( 'NONE', #6192 ) ;
#1413 = PRESENTATION_LAYER_ASSIGNMENT (  '', '', ( #6063 ) ) ;
#1414 = MECHANICAL_DESIGN_GEOMETRIC_PRESENTATION_REPRESENTATION (  '', ( #2666 ), #2533 ) ;
#1415 = ORIENTED_EDGE ( 'NONE', *, *, #5201, .T. ) ;
#1416 = CARTESIAN_POINT ( 'NONE',  ( 6.099999999999999645, 11.19999999999999929, 7.220000000000000639 ) ) ;
#1417 =( NAMED_UNIT ( * ) PLANE_ANGLE_UNIT ( ) SI_UNIT ( $, .RADIAN. ) );
#1418 = EDGE_LOOP ( 'NONE', ( #6055, #5070, #6351, #1669 ) ) ;
#1419 = ORIENTED_EDGE ( 'NONE', *, *, #2629, .F. ) ;
#1420 = AXIS2_PLACEMENT_3D ( 'NONE', #5630, #5047, #5007 ) ;
#1421 = LINE ( 'NONE', #3833, #371 ) ;
#1422 = COLOUR_RGB ( '',1.000000000000000000, 1.000000000000000000, 1.000000000000000000 ) ;
#1423 = LINE ( 'NONE', #754, #4442 ) ;
#1424 = EDGE_CURVE ( 'NONE', #7519, #6796, #112, .T. ) ;
#1425 = ORIENTED_EDGE ( 'NONE', *, *, #6879, .T. ) ;
#1426 = CARTESIAN_POINT ( 'NONE',  ( 6.099999999999999645, 11.19999999999999929, 15.63999999999999702 ) ) ;
#1427 = EDGE_CURVE ( 'NONE', #7128, #7484, #3208, .T. ) ;
#1428 = EDGE_CURVE ( 'NONE', #1795, #5424, #2020, .T. ) ;
#1429 = VERTEX_POINT ( 'NONE', #3249 ) ;
#1430 = DIRECTION ( 'NONE',  ( 0.0000000000000000000, 1.000000000000000000, 0.0000000000000000000 ) ) ;
#1431 = EDGE_CURVE ( 'NONE', #2366, #991, #3093, .T. ) ;
#1432 = DIRECTION ( 'NONE',  ( 1.000000000000000000, 0.0000000000000000000, 0.0000000000000000000 ) ) ;
#1433 = DIRECTION ( 'NONE',  ( 0.0000000000000000000, -1.000000000000000000, 0.0000000000000000000 ) ) ;
#1434 = ORIENTED_EDGE ( 'NONE', *, *, #7393, .F. ) ;
#1435 = LINE ( 'NONE', #6353, #1976 ) ;
#1436 = ORIENTED_EDGE ( 'NONE', *, *, #2619, .T. ) ;
#1437 = DIRECTION ( 'NONE',  ( 1.546734824340359944E-15, 0.0000000000000000000, -1.000000000000000000 ) ) ;
#1438 = DIRECTION ( 'NONE',  ( 0.0000000000000000000, 0.0000000000000000000, -1.000000000000000000 ) ) ;
#1439 = FILL_AREA_STYLE_COLOUR ( '', #1343 ) ;
#1440 = DIRECTION ( 'NONE',  ( 1.000000000000000000, 0.0000000000000000000, 0.0000000000000000000 ) ) ;
#1441 = DIRECTION ( 'NONE',  ( 1.000000000000000000, 0.0000000000000000000, 0.0000000000000000000 ) ) ;
#1442 = FILL_AREA_STYLE ('',( #2574 ) ) ;
#1443 = SURFACE_STYLE_FILL_AREA ( #854 ) ;
#1444 = LINE ( 'NONE', #3528, #3435 ) ;
#1445 = SURFACE_STYLE_FILL_AREA ( #5006 ) ;
#1446 = DIRECTION ( 'NONE',  ( 0.0000000000000000000, 0.0000000000000000000, 1.000000000000000000 ) ) ;
#1447 = SURFACE_STYLE_USAGE ( .BOTH. , #3194 ) ;
#1448 = ORIENTED_EDGE ( 'NONE', *, *, #6385, .T. ) ;
#1449 = CARTESIAN_POINT ( 'NONE',  ( 8.599999999999999645, 9.000000000000001776, -6.110000000000000320 ) ) ;
#1450 =( LENGTH_UNIT ( ) NAMED_UNIT ( * ) SI_UNIT ( .MILLI., .METRE. ) );
#1451 = ORIENTED_EDGE ( 'NONE', *, *, #7289, .F. ) ;
#1452 = AXIS2_PLACEMENT_3D ( 'NONE', #4886, #1838, #3030 ) ;
#1453 = CARTESIAN_POINT ( 'NONE',  ( 7.549999999999999822, 10.00000000000000178, 1.960000000000003517 ) ) ;
#1454 = DIRECTION ( 'NONE',  ( -1.000000000000000000, 0.0000000000000000000, 0.0000000000000000000 ) ) ;
#1455 = VERTEX_POINT ( 'NONE', #3840 ) ;
#1456 = PRESENTATION_LAYER_ASSIGNMENT (  '', '', ( #4388 ) ) ;
#1457 = DIRECTION ( 'NONE',  ( 0.0000000000000000000, -1.000000000000000000, 0.0000000000000000000 ) ) ;
#1458 = FILL_AREA_STYLE ('',( #5019 ) ) ;
#1459 = LINE ( 'NONE', #7401, #5024 ) ;
#1460 = ORIENTED_EDGE ( 'NONE', *, *, #55, .F. ) ;
#1461 =( GEOMETRIC_REPRESENTATION_CONTEXT ( 3 ) GLOBAL_UNCERTAINTY_ASSIGNED_CONTEXT ( ( #5393 ) ) GLOBAL_UNIT_ASSIGNED_CONTEXT ( ( #7756, #7634, #7018 ) ) REPRESENTATION_CONTEXT ( 'NONE', 'WORKASPACE' ) );
#1462 = ORIENTED_EDGE ( 'NONE', *, *, #1775, .F. ) ;
#1463 = COLOUR_RGB ( '',1.000000000000000000, 1.000000000000000000, 1.000000000000000000 ) ;
#1464 = AXIS2_PLACEMENT_3D ( 'NONE', #7746, #2461, #2423 ) ;
#1465 = VERTEX_POINT ( 'NONE', #6228 ) ;
#1466 = CARTESIAN_POINT ( 'NONE',  ( 6.099999999999999645, 21.69999999999999929, 14.83999999999999986 ) ) ;
#1467 = VECTOR ( 'NONE', #4922, 1000.000000000000000 ) ;
#1468 = VECTOR ( 'NONE', #6448, 1000.000000000000000 ) ;
#1469 = ADVANCED_FACE ( 'NONE', ( #36 ), #2879, .T. ) ;
#1470 = ORIENTED_EDGE ( 'NONE', *, *, #6673, .T. ) ;
#1471 = ORIENTED_EDGE ( 'NONE', *, *, #6092, .F. ) ;
#1472 = PRESENTATION_LAYER_ASSIGNMENT (  '', '', ( #1225 ) ) ;
#1473 = EDGE_CURVE ( 'NONE', #6912, #7128, #1338, .T. ) ;
#1474 = CARTESIAN_POINT ( 'NONE',  ( 4.150000000000000355, 17.39999999999999858, 6.020000000000001350 ) ) ;
#1475 = PLANE ( 'NONE',  #957 ) ;
#1476 = EDGE_LOOP ( 'NONE', ( #1129, #2312, #1371, #78 ) ) ;
#1477 = CARTESIAN_POINT ( 'NONE',  ( 10.69999999999999929, 12.40000000000000213, -9.919999999999999929 ) ) ;
#1478 = ORIENTED_EDGE ( 'NONE', *, *, #7585, .T. ) ;
#1479 = ADVANCED_FACE ( 'NONE', ( #4031 ), #7092, .T. ) ;
#1480 = LINE ( 'NONE', #5543, #4643 ) ;
#1481 = EDGE_CURVE ( 'NONE', #2393, #1816, #4115, .T. ) ;
#1482 =( GEOMETRIC_REPRESENTATION_CONTEXT ( 3 ) GLOBAL_UNCERTAINTY_ASSIGNED_CONTEXT ( ( #1924 ) ) GLOBAL_UNIT_ASSIGNED_CONTEXT ( ( #597, #6137, #823 ) ) REPRESENTATION_CONTEXT ( 'NONE', 'WORKASPACE' ) );
#1483 =( GEOMETRIC_REPRESENTATION_CONTEXT ( 3 ) GLOBAL_UNCERTAINTY_ASSIGNED_CONTEXT ( ( #1749 ) ) GLOBAL_UNIT_ASSIGNED_CONTEXT ( ( #1218, #1184, #6734 ) ) REPRESENTATION_CONTEXT ( 'NONE', 'WORKASPACE' ) );
#1484 = CARTESIAN_POINT ( 'NONE',  ( 6.099999999999999645, 11.19999999999999929, 19.44999999999999929 ) ) ;
#1485 = ADVANCED_FACE ( 'NONE', ( #1735 ), #6470, .T. ) ;
#1486 =( LENGTH_UNIT ( ) NAMED_UNIT ( * ) SI_UNIT ( .MILLI., .METRE. ) );
#1487 =( NAMED_UNIT ( * ) PLANE_ANGLE_UNIT ( ) SI_UNIT ( $, .RADIAN. ) );
#1488 = VECTOR ( 'NONE', #2267, 1000.000000000000000 ) ;
#1489 = AXIS2_PLACEMENT_3D ( 'NONE', #693, #1295, #4459 ) ;
#1490 = CARTESIAN_POINT ( 'NONE',  ( 4.150000000000000355, 17.39999999999999858, 5.409999999999998366 ) ) ;
#1491 =( NAMED_UNIT ( * ) PLANE_ANGLE_UNIT ( ) SI_UNIT ( $, .RADIAN. ) );
#1492 = CARTESIAN_POINT ( 'NONE',  ( 6.500000000000000888, 15.69999999999999929, 19.95000000000000284 ) ) ;
#1493 = ADVANCED_FACE ( 'NONE', ( #2322 ), #4077, .T. ) ;
#1494 = ORIENTED_EDGE ( 'NONE', *, *, #2285, .F. ) ;
#1495 = SURFACE_STYLE_FILL_AREA ( #5597 ) ;
#1496 = MECHANICAL_DESIGN_GEOMETRIC_PRESENTATION_REPRESENTATION (  '', ( #7269 ), #6532 ) ;
#1497 = ORIENTED_EDGE ( 'NONE', *, *, #1532, .T. ) ;
#1498 = CARTESIAN_POINT ( 'NONE',  ( 6.900000000000000355, 16.30000000000000071, 3.409999999999999698 ) ) ;
#1499 = CARTESIAN_POINT ( 'NONE',  ( 5.799999999999999822, 16.30000000000000071, 11.82999999999999829 ) ) ;
#1500 = ORIENTED_EDGE ( 'NONE', *, *, #5254, .T. ) ;
#1501 =( NAMED_UNIT ( * ) PLANE_ANGLE_UNIT ( ) SI_UNIT ( $, .RADIAN. ) );
#1502 = DIRECTION ( 'NONE',  ( 0.0000000000000000000, -1.000000000000000000, 0.0000000000000000000 ) ) ;
#1503 = CARTESIAN_POINT ( 'NONE',  ( 6.099999999999999645, 10.40000000000000213, 19.44999999999999929 ) ) ;
#1504 = EDGE_LOOP ( 'NONE', ( #3689, #558, #3161, #3522 ) ) ;
#1505 = EDGE_LOOP ( 'NONE', ( #4316, #6871, #4894, #7277 ) ) ;
#1506 =( LENGTH_UNIT ( ) NAMED_UNIT ( * ) SI_UNIT ( .MILLI., .METRE. ) );
#1507 =( LENGTH_UNIT ( ) NAMED_UNIT ( * ) SI_UNIT ( .MILLI., .METRE. ) );
#1508 = COLOUR_RGB ( '',1.000000000000000000, 1.000000000000000000, 1.000000000000000000 ) ;
#1509 = ORIENTED_EDGE ( 'NONE', *, *, #7486, .T. ) ;
#1510 = VECTOR ( 'NONE', #3935, 1000.000000000000000 ) ;
#1511 = ORIENTED_EDGE ( 'NONE', *, *, #4199, .T. ) ;
#1512 = ORIENTED_EDGE ( 'NONE', *, *, #644, .T. ) ;
#1513 = ORIENTED_EDGE ( 'NONE', *, *, #5587, .T. ) ;
#1514 = CARTESIAN_POINT ( 'NONE',  ( 8.599999999999999645, 17.39999999999999858, 5.409999999999998366 ) ) ;
#1515 = EDGE_LOOP ( 'NONE', ( #5373, #7429, #3835, #3955 ) ) ;
#1516 = UNCERTAINTY_MEASURE_WITH_UNIT (LENGTH_MEASURE( 1.000000000000000082E-05 ), #6885, 'distance_accuracy_value', 'NONE');
#1517 = PLANE ( 'NONE',  #2409 ) ;
#1518 = DIRECTION ( 'NONE',  ( 0.0000000000000000000, 0.0000000000000000000, 1.000000000000000000 ) ) ;
#1519 = FACE_OUTER_BOUND ( 'NONE', #6391, .T. ) ;
#1520 = EDGE_CURVE ( 'NONE', #3785, #7361, #5878, .T. ) ;
#1521 = LINE ( 'NONE', #970, #5624 ) ;
#1522 = CARTESIAN_POINT ( 'NONE',  ( 6.099999999999999645, 20.89999999999999147, 11.02999999999999936 ) ) ;
#1523 = CARTESIAN_POINT ( 'NONE',  ( 6.299999999999999822, 10.40000000000000213, 11.82999999999999829 ) ) ;
#1524 = EDGE_CURVE ( 'NONE', #3170, #7753, #2796, .T. ) ;
#1525 = DIRECTION ( 'NONE',  ( 1.000000000000000000, 0.0000000000000000000, 0.0000000000000000000 ) ) ;
#1526 = VERTEX_POINT ( 'NONE', #5945 ) ;
#1527 =( LENGTH_UNIT ( ) NAMED_UNIT ( * ) SI_UNIT ( .MILLI., .METRE. ) );
#1528 = AXIS2_PLACEMENT_3D ( 'NONE', #2519, #150, #633 ) ;
#1529 = EDGE_CURVE ( 'NONE', #6301, #1933, #6382, .T. ) ;
#1530 = FILL_AREA_STYLE_COLOUR ( '', #3613 ) ;
#1531 = ORIENTED_EDGE ( 'NONE', *, *, #1529, .F. ) ;
#1532 = EDGE_CURVE ( 'NONE', #3170, #3861, #6661, .T. ) ;
#1533 = DIRECTION ( 'NONE',  ( -0.2425356250363329691, 0.9701425001453318764, 0.0000000000000000000 ) ) ;
#1534 =( LENGTH_UNIT ( ) NAMED_UNIT ( * ) SI_UNIT ( .MILLI., .METRE. ) );
#1535 = VERTEX_POINT ( 'NONE', #3000 ) ;
#1536 = EDGE_CURVE ( 'NONE', #946, #5079, #3633, .T. ) ;
#1537 = VECTOR ( 'NONE', #5472, 1000.000000000000114 ) ;
#1538 = SURFACE_STYLE_FILL_AREA ( #1570 ) ;
#1539 = VECTOR ( 'NONE', #6492, 1000.000000000000114 ) ;
#1540 = DIRECTION ( 'NONE',  ( -1.000000000000000000, -0.0000000000000000000, -0.0000000000000000000 ) ) ;
#1541 = CARTESIAN_POINT ( 'NONE',  ( 6.855555555555549851, 11.02222222222220083, 11.07444444444449871 ) ) ;
#1542 = ORIENTED_EDGE ( 'NONE', *, *, #3475, .T. ) ;
#1543 = ORIENTED_EDGE ( 'NONE', *, *, #1481, .T. ) ;
#1544 = LINE ( 'NONE', #5144, #7534 ) ;
#1545 = CARTESIAN_POINT ( 'NONE',  ( 4.219230769230770228, 9.000000000000001776, 8.419408065031799282 ) ) ;
#1546 = ORIENTED_EDGE ( 'NONE', *, *, #1915, .F. ) ;
#1547 = VECTOR ( 'NONE', #692, 1000.000000000000000 ) ;
#1548 = ORIENTED_EDGE ( 'NONE', *, *, #2285, .T. ) ;
#1549 = ORIENTED_EDGE ( 'NONE', *, *, #5953, .F. ) ;
#1550 = PLANE ( 'NONE',  #211 ) ;
#1551 = ORIENTED_EDGE ( 'NONE', *, *, #5345, .F. ) ;
#1552 = MECHANICAL_DESIGN_GEOMETRIC_PRESENTATION_REPRESENTATION (  '', ( #4335 ), #5589 ) ;
#1553 = FILL_AREA_STYLE_COLOUR ( '', #5073 ) ;
#1554 = FACE_OUTER_BOUND ( 'NONE', #6979, .T. ) ;
#1555 = FILL_AREA_STYLE ('',( #6958 ) ) ;
#1556 = DIRECTION ( 'NONE',  ( -1.000000000000000000, 0.0000000000000000000, 0.0000000000000000000 ) ) ;
#1557 = SURFACE_STYLE_USAGE ( .BOTH. , #3497 ) ;
#1558 = DIRECTION ( 'NONE',  ( 0.0000000000000000000, 0.0000000000000000000, 1.000000000000000000 ) ) ;
#1559 = ORIENTED_EDGE ( 'NONE', *, *, #3600, .F. ) ;
#1560 = LINE ( 'NONE', #6207, #7428 ) ;
#1561 = SURFACE_STYLE_USAGE ( .BOTH. , #2151 ) ;
#1562 = DIRECTION ( 'NONE',  ( 0.0000000000000000000, 0.0000000000000000000, -1.000000000000000000 ) ) ;
#1563 = VERTEX_POINT ( 'NONE', #6017 ) ;
#1564 =( NAMED_UNIT ( * ) SI_UNIT ( $, .STERADIAN. ) SOLID_ANGLE_UNIT ( ) );
#1565 = DIRECTION ( 'NONE',  ( 0.9701425001453318764, 0.2425356250363329691, 0.0000000000000000000 ) ) ;
#1566 = EDGE_CURVE ( 'NONE', #3889, #1182, #2432, .T. ) ;
#1567 = ORIENTED_EDGE ( 'NONE', *, *, #3113, .F. ) ;
#1568 =( NAMED_UNIT ( * ) SI_UNIT ( $, .STERADIAN. ) SOLID_ANGLE_UNIT ( ) );
#1569 = CARTESIAN_POINT ( 'NONE',  ( 6.900000000000000355, 11.19999999999999929, 4.209999999999998188 ) ) ;
#1570 = FILL_AREA_STYLE ('',( #6975 ) ) ;
#1571 = LINE ( 'NONE', #6421, #2941 ) ;
#1572 = DIRECTION ( 'NONE',  ( 0.0000000000000000000, 0.0000000000000000000, -1.000000000000000000 ) ) ;
#1573 = ORIENTED_EDGE ( 'NONE', *, *, #6040, .F. ) ;
#1574 = VERTEX_POINT ( 'NONE', #4264 ) ;
#1575 = ADVANCED_FACE ( 'NONE', ( #94 ), #4227, .T. ) ;
#1576 = CARTESIAN_POINT ( 'NONE',  ( 4.150000000000000355, 9.000000000000001776, 1.510000000000000009 ) ) ;
#1577 = EDGE_CURVE ( 'NONE', #3591, #3051, #1254, .T. ) ;
#1578 = DIRECTION ( 'NONE',  ( 0.0000000000000000000, 0.0000000000000000000, 1.000000000000000000 ) ) ;
#1579 =( GEOMETRIC_REPRESENTATION_CONTEXT ( 3 ) GLOBAL_UNCERTAINTY_ASSIGNED_CONTEXT ( ( #568 ) ) GLOBAL_UNIT_ASSIGNED_CONTEXT ( ( #928, #6992, #5778 ) ) REPRESENTATION_CONTEXT ( 'NONE', 'WORKASPACE' ) );
#1580 = ORIENTED_EDGE ( 'NONE', *, *, #2054, .F. ) ;
#1581 = LINE ( 'NONE', #956, #771 ) ;
#1582 = VECTOR ( 'NONE', #6643, 1000.000000000000000 ) ;
#1583 = VECTOR ( 'NONE', #7333, 1000.000000000000000 ) ;
#1584 = COLOUR_RGB ( '',1.000000000000000000, 1.000000000000000000, 1.000000000000000000 ) ;
#1585 = ORIENTED_EDGE ( 'NONE', *, *, #5486, .F. ) ;
#1586 = ORIENTED_EDGE ( 'NONE', *, *, #2827, .F. ) ;
#1587 = CARTESIAN_POINT ( 'NONE',  ( 6.899999999999999467, 20.89999999999999147, 11.02999999999999936 ) ) ;
#1588 = COLOUR_RGB ( '',1.000000000000000000, 1.000000000000000000, 1.000000000000000000 ) ;
#1589 = ORIENTED_EDGE ( 'NONE', *, *, #1332, .F. ) ;
#1590 = UNCERTAINTY_MEASURE_WITH_UNIT (LENGTH_MEASURE( 1.000000000000000082E-05 ), #2769, 'distance_accuracy_value', 'NONE');
#1591 =( NAMED_UNIT ( * ) SI_UNIT ( $, .STERADIAN. ) SOLID_ANGLE_UNIT ( ) );
#1592 = CARTESIAN_POINT ( 'NONE',  ( 9.119999999999999218, 15.69999999999999929, 20.30499999999999972 ) ) ;
#1593 = VECTOR ( 'NONE', #85, 1000.000000000000000 ) ;
#1594 = LINE ( 'NONE', #2696, #2974 ) ;
#1595 = CARTESIAN_POINT ( 'NONE',  ( 9.800000000000000711, 9.000000000000001776, 13.74999999999999822 ) ) ;
#1596 = PLANE ( 'NONE',  #2077 ) ;
#1597 = VERTEX_POINT ( 'NONE', #135 ) ;
#1598 =( LENGTH_UNIT ( ) NAMED_UNIT ( * ) SI_UNIT ( .MILLI., .METRE. ) );
#1599 = DIRECTION ( 'NONE',  ( 1.000000000000000000, 0.0000000000000000000, -0.0000000000000000000 ) ) ;
#1600 = AXIS2_PLACEMENT_3D ( 'NONE', #4128, #2296, #2216 ) ;
#1601 = CARTESIAN_POINT ( 'NONE',  ( 8.599999999999999645, 17.39999999999999858, 17.44999999999999929 ) ) ;
#1602 = STYLED_ITEM ( 'NONE', ( #7318 ), #2150 ) ;
#1603 = ORIENTED_EDGE ( 'NONE', *, *, #7291, .F. ) ;
#1604 = DIRECTION ( 'NONE',  ( 0.0000000000000000000, 0.0000000000000000000, -1.000000000000000000 ) ) ;
#1605 = DIRECTION ( 'NONE',  ( 1.000000000000000000, 0.0000000000000000000, 1.546734824340359944E-15 ) ) ;
#1606 = ORIENTED_EDGE ( 'NONE', *, *, #3554, .T. ) ;
#1607 =( GEOMETRIC_REPRESENTATION_CONTEXT ( 3 ) GLOBAL_UNCERTAINTY_ASSIGNED_CONTEXT ( ( #3039 ) ) GLOBAL_UNIT_ASSIGNED_CONTEXT ( ( #3925, #7455, #7570 ) ) REPRESENTATION_CONTEXT ( 'NONE', 'WORKASPACE' ) );
#1608 = CARTESIAN_POINT ( 'NONE',  ( 6.099999999999999645, 18.19999999999999929, 15.63999999999999702 ) ) ;
#1609 = CARTESIAN_POINT ( 'NONE',  ( 7.549999999999999822, 9.000000000000001776, 20.89999999999999858 ) ) ;
#1610 = VECTOR ( 'NONE', #6530, 1000.000000000000000 ) ;
#1611 = CARTESIAN_POINT ( 'NONE',  ( 7.099999999999999645, 15.69999999999999929, 17.44999999999999929 ) ) ;
#1612 = DIRECTION ( 'NONE',  ( 0.0000000000000000000, -1.000000000000000000, 0.0000000000000000000 ) ) ;
#1613 = UNCERTAINTY_MEASURE_WITH_UNIT (LENGTH_MEASURE( 1.000000000000000082E-05 ), #4832, 'distance_accuracy_value', 'NONE');
#1614 = DIRECTION ( 'NONE',  ( 1.000000000000000000, 0.0000000000000000000, 0.0000000000000000000 ) ) ;
#1615 = VERTEX_POINT ( 'NONE', #3667 ) ;
#1616 = ORIENTED_EDGE ( 'NONE', *, *, #6537, .F. ) ;
#1617 = PRESENTATION_STYLE_ASSIGNMENT (( #5499 ) ) ;
#1618 = LINE ( 'NONE', #6152, #6029 ) ;
#1619 = ADVANCED_FACE ( 'NONE', ( #3080 ), #4893, .F. ) ;
#1620 = DIRECTION ( 'NONE',  ( 1.000000000000000000, 0.0000000000000000000, 0.0000000000000000000 ) ) ;
#1621 = ADVANCED_FACE ( 'NONE', ( #1329 ), #698, .T. ) ;
#1622 = VERTEX_POINT ( 'NONE', #2001 ) ;
#1623 = CARTESIAN_POINT ( 'NONE',  ( 7.549999999999999822, 11.50000000000000000, 21.35000000000000142 ) ) ;
#1624 = ADVANCED_FACE ( 'NONE', ( #4419 ), #5598, .F. ) ;
#1625 = VERTEX_POINT ( 'NONE', #2626 ) ;
#1626 = ORIENTED_EDGE ( 'NONE', *, *, #419, .T. ) ;
#1627 = EDGE_CURVE ( 'NONE', #7169, #66, #6211, .T. ) ;
#1628 = COLOUR_RGB ( '',1.000000000000000000, 1.000000000000000000, 1.000000000000000000 ) ;
#1629 = LINE ( 'NONE', #2255, #4814 ) ;
#1630 = EDGE_CURVE ( 'NONE', #5984, #4396, #2747, .T. ) ;
#1631 = SURFACE_STYLE_FILL_AREA ( #7029 ) ;
#1632 = EDGE_LOOP ( 'NONE', ( #6314, #3177 ) ) ;
#1633 = DIRECTION ( 'NONE',  ( 0.0000000000000000000, 1.000000000000000000, 0.0000000000000000000 ) ) ;
#1634 = CARTESIAN_POINT ( 'NONE',  ( 5.799999999999999822, 16.30000000000000071, 11.02999999999999936 ) ) ;
#1635 = PRODUCT_DEFINITION ( 'UNKNOWN', '', #1335, #7126 ) ;
#1636 = CARTESIAN_POINT ( 'NONE',  ( 6.500000000000000888, 14.69999999999999929, 11.43000000000000149 ) ) ;
#1637 = DIRECTION ( 'NONE',  ( -1.000000000000000000, 0.0000000000000000000, 0.0000000000000000000 ) ) ;
#1638 = EDGE_LOOP ( 'NONE', ( #2126, #6829, #1551, #1585 ) ) ;
#1639 = FILL_AREA_STYLE_COLOUR ( '', #1265 ) ;
#1640 = VECTOR ( 'NONE', #7204, 1000.000000000000000 ) ;
#1641 = CARTESIAN_POINT ( 'NONE',  ( 6.299999999999999822, 10.40000000000000213, 11.62999999999999901 ) ) ;
#1642 = DIRECTION ( 'NONE',  ( 1.000000000000000000, 0.0000000000000000000, 0.0000000000000000000 ) ) ;
#1643 = ORIENTED_EDGE ( 'NONE', *, *, #5241, .T. ) ;
#1644 = CARTESIAN_POINT ( 'NONE',  ( 6.099999999999999645, 21.69999999999999929, 7.220000000000000639 ) ) ;
#1645 = CARTESIAN_POINT ( 'NONE',  ( 4.150000000000000355, 15.69999999999999929, 9.219999999999998863 ) ) ;
#1646 =( GEOMETRIC_REPRESENTATION_CONTEXT ( 3 ) GLOBAL_UNCERTAINTY_ASSIGNED_CONTEXT ( ( #5924 ) ) GLOBAL_UNIT_ASSIGNED_CONTEXT ( ( #7590, #1688, #4658 ) ) REPRESENTATION_CONTEXT ( 'NONE', 'WORKASPACE' ) );
#1647 = ORIENTED_EDGE ( 'NONE', *, *, #5152, .F. ) ;
#1648 = LINE ( 'NONE', #1063, #6947 ) ;
#1649 = SURFACE_STYLE_USAGE ( .BOTH. , #1214 ) ;
#1650 = DIRECTION ( 'NONE',  ( -1.000000000000000000, 0.0000000000000000000, 0.0000000000000000000 ) ) ;
#1651 =( GEOMETRIC_REPRESENTATION_CONTEXT ( 3 ) GLOBAL_UNCERTAINTY_ASSIGNED_CONTEXT ( ( #6503 ) ) GLOBAL_UNIT_ASSIGNED_CONTEXT ( ( #1534, #349, #2673 ) ) REPRESENTATION_CONTEXT ( 'NONE', 'WORKASPACE' ) );
#1652 = LINE ( 'NONE', #429, #6771 ) ;
#1653 = ORIENTED_EDGE ( 'NONE', *, *, #3449, .T. ) ;
#1654 = ORIENTED_EDGE ( 'NONE', *, *, #3351, .T. ) ;
#1655 = VECTOR ( 'NONE', #3434, 1000.000000000000000 ) ;
#1656 = FACE_OUTER_BOUND ( 'NONE', #7162, .T. ) ;
#1657 = LINE ( 'NONE', #3960, #2532 ) ;
#1658 = ORIENTED_EDGE ( 'NONE', *, *, #2870, .F. ) ;
#1659 = PRESENTATION_LAYER_ASSIGNMENT (  '', '', ( #10 ) ) ;
#1660 = LINE ( 'NONE', #1623, #2933 ) ;
#1661 = VECTOR ( 'NONE', #4010, 1000.000000000000000 ) ;
#1662 = ORIENTED_EDGE ( 'NONE', *, *, #2516, .F. ) ;
#1663 = EDGE_CURVE ( 'NONE', #913, #3229, #3904, .T. ) ;
#1664 = AXIS2_PLACEMENT_3D ( 'NONE', #5839, #2129, #5183 ) ;
#1665 = VECTOR ( 'NONE', #7330, 1000.000000000000000 ) ;
#1666 = LINE ( 'NONE', #3856, #3679 ) ;
#1667 = ADVANCED_FACE ( 'NONE', ( #2043 ), #2119, .T. ) ;
#1668 = PRESENTATION_STYLE_ASSIGNMENT (( #7070 ) ) ;
#1669 = ORIENTED_EDGE ( 'NONE', *, *, #7357, .F. ) ;
#1670 = UNCERTAINTY_MEASURE_WITH_UNIT (LENGTH_MEASURE( 1.000000000000000082E-05 ), #2383, 'distance_accuracy_value', 'NONE');
#1671 = DIRECTION ( 'NONE',  ( 0.0000000000000000000, -1.000000000000000000, 0.0000000000000000000 ) ) ;
#1672 = VECTOR ( 'NONE', #3437, 1000.000000000000000 ) ;
#1673 = EDGE_CURVE ( 'NONE', #6156, #4465, #5635, .T. ) ;
#1674 = PRESENTATION_STYLE_ASSIGNMENT (( #1164 ) ) ;
#1675 = FACE_OUTER_BOUND ( 'NONE', #5614, .T. ) ;
#1676 = DIRECTION ( 'NONE',  ( 0.0000000000000000000, 0.0000000000000000000, -1.000000000000000000 ) ) ;
#1677 = LINE ( 'NONE', #5893, #753 ) ;
#1678 = ORIENTED_EDGE ( 'NONE', *, *, #1815, .F. ) ;
#1679 = VECTOR ( 'NONE', #3346, 1000.000000000000000 ) ;
#1680 = CARTESIAN_POINT ( 'NONE',  ( 5.799999999999999822, 11.19999999999999929, 14.83999999999999986 ) ) ;
#1681 = PLANE ( 'NONE',  #5771 ) ;
#1682 = FACE_OUTER_BOUND ( 'NONE', #1897, .T. ) ;
#1683 = ORIENTED_EDGE ( 'NONE', *, *, #7579, .T. ) ;
#1684 = DIRECTION ( 'NONE',  ( 0.0000000000000000000, -1.000000000000000000, 0.0000000000000000000 ) ) ;
#1685 = CYLINDRICAL_SURFACE ( 'NONE', #4253, 0.4500000000000007327 ) ;
#1686 = FILL_AREA_STYLE_COLOUR ( '', #186 ) ;
#1687 = CARTESIAN_POINT ( 'NONE',  ( 5.799999999999999822, 11.19999999999999929, 7.220000000000000639 ) ) ;
#1688 =( NAMED_UNIT ( * ) PLANE_ANGLE_UNIT ( ) SI_UNIT ( $, .RADIAN. ) );
#1689 = UNCERTAINTY_MEASURE_WITH_UNIT (LENGTH_MEASURE( 1.000000000000000082E-05 ), #3784, 'distance_accuracy_value', 'NONE');
#1690 = CARTESIAN_POINT ( 'NONE',  ( 6.500000000000000888, 15.69999999999999929, 2.910000000000000586 ) ) ;
#1691 = ORIENTED_EDGE ( 'NONE', *, *, #7446, .F. ) ;
#1692 = ORIENTED_EDGE ( 'NONE', *, *, #7022, .F. ) ;
#1693 = SURFACE_STYLE_USAGE ( .BOTH. , #3442 ) ;
#1694 = CARTESIAN_POINT ( 'NONE',  ( 4.150000000000000355, 17.39999999999999858, 13.63999999999999879 ) ) ;
#1695 = DIRECTION ( 'NONE',  ( 0.0000000000000000000, -0.0000000000000000000, -1.000000000000000000 ) ) ;
#1696 = ORIENTED_EDGE ( 'NONE', *, *, #7635, .F. ) ;
#1697 = CARTESIAN_POINT ( 'NONE',  ( 6.500000000000000888, 14.69999999999999929, 3.810000000000000941 ) ) ;
#1698 = AXIS2_PLACEMENT_3D ( 'NONE', #7108, #3974, #6406 ) ;
#1699 = ADVANCED_FACE ( 'NONE', ( #7117 ), #5234, .T. ) ;
#1700 = ORIENTED_EDGE ( 'NONE', *, *, #5430, .T. ) ;
#1701 = AXIS2_PLACEMENT_3D ( 'NONE', #2021, #3841, #5652 ) ;
#1702 = FILL_AREA_STYLE_COLOUR ( '', #56 ) ;
#1703 = LINE ( 'NONE', #3452, #6058 ) ;
#1704 = CARTESIAN_POINT ( 'NONE',  ( 6.900000000000000355, 11.19999999999999929, 14.83999999999999986 ) ) ;
#1705 = ORIENTED_EDGE ( 'NONE', *, *, #2887, .F. ) ;
#1706 = FILL_AREA_STYLE ('',( #5267 ) ) ;
#1707 = EDGE_CURVE ( 'NONE', #2219, #5718, #4612, .T. ) ;
#1708 = DIRECTION ( 'NONE',  ( -1.000000000000000000, 0.0000000000000000000, 0.0000000000000000000 ) ) ;
#1709 = AXIS2_PLACEMENT_3D ( 'NONE', #3305, #3897, #5002 ) ;
#1710 = EDGE_CURVE ( 'NONE', #5031, #7753, #4147, .T. ) ;
#1711 = CARTESIAN_POINT ( 'NONE',  ( 4.150000000000000355, 9.000000000000001776, 10.39076951545870209 ) ) ;
#1712 = FILL_AREA_STYLE ('',( #2896 ) ) ;
#1713 = LINE ( 'NONE', #4136, #2450 ) ;
#1714 = SURFACE_STYLE_USAGE ( .BOTH. , #6361 ) ;
#1715 = ORIENTED_EDGE ( 'NONE', *, *, #7780, .T. ) ;
#1716 = VECTOR ( 'NONE', #4877, 1000.000000000000000 ) ;
#1717 = ADVANCED_FACE ( 'NONE', ( #6458 ), #7042, .T. ) ;
#1718 = EDGE_CURVE ( 'NONE', #143, #1011, #7085, .T. ) ;
#1719 = ORIENTED_EDGE ( 'NONE', *, *, #25, .F. ) ;
#1720 = SURFACE_STYLE_USAGE ( .BOTH. , #5429 ) ;
#1721 = DIRECTION ( 'NONE',  ( 1.546734824340359944E-15, 0.0000000000000000000, -1.000000000000000000 ) ) ;
#1722 = VECTOR ( 'NONE', #4218, 1000.000000000000000 ) ;
#1723 = EDGE_CURVE ( 'NONE', #4015, #3170, #4653, .T. ) ;
#1724 = CARTESIAN_POINT ( 'NONE',  ( 2.950000000000000178, 15.69999999999999929, 15.24000000000000021 ) ) ;
#1725 = LINE ( 'NONE', #7789, #4748 ) ;
#1726 = DIRECTION ( 'NONE',  ( 0.0000000000000000000, -1.000000000000000000, 0.0000000000000000000 ) ) ;
#1727 = FILL_AREA_STYLE_COLOUR ( '', #3930 ) ;
#1728 = DIRECTION ( 'NONE',  ( 0.0000000000000000000, -1.000000000000000000, 0.0000000000000000000 ) ) ;
#1729 = EDGE_CURVE ( 'NONE', #376, #2964, #3394, .T. ) ;
#1730 = PRESENTATION_STYLE_ASSIGNMENT (( #3545 ) ) ;
#1731 = VECTOR ( 'NONE', #5444, 1000.000000000000000 ) ;
#1732 = DIRECTION ( 'NONE',  ( 0.0000000000000000000, -1.000000000000000000, 0.0000000000000000000 ) ) ;
#1733 = VERTEX_POINT ( 'NONE', #5863 ) ;
#1734 = EDGE_LOOP ( 'NONE', ( #4060, #2091, #702, #3344 ) ) ;
#1735 = FACE_OUTER_BOUND ( 'NONE', #1125, .T. ) ;
#1736 = MECHANICAL_DESIGN_GEOMETRIC_PRESENTATION_REPRESENTATION (  '', ( #3123 ), #1980 ) ;
#1737 =( GEOMETRIC_REPRESENTATION_CONTEXT ( 3 ) GLOBAL_UNCERTAINTY_ASSIGNED_CONTEXT ( ( #482 ) ) GLOBAL_UNIT_ASSIGNED_CONTEXT ( ( #5507, #6079, #1760 ) ) REPRESENTATION_CONTEXT ( 'NONE', 'WORKASPACE' ) );
#1738 = ORIENTED_EDGE ( 'NONE', *, *, #2431, .T. ) ;
#1739 = SURFACE_SIDE_STYLE ('',( #7238 ) ) ;
#1740 = VECTOR ( 'NONE', #2454, 1000.000000000000000 ) ;
#1741 =( GEOMETRIC_REPRESENTATION_CONTEXT ( 3 ) GLOBAL_UNCERTAINTY_ASSIGNED_CONTEXT ( ( #6731 ) ) GLOBAL_UNIT_ASSIGNED_CONTEXT ( ( #7394, #3707, #5518 ) ) REPRESENTATION_CONTEXT ( 'NONE', 'WORKASPACE' ) );
#1742 = ORIENTED_EDGE ( 'NONE', *, *, #6190, .T. ) ;
#1743 = DIRECTION ( 'NONE',  ( 0.0000000000000000000, 0.0000000000000000000, -1.000000000000000000 ) ) ;
#1744 = ORIENTED_EDGE ( 'NONE', *, *, #6641, .T. ) ;
#1745 = LINE ( 'NONE', #5920, #7607 ) ;
#1746 = CARTESIAN_POINT ( 'NONE',  ( 6.099999999999999645, 21.69999999999999929, 14.83999999999999986 ) ) ;
#1747 = LINE ( 'NONE', #4754, #837 ) ;
#1748 = ORIENTED_EDGE ( 'NONE', *, *, #6972, .F. ) ;
#1749 = UNCERTAINTY_MEASURE_WITH_UNIT (LENGTH_MEASURE( 1.000000000000000082E-05 ), #1218, 'distance_accuracy_value', 'NONE');
#1750 = DIRECTION ( 'NONE',  ( 0.0000000000000000000, 0.0000000000000000000, 1.000000000000000000 ) ) ;
#1751 = FACE_OUTER_BOUND ( 'NONE', #3873, .T. ) ;
#1752 = CARTESIAN_POINT ( 'NONE',  ( 7.549999999999999822, 10.10000000000000142, 2.010000000000001563 ) ) ;
#1753 = LINE ( 'NONE', #76, #7487 ) ;
#1754 = FACE_OUTER_BOUND ( 'NONE', #826, .T. ) ;
#1755 = ORIENTED_EDGE ( 'NONE', *, *, #7481, .T. ) ;
#1756 = DIRECTION ( 'NONE',  ( -0.9701425001453328756, 0.2425356250363290000, 0.0000000000000000000 ) ) ;
#1757 = CARTESIAN_POINT ( 'NONE',  ( 6.349999999999999645, 9.000000000000001776, 20.64999999999999858 ) ) ;
#1758 = DIRECTION ( 'NONE',  ( 0.2357022603955121753, 0.9428090415820651327, -0.2357022603955121753 ) ) ;
#1759 = VECTOR ( 'NONE', #6956, 1000.000000000000000 ) ;
#1760 =( NAMED_UNIT ( * ) SI_UNIT ( $, .STERADIAN. ) SOLID_ANGLE_UNIT ( ) );
#1761 = CARTESIAN_POINT ( 'NONE',  ( 9.119999999999999218, 15.69999999999999929, 5.065000000000000391 ) ) ;
#1762 = DIRECTION ( 'NONE',  ( 0.0000000000000000000, -1.000000000000000000, 0.0000000000000000000 ) ) ;
#1763 = VECTOR ( 'NONE', #679, 1000.000000000000000 ) ;
#1764 = CARTESIAN_POINT ( 'NONE',  ( 9.119999999999999218, 15.69999999999999929, 10.17500000000000249 ) ) ;
#1765 = CARTESIAN_POINT ( 'NONE',  ( 9.119999999999999218, 9.000000000000001776, 2.555000000000001492 ) ) ;
#1766 = ADVANCED_FACE ( 'NONE', ( #6531 ), #1685, .F. ) ;
#1767 = SURFACE_STYLE_USAGE ( .BOTH. , #5361 ) ;
#1768 = LINE ( 'NONE', #7230, #147 ) ;
#1769 = ADVANCED_FACE ( 'NONE', ( #980 ), #4580, .F. ) ;
#1770 = DIRECTION ( 'NONE',  ( -1.000000000000000000, 0.0000000000000000000, 0.0000000000000000000 ) ) ;
#1771 = VERTEX_POINT ( 'NONE', #5899 ) ;
#1772 = ORIENTED_EDGE ( 'NONE', *, *, #797, .T. ) ;
#1773 = VECTOR ( 'NONE', #1891, 1000.000000000000000 ) ;
#1774 =( NAMED_UNIT ( * ) SI_UNIT ( $, .STERADIAN. ) SOLID_ANGLE_UNIT ( ) );
#1775 = EDGE_CURVE ( 'NONE', #1116, #3680, #495, .T. ) ;
#1776 = VERTEX_POINT ( 'NONE', #2905 ) ;
#1777 = AXIS2_PLACEMENT_3D ( 'NONE', #7273, #7349, #3705 ) ;
#1778 =( LENGTH_UNIT ( ) NAMED_UNIT ( * ) SI_UNIT ( .MILLI., .METRE. ) );
#1779 = EDGE_LOOP ( 'NONE', ( #758, #6705, #1546, #4348 ) ) ;
#1780 = VECTOR ( 'NONE', #2826, 1000.000000000000000 ) ;
#1781 = VECTOR ( 'NONE', #2621, 1000.000000000000000 ) ;
#1782 = ORIENTED_EDGE ( 'NONE', *, *, #6146, .F. ) ;
#1783 = PLANE ( 'NONE',  #53 ) ;
#1784 = PRODUCT ( 'CUI_DEVICES_TBP02R2-381-05BE', 'CUI_DEVICES_TBP02R2-381-05BE', '', ( #4598 ) ) ;
#1785 = SURFACE_STYLE_USAGE ( .BOTH. , #1863 ) ;
#1786 = VECTOR ( 'NONE', #986, 1000.000000000000000 ) ;
#1787 = VECTOR ( 'NONE', #4108, 1000.000000000000000 ) ;
#1788 = VERTEX_POINT ( 'NONE', #2786 ) ;
#1789 = COLOUR_RGB ( '',1.000000000000000000, 1.000000000000000000, 1.000000000000000000 ) ;
#1790 = AXIS2_PLACEMENT_3D ( 'NONE', #2258, #5382, #4169 ) ;
#1791 = ORIENTED_EDGE ( 'NONE', *, *, #4962, .F. ) ;
#1792 = CARTESIAN_POINT ( 'NONE',  ( 2.950000000000000178, 9.000000000000001776, 3.810000000000000941 ) ) ;
#1793 = DIRECTION ( 'NONE',  ( 0.0000000000000000000, 0.0000000000000000000, -1.000000000000000000 ) ) ;
#1794 = DIRECTION ( 'NONE',  ( -0.2425356250363329691, 0.9701425001453318764, 0.0000000000000000000 ) ) ;
#1795 = VERTEX_POINT ( 'NONE', #5317 ) ;
#1796 = DIRECTION ( 'NONE',  ( 0.0000000000000000000, -1.000000000000000000, 0.0000000000000000000 ) ) ;
#1797 = LINE ( 'NONE', #4140, #2236 ) ;
#1798 = MECHANICAL_DESIGN_GEOMETRIC_PRESENTATION_REPRESENTATION (  '', ( #7201 ), #7445 ) ;
#1799 = DIRECTION ( 'NONE',  ( 0.9451512019217267468, 0.0000000000000000000, -0.3266331359582419491 ) ) ;
#1800 = LINE ( 'NONE', #4884, #6112 ) ;
#1801 = LINE ( 'NONE', #7225, #5237 ) ;
#1802 = AXIS2_PLACEMENT_3D ( 'NONE', #3628, #3193, #1323 ) ;
#1803 = DIRECTION ( 'NONE',  ( 0.0000000000000000000, 0.0000000000000000000, -1.000000000000000000 ) ) ;
#1804 = CARTESIAN_POINT ( 'NONE',  ( 4.599999999999999645, 9.000000000000001776, 20.08923048454130011 ) ) ;
#1805 = CARTESIAN_POINT ( 'NONE',  ( 4.599999999999999645, 17.39999999999999858, 20.08923048454130011 ) ) ;
#1806 = CARTESIAN_POINT ( 'NONE',  ( 8.599999999999999645, 15.69999999999999929, 8.320000000000000284 ) ) ;
#1807 = FACE_OUTER_BOUND ( 'NONE', #6543, .T. ) ;
#1808 = CARTESIAN_POINT ( 'NONE',  ( 6.500000000000000888, 15.69999999999999929, 10.53000000000000114 ) ) ;
#1809 = ORIENTED_EDGE ( 'NONE', *, *, #2345, .T. ) ;
#1810 = EDGE_CURVE ( 'NONE', #4234, #3234, #7705, .T. ) ;
#1811 = CARTESIAN_POINT ( 'NONE',  ( 6.099999999999999645, 10.40000000000000213, 15.43999999999999950 ) ) ;
#1812 = ORIENTED_EDGE ( 'NONE', *, *, #1153, .F. ) ;
#1813 = EDGE_CURVE ( 'NONE', #7456, #4517, #4294, .T. ) ;
#1814 = DIRECTION ( 'NONE',  ( 0.0000000000000000000, 0.0000000000000000000, 1.000000000000000000 ) ) ;
#1815 = EDGE_CURVE ( 'NONE', #3079, #5897, #7742, .T. ) ;
#1816 = VERTEX_POINT ( 'NONE', #4252 ) ;
#1817 = EDGE_CURVE ( 'NONE', #4188, #635, #2497, .T. ) ;
#1818 = ORIENTED_EDGE ( 'NONE', *, *, #3029, .F. ) ;
#1819 = SURFACE_STYLE_FILL_AREA ( #3598 ) ;
#1820 = FILL_AREA_STYLE ('',( #7288 ) ) ;
#1821 = ORIENTED_EDGE ( 'NONE', *, *, #4232, .T. ) ;
#1822 =( NAMED_UNIT ( * ) SI_UNIT ( $, .STERADIAN. ) SOLID_ANGLE_UNIT ( ) );
#1823 = AXIS2_PLACEMENT_3D ( 'NONE', #6277, #878, #3292 ) ;
#1824 = VERTEX_POINT ( 'NONE', #3028 ) ;
#1825 = STYLED_ITEM ( 'NONE', ( #528 ), #7614 ) ;
#1826 = DIRECTION ( 'NONE',  ( 1.000000000000000000, 0.0000000000000000000, 0.0000000000000000000 ) ) ;
#1827 = CARTESIAN_POINT ( 'NONE',  ( 6.099999999999999645, 18.19999999999999929, 7.220000000000000639 ) ) ;
#1828 = VERTEX_POINT ( 'NONE', #5357 ) ;
#1829 = PLANE ( 'NONE',  #6044 ) ;
#1830 = SURFACE_STYLE_FILL_AREA ( #4361 ) ;
#1831 = STYLED_ITEM ( 'NONE', ( #2907 ), #857 ) ;
#1832 = MECHANICAL_DESIGN_GEOMETRIC_PRESENTATION_REPRESENTATION (  '', ( #3599 ), #7235 ) ;
#1833 = UNCERTAINTY_MEASURE_WITH_UNIT (LENGTH_MEASURE( 1.000000000000000082E-05 ), #297, 'distance_accuracy_value', 'NONE');
#1834 = DIRECTION ( 'NONE',  ( 0.0000000000000000000, -1.000000000000000000, 0.0000000000000000000 ) ) ;
#1835 = FACE_OUTER_BOUND ( 'NONE', #2861, .T. ) ;
#1836 = CARTESIAN_POINT ( 'NONE',  ( 9.800000000000000711, 15.69999999999999929, 16.72999999999999687 ) ) ;
#1837 = PRESENTATION_LAYER_ASSIGNMENT (  '', '', ( #7239 ) ) ;
#1838 = DIRECTION ( 'NONE',  ( 0.9701425001453318764, 0.2425356250363329691, 0.0000000000000000000 ) ) ;
#1839 = VECTOR ( 'NONE', #3318, 1000.000000000000000 ) ;
#1840 = DIRECTION ( 'NONE',  ( -1.000000000000000000, -0.0000000000000000000, -0.0000000000000000000 ) ) ;
#1841 = DIRECTION ( 'NONE',  ( 0.0000000000000000000, 0.0000000000000000000, -1.000000000000000000 ) ) ;
#1842 = CARTESIAN_POINT ( 'NONE',  ( 8.599999999999999645, 15.69999999999999929, 18.35000000000000142 ) ) ;
#1843 = CARTESIAN_POINT ( 'NONE',  ( 7.549999999999999822, 11.50000000000000000, 21.35000000000000142 ) ) ;
#1844 = DIRECTION ( 'NONE',  ( 0.3266331359582419491, 0.0000000000000000000, 0.9451512019217267468 ) ) ;
#1845 = FILL_AREA_STYLE_COLOUR ( '', #6515 ) ;
#1846 = EDGE_LOOP ( 'NONE', ( #1157, #7043, #7560, #3780 ) ) ;
#1847 = CARTESIAN_POINT ( 'NONE',  ( 4.599999999999999645, 17.39999999999999858, 16.27923048454129784 ) ) ;
#1848 =( GEOMETRIC_REPRESENTATION_CONTEXT ( 3 ) GLOBAL_UNCERTAINTY_ASSIGNED_CONTEXT ( ( #1516 ) ) GLOBAL_UNIT_ASSIGNED_CONTEXT ( ( #6885, #6122, #207 ) ) REPRESENTATION_CONTEXT ( 'NONE', 'WORKASPACE' ) );
#1849 =( NAMED_UNIT ( * ) SI_UNIT ( $, .STERADIAN. ) SOLID_ANGLE_UNIT ( ) );
#1850 = ORIENTED_EDGE ( 'NONE', *, *, #206, .F. ) ;
#1851 = VECTOR ( 'NONE', #2987, 1000.000000000000000 ) ;
#1852 =( LENGTH_UNIT ( ) NAMED_UNIT ( * ) SI_UNIT ( .MILLI., .METRE. ) );
#1853 = FACE_OUTER_BOUND ( 'NONE', #4208, .T. ) ;
#1854 = ADVANCED_FACE ( 'NONE', ( #3578 ), #7186, .T. ) ;
#1855 = VERTEX_POINT ( 'NONE', #2458 ) ;
#1856 = AXIS2_PLACEMENT_3D ( 'NONE', #4028, #353, #912 ) ;
#1857 = CARTESIAN_POINT ( 'NONE',  ( 8.599999999999999645, 9.000000000000001776, 6.020000000000001350 ) ) ;
#1858 = AXIS2_PLACEMENT_3D ( 'NONE', #7222, #3027, #570 ) ;
#1859 = EDGE_CURVE ( 'NONE', #33, #2453, #6080, .T. ) ;
#1860 = EDGE_LOOP ( 'NONE', ( #3325, #2257, #5951, #2332, #3771, #5768, #1692, #5309, #7071, #2855, #1913, #4364, #2244 ) ) ;
#1861 = CARTESIAN_POINT ( 'NONE',  ( 8.599999999999999645, 15.69999999999999929, 4.509999999999999787 ) ) ;
#1862 = AXIS2_PLACEMENT_3D ( 'NONE', #3139, #4288, #3653 ) ;
#1863 = SURFACE_SIDE_STYLE ('',( #4275 ) ) ;
#1864 = ADVANCED_FACE ( 'NONE', ( #6119 ), #6605, .T. ) ;
#1865 = VERTEX_POINT ( 'NONE', #685 ) ;
#1866 = EDGE_CURVE ( 'NONE', #3827, #5883, #12, .T. ) ;
#1867 = AXIS2_PLACEMENT_3D ( 'NONE', #1601, #4651, #1642 ) ;
#1868 = EDGE_CURVE ( 'NONE', #74, #1981, #7785, .T. ) ;
#1869 = ORIENTED_EDGE ( 'NONE', *, *, #7187, .F. ) ;
#1870 = PLANE ( 'NONE',  #3016 ) ;
#1871 = EDGE_CURVE ( 'NONE', #3352, #4239, #6041, .T. ) ;
#1872 = DIRECTION ( 'NONE',  ( 0.0000000000000000000, -0.2425356250363329691, 0.9701425001453318764 ) ) ;
#1873 = DIRECTION ( 'NONE',  ( 0.0000000000000000000, 0.0000000000000000000, -1.000000000000000000 ) ) ;
#1874 = DIRECTION ( 'NONE',  ( 0.0000000000000000000, -1.000000000000000000, 0.0000000000000000000 ) ) ;
#1875 = EDGE_LOOP ( 'NONE', ( #2047, #5639, #7002, #3048 ) ) ;
#1876 = CARTESIAN_POINT ( 'NONE',  ( 10.50000000000000000, 9.000000000000001776, -9.919999999999999929 ) ) ;
#1877 = DIRECTION ( 'NONE',  ( -0.0000000000000000000, -1.000000000000000000, -0.0000000000000000000 ) ) ;
#1878 = SURFACE_STYLE_USAGE ( .BOTH. , #4882 ) ;
#1879 = LINE ( 'NONE', #4292, #3503 ) ;
#1880 = LINE ( 'NONE', #1208, #1851 ) ;
#1881 = DIRECTION ( 'NONE',  ( 0.0000000000000000000, 0.0000000000000000000, 1.000000000000000000 ) ) ;
#1882 = DIRECTION ( 'NONE',  ( -4.336808689942009847E-15, 1.000000000000000000, 0.0000000000000000000 ) ) ;
#1883 = SURFACE_SIDE_STYLE ('',( #3702 ) ) ;
#1884 = PLANE ( 'NONE',  #1896 ) ;
#1885 = AXIS2_PLACEMENT_3D ( 'NONE', #7284, #4866, #5487 ) ;
#1886 = DIRECTION ( 'NONE',  ( 0.0000000000000000000, 0.0000000000000000000, 1.000000000000000000 ) ) ;
#1887 = ORIENTED_EDGE ( 'NONE', *, *, #200, .T. ) ;
#1888 = CARTESIAN_POINT ( 'NONE',  ( 6.099999999999999645, 18.19999999999999929, 4.209999999999998188 ) ) ;
#1889 = AXIS2_PLACEMENT_3D ( 'NONE', #7422, #5664, #3898 ) ;
#1890 = ORIENTED_EDGE ( 'NONE', *, *, #1723, .T. ) ;
#1891 = DIRECTION ( 'NONE',  ( 0.0000000000000000000, -1.000000000000000000, 0.0000000000000000000 ) ) ;
#1892 =( NAMED_UNIT ( * ) SI_UNIT ( $, .STERADIAN. ) SOLID_ANGLE_UNIT ( ) );
#1893 = STYLED_ITEM ( 'NONE', ( #5018 ), #3557 ) ;
#1894 = VERTEX_POINT ( 'NONE', #5467 ) ;
#1895 = SURFACE_SIDE_STYLE ('',( #2893 ) ) ;
#1896 = AXIS2_PLACEMENT_3D ( 'NONE', #7229, #4373, #3035 ) ;
#1897 = EDGE_LOOP ( 'NONE', ( #7095, #5570, #4840, #2748 ) ) ;
#1898 =( NAMED_UNIT ( * ) SI_UNIT ( $, .STERADIAN. ) SOLID_ANGLE_UNIT ( ) );
#1899 = DIRECTION ( 'NONE',  ( 1.000000000000000000, 0.0000000000000000000, -0.0000000000000000000 ) ) ;
#1900 = ORIENTED_EDGE ( 'NONE', *, *, #5621, .T. ) ;
#1901 = VECTOR ( 'NONE', #2687, 1000.000000000000000 ) ;
#1902 = CARTESIAN_POINT ( 'NONE',  ( 6.099999999999999645, 14.69999999999999929, 7.620000000000001883 ) ) ;
#1903 = EDGE_CURVE ( 'NONE', #1224, #5776, #1282, .T. ) ;
#1904 = ORIENTED_EDGE ( 'NONE', *, *, #7397, .T. ) ;
#1905 = LINE ( 'NONE', #3808, #2087 ) ;
#1906 = EDGE_CURVE ( 'NONE', #216, #5943, #1800, .T. ) ;
#1907 = DIRECTION ( 'NONE',  ( 1.000000000000000000, 0.0000000000000000000, 0.0000000000000000000 ) ) ;
#1908 = CARTESIAN_POINT ( 'NONE',  ( 6.899999999999999467, 20.89999999999999147, 18.64999999999999858 ) ) ;
#1909 =( NAMED_UNIT ( * ) PLANE_ANGLE_UNIT ( ) SI_UNIT ( $, .RADIAN. ) );
#1910 = ORIENTED_EDGE ( 'NONE', *, *, #4477, .F. ) ;
#1911 = CARTESIAN_POINT ( 'NONE',  ( 9.119999999999999218, 17.39999999999999858, 15.93999999999999950 ) ) ;
#1912 = CARTESIAN_POINT ( 'NONE',  ( 6.899999999999999467, 21.69999999999999929, 3.409999999999999698 ) ) ;
#1913 = ORIENTED_EDGE ( 'NONE', *, *, #5338, .F. ) ;
#1914 = FACE_OUTER_BOUND ( 'NONE', #3013, .T. ) ;
#1915 = EDGE_CURVE ( 'NONE', #673, #468, #1880, .T. ) ;
#1916 =( GEOMETRIC_REPRESENTATION_CONTEXT ( 3 ) GLOBAL_UNCERTAINTY_ASSIGNED_CONTEXT ( ( #7751 ) ) GLOBAL_UNIT_ASSIGNED_CONTEXT ( ( #3877, #5109, #4945 ) ) REPRESENTATION_CONTEXT ( 'NONE', 'WORKASPACE' ) );
#1917 = AXIS2_PLACEMENT_3D ( 'NONE', #683, #3774, #1437 ) ;
#1918 = CARTESIAN_POINT ( 'NONE',  ( 7.549999999999999822, 9.000000000000001776, 20.64999999999999858 ) ) ;
#1919 = PLANE ( 'NONE',  #4484 ) ;
#1920 = LINE ( 'NONE', #3187, #574 ) ;
#1921 = FILL_AREA_STYLE ('',( #14 ) ) ;
#1922 = LINE ( 'NONE', #2426, #7812 ) ;
#1923 = LINE ( 'NONE', #4339, #4708 ) ;
#1924 = UNCERTAINTY_MEASURE_WITH_UNIT (LENGTH_MEASURE( 1.000000000000000082E-05 ), #597, 'distance_accuracy_value', 'NONE');
#1925 = ORIENTED_EDGE ( 'NONE', *, *, #7286, .T. ) ;
#1926 =( NAMED_UNIT ( * ) PLANE_ANGLE_UNIT ( ) SI_UNIT ( $, .RADIAN. ) );
#1927 =( NAMED_UNIT ( * ) PLANE_ANGLE_UNIT ( ) SI_UNIT ( $, .RADIAN. ) );
#1928 =( GEOMETRIC_REPRESENTATION_CONTEXT ( 3 ) GLOBAL_UNCERTAINTY_ASSIGNED_CONTEXT ( ( #3513 ) ) GLOBAL_UNIT_ASSIGNED_CONTEXT ( ( #4938, #180, #3236 ) ) REPRESENTATION_CONTEXT ( 'NONE', 'WORKASPACE' ) );
#1929 = ORIENTED_EDGE ( 'NONE', *, *, #5063, .F. ) ;
#1930 = FILL_AREA_STYLE_COLOUR ( '', #5182 ) ;
#1931 = LINE ( 'NONE', #2634, #6957 ) ;
#1932 = CARTESIAN_POINT ( 'NONE',  ( 5.799999999999999822, 11.19999999999999929, 14.83999999999999986 ) ) ;
#1933 = VERTEX_POINT ( 'NONE', #3696 ) ;
#1934 = VERTEX_POINT ( 'NONE', #730 ) ;
#1935 = LINE ( 'NONE', #2553, #5289 ) ;
#1936 = EDGE_LOOP ( 'NONE', ( #5785, #1434, #7670, #7403, #6394 ) ) ;
#1937 = APPLICATION_CONTEXT ( 'automotive_design' ) ;
#1938 = DIRECTION ( 'NONE',  ( -1.000000000000000000, 0.0000000000000000000, 0.0000000000000000000 ) ) ;
#1939 = ORIENTED_EDGE ( 'NONE', *, *, #15, .T. ) ;
#1940 = FILL_AREA_STYLE_COLOUR ( '', #6042 ) ;
#1941 = ORIENTED_EDGE ( 'NONE', *, *, #4474, .T. ) ;
#1942 = CARTESIAN_POINT ( 'NONE',  ( 6.900000000000000355, 11.19999999999999929, 15.63999999999999702 ) ) ;
#1943 = FILL_AREA_STYLE_COLOUR ( '', #6609 ) ;
#1944 = SURFACE_SIDE_STYLE ('',( #2562 ) ) ;
#1945 = ORIENTED_EDGE ( 'NONE', *, *, #1235, .T. ) ;
#1946 = CARTESIAN_POINT ( 'NONE',  ( 7.549999999999999822, 10.00000000000000178, 20.64999999999999858 ) ) ;
#1947 = PLANE ( 'NONE',  #1862 ) ;
#1948 = EDGE_CURVE ( 'NONE', #4239, #2341, #3101, .T. ) ;
#1949 = ORIENTED_EDGE ( 'NONE', *, *, #2681, .F. ) ;
#1950 = DIRECTION ( 'NONE',  ( -0.0000000000000000000, -0.0000000000000000000, -1.000000000000000000 ) ) ;
#1951 = DIRECTION ( 'NONE',  ( 1.000000000000000000, 0.0000000000000000000, 0.0000000000000000000 ) ) ;
#1952 = DIRECTION ( 'NONE',  ( -1.000000000000000000, 0.0000000000000000000, 0.0000000000000000000 ) ) ;
#1953 = EDGE_CURVE ( 'NONE', #6566, #1011, #2223, .T. ) ;
#1954 = LINE ( 'NONE', #2538, #5127 ) ;
#1955 = PLANE ( 'NONE',  #3406 ) ;
#1956 = STYLED_ITEM ( 'NONE', ( #4644 ), #1145 ) ;
#1957 = ORIENTED_EDGE ( 'NONE', *, *, #7782, .T. ) ;
#1958 = CARTESIAN_POINT ( 'NONE',  ( 6.899999999999999467, 20.89999999999999147, 4.209999999999998188 ) ) ;
#1959 = PLANE ( 'NONE',  #1420 ) ;
#1960 = SURFACE_SIDE_STYLE ('',( #174 ) ) ;
#1961 = AXIS2_PLACEMENT_3D ( 'NONE', #4799, #7297, #605 ) ;
#1962 = VERTEX_POINT ( 'NONE', #1918 ) ;
#1963 = DIRECTION ( 'NONE',  ( 1.000000000000000000, 0.0000000000000000000, 0.0000000000000000000 ) ) ;
#1964 = EDGE_CURVE ( 'NONE', #5424, #4359, #1315, .T. ) ;
#1965 = CARTESIAN_POINT ( 'NONE',  ( 6.099999999999999645, 21.69999999999999929, 8.019999999999999574 ) ) ;
#1966 = EDGE_LOOP ( 'NONE', ( #4589, #5829, #5420, #2998 ) ) ;
#1967 = ADVANCED_FACE ( 'NONE', ( #6724 ), #5431, .T. ) ;
#1968 = ORIENTED_EDGE ( 'NONE', *, *, #5057, .F. ) ;
#1969 = EDGE_CURVE ( 'NONE', #1388, #4043, #2030, .T. ) ;
#1970 = MECHANICAL_DESIGN_GEOMETRIC_PRESENTATION_REPRESENTATION (  '', ( #6106 ), #6244 ) ;
#1971 = CARTESIAN_POINT ( 'NONE',  ( 6.700000000000001066, 21.69999999999999929, -11.42999999999999972 ) ) ;
#1972 = ORIENTED_EDGE ( 'NONE', *, *, #1906, .T. ) ;
#1973 = ORIENTED_EDGE ( 'NONE', *, *, #7446, .T. ) ;
#1974 = CARTESIAN_POINT ( 'NONE',  ( 6.855555555555549851, 11.02222222222220083, 14.88444444444449921 ) ) ;
#1975 = PRESENTATION_STYLE_ASSIGNMENT (( #6788 ) ) ;
#1976 = VECTOR ( 'NONE', #3336, 1000.000000000000114 ) ;
#1977 = MECHANICAL_DESIGN_GEOMETRIC_PRESENTATION_REPRESENTATION (  '', ( #1602 ), #1483 ) ;
#1978 = VERTEX_POINT ( 'NONE', #7418 ) ;
#1979 = PRESENTATION_STYLE_ASSIGNMENT (( #796 ) ) ;
#1980 =( GEOMETRIC_REPRESENTATION_CONTEXT ( 3 ) GLOBAL_UNCERTAINTY_ASSIGNED_CONTEXT ( ( #3745 ) ) GLOBAL_UNIT_ASSIGNED_CONTEXT ( ( #4783, #659, #6613 ) ) REPRESENTATION_CONTEXT ( 'NONE', 'WORKASPACE' ) );
#1981 = VERTEX_POINT ( 'NONE', #6880 ) ;
#1982 = DIRECTION ( 'NONE',  ( -1.000000000000000000, 0.0000000000000000000, 0.0000000000000000000 ) ) ;
#1983 = CARTESIAN_POINT ( 'NONE',  ( 7.099999999999999645, 15.69999999999999929, 6.020000000000001350 ) ) ;
#1984 = PLANE ( 'NONE',  #4803 ) ;
#1985 = VERTEX_POINT ( 'NONE', #203 ) ;
#1986 = CARTESIAN_POINT ( 'NONE',  ( 6.099999999999999645, 18.19999999999999929, 18.64999999999999858 ) ) ;
#1987 = AXIS2_PLACEMENT_3D ( 'NONE', #5856, #7781, #4767 ) ;
#1988 = ORIENTED_EDGE ( 'NONE', *, *, #3596, .F. ) ;
#1989 = AXIS2_PLACEMENT_3D ( 'NONE', #6693, #6774, #1366 ) ;
#1990 = LINE ( 'NONE', #6159, #197 ) ;
#1991 = DIRECTION ( 'NONE',  ( 0.0000000000000000000, 0.0000000000000000000, 1.000000000000000000 ) ) ;
#1992 = VECTOR ( 'NONE', #420, 1000.000000000000000 ) ;
#1993 = DIRECTION ( 'NONE',  ( 1.000000000000000000, 0.0000000000000000000, 0.0000000000000000000 ) ) ;
#1994 = DIRECTION ( 'NONE',  ( 0.0000000000000000000, -0.0000000000000000000, 1.000000000000000000 ) ) ;
#1995 = DIRECTION ( 'NONE',  ( 0.3266331359582419491, 0.0000000000000000000, -0.9451512019217267468 ) ) ;
#1996 = DIRECTION ( 'NONE',  ( -0.2357022603955148676, 0.9428090415820634673, 0.2357022603955158668 ) ) ;
#1997 = ORIENTED_EDGE ( 'NONE', *, *, #409, .F. ) ;
#1998 = LINE ( 'NONE', #4458, #1046 ) ;
#1999 = ORIENTED_EDGE ( 'NONE', *, *, #190, .F. ) ;
#2000 = LINE ( 'NONE', #6256, #3117 ) ;
#2001 = CARTESIAN_POINT ( 'NONE',  ( 6.900000000000000355, 11.19999999999999929, 11.82999999999999829 ) ) ;
#2002 = EDGE_CURVE ( 'NONE', #4005, #7447, #3849, .T. ) ;
#2003 = ORIENTED_EDGE ( 'NONE', *, *, #2770, .T. ) ;
#2004 = VECTOR ( 'NONE', #6347, 1000.000000000000000 ) ;
#2005 = EDGE_LOOP ( 'NONE', ( #7402, #3921, #1327, #3717 ) ) ;
#2006 = ADVANCED_FACE ( 'NONE', ( #5121 ), #4451, .F. ) ;
#2007 = LINE ( 'NONE', #6701, #2045 ) ;
#2008 = CARTESIAN_POINT ( 'NONE',  ( 6.899999999999999467, 18.19999999999999929, 14.83999999999999986 ) ) ;
#2009 = VERTEX_POINT ( 'NONE', #5705 ) ;
#2010 = EDGE_LOOP ( 'NONE', ( #3348, #2885, #583, #5456 ) ) ;
#2011 = EDGE_CURVE ( 'NONE', #4558, #4476, #1990, .T. ) ;
#2012 = VECTOR ( 'NONE', #77, 1000.000000000000000 ) ;
#2013 = CARTESIAN_POINT ( 'NONE',  ( 6.349999999999999645, 10.00000000000000178, 1.960000000000003517 ) ) ;
#2014 = MECHANICAL_DESIGN_GEOMETRIC_PRESENTATION_REPRESENTATION (  '', ( #7170 ), #5674 ) ;
#2015 = CARTESIAN_POINT ( 'NONE',  ( 6.500000000000000888, 14.69999999999999929, 19.05000000000000071 ) ) ;
#2016 = EDGE_LOOP ( 'NONE', ( #1941, #6997, #2705, #7364 ) ) ;
#2017 = DIRECTION ( 'NONE',  ( 1.000000000000000000, 0.0000000000000000000, 0.0000000000000000000 ) ) ;
#2018 = VECTOR ( 'NONE', #5972, 1000.000000000000000 ) ;
#2019 = EDGE_LOOP ( 'NONE', ( #3797, #7658, #5170, #3668, #7515, #6217, #7064, #6712, #7721, #2674, #3291, #3451 ) ) ;
#2020 = LINE ( 'NONE', #4441, #443 ) ;
#2021 = CARTESIAN_POINT ( 'NONE',  ( 2.950000000000000178, 9.000000000000001776, 19.05000000000000071 ) ) ;
#2022 = FILL_AREA_STYLE_COLOUR ( '', #828 ) ;
#2023 = CARTESIAN_POINT ( 'NONE',  ( 4.150000000000000355, 9.000000000000001776, 17.44999999999999929 ) ) ;
#2024 = EDGE_LOOP ( 'NONE', ( #3044, #3832, #5410, #1580 ) ) ;
#2025 = MECHANICAL_DESIGN_GEOMETRIC_PRESENTATION_REPRESENTATION (  '', ( #6563 ), #899 ) ;
#2026 = DIRECTION ( 'NONE',  ( 0.0000000000000000000, 0.0000000000000000000, 1.000000000000000000 ) ) ;
#2027 = ORIENTED_EDGE ( 'NONE', *, *, #2347, .T. ) ;
#2028 = DIRECTION ( 'NONE',  ( 0.0000000000000000000, -1.000000000000000000, 0.0000000000000000000 ) ) ;
#2029 = DIRECTION ( 'NONE',  ( 0.0000000000000000000, -1.000000000000000000, 0.0000000000000000000 ) ) ;
#2030 = LINE ( 'NONE', #2695, #7629 ) ;
#2031 = VECTOR ( 'NONE', #7791, 1000.000000000000000 ) ;
#2032 = VECTOR ( 'NONE', #7790, 1000.000000000000000 ) ;
#2033 = FACE_OUTER_BOUND ( 'NONE', #2016, .T. ) ;
#2034 = FILL_AREA_STYLE ('',( #774 ) ) ;
#2035 = PRESENTATION_STYLE_ASSIGNMENT (( #891 ) ) ;
#2036 =( LENGTH_UNIT ( ) NAMED_UNIT ( * ) SI_UNIT ( .MILLI., .METRE. ) );
#2037 = DIRECTION ( 'NONE',  ( 0.0000000000000000000, 0.0000000000000000000, -1.000000000000000000 ) ) ;
#2038 = FACE_OUTER_BOUND ( 'NONE', #6761, .T. ) ;
#2039 = DIRECTION ( 'NONE',  ( 0.0000000000000000000, 0.0000000000000000000, -1.000000000000000000 ) ) ;
#2040 = DIRECTION ( 'NONE',  ( 0.0000000000000000000, -1.000000000000000000, 0.0000000000000000000 ) ) ;
#2041 = AXIS2_PLACEMENT_3D ( 'NONE', #4810, #576, #7271 ) ;
#2042 = ORIENTED_EDGE ( 'NONE', *, *, #7393, .T. ) ;
#2043 = FACE_OUTER_BOUND ( 'NONE', #620, .T. ) ;
#2044 = VERTEX_POINT ( 'NONE', #288 ) ;
#2045 = VECTOR ( 'NONE', #1337, 1000.000000000000000 ) ;
#2046 = AXIS2_PLACEMENT_3D ( 'NONE', #6634, #3166, #107 ) ;
#2047 = ORIENTED_EDGE ( 'NONE', *, *, #2856, .T. ) ;
#2048 = CARTESIAN_POINT ( 'NONE',  ( 4.150000000000000355, 9.000000000000001776, 20.08923048454130011 ) ) ;
#2049 = DIRECTION ( 'NONE',  ( -1.000000000000000000, -0.0000000000000000000, 0.0000000000000000000 ) ) ;
#2050 = VERTEX_POINT ( 'NONE', #6800 ) ;
#2051 = EDGE_CURVE ( 'NONE', #991, #7801, #5544, .T. ) ;
#2052 = ORIENTED_EDGE ( 'NONE', *, *, #1775, .T. ) ;
#2053 = EDGE_CURVE ( 'NONE', #188, #1776, #1360, .T. ) ;
#2054 = EDGE_CURVE ( 'NONE', #543, #2548, #7459, .T. ) ;
#2055 = DIRECTION ( 'NONE',  ( 0.0000000000000000000, 0.0000000000000000000, -1.000000000000000000 ) ) ;
#2056 = EDGE_CURVE ( 'NONE', #2453, #6075, #2656, .T. ) ;
#2057 = VERTEX_POINT ( 'NONE', #4529 ) ;
#2058 = SURFACE_SIDE_STYLE ('',( #2642 ) ) ;
#2059 = EDGE_CURVE ( 'NONE', #4065, #4188, #2535, .T. ) ;
#2060 = ORIENTED_EDGE ( 'NONE', *, *, #1098, .T. ) ;
#2061 = ORIENTED_EDGE ( 'NONE', *, *, #4863, .T. ) ;
#2062 = ADVANCED_FACE ( 'NONE', ( #1519 ), #3929, .F. ) ;
#2063 = PLANE ( 'NONE',  #5484 ) ;
#2064 =( LENGTH_UNIT ( ) NAMED_UNIT ( * ) SI_UNIT ( .MILLI., .METRE. ) );
#2065 = ORIENTED_EDGE ( 'NONE', *, *, #6393, .T. ) ;
#2066 = ORIENTED_EDGE ( 'NONE', *, *, #6398, .T. ) ;
#2067 =( NAMED_UNIT ( * ) SI_UNIT ( $, .STERADIAN. ) SOLID_ANGLE_UNIT ( ) );
#2068 = FILL_AREA_STYLE_COLOUR ( '', #2735 ) ;
#2069 = DIRECTION ( 'NONE',  ( 0.0000000000000000000, 0.0000000000000000000, 1.000000000000000000 ) ) ;
#2070 = CARTESIAN_POINT ( 'NONE',  ( 5.950000000000009059, 20.30000000000001847, 14.69000000000000838 ) ) ;
#2071 = CARTESIAN_POINT ( 'NONE',  ( 3.500000000000000000, 9.000000000000001776, 21.35000000000000142 ) ) ;
#2072 = FACE_OUTER_BOUND ( 'NONE', #1023, .T. ) ;
#2073 = CARTESIAN_POINT ( 'NONE',  ( 9.119999999999999218, 17.39999999999999858, 12.13000000000000078 ) ) ;
#2074 = PLANE ( 'NONE',  #4268 ) ;
#2075 = VERTEX_POINT ( 'NONE', #3260 ) ;
#2076 =( LENGTH_UNIT ( ) NAMED_UNIT ( * ) SI_UNIT ( .MILLI., .METRE. ) );
#2077 = AXIS2_PLACEMENT_3D ( 'NONE', #2339, #971, #1676 ) ;
#2078 = ORIENTED_EDGE ( 'NONE', *, *, #5159, .T. ) ;
#2079 = VECTOR ( 'NONE', #4999, 1000.000000000000114 ) ;
#2080 = CARTESIAN_POINT ( 'NONE',  ( 6.900000000000000355, 10.40000000000000213, 8.019999999999999574 ) ) ;
#2081 = CARTESIAN_POINT ( 'NONE',  ( 8.599999999999999645, 17.39999999999999858, 8.320000000000000284 ) ) ;
#2082 = ORIENTED_EDGE ( 'NONE', *, *, #3704, .T. ) ;
#2083 = PRESENTATION_LAYER_ASSIGNMENT (  '', '', ( #694 ) ) ;
#2084 = FILL_AREA_STYLE_COLOUR ( '', #1260 ) ;
#2085 = DIRECTION ( 'NONE',  ( 0.0000000000000000000, 0.0000000000000000000, -1.000000000000000000 ) ) ;
#2086 = ORIENTED_EDGE ( 'NONE', *, *, #3026, .F. ) ;
#2087 = VECTOR ( 'NONE', #75, 1000.000000000000000 ) ;
#2088 = ORIENTED_EDGE ( 'NONE', *, *, #6631, .T. ) ;
#2089 = DIRECTION ( 'NONE',  ( -0.9451512019217267468, 0.0000000000000000000, 0.3266331359582419491 ) ) ;
#2090 = VECTOR ( 'NONE', #2121, 1000.000000000000000 ) ;
#2091 = ORIENTED_EDGE ( 'NONE', *, *, #4871, .F. ) ;
#2092 = FILL_AREA_STYLE ('',( #7562 ) ) ;
#2093 = ADVANCED_FACE ( 'NONE', ( #3185 ), #1399, .F. ) ;
#2094 = ORIENTED_EDGE ( 'NONE', *, *, #3894, .F. ) ;
#2095 = EDGE_CURVE ( 'NONE', #437, #1168, #4565, .T. ) ;
#2096 = ORIENTED_EDGE ( 'NONE', *, *, #4330, .T. ) ;
#2097 = CARTESIAN_POINT ( 'NONE',  ( 6.349999999999999645, 9.000000000000001776, 1.960000000000003517 ) ) ;
#2098 =( NAMED_UNIT ( * ) PLANE_ANGLE_UNIT ( ) SI_UNIT ( $, .RADIAN. ) );
#2099 = AXIS2_PLACEMENT_3D ( 'NONE', #3709, #6016, #1328 ) ;
#2100 = ORIENTED_EDGE ( 'NONE', *, *, #949, .F. ) ;
#2101 = EDGE_CURVE ( 'NONE', #6093, #1312, #331, .T. ) ;
#2102 = DIRECTION ( 'NONE',  ( 1.000000000000000000, 0.0000000000000000000, 0.0000000000000000000 ) ) ;
#2103 = ORIENTED_EDGE ( 'NONE', *, *, #264, .T. ) ;
#2104 = DIRECTION ( 'NONE',  ( 0.0000000000000000000, 0.2425356250363290000, 0.9701425001453328756 ) ) ;
#2105 = DIRECTION ( 'NONE',  ( 0.0000000000000000000, -1.000000000000000000, 0.0000000000000000000 ) ) ;
#2106 = AXIS2_PLACEMENT_3D ( 'NONE', #4157, #3515, #7231 ) ;
#2107 = ADVANCED_FACE ( 'NONE', ( #3341 ), #5739, .T. ) ;
#2108 = DIRECTION ( 'NONE',  ( 0.0000000000000000000, -1.000000000000000000, 0.0000000000000000000 ) ) ;
#2109 = VECTOR ( 'NONE', #7266, 1000.000000000000000 ) ;
#2110 = EDGE_CURVE ( 'NONE', #5574, #2402, #6617, .T. ) ;
#2111 = LINE ( 'NONE', #1007, #2455 ) ;
#2112 = CARTESIAN_POINT ( 'NONE',  ( 6.099999999999999645, 10.40000000000000213, 19.44999999999999929 ) ) ;
#2113 = PLANE ( 'NONE',  #1889 ) ;
#2114 = CARTESIAN_POINT ( 'NONE',  ( 6.500000000000000888, 14.69999999999999929, 3.409999999999999698 ) ) ;
#2115 = FACE_OUTER_BOUND ( 'NONE', #5480, .T. ) ;
#2116 = CARTESIAN_POINT ( 'NONE',  ( 6.500000000000000888, 15.69999999999999929, 14.33999999999999986 ) ) ;
#2117 = ORIENTED_EDGE ( 'NONE', *, *, #7106, .F. ) ;
#2118 = DIRECTION ( 'NONE',  ( 0.0000000000000000000, 0.0000000000000000000, 1.000000000000000000 ) ) ;
#2119 = PLANE ( 'NONE',  #58 ) ;
#2120 = EDGE_LOOP ( 'NONE', ( #6876, #5722, #5875, #6493 ) ) ;
#2121 = DIRECTION ( 'NONE',  ( -0.9451512019217267468, 0.0000000000000000000, 0.3266331359582419491 ) ) ;
#2122 = ORIENTED_EDGE ( 'NONE', *, *, #15, .F. ) ;
#2123 = FACE_OUTER_BOUND ( 'NONE', #1267, .T. ) ;
#2124 = DIRECTION ( 'NONE',  ( -1.000000000000000000, 0.0000000000000000000, 0.0000000000000000000 ) ) ;
#2125 = DIRECTION ( 'NONE',  ( 0.0000000000000000000, 1.000000000000000000, 0.0000000000000000000 ) ) ;
#2126 = ORIENTED_EDGE ( 'NONE', *, *, #4040, .T. ) ;
#2127 = VERTEX_POINT ( 'NONE', #4226 ) ;
#2128 = LINE ( 'NONE', #7479, #2759 ) ;
#2129 = DIRECTION ( 'NONE',  ( 1.000000000000000000, 0.0000000000000000000, 0.0000000000000000000 ) ) ;
#2130 = MECHANICAL_DESIGN_GEOMETRIC_PRESENTATION_REPRESENTATION (  '', ( #6789 ), #6285 ) ;
#2131 = ORIENTED_EDGE ( 'NONE', *, *, #7397, .F. ) ;
#2132 = CARTESIAN_POINT ( 'NONE',  ( 6.700000000000000178, 10.40000000000000213, 8.019999999999999574 ) ) ;
#2133 = VECTOR ( 'NONE', #3651, 1000.000000000000000 ) ;
#2134 = ORIENTED_EDGE ( 'NONE', *, *, #2528, .F. ) ;
#2135 = ORIENTED_EDGE ( 'NONE', *, *, #7486, .F. ) ;
#2136 = CARTESIAN_POINT ( 'NONE',  ( 4.150000000000000355, 15.69999999999999929, 16.83999999999999631 ) ) ;
#2137 = ORIENTED_EDGE ( 'NONE', *, *, #7157, .F. ) ;
#2138 = UNCERTAINTY_MEASURE_WITH_UNIT (LENGTH_MEASURE( 1.000000000000000082E-05 ), #4820, 'distance_accuracy_value', 'NONE');
#2139 = CARTESIAN_POINT ( 'NONE',  ( 0.0000000000000000000, 21.69999999999999929, 11.62999999999999901 ) ) ;
#2140 = VECTOR ( 'NONE', #5523, 1000.000000000000000 ) ;
#2141 = ADVANCED_FACE ( 'NONE', ( #7233 ), #2958, .F. ) ;
#2142 = CARTESIAN_POINT ( 'NONE',  ( 8.599999999999999645, 17.39999999999999858, 19.75000000000000000 ) ) ;
#2143 = DIRECTION ( 'NONE',  ( 0.0000000000000000000, 0.0000000000000000000, 1.000000000000000000 ) ) ;
#2144 = EDGE_CURVE ( 'NONE', #553, #5164, #5408, .T. ) ;
#2145 = DIRECTION ( 'NONE',  ( 0.0000000000000000000, 0.0000000000000000000, 1.000000000000000000 ) ) ;
#2146 = VECTOR ( 'NONE', #1457, 1000.000000000000000 ) ;
#2147 = CARTESIAN_POINT ( 'NONE',  ( 6.099999999999999645, 10.40000000000000213, 7.820000000000000284 ) ) ;
#2148 = ORIENTED_EDGE ( 'NONE', *, *, #2827, .T. ) ;
#2149 =( LENGTH_UNIT ( ) NAMED_UNIT ( * ) SI_UNIT ( .MILLI., .METRE. ) );
#2150 = ADVANCED_FACE ( 'NONE', ( #2360 ), #3632, .T. ) ;
#2151 = SURFACE_SIDE_STYLE ('',( #934 ) ) ;
#2152 = ADVANCED_FACE ( 'NONE', ( #621 ), #93, .T. ) ;
#2153 = LINE ( 'NONE', #7617, #7643 ) ;
#2154 = EDGE_LOOP ( 'NONE', ( #3245, #3295, #3133, #5343, #6196, #2003, #7030, #5272, #6294, #3388, #161, #7090, #5147, #1988, #7556, #6020 ) ) ;
#2155 = LINE ( 'NONE', #3981, #4637 ) ;
#2156 = AXIS2_PLACEMENT_3D ( 'NONE', #4016, #6409, #2309 ) ;
#2157 = ORIENTED_EDGE ( 'NONE', *, *, #1227, .T. ) ;
#2158 = FILL_AREA_STYLE_COLOUR ( '', #2838 ) ;
#2159 = FACE_OUTER_BOUND ( 'NONE', #2486, .T. ) ;
#2160 = VECTOR ( 'NONE', #3034, 1000.000000000000000 ) ;
#2161 = CARTESIAN_POINT ( 'NONE',  ( 6.900000000000000355, 16.30000000000000071, 15.63999999999999702 ) ) ;
#2162 = VECTOR ( 'NONE', #6536, 1000.000000000000000 ) ;
#2163 = LINE ( 'NONE', #2709, #3825 ) ;
#2164 = CARTESIAN_POINT ( 'NONE',  ( 4.219230769230770228, 17.39999999999999858, 12.22940806503179800 ) ) ;
#2165 = ORIENTED_EDGE ( 'NONE', *, *, #6219, .T. ) ;
#2166 = ORIENTED_EDGE ( 'NONE', *, *, #2144, .F. ) ;
#2167 = AXIS2_PLACEMENT_3D ( 'NONE', #2015, #917, #6348 ) ;
#2168 = STYLED_ITEM ( 'NONE', ( #7573 ), #4759 ) ;
#2169 = FILL_AREA_STYLE_COLOUR ( '', #5822 ) ;
#2170 = MECHANICAL_DESIGN_GEOMETRIC_PRESENTATION_REPRESENTATION (  '', ( #3443 ), #16 ) ;
#2171 = EDGE_LOOP ( 'NONE', ( #4688, #631 ) ) ;
#2172 = CARTESIAN_POINT ( 'NONE',  ( 6.349999999999999645, 11.50000000000000000, 2.209999999999999964 ) ) ;
#2173 = COLOUR_RGB ( '',1.000000000000000000, 1.000000000000000000, 1.000000000000000000 ) ;
#2174 = EDGE_LOOP ( 'NONE', ( #624, #3846, #6851, #6344 ) ) ;
#2175 = VERTEX_POINT ( 'NONE', #860 ) ;
#2176 = DIRECTION ( 'NONE',  ( 1.000000000000000000, 0.0000000000000000000, 0.0000000000000000000 ) ) ;
#2177 = DIRECTION ( 'NONE',  ( 0.0000000000000000000, 1.000000000000000000, 0.0000000000000000000 ) ) ;
#2178 = DIRECTION ( 'NONE',  ( 0.0000000000000000000, 0.0000000000000000000, -1.000000000000000000 ) ) ;
#2179 = EDGE_LOOP ( 'NONE', ( #7581, #1772, #5522, #5029 ) ) ;
#2180 =( NAMED_UNIT ( * ) PLANE_ANGLE_UNIT ( ) SI_UNIT ( $, .RADIAN. ) );
#2181 =( NAMED_UNIT ( * ) SI_UNIT ( $, .STERADIAN. ) SOLID_ANGLE_UNIT ( ) );
#2182 = CARTESIAN_POINT ( 'NONE',  ( 8.599999999999999645, 9.000000000000001776, 16.83999999999999631 ) ) ;
#2183 =( LENGTH_UNIT ( ) NAMED_UNIT ( * ) SI_UNIT ( .MILLI., .METRE. ) );
#2184 = CARTESIAN_POINT ( 'NONE',  ( 6.500000000000000888, 14.69999999999999929, 10.53000000000000114 ) ) ;
#2185 = EDGE_CURVE ( 'NONE', #6113, #1597, #5634, .T. ) ;
#2186 = ORIENTED_EDGE ( 'NONE', *, *, #2520, .T. ) ;
#2187 = SURFACE_SIDE_STYLE ('',( #6926 ) ) ;
#2188 = CARTESIAN_POINT ( 'NONE',  ( 9.800000000000000711, 15.69999999999999929, 16.72999999999999687 ) ) ;
#2189 = ORIENTED_EDGE ( 'NONE', *, *, #2692, .T. ) ;
#2190 = CARTESIAN_POINT ( 'NONE',  ( 8.599999999999999645, 17.39999999999999858, 2.209999999999999964 ) ) ;
#2191 = CARTESIAN_POINT ( 'NONE',  ( 4.150000000000000355, 9.000000000000001776, -13.72999999999999865 ) ) ;
#2192 = EDGE_CURVE ( 'NONE', #5982, #2057, #6131, .T. ) ;
#2193 = ORIENTED_EDGE ( 'NONE', *, *, #1536, .F. ) ;
#2194 = EDGE_CURVE ( 'NONE', #7320, #5574, #2000, .T. ) ;
#2195 =( LENGTH_UNIT ( ) NAMED_UNIT ( * ) SI_UNIT ( .MILLI., .METRE. ) );
#2196 = DIRECTION ( 'NONE',  ( 1.000000000000000000, 0.0000000000000000000, 0.0000000000000000000 ) ) ;
#2197 = FILL_AREA_STYLE_COLOUR ( '', #3683 ) ;
#2198 = PRESENTATION_STYLE_ASSIGNMENT (( #1767 ) ) ;
#2199 = LINE ( 'NONE', #3400, #1175 ) ;
#2200 = EDGE_CURVE ( 'NONE', #6104, #3790, #739, .T. ) ;
#2201 = CARTESIAN_POINT ( 'NONE',  ( 9.800000000000000711, 9.000000000000001776, 12.91999999999999993 ) ) ;
#2202 = ORIENTED_EDGE ( 'NONE', *, *, #25, .T. ) ;
#2203 = EDGE_LOOP ( 'NONE', ( #2957, #5561, #7182, #5365 ) ) ;
#2204 = CARTESIAN_POINT ( 'NONE',  ( 6.500000000000000888, 14.69999999999999929, 15.24000000000000021 ) ) ;
#2205 = ADVANCED_FACE ( 'NONE', ( #6210 ), #255, .F. ) ;
#2206 = DIRECTION ( 'NONE',  ( -0.0000000000000000000, -1.000000000000000000, -0.0000000000000000000 ) ) ;
#2207 = MECHANICAL_DESIGN_GEOMETRIC_PRESENTATION_REPRESENTATION (  '', ( #1831 ), #5977 ) ;
#2208 = ORIENTED_EDGE ( 'NONE', *, *, #2684, .T. ) ;
#2209 = CARTESIAN_POINT ( 'NONE',  ( 4.150000000000000355, 9.000000000000001776, 4.849230484541299013 ) ) ;
#2210 = MECHANICAL_DESIGN_GEOMETRIC_PRESENTATION_REPRESENTATION (  '', ( #694 ), #3228 ) ;
#2211 = VECTOR ( 'NONE', #7609, 1000.000000000000000 ) ;
#2212 =( GEOMETRIC_REPRESENTATION_CONTEXT ( 3 ) GLOBAL_UNCERTAINTY_ASSIGNED_CONTEXT ( ( #162 ) ) GLOBAL_UNIT_ASSIGNED_CONTEXT ( ( #7008, #498, #1568 ) ) REPRESENTATION_CONTEXT ( 'NONE', 'WORKASPACE' ) );
#2213 = VERTEX_POINT ( 'NONE', #7468 ) ;
#2214 = ORIENTED_EDGE ( 'NONE', *, *, #507, .F. ) ;
#2215 = FACE_OUTER_BOUND ( 'NONE', #4557, .T. ) ;
#2216 = DIRECTION ( 'NONE',  ( -1.000000000000000000, 0.0000000000000000000, 0.0000000000000000000 ) ) ;
#2217 = COLOUR_RGB ( '',1.000000000000000000, 1.000000000000000000, 1.000000000000000000 ) ;
#2218 = MECHANICAL_DESIGN_GEOMETRIC_PRESENTATION_REPRESENTATION (  '', ( #3993 ), #1848 ) ;
#2219 = VERTEX_POINT ( 'NONE', #3824 ) ;
#2220 = UNCERTAINTY_MEASURE_WITH_UNIT (LENGTH_MEASURE( 1.000000000000000082E-05 ), #88, 'distance_accuracy_value', 'NONE');
#2221 = CARTESIAN_POINT ( 'NONE',  ( 6.900000000000000355, 14.69999999999999929, 8.019999999999999574 ) ) ;
#2222 = LINE ( 'NONE', #926, #233 ) ;
#2223 = CIRCLE ( 'NONE', #6254, 0.1999999999999987899 ) ;
#2224 = DIRECTION ( 'NONE',  ( 0.0000000000000000000, -1.000000000000000000, 0.0000000000000000000 ) ) ;
#2225 = DIRECTION ( 'NONE',  ( 0.2357022603955121753, 0.9428090415820651327, -0.2357022603955121753 ) ) ;
#2226 =( NAMED_UNIT ( * ) SI_UNIT ( $, .STERADIAN. ) SOLID_ANGLE_UNIT ( ) );
#2227 = FILL_AREA_STYLE_COLOUR ( '', #7800 ) ;
#2228 = ORIENTED_EDGE ( 'NONE', *, *, #2774, .F. ) ;
#2229 = CARTESIAN_POINT ( 'NONE',  ( 6.099999999999999645, 14.69999999999999929, 11.02999999999999936 ) ) ;
#2230 = AXIS2_PLACEMENT_3D ( 'NONE', #1104, #3040, #7796 ) ;
#2231 = PLANE ( 'NONE',  #1867 ) ;
#2232 = CIRCLE ( 'NONE', #7019, 0.8999999999999998002 ) ;
#2233 = VERTEX_POINT ( 'NONE', #2668 ) ;
#2234 = DIRECTION ( 'NONE',  ( 0.0000000000000000000, 0.0000000000000000000, 1.000000000000000000 ) ) ;
#2235 = ORIENTED_EDGE ( 'NONE', *, *, #6040, .T. ) ;
#2236 = VECTOR ( 'NONE', #5354, 1000.000000000000000 ) ;
#2237 = AXIS2_PLACEMENT_3D ( 'NONE', #4622, #5284, #1572 ) ;
#2238 = PLANE ( 'NONE',  #4498 ) ;
#2239 = DIRECTION ( 'NONE',  ( 0.0000000000000000000, 0.0000000000000000000, 1.000000000000000000 ) ) ;
#2240 = DIRECTION ( 'NONE',  ( 1.000000000000000000, 0.0000000000000000000, 0.0000000000000000000 ) ) ;
#2241 = UNCERTAINTY_MEASURE_WITH_UNIT (LENGTH_MEASURE( 1.000000000000000082E-05 ), #639, 'distance_accuracy_value', 'NONE');
#2242 = DIRECTION ( 'NONE',  ( -0.0000000000000000000, -1.000000000000000000, -0.0000000000000000000 ) ) ;
#2243 = EDGE_LOOP ( 'NONE', ( #5688, #6990, #7337, #5732 ) ) ;
#2244 = ORIENTED_EDGE ( 'NONE', *, *, #1627, .F. ) ;
#2245 = ADVANCED_FACE ( 'NONE', ( #3312 ), #296, .F. ) ;
#2246 = EDGE_CURVE ( 'NONE', #1357, #1261, #4379, .T. ) ;
#2247 = CARTESIAN_POINT ( 'NONE',  ( 7.549999999999999822, 10.10000000000000142, 20.85000000000000142 ) ) ;
#2248 = SURFACE_SIDE_STYLE ('',( #6983 ) ) ;
#2249 = EDGE_CURVE ( 'NONE', #3758, #5381, #5050, .T. ) ;
#2250 = VERTEX_POINT ( 'NONE', #4540 ) ;
#2251 = DIRECTION ( 'NONE',  ( 0.0000000000000000000, 1.000000000000000000, 0.0000000000000000000 ) ) ;
#2252 = ORIENTED_EDGE ( 'NONE', *, *, #1319, .F. ) ;
#2253 = DIRECTION ( 'NONE',  ( -0.9451512019217267468, 0.0000000000000000000, 0.3266331359582419491 ) ) ;
#2254 = VECTOR ( 'NONE', #6065, 1000.000000000000000 ) ;
#2255 = CARTESIAN_POINT ( 'NONE',  ( 9.800000000000000711, 17.39999999999999858, 2.319999999999998952 ) ) ;
#2256 = DIRECTION ( 'NONE',  ( -0.0000000000000000000, -1.000000000000000000, -0.0000000000000000000 ) ) ;
#2257 = ORIENTED_EDGE ( 'NONE', *, *, #7685, .T. ) ;
#2258 = CARTESIAN_POINT ( 'NONE',  ( 6.099999999999999645, 21.69999999999999929, 19.44999999999999929 ) ) ;
#2259 = LINE ( 'NONE', #1592, #1759 ) ;
#2260 = SURFACE_STYLE_FILL_AREA ( #6640 ) ;
#2261 = DIRECTION ( 'NONE',  ( 0.0000000000000000000, 0.0000000000000000000, -1.000000000000000000 ) ) ;
#2262 = DIRECTION ( 'NONE',  ( -0.2357022603955148676, 0.9428090415820634673, 0.2357022603955158668 ) ) ;
#2263 = DIRECTION ( 'NONE',  ( -1.000000000000000000, 0.0000000000000000000, 0.0000000000000000000 ) ) ;
#2264 = ORIENTED_EDGE ( 'NONE', *, *, #555, .F. ) ;
#2265 = CARTESIAN_POINT ( 'NONE',  ( 8.599999999999999645, 15.69999999999999929, 6.920000000000002593 ) ) ;
#2266 = VECTOR ( 'NONE', #4861, 1000.000000000000000 ) ;
#2267 = DIRECTION ( 'NONE',  ( 0.0000000000000000000, 0.0000000000000000000, 1.000000000000000000 ) ) ;
#2268 = DIRECTION ( 'NONE',  ( 0.0000000000000000000, -0.2425356250363329691, 0.9701425001453318764 ) ) ;
#2269 = ORIENTED_EDGE ( 'NONE', *, *, #562, .F. ) ;
#2270 = PRESENTATION_STYLE_ASSIGNMENT (( #5206 ) ) ;
#2271 = PRESENTATION_LAYER_ASSIGNMENT (  '', '', ( #2643 ) ) ;
#2272 = DIRECTION ( 'NONE',  ( 0.3266331359582419491, 0.0000000000000000000, 0.9451512019217267468 ) ) ;
#2273 = DIRECTION ( 'NONE',  ( 0.0000000000000000000, 0.0000000000000000000, 1.000000000000000000 ) ) ;
#2274 = FILL_AREA_STYLE_COLOUR ( '', #4591 ) ;
#2275 = AXIS2_PLACEMENT_3D ( 'NONE', #3132, #6027, #6672 ) ;
#2276 = CARTESIAN_POINT ( 'NONE',  ( 3.500000000000000000, 18.19999999999999929, -9.919999999999999929 ) ) ;
#2277 = ORIENTED_EDGE ( 'NONE', *, *, #3314, .F. ) ;
#2278 = AXIS2_PLACEMENT_3D ( 'NONE', #5709, #4457, #3821 ) ;
#2279 = VERTEX_POINT ( 'NONE', #6457 ) ;
#2280 = CARTESIAN_POINT ( 'NONE',  ( 6.900000000000000355, 10.40000000000000213, 4.209999999999998188 ) ) ;
#2281 = VECTOR ( 'NONE', #4618, 1000.000000000000000 ) ;
#2282 = PRESENTATION_LAYER_ASSIGNMENT (  '', '', ( #5564 ) ) ;
#2283 = DIRECTION ( 'NONE',  ( -4.336808689942009847E-15, 1.000000000000000000, 0.0000000000000000000 ) ) ;
#2284 = CARTESIAN_POINT ( 'NONE',  ( 9.119999999999999218, 9.000000000000001776, 2.555000000000001492 ) ) ;
#2285 = EDGE_CURVE ( 'NONE', #3079, #7097, #4610, .T. ) ;
#2286 = EDGE_LOOP ( 'NONE', ( #1114, #6107, #4789, #5583 ) ) ;
#2287 = VECTOR ( 'NONE', #3129, 1000.000000000000000 ) ;
#2288 = DIRECTION ( 'NONE',  ( 1.000000000000000000, 0.0000000000000000000, 0.0000000000000000000 ) ) ;
#2289 = ADVANCED_FACE ( 'NONE', ( #937, #979 ), #2819, .T. ) ;
#2290 = EDGE_CURVE ( 'NONE', #1526, #3200, #3349, .T. ) ;
#2291 = VERTEX_POINT ( 'NONE', #494 ) ;
#2292 = CARTESIAN_POINT ( 'NONE',  ( 7.549999999999999822, 10.50000000000000711, 20.64999999999999858 ) ) ;
#2293 = EDGE_CURVE ( 'NONE', #281, #3200, #2904, .T. ) ;
#2294 = PRESENTATION_LAYER_ASSIGNMENT (  '', '', ( #3316 ) ) ;
#2295 = VECTOR ( 'NONE', #832, 1000.000000000000000 ) ;
#2296 = DIRECTION ( 'NONE',  ( 0.0000000000000000000, 0.0000000000000000000, -1.000000000000000000 ) ) ;
#2297 = ORIENTED_EDGE ( 'NONE', *, *, #409, .T. ) ;
#2298 = UNCERTAINTY_MEASURE_WITH_UNIT (LENGTH_MEASURE( 1.000000000000000082E-05 ), #2076, 'distance_accuracy_value', 'NONE');
#2299 = LINE ( 'NONE', #7102, #7194 ) ;
#2300 = EDGE_CURVE ( 'NONE', #1306, #1625, #2232, .T. ) ;
#2301 = DIRECTION ( 'NONE',  ( 0.0000000000000000000, -1.000000000000000000, 0.0000000000000000000 ) ) ;
#2302 = VECTOR ( 'NONE', #7274, 1000.000000000000000 ) ;
#2303 = ADVANCED_FACE ( 'NONE', ( #4731 ), #7084, .T. ) ;
#2304 = CARTESIAN_POINT ( 'NONE',  ( 9.800000000000000711, 17.39999999999999858, 5.299999999999998934 ) ) ;
#2305 = SURFACE_STYLE_FILL_AREA ( #1271 ) ;
#2306 = CARTESIAN_POINT ( 'NONE',  ( 2.950000000000000178, 17.39999999999999858, 19.05000000000000071 ) ) ;
#2307 = FILL_AREA_STYLE_COLOUR ( '', #4551 ) ;
#2308 = ORIENTED_EDGE ( 'NONE', *, *, #1386, .T. ) ;
#2309 = DIRECTION ( 'NONE',  ( 0.0000000000000000000, 0.0000000000000000000, -1.000000000000000000 ) ) ;
#2310 = CARTESIAN_POINT ( 'NONE',  ( 6.099999999999999645, 21.69999999999999929, 18.84999999999999787 ) ) ;
#2311 = CARTESIAN_POINT ( 'NONE',  ( 6.899999999999999467, 20.89999999999999147, 7.220000000000000639 ) ) ;
#2312 = ORIENTED_EDGE ( 'NONE', *, *, #5486, .T. ) ;
#2313 = DIRECTION ( 'NONE',  ( 0.0000000000000000000, -1.000000000000000000, 0.0000000000000000000 ) ) ;
#2314 = CARTESIAN_POINT ( 'NONE',  ( 6.099999999999999645, 10.40000000000000213, 18.64999999999999858 ) ) ;
#2315 = LINE ( 'NONE', #4733, #6096 ) ;
#2316 = CARTESIAN_POINT ( 'NONE',  ( 9.800000000000000711, 9.000000000000001776, 5.299999999999998934 ) ) ;
#2317 = CARTESIAN_POINT ( 'NONE',  ( 4.150000000000000355, 9.000000000000001776, 18.01076951545870131 ) ) ;
#2318 = CARTESIAN_POINT ( 'NONE',  ( 6.349999999999999645, 10.50000000000000711, 2.210000000000003517 ) ) ;
#2319 = SURFACE_STYLE_FILL_AREA ( #4112 ) ;
#2320 = ORIENTED_EDGE ( 'NONE', *, *, #1153, .T. ) ;
#2321 = ORIENTED_EDGE ( 'NONE', *, *, #2431, .F. ) ;
#2322 = FACE_OUTER_BOUND ( 'NONE', #4381, .T. ) ;
#2323 = EDGE_LOOP ( 'NONE', ( #5540, #2157, #4916, #1603 ) ) ;
#2324 = CARTESIAN_POINT ( 'NONE',  ( 7.747222222222190702, 17.51111111111116969, 6.372777777777810293 ) ) ;
#2325 = EDGE_LOOP ( 'NONE', ( #4421, #1654, #3677, #6255 ) ) ;
#2326 = FACE_OUTER_BOUND ( 'NONE', #4269, .T. ) ;
#2327 = VECTOR ( 'NONE', #3687, 1000.000000000000000 ) ;
#2328 = VERTEX_POINT ( 'NONE', #3505 ) ;
#2330 = CARTESIAN_POINT ( 'NONE',  ( 6.099999999999999645, 11.19999999999999929, 8.019999999999999574 ) ) ;
#2329 = VECTOR ( 'NONE', #3579, 1000.000000000000000 ) ;
#2331 =( LENGTH_UNIT ( ) NAMED_UNIT ( * ) SI_UNIT ( .MILLI., .METRE. ) );
#2332 = ORIENTED_EDGE ( 'NONE', *, *, #3167, .F. ) ;
#2333 = FACE_OUTER_BOUND ( 'NONE', #6519, .T. ) ;
#2334 = AXIS2_PLACEMENT_3D ( 'NONE', #4876, #759, #6108 ) ;
#2335 = VECTOR ( 'NONE', #1881, 1000.000000000000000 ) ;
#2336 = EDGE_CURVE ( 'NONE', #4005, #2358, #1094, .T. ) ;
#2337 = EDGE_CURVE ( 'NONE', #400, #192, #4061, .T. ) ;
#2338 = DIRECTION ( 'NONE',  ( -4.336808689942009847E-15, 1.000000000000000000, 0.0000000000000000000 ) ) ;
#2339 = CARTESIAN_POINT ( 'NONE',  ( 6.299999999999998046, 21.69999999999999929, -7.620000000000000107 ) ) ;
#2340 = CARTESIAN_POINT ( 'NONE',  ( 4.150000000000000355, 9.000000000000001776, 9.830000000000000071 ) ) ;
#2341 = VERTEX_POINT ( 'NONE', #7003 ) ;
#2342 = COLOUR_RGB ( '',1.000000000000000000, 1.000000000000000000, 1.000000000000000000 ) ;
#2343 = PLANE ( 'NONE',  #3046 ) ;
#2344 = DIRECTION ( 'NONE',  ( -0.0000000000000000000, 1.000000000000000000, -0.0000000000000000000 ) ) ;
#2345 = EDGE_CURVE ( 'NONE', #7137, #4623, #2155, .T. ) ;
#2346 = LINE ( 'NONE', #5935, #717 ) ;
#2347 = EDGE_CURVE ( 'NONE', #1236, #1933, #6414, .T. ) ;
#2348 = DIRECTION ( 'NONE',  ( 0.0000000000000000000, 0.0000000000000000000, 1.000000000000000000 ) ) ;
#2349 = CARTESIAN_POINT ( 'NONE',  ( 6.099999999999999645, 21.69999999999999929, 18.64999999999999858 ) ) ;
#2350 = CARTESIAN_POINT ( 'NONE',  ( 6.700000000000000178, 10.40000000000000213, 19.44999999999999929 ) ) ;
#2351 = CARTESIAN_POINT ( 'NONE',  ( 10.00000000000000000, 17.69999999999999929, 21.35000000000000142 ) ) ;
#2352 = CARTESIAN_POINT ( 'NONE',  ( 0.0000000000000000000, 21.69999999999999929, 11.22999999999999865 ) ) ;
#2353 = MECHANICAL_DESIGN_GEOMETRIC_PRESENTATION_REPRESENTATION (  '', ( #463 ), #7762 ) ;
#2354 = CARTESIAN_POINT ( 'NONE',  ( 4.150000000000000355, 17.39999999999999858, 6.020000000000001350 ) ) ;
#2355 = PLANE ( 'NONE',  #2802 ) ;
#2356 = VECTOR ( 'NONE', #1058, 1000.000000000000000 ) ;
#2357 = SURFACE_STYLE_USAGE ( .BOTH. , #2914 ) ;
#2358 = VERTEX_POINT ( 'NONE', #5860 ) ;
#2359 = VERTEX_POINT ( 'NONE', #454 ) ;
#2360 = FACE_OUTER_BOUND ( 'NONE', #2243, .T. ) ;
#2361 = ORIENTED_EDGE ( 'NONE', *, *, #3081, .T. ) ;
#2362 = CARTESIAN_POINT ( 'NONE',  ( 10.69999999999999929, 12.00000000000000000, 1.510000000000000897 ) ) ;
#2363 =( NAMED_UNIT ( * ) SI_UNIT ( $, .STERADIAN. ) SOLID_ANGLE_UNIT ( ) );
#2364 = STYLED_ITEM ( 'NONE', ( #6837 ), #6720 ) ;
#2365 = COLOUR_RGB ( '',1.000000000000000000, 1.000000000000000000, 1.000000000000000000 ) ;
#2366 = VERTEX_POINT ( 'NONE', #5749 ) ;
#2367 = DIRECTION ( 'NONE',  ( 0.0000000000000000000, -1.000000000000000000, 0.0000000000000000000 ) ) ;
#2368 = ORIENTED_EDGE ( 'NONE', *, *, #4613, .F. ) ;
#2369 = PLANE ( 'NONE',  #1075 ) ;
#2370 = FACE_OUTER_BOUND ( 'NONE', #4818, .T. ) ;
#2371 = ORIENTED_EDGE ( 'NONE', *, *, #5150, .T. ) ;
#2372 = FACE_OUTER_BOUND ( 'NONE', #3884, .T. ) ;
#2373 = VECTOR ( 'NONE', #1708, 1000.000000000000000 ) ;
#2374 = ORIENTED_EDGE ( 'NONE', *, *, #6388, .T. ) ;
#2375 = CARTESIAN_POINT ( 'NONE',  ( 6.099999999999999645, 20.89999999999999147, 4.209999999999998188 ) ) ;
#2376 = LINE ( 'NONE', #1167, #2012 ) ;
#2377 = ORIENTED_EDGE ( 'NONE', *, *, #805, .T. ) ;
#2378 = FACE_OUTER_BOUND ( 'NONE', #6971, .T. ) ;
#2379 = CARTESIAN_POINT ( 'NONE',  ( 6.899999999999999467, 20.89999999999999147, 14.83999999999999986 ) ) ;
#2380 = EDGE_CURVE ( 'NONE', #4378, #1333, #343, .T. ) ;
#2381 =( NAMED_UNIT ( * ) SI_UNIT ( $, .STERADIAN. ) SOLID_ANGLE_UNIT ( ) );
#2382 = AXIS2_PLACEMENT_3D ( 'NONE', #6600, #4839, #564 ) ;
#2383 =( LENGTH_UNIT ( ) NAMED_UNIT ( * ) SI_UNIT ( .MILLI., .METRE. ) );
#2384 = ADVANCED_FACE ( 'NONE', ( #5898 ), #2862, .F. ) ;
#2385 = DIRECTION ( 'NONE',  ( 0.0000000000000000000, 0.0000000000000000000, -1.000000000000000000 ) ) ;
#2386 = ADVANCED_FACE ( 'NONE', ( #1835 ), #3577, .T. ) ;
#2387 = PRESENTATION_LAYER_ASSIGNMENT (  '', '', ( #7409 ) ) ;
#2388 = FACE_BOUND ( 'NONE', #1393, .T. ) ;
#2389 = FACE_OUTER_BOUND ( 'NONE', #4730, .T. ) ;
#2390 = PLANE ( 'NONE',  #889 ) ;
#2391 = FACE_BOUND ( 'NONE', #6179, .T. ) ;
#2392 = LINE ( 'NONE', #6014, #982 ) ;
#2393 = VERTEX_POINT ( 'NONE', #3538 ) ;
#2394 = DIRECTION ( 'NONE',  ( 0.0000000000000000000, 1.000000000000000000, 0.0000000000000000000 ) ) ;
#2395 = PRESENTATION_LAYER_ASSIGNMENT (  '', '', ( #3795 ) ) ;
#2396 = ORIENTED_EDGE ( 'NONE', *, *, #7244, .F. ) ;
#2397 = LINE ( 'NONE', #6586, #4296 ) ;
#2398 = VECTOR ( 'NONE', #293, 1000.000000000000000 ) ;
#2399 = ORIENTED_EDGE ( 'NONE', *, *, #4860, .F. ) ;
#2400 = AXIS2_PLACEMENT_3D ( 'NONE', #6248, #4676, #4045 ) ;
#2401 = CIRCLE ( 'NONE', #2651, 0.5000000000000004441 ) ;
#2402 = VERTEX_POINT ( 'NONE', #3694 ) ;
#2403 = CARTESIAN_POINT ( 'NONE',  ( 6.899999999999999467, 18.19999999999999929, 18.64999999999999858 ) ) ;
#2404 = DIRECTION ( 'NONE',  ( 0.0000000000000000000, 0.0000000000000000000, 1.000000000000000000 ) ) ;
#2405 = STYLED_ITEM ( 'NONE', ( #6083 ), #4473 ) ;
#2406 = ORIENTED_EDGE ( 'NONE', *, *, #1630, .F. ) ;
#2407 =( NAMED_UNIT ( * ) PLANE_ANGLE_UNIT ( ) SI_UNIT ( $, .RADIAN. ) );
#2408 = COLOUR_RGB ( '',1.000000000000000000, 1.000000000000000000, 1.000000000000000000 ) ;
#2409 = AXIS2_PLACEMENT_3D ( 'NONE', #2139, #2104, #5224 ) ;
#2410 = ORIENTED_EDGE ( 'NONE', *, *, #5950, .F. ) ;
#2411 = LINE ( 'NONE', #5304, #6996 ) ;
#2412 = FACE_OUTER_BOUND ( 'NONE', #2751, .T. ) ;
#2413 = DIRECTION ( 'NONE',  ( -1.000000000000000000, 0.0000000000000000000, 0.0000000000000000000 ) ) ;
#2414 = CYLINDRICAL_SURFACE ( 'NONE', #2382, 0.4499999999999999001 ) ;
#2415 = VERTEX_POINT ( 'NONE', #5397 ) ;
#2416 = DIRECTION ( 'NONE',  ( 0.0000000000000000000, 0.0000000000000000000, -1.000000000000000000 ) ) ;
#2417 = LINE ( 'NONE', #2379, #6521 ) ;
#2418 = VECTOR ( 'NONE', #1612, 1000.000000000000000 ) ;
#2419 = SURFACE_STYLE_USAGE ( .BOTH. , #569 ) ;
#2420 = FILL_AREA_STYLE ('',( #4921 ) ) ;
#2421 = DIRECTION ( 'NONE',  ( 1.000000000000000000, 0.0000000000000000000, 0.0000000000000000000 ) ) ;
#2422 = LINE ( 'NONE', #3507, #2833 ) ;
#2423 = DIRECTION ( 'NONE',  ( 1.000000000000000000, 0.0000000000000000000, 0.0000000000000000000 ) ) ;
#2424 = PLANE ( 'NONE',  #2791 ) ;
#2425 = LINE ( 'NONE', #6805, #780 ) ;
#2426 = CARTESIAN_POINT ( 'NONE',  ( 6.500000000000000888, 14.69999999999999929, 8.520000000000001350 ) ) ;
#2427 = CARTESIAN_POINT ( 'NONE',  ( 6.700000000000001066, 21.69999999999999929, 15.03999999999999737 ) ) ;
#2428 = CARTESIAN_POINT ( 'NONE',  ( 2.950000000000000178, 9.000000000000001776, 7.620000000000001883 ) ) ;
#2429 = EDGE_LOOP ( 'NONE', ( #6345, #2594, #3253, #1004 ) ) ;
#2430 = SURFACE_SIDE_STYLE ('',( #4189 ) ) ;
#2431 = EDGE_CURVE ( 'NONE', #2250, #4597, #2346, .T. ) ;
#2432 = LINE ( 'NONE', #3114, #833 ) ;
#2433 = EDGE_CURVE ( 'NONE', #1018, #224, #3657, .T. ) ;
#2434 = ORIENTED_EDGE ( 'NONE', *, *, #3945, .F. ) ;
#2435 = ADVANCED_FACE ( 'NONE', ( #1173 ), #1244, .F. ) ;
#2436 = DIRECTION ( 'NONE',  ( 1.000000000000000000, 0.0000000000000000000, -0.0000000000000000000 ) ) ;
#2437 = SURFACE_STYLE_USAGE ( .BOTH. , #1739 ) ;
#2438 = ORIENTED_EDGE ( 'NONE', *, *, #6092, .T. ) ;
#2439 = EDGE_CURVE ( 'NONE', #4550, #3326, #3619, .T. ) ;
#2440 = CARTESIAN_POINT ( 'NONE',  ( 6.900000000000000355, 14.69999999999999929, 15.63999999999999702 ) ) ;
#2441 = EDGE_CURVE ( 'NONE', #5889, #7540, #1879, .T. ) ;
#2442 = ORIENTED_EDGE ( 'NONE', *, *, #1376, .F. ) ;
#2443 = CARTESIAN_POINT ( 'NONE',  ( 10.50000000000000000, 12.59999999999999964, 1.510000000000000897 ) ) ;
#2444 = CARTESIAN_POINT ( 'NONE',  ( 6.099999999999999645, 11.19999999999999929, 11.82999999999999829 ) ) ;
#2445 = ORIENTED_EDGE ( 'NONE', *, *, #4092, .F. ) ;
#2446 = SURFACE_STYLE_FILL_AREA ( #3766 ) ;
#2447 = VECTOR ( 'NONE', #249, 1000.000000000000000 ) ;
#2448 = ORIENTED_EDGE ( 'NONE', *, *, #44, .F. ) ;
#2449 = LINE ( 'NONE', #1268, #572 ) ;
#2450 = VECTOR ( 'NONE', #3062, 1000.000000000000000 ) ;
#2451 = CARTESIAN_POINT ( 'NONE',  ( 9.119999999999999218, 9.000000000000001776, 6.920000000000002593 ) ) ;
#2452 = LINE ( 'NONE', #2944, #6793 ) ;
#2453 = VERTEX_POINT ( 'NONE', #1359 ) ;
#2454 = DIRECTION ( 'NONE',  ( 1.000000000000000000, 0.0000000000000000000, 0.0000000000000000000 ) ) ;
#2455 = VECTOR ( 'NONE', #5815, 1000.000000000000000 ) ;
#2456 = DIRECTION ( 'NONE',  ( 1.000000000000000000, 0.0000000000000000000, 0.0000000000000000000 ) ) ;
#2457 = DIRECTION ( 'NONE',  ( -1.000000000000000000, 0.0000000000000000000, -0.0000000000000000000 ) ) ;
#2458 = CARTESIAN_POINT ( 'NONE',  ( 8.599999999999999645, 15.69999999999999929, 13.63999999999999879 ) ) ;
#2459 =( NAMED_UNIT ( * ) SI_UNIT ( $, .STERADIAN. ) SOLID_ANGLE_UNIT ( ) );
#2460 = VECTOR ( 'NONE', #1403, 1000.000000000000000 ) ;
#2461 = DIRECTION ( 'NONE',  ( 0.0000000000000000000, 0.0000000000000000000, 1.000000000000000000 ) ) ;
#2462 =( NAMED_UNIT ( * ) SI_UNIT ( $, .STERADIAN. ) SOLID_ANGLE_UNIT ( ) );
#2463 = FACE_OUTER_BOUND ( 'NONE', #2429, .T. ) ;
#2464 = DIRECTION ( 'NONE',  ( 0.0000000000000000000, 1.000000000000000000, 0.0000000000000000000 ) ) ;
#2465 = FACE_OUTER_BOUND ( 'NONE', #2323, .T. ) ;
#2466 = CARTESIAN_POINT ( 'NONE',  ( 9.119999999999999218, 17.39999999999999858, 10.17500000000000249 ) ) ;
#2467 = VECTOR ( 'NONE', #4807, 1000.000000000000000 ) ;
#2468 = ORIENTED_EDGE ( 'NONE', *, *, #3036, .T. ) ;
#2469 = PRESENTATION_STYLE_ASSIGNMENT (( #4856 ) ) ;
#2470 = COLOUR_RGB ( '',1.000000000000000000, 1.000000000000000000, 1.000000000000000000 ) ;
#2471 = CARTESIAN_POINT ( 'NONE',  ( 6.500000000000000888, 14.69999999999999929, 11.43000000000000149 ) ) ;
#2472 = ORIENTED_EDGE ( 'NONE', *, *, #6924, .F. ) ;
#2473 =( GEOMETRIC_REPRESENTATION_CONTEXT ( 3 ) GLOBAL_UNCERTAINTY_ASSIGNED_CONTEXT ( ( #4289 ) ) GLOBAL_UNIT_ASSIGNED_CONTEXT ( ( #545, #1926, #4932 ) ) REPRESENTATION_CONTEXT ( 'NONE', 'WORKASPACE' ) );
#2474 = CARTESIAN_POINT ( 'NONE',  ( 6.099999999999999645, 20.89999999999999147, 11.82999999999999829 ) ) ;
#2475 = EDGE_CURVE ( 'NONE', #6753, #7, #5584, .T. ) ;
#2476 = ORIENTED_EDGE ( 'NONE', *, *, #4141, .T. ) ;
#2477 = VECTOR ( 'NONE', #6900, 1000.000000000000000 ) ;
#2478 = DIRECTION ( 'NONE',  ( 0.0000000000000000000, 0.0000000000000000000, 1.000000000000000000 ) ) ;
#2479 = MECHANICAL_DESIGN_GEOMETRIC_PRESENTATION_REPRESENTATION (  '', ( #7256 ), #6889 ) ;
#2480 = ADVANCED_FACE ( 'NONE', ( #6878 ), #6201, .F. ) ;
#2481 = ORIENTED_EDGE ( 'NONE', *, *, #3411, .F. ) ;
#2482 = DIRECTION ( 'NONE',  ( 0.0000000000000000000, -1.000000000000000000, 0.0000000000000000000 ) ) ;
#2483 = PRESENTATION_LAYER_ASSIGNMENT (  '', '', ( #2866 ) ) ;
#2484 = EDGE_CURVE ( 'NONE', #4396, #7545, #3814, .T. ) ;
#2485 = LINE ( 'NONE', #3011, #5202 ) ;
#2486 = EDGE_LOOP ( 'NONE', ( #5759, #2042, #844, #4502 ) ) ;
#2487 = CARTESIAN_POINT ( 'NONE',  ( 6.349999999999999645, 10.00000000000000178, 2.210000000000003517 ) ) ;
#2488 = EDGE_LOOP ( 'NONE', ( #2679, #3214, #6145, #2442 ) ) ;
#2489 = LINE ( 'NONE', #4952, #1583 ) ;
#2490 = DIRECTION ( 'NONE',  ( -1.000000000000000000, 0.0000000000000000000, 0.0000000000000000000 ) ) ;
#2491 = CYLINDRICAL_SURFACE ( 'NONE', #6550, 0.4499999999999990119 ) ;
#2492 = VERTEX_POINT ( 'NONE', #4331 ) ;
#2493 = CARTESIAN_POINT ( 'NONE',  ( 6.900000000000000355, 14.69999999999999929, 11.02999999999999936 ) ) ;
#2494 = SURFACE_SIDE_STYLE ('',( #1830 ) ) ;
#2495 = VERTEX_POINT ( 'NONE', #5658 ) ;
#2496 =( NAMED_UNIT ( * ) PLANE_ANGLE_UNIT ( ) SI_UNIT ( $, .RADIAN. ) );
#2497 = LINE ( 'NONE', #1246, #6882 ) ;
#2498 = CARTESIAN_POINT ( 'NONE',  ( 4.599999999999999645, 15.69999999999999929, 18.01076951545870131 ) ) ;
#2499 = SURFACE_STYLE_FILL_AREA ( #2034 ) ;
#2500 = CARTESIAN_POINT ( 'NONE',  ( 6.500000000000000888, 15.69999999999999929, 12.33000000000000007 ) ) ;
#2501 = SURFACE_STYLE_USAGE ( .BOTH. , #1883 ) ;
#2502 = LINE ( 'NONE', #4259, #4428 ) ;
#2503 = CARTESIAN_POINT ( 'NONE',  ( 6.500000000000000888, 14.69999999999999929, 8.520000000000001350 ) ) ;
#2504 = CARTESIAN_POINT ( 'NONE',  ( 6.299999999999998046, 21.69999999999999929, 0.0000000000000000000 ) ) ;
#2505 = ORIENTED_EDGE ( 'NONE', *, *, #1859, .F. ) ;
#2506 = FILL_AREA_STYLE ('',( #23 ) ) ;
#2507 = AXIS2_PLACEMENT_3D ( 'NONE', #3612, #5462, #6033 ) ;
#2508 = ORIENTED_EDGE ( 'NONE', *, *, #6792, .F. ) ;
#2509 = CARTESIAN_POINT ( 'NONE',  ( 4.150000000000000355, 15.69999999999999929, 6.020000000000001350 ) ) ;
#2510 = DIRECTION ( 'NONE',  ( -1.000000000000000000, 0.0000000000000000000, 0.0000000000000000000 ) ) ;
#2511 = ORIENTED_EDGE ( 'NONE', *, *, #5338, .T. ) ;
#2512 = VECTOR ( 'NONE', #5881, 1000.000000000000114 ) ;
#2513 = ORIENTED_EDGE ( 'NONE', *, *, #3996, .T. ) ;
#2514 =( LENGTH_UNIT ( ) NAMED_UNIT ( * ) SI_UNIT ( .MILLI., .METRE. ) );
#2515 = ORIENTED_EDGE ( 'NONE', *, *, #3648, .F. ) ;
#2516 = EDGE_CURVE ( 'NONE', #3954, #7550, #5039, .T. ) ;
#2517 = VERTEX_POINT ( 'NONE', #2613 ) ;
#2518 = VECTOR ( 'NONE', #3561, 1000.000000000000000 ) ;
#2519 = CARTESIAN_POINT ( 'NONE',  ( 4.150000000000000355, 17.39999999999999858, 20.08923048454130011 ) ) ;
#2520 = EDGE_CURVE ( 'NONE', #954, #5642, #120, .T. ) ;
#2521 = EDGE_CURVE ( 'NONE', #6237, #722, #3142, .T. ) ;
#2522 = EDGE_LOOP ( 'NONE', ( #5130, #973, #6910, #3603 ) ) ;
#2523 = CARTESIAN_POINT ( 'NONE',  ( 9.119999999999999218, 15.69999999999999929, 14.54000000000000092 ) ) ;
#2524 = AXIS2_PLACEMENT_3D ( 'NONE', #1287, #3074, #2540 ) ;
#2525 = VECTOR ( 'NONE', #7184, 1000.000000000000000 ) ;
#2526 = CARTESIAN_POINT ( 'NONE',  ( 6.500000000000000888, 15.69999999999999929, 3.810000000000000941 ) ) ;
#2527 = ORIENTED_EDGE ( 'NONE', *, *, #4950, .F. ) ;
#2528 = EDGE_CURVE ( 'NONE', #7361, #31, #4405, .T. ) ;
#2529 = DIRECTION ( 'NONE',  ( 0.0000000000000000000, -0.2425356250363329691, 0.9701425001453318764 ) ) ;
#2530 = ORIENTED_EDGE ( 'NONE', *, *, #3328, .F. ) ;
#2531 = DIRECTION ( 'NONE',  ( 1.000000000000000000, 0.0000000000000000000, 0.0000000000000000000 ) ) ;
#2532 = VECTOR ( 'NONE', #4707, 1000.000000000000000 ) ;
#2533 =( GEOMETRIC_REPRESENTATION_CONTEXT ( 3 ) GLOBAL_UNCERTAINTY_ASSIGNED_CONTEXT ( ( #5777 ) ) GLOBAL_UNIT_ASSIGNED_CONTEXT ( ( #7072, #4758, #4720 ) ) REPRESENTATION_CONTEXT ( 'NONE', 'WORKASPACE' ) );
#2534 = EDGE_CURVE ( 'NONE', #7133, #7540, #6517, .T. ) ;
#2535 = LINE ( 'NONE', #7343, #7758 ) ;
#2536 = EDGE_CURVE ( 'NONE', #3395, #99, #886, .T. ) ;
#2537 = DIRECTION ( 'NONE',  ( -1.000000000000000000, 0.0000000000000000000, 0.0000000000000000000 ) ) ;
#2538 = CARTESIAN_POINT ( 'NONE',  ( 6.899999999999999467, 21.69999999999999929, 8.019999999999999574 ) ) ;
#2539 = PLANE ( 'NONE',  #637 ) ;
#2540 = DIRECTION ( 'NONE',  ( -1.000000000000000000, 0.0000000000000000000, -0.0000000000000000000 ) ) ;
#2541 = CARTESIAN_POINT ( 'NONE',  ( 6.500000000000000888, 14.69999999999999929, 11.82999999999999829 ) ) ;
#2542 = DIRECTION ( 'NONE',  ( 0.0000000000000000000, -1.000000000000000000, 0.0000000000000000000 ) ) ;
#2543 = FILL_AREA_STYLE_COLOUR ( '', #6903 ) ;
#2544 = ORIENTED_EDGE ( 'NONE', *, *, #370, .F. ) ;
#2545 = CARTESIAN_POINT ( 'NONE',  ( 9.119999999999999218, 9.000000000000001776, 18.35000000000000142 ) ) ;
#2546 = SURFACE_STYLE_FILL_AREA ( #5478 ) ;
#2547 = AXIS2_PLACEMENT_3D ( 'NONE', #6935, #2240, #6976 ) ;
#2548 = VERTEX_POINT ( 'NONE', #3892 ) ;
#2549 = DIRECTION ( 'NONE',  ( 0.0000000000000000000, 1.000000000000000000, 0.0000000000000000000 ) ) ;
#2550 = STYLED_ITEM ( 'NONE', ( #3978 ), #6533 ) ;
#2551 = VERTEX_POINT ( 'NONE', #4997 ) ;
#2552 = ORIENTED_EDGE ( 'NONE', *, *, #5114, .F. ) ;
#2553 = CARTESIAN_POINT ( 'NONE',  ( 8.599999999999999645, 15.69999999999999929, 16.83999999999999631 ) ) ;
#2554 = ORIENTED_EDGE ( 'NONE', *, *, #7642, .T. ) ;
#2555 = FACE_OUTER_BOUND ( 'NONE', #4018, .T. ) ;
#2556 = ORIENTED_EDGE ( 'NONE', *, *, #7589, .F. ) ;
#2557 = LINE ( 'NONE', #4949, #1665 ) ;
#2558 = ORIENTED_EDGE ( 'NONE', *, *, #1718, .F. ) ;
#2559 = DIRECTION ( 'NONE',  ( 0.0000000000000000000, -1.000000000000000000, 0.0000000000000000000 ) ) ;
#2560 =( NAMED_UNIT ( * ) PLANE_ANGLE_UNIT ( ) SI_UNIT ( $, .RADIAN. ) );
#2561 = DIRECTION ( 'NONE',  ( 0.0000000000000000000, 0.0000000000000000000, 1.000000000000000000 ) ) ;
#2562 = SURFACE_STYLE_FILL_AREA ( #6756 ) ;
#2563 = ORIENTED_EDGE ( 'NONE', *, *, #2380, .T. ) ;
#2564 = DIRECTION ( 'NONE',  ( 0.0000000000000000000, 0.0000000000000000000, -1.000000000000000000 ) ) ;
#2565 = ORIENTED_EDGE ( 'NONE', *, *, #5985, .F. ) ;
#2566 = PLANE ( 'NONE',  #1038 ) ;
#2567 = ADVANCED_FACE ( 'NONE', ( #5703 ), #7380, .T. ) ;
#2568 = CARTESIAN_POINT ( 'NONE',  ( 6.500000000000000888, 15.69999999999999929, 3.810000000000000941 ) ) ;
#2569 = FILL_AREA_STYLE ('',( #1439 ) ) ;
#2570 = EDGE_CURVE ( 'NONE', #741, #201, #4485, .T. ) ;
#2571 = COLOUR_RGB ( '',1.000000000000000000, 1.000000000000000000, 1.000000000000000000 ) ;
#2572 = DIRECTION ( 'NONE',  ( 0.0000000000000000000, 0.0000000000000000000, -1.000000000000000000 ) ) ;
#2573 = CARTESIAN_POINT ( 'NONE',  ( 6.900000000000000355, 16.30000000000000071, 19.44999999999999929 ) ) ;
#2574 = FILL_AREA_STYLE_COLOUR ( '', #5160 ) ;
#2575 = CARTESIAN_POINT ( 'NONE',  ( 9.119999999999999218, 17.39999999999999858, 4.509999999999999787 ) ) ;
#2576 = VECTOR ( 'NONE', #5074, 1000.000000000000000 ) ;
#2577 = LINE ( 'NONE', #7272, #1537 ) ;
#2578 = ORIENTED_EDGE ( 'NONE', *, *, #1813, .F. ) ;
#2579 = DIRECTION ( 'NONE',  ( 1.000000000000000000, 0.0000000000000000000, 0.0000000000000000000 ) ) ;
#2580 = EDGE_CURVE ( 'NONE', #2453, #4302, #1480, .T. ) ;
#2581 = LINE ( 'NONE', #6692, #4960 ) ;
#2582 = CARTESIAN_POINT ( 'NONE',  ( 6.099999999999999645, 10.40000000000000213, 8.019999999999999574 ) ) ;
#2583 = VECTOR ( 'NONE', #7412, 1000.000000000000000 ) ;
#2584 = ORIENTED_EDGE ( 'NONE', *, *, #755, .F. ) ;
#2585 = DIRECTION ( 'NONE',  ( 1.000000000000000000, 0.0000000000000000000, 0.0000000000000000000 ) ) ;
#2586 = COLOUR_RGB ( '',1.000000000000000000, 1.000000000000000000, 1.000000000000000000 ) ;
#2587 = ORIENTED_EDGE ( 'NONE', *, *, #6489, .F. ) ;
#2588 = ORIENTED_EDGE ( 'NONE', *, *, #151, .T. ) ;
#2589 = CARTESIAN_POINT ( 'NONE',  ( 3.500000000000000000, 9.000000000000001776, 21.35000000000000142 ) ) ;
#2590 = DIRECTION ( 'NONE',  ( 1.000000000000000000, 0.0000000000000000000, 0.0000000000000000000 ) ) ;
#2591 = PRESENTATION_LAYER_ASSIGNMENT (  '', '', ( #6506 ) ) ;
#2592 = AXIS2_PLACEMENT_3D ( 'NONE', #3174, #7373, #3210 ) ;
#2593 =( LENGTH_UNIT ( ) NAMED_UNIT ( * ) SI_UNIT ( .MILLI., .METRE. ) );
#2594 = ORIENTED_EDGE ( 'NONE', *, *, #5988, .T. ) ;
#2595 = EDGE_LOOP ( 'NONE', ( #4951, #5551, #1586, #3530 ) ) ;
#2596 = DIRECTION ( 'NONE',  ( 0.0000000000000000000, 1.000000000000000000, 0.0000000000000000000 ) ) ;
#2597 = AXIS2_PLACEMENT_3D ( 'NONE', #2863, #1565, #3982 ) ;
#2598 = CARTESIAN_POINT ( 'NONE',  ( 6.900000000000000355, 11.19999999999999929, 8.019999999999999574 ) ) ;
#2599 = AXIS2_PLACEMENT_3D ( 'NONE', #3393, #1684, #6335 ) ;
#2600 = EDGE_LOOP ( 'NONE', ( #5236, #2202, #6525, #3320, #1616 ) ) ;
#2601 = COLOUR_RGB ( '',1.000000000000000000, 1.000000000000000000, 1.000000000000000000 ) ;
#2602 = CIRCLE ( 'NONE', #594, 0.4499999999999999001 ) ;
#2603 = VERTEX_POINT ( 'NONE', #2809 ) ;
#2604 = AXIS2_PLACEMENT_3D ( 'NONE', #1207, #2948, #2457 ) ;
#2605 = LINE ( 'NONE', #6149, #3100 ) ;
#2606 = LINE ( 'NONE', #5033, #6862 ) ;
#2607 = LINE ( 'NONE', #5697, #5493 ) ;
#2608 = ORIENTED_EDGE ( 'NONE', *, *, #2249, .T. ) ;
#2609 = SURFACE_STYLE_USAGE ( .BOTH. , #2494 ) ;
#2610 = EDGE_CURVE ( 'NONE', #2548, #3767, #6481, .T. ) ;
#2611 = EDGE_LOOP ( 'NONE', ( #6638, #6022, #5200, #3092 ) ) ;
#2612 =( NAMED_UNIT ( * ) PLANE_ANGLE_UNIT ( ) SI_UNIT ( $, .RADIAN. ) );
#2613 = CARTESIAN_POINT ( 'NONE',  ( 8.599999999999999645, 9.000000000000001776, 5.409999999999998366 ) ) ;
#2614 =( NAMED_UNIT ( * ) PLANE_ANGLE_UNIT ( ) SI_UNIT ( $, .RADIAN. ) );
#2615 = FACE_OUTER_BOUND ( 'NONE', #7348, .T. ) ;
#2616 = DIRECTION ( 'NONE',  ( 0.0000000000000000000, 0.0000000000000000000, -1.000000000000000000 ) ) ;
#2617 = CARTESIAN_POINT ( 'NONE',  ( 9.800000000000000711, 17.39999999999999858, 6.129999999999999893 ) ) ;
#2618 = PRESENTATION_STYLE_ASSIGNMENT (( #209 ) ) ;
#2619 = EDGE_CURVE ( 'NONE', #2415, #4868, #3125, .T. ) ;
#2620 = CARTESIAN_POINT ( 'NONE',  ( 6.500000000000000888, 14.69999999999999929, 11.43000000000000149 ) ) ;
#2621 = DIRECTION ( 'NONE',  ( 1.000000000000000000, 0.0000000000000000000, 0.0000000000000000000 ) ) ;
#2622 = CARTESIAN_POINT ( 'NONE',  ( 8.599999999999999645, 17.39999999999999858, 13.02999999999999758 ) ) ;
#2623 = EDGE_CURVE ( 'NONE', #1894, #4558, #3645, .T. ) ;
#2624 = ORIENTED_EDGE ( 'NONE', *, *, #3169, .T. ) ;
#2625 =( NAMED_UNIT ( * ) SI_UNIT ( $, .STERADIAN. ) SOLID_ANGLE_UNIT ( ) );
#2626 = CARTESIAN_POINT ( 'NONE',  ( 6.500000000000000888, 14.69999999999999929, 10.53000000000000114 ) ) ;
#2627 = EDGE_CURVE ( 'NONE', #4239, #2075, #2259, .T. ) ;
#2628 = VERTEX_POINT ( 'NONE', #4011 ) ;
#2629 = EDGE_CURVE ( 'NONE', #3608, #2603, #7532, .T. ) ;
#2630 = MECHANICAL_DESIGN_GEOMETRIC_PRESENTATION_REPRESENTATION (  '', ( #6021 ), #5534 ) ;
#2631 = CARTESIAN_POINT ( 'NONE',  ( 9.800000000000000711, 15.69999999999999929, 12.91999999999999993 ) ) ;
#2632 = ORIENTED_EDGE ( 'NONE', *, *, #4585, .F. ) ;
#2633 = DIRECTION ( 'NONE',  ( 0.0000000000000000000, 0.0000000000000000000, 1.000000000000000000 ) ) ;
#2634 = CARTESIAN_POINT ( 'NONE',  ( 8.599999999999999645, 15.69999999999999929, 8.320000000000000284 ) ) ;
#2635 = DIRECTION ( 'NONE',  ( 0.0000000000000000000, -1.000000000000000000, 0.0000000000000000000 ) ) ;
#2636 = ORIENTED_EDGE ( 'NONE', *, *, #62, .F. ) ;
#2637 = ORIENTED_EDGE ( 'NONE', *, *, #5587, .F. ) ;
#2638 = LINE ( 'NONE', #4469, #4543 ) ;
#2639 = AXIS2_PLACEMENT_3D ( 'NONE', #7356, #2436, #6781 ) ;
#2640 = DIRECTION ( 'NONE',  ( 0.0000000000000000000, -1.000000000000000000, 0.0000000000000000000 ) ) ;
#2641 = ORIENTED_EDGE ( 'NONE', *, *, #2521, .F. ) ;
#2642 = SURFACE_STYLE_FILL_AREA ( #2092 ) ;
#2643 = STYLED_ITEM ( 'NONE', ( #867 ), #3622 ) ;
#2644 = ORIENTED_EDGE ( 'NONE', *, *, #2053, .T. ) ;
#2645 = ORIENTED_EDGE ( 'NONE', *, *, #108, .F. ) ;
#2646 = PLANE ( 'NONE',  #3723 ) ;
#2647 = CARTESIAN_POINT ( 'NONE',  ( 6.500000000000000888, 14.69999999999999929, 7.620000000000001883 ) ) ;
#2648 = FILL_AREA_STYLE_COLOUR ( '', #3659 ) ;
#2649 = EDGE_LOOP ( 'NONE', ( #4833, #936, #2096, #4801 ) ) ;
#2650 =( GEOMETRIC_REPRESENTATION_CONTEXT ( 3 ) GLOBAL_UNCERTAINTY_ASSIGNED_CONTEXT ( ( #6401 ) ) GLOBAL_UNIT_ASSIGNED_CONTEXT ( ( #4873, #1264, #6392 ) ) REPRESENTATION_CONTEXT ( 'NONE', 'WORKASPACE' ) );
#2651 = AXIS2_PLACEMENT_3D ( 'NONE', #2351, #2952, #7663 ) ;
#2652 = ADVANCED_FACE ( 'NONE', ( #6915 ), #3928, .T. ) ;
#2653 = EDGE_LOOP ( 'NONE', ( #6379, #5894, #4047, #1511 ) ) ;
#2654 = SURFACE_STYLE_USAGE ( .BOTH. , #5657 ) ;
#2655 = DIRECTION ( 'NONE',  ( 0.2357022603955121753, -0.9428090415820651327, -0.2357022603955121753 ) ) ;
#2656 = LINE ( 'NONE', #770, #2988 ) ;
#2657 = STYLED_ITEM ( 'NONE', ( #6656 ), #5434 ) ;
#2658 = VECTOR ( 'NONE', #5790, 1000.000000000000000 ) ;
#2659 = DIRECTION ( 'NONE',  ( 0.0000000000000000000, 0.0000000000000000000, -1.000000000000000000 ) ) ;
#2660 = PLANE ( 'NONE',  #1339 ) ;
#2661 = DIRECTION ( 'NONE',  ( -1.000000000000000000, 0.0000000000000000000, -0.0000000000000000000 ) ) ;
#2662 = DIRECTION ( 'NONE',  ( 0.0000000000000000000, 0.0000000000000000000, -1.000000000000000000 ) ) ;
#2663 = CARTESIAN_POINT ( 'NONE',  ( 4.150000000000000355, 15.69999999999999929, 9.219999999999998863 ) ) ;
#2664 = STYLED_ITEM ( 'NONE', ( #2842 ), #5566 ) ;
#2665 = PLANE ( 'NONE',  #220 ) ;
#2666 = STYLED_ITEM ( 'NONE', ( #523 ), #4821 ) ;
#2667 = ORIENTED_EDGE ( 'NONE', *, *, #6281, .F. ) ;
#2668 = CARTESIAN_POINT ( 'NONE',  ( 6.700000000000001066, 21.69999999999999929, 19.25000000000000000 ) ) ;
#2669 = EDGE_CURVE ( 'NONE', #3918, #2127, #3494, .T. ) ;
#2670 = VERTEX_POINT ( 'NONE', #3419 ) ;
#2671 = VECTOR ( 'NONE', #5332, 1000.000000000000114 ) ;
#2672 = PRESENTATION_LAYER_ASSIGNMENT (  '', '', ( #3165 ) ) ;
#2673 =( NAMED_UNIT ( * ) SI_UNIT ( $, .STERADIAN. ) SOLID_ANGLE_UNIT ( ) );
#2674 = ORIENTED_EDGE ( 'NONE', *, *, #7063, .F. ) ;
#2675 = DIRECTION ( 'NONE',  ( 0.0000000000000000000, 1.000000000000000000, 0.0000000000000000000 ) ) ;
#2676 = DIRECTION ( 'NONE',  ( 0.0000000000000000000, 0.0000000000000000000, 1.000000000000000000 ) ) ;
#2677 = ORIENTED_EDGE ( 'NONE', *, *, #609, .F. ) ;
#2678 = EDGE_CURVE ( 'NONE', #3889, #4741, #4564, .T. ) ;
#2679 = ORIENTED_EDGE ( 'NONE', *, *, #1964, .T. ) ;
#2680 = VECTOR ( 'NONE', #4659, 1000.000000000000000 ) ;
#2681 = EDGE_CURVE ( 'NONE', #4594, #5519, #2222, .T. ) ;
#2682 = EDGE_CURVE ( 'NONE', #6597, #7447, #4051, .T. ) ;
#2683 = PRESENTATION_LAYER_ASSIGNMENT (  '', '', ( #6839 ) ) ;
#2684 = EDGE_CURVE ( 'NONE', #6662, #1347, #5849, .T. ) ;
#2685 = ORIENTED_EDGE ( 'NONE', *, *, #1953, .F. ) ;
#2686 = ADVANCED_FACE ( 'NONE', ( #1554 ), #6443, .T. ) ;
#2687 = DIRECTION ( 'NONE',  ( -0.0000000000000000000, -1.000000000000000000, -0.0000000000000000000 ) ) ;
#2688 = ORIENTED_EDGE ( 'NONE', *, *, #3216, .F. ) ;
#2689 = ORIENTED_EDGE ( 'NONE', *, *, #1154, .F. ) ;
#2690 = DIRECTION ( 'NONE',  ( 0.0000000000000000000, 0.0000000000000000000, -1.000000000000000000 ) ) ;
#2691 = ORIENTED_EDGE ( 'NONE', *, *, #6540, .T. ) ;
#2692 = EDGE_CURVE ( 'NONE', #2044, #1429, #1081, .T. ) ;
#2693 = DIRECTION ( 'NONE',  ( 0.0000000000000000000, 0.0000000000000000000, -1.000000000000000000 ) ) ;
#2694 = ORIENTED_EDGE ( 'NONE', *, *, #1187, .T. ) ;
#2695 = CARTESIAN_POINT ( 'NONE',  ( 6.299999999999999822, 10.40000000000000213, 8.019999999999999574 ) ) ;
#2696 = CARTESIAN_POINT ( 'NONE',  ( 6.349999999999999645, 11.50000000000000000, 20.65000000000000213 ) ) ;
#2697 =( NAMED_UNIT ( * ) SI_UNIT ( $, .STERADIAN. ) SOLID_ANGLE_UNIT ( ) );
#2698 = SURFACE_SIDE_STYLE ('',( #6960 ) ) ;
#2699 = DIRECTION ( 'NONE',  ( 0.0000000000000000000, 0.0000000000000000000, -1.000000000000000000 ) ) ;
#2700 = LINE ( 'NONE', #5165, #7062 ) ;
#2701 = FILL_AREA_STYLE ('',( #6250 ) ) ;
#2702 = CARTESIAN_POINT ( 'NONE',  ( 6.327777777777790824, 23.18888888888886868, 11.25777777777778788 ) ) ;
#2703 = ORIENTED_EDGE ( 'NONE', *, *, #4330, .F. ) ;
#2704 = DIRECTION ( 'NONE',  ( 1.000000000000000000, 0.0000000000000000000, 0.0000000000000000000 ) ) ;
#2705 = ORIENTED_EDGE ( 'NONE', *, *, #4675, .T. ) ;
#2706 = CARTESIAN_POINT ( 'NONE',  ( 4.150000000000000355, 9.000000000000001776, 5.409999999999998366 ) ) ;
#2707 = ORIENTED_EDGE ( 'NONE', *, *, #5337, .T. ) ;
#2708 = DIRECTION ( 'NONE',  ( 0.0000000000000000000, 0.0000000000000000000, 1.000000000000000000 ) ) ;
#2709 = CARTESIAN_POINT ( 'NONE',  ( 6.900000000000000355, 16.30000000000000071, 8.019999999999999574 ) ) ;
#2710 = CARTESIAN_POINT ( 'NONE',  ( 6.899999999999999467, 21.69999999999999929, 11.02999999999999936 ) ) ;
#2711 = VERTEX_POINT ( 'NONE', #6667 ) ;
#2712 = STYLED_ITEM ( 'NONE', ( #1674 ), #1276 ) ;
#2713 = ORIENTED_EDGE ( 'NONE', *, *, #1810, .T. ) ;
#2714 = DIRECTION ( 'NONE',  ( 1.000000000000000000, 0.0000000000000000000, 0.0000000000000000000 ) ) ;
#2715 = AXIS2_PLACEMENT_3D ( 'NONE', #3527, #518, #2176 ) ;
#2716 = VECTOR ( 'NONE', #4244, 1000.000000000000000 ) ;
#2717 = DIRECTION ( 'NONE',  ( 0.0000000000000000000, 0.0000000000000000000, 1.000000000000000000 ) ) ;
#2718 = EDGE_CURVE ( 'NONE', #453, #5906, #6787, .T. ) ;
#2719 = ORIENTED_EDGE ( 'NONE', *, *, #5531, .F. ) ;
#2720 = LINE ( 'NONE', #2172, #5927 ) ;
#2721 = EDGE_CURVE ( 'NONE', #4280, #4524, #6522, .T. ) ;
#2722 =( GEOMETRIC_REPRESENTATION_CONTEXT ( 3 ) GLOBAL_UNCERTAINTY_ASSIGNED_CONTEXT ( ( #6648 ) ) GLOBAL_UNIT_ASSIGNED_CONTEXT ( ( #7660, #4692, #383 ) ) REPRESENTATION_CONTEXT ( 'NONE', 'WORKASPACE' ) );
#2723 = EDGE_CURVE ( 'NONE', #6733, #7053, #1935, .T. ) ;
#2724 = EDGE_LOOP ( 'NONE', ( #3156, #6939, #6513, #5168 ) ) ;
#2725 = ORIENTED_EDGE ( 'NONE', *, *, #2864, .T. ) ;
#2726 = ADVANCED_FACE ( 'NONE', ( #6098 ), #749, .F. ) ;
#2727 = CYLINDRICAL_SURFACE ( 'NONE', #4356, 0.8999999999999998002 ) ;
#2728 = AXIS2_PLACEMENT_3D ( 'NONE', #7755, #2394, #4819 ) ;
#2729 = CARTESIAN_POINT ( 'NONE',  ( 6.099999999999999645, 14.69999999999999929, 11.43000000000000149 ) ) ;
#2730 = ORIENTED_EDGE ( 'NONE', *, *, #3845, .T. ) ;
#2731 = SURFACE_STYLE_USAGE ( .BOTH. , #329 ) ;
#2732 = CARTESIAN_POINT ( 'NONE',  ( 4.599999999999999645, 15.69999999999999929, 14.20076951545870259 ) ) ;
#2733 = VECTOR ( 'NONE', #7712, 1000.000000000000000 ) ;
#2734 = DIRECTION ( 'NONE',  ( 0.0000000000000000000, -1.000000000000000000, 0.0000000000000000000 ) ) ;
#2735 = COLOUR_RGB ( '',1.000000000000000000, 1.000000000000000000, 1.000000000000000000 ) ;
#2736 = CARTESIAN_POINT ( 'NONE',  ( 8.599999999999999645, 15.69999999999999929, 10.73000000000000220 ) ) ;
#2737 = SURFACE_STYLE_USAGE ( .BOTH. , #2698 ) ;
#2738 = CARTESIAN_POINT ( 'NONE',  ( 8.599999999999999645, 17.39999999999999858, 18.35000000000000142 ) ) ;
#2739 = MECHANICAL_DESIGN_GEOMETRIC_PRESENTATION_REPRESENTATION (  '', ( #4775 ), #5890 ) ;
#2740 = ORIENTED_EDGE ( 'NONE', *, *, #4435, .F. ) ;
#2741 = VECTOR ( 'NONE', #4415, 1000.000000000000000 ) ;
#2742 = LINE ( 'NONE', #1490, #5687 ) ;
#2743 = CARTESIAN_POINT ( 'NONE',  ( 6.500000000000000888, 14.69999999999999929, 8.019999999999999574 ) ) ;
#2744 = DIRECTION ( 'NONE',  ( 0.0000000000000000000, -1.000000000000000000, 0.0000000000000000000 ) ) ;
#2745 = VERTEX_POINT ( 'NONE', #30 ) ;
#2746 = SURFACE_STYLE_USAGE ( .BOTH. , #3941 ) ;
#2747 = LINE ( 'NONE', #1965, #963 ) ;
#2748 = ORIENTED_EDGE ( 'NONE', *, *, #6380, .F. ) ;
#2749 = CARTESIAN_POINT ( 'NONE',  ( 6.099999999999999645, 21.69999999999999929, 11.02999999999999936 ) ) ;
#2750 = DIRECTION ( 'NONE',  ( 0.0000000000000000000, 0.0000000000000000000, -1.000000000000000000 ) ) ;
#2751 = EDGE_LOOP ( 'NONE', ( #2898, #3198, #116, #3087 ) ) ;
#2752 = LINE ( 'NONE', #6214, #3160 ) ;
#2753 = CARTESIAN_POINT ( 'NONE',  ( 10.50000000000000000, 12.00000000000000000, 21.35000000000000142 ) ) ;
#2754 = CARTESIAN_POINT ( 'NONE',  ( 10.50000000000000000, 18.19999999999999929, 21.35000000000000142 ) ) ;
#2755 = ORIENTED_EDGE ( 'NONE', *, *, #3559, .T. ) ;
#2756 = ORIENTED_EDGE ( 'NONE', *, *, #2246, .T. ) ;
#2757 = CARTESIAN_POINT ( 'NONE',  ( 0.0000000000000000000, 21.69999999999999929, 18.84999999999999787 ) ) ;
#2758 = CYLINDRICAL_SURFACE ( 'NONE', #3191, 0.8999999999999998002 ) ;
#2759 = VECTOR ( 'NONE', #2089, 1000.000000000000000 ) ;
#2760 = ORIENTED_EDGE ( 'NONE', *, *, #5531, .T. ) ;
#2761 = EDGE_CURVE ( 'NONE', #1106, #2279, #7243, .T. ) ;
#2762 = VECTOR ( 'NONE', #4956, 1000.000000000000000 ) ;
#2763 = VERTEX_POINT ( 'NONE', #4391 ) ;
#2764 = ORIENTED_EDGE ( 'NONE', *, *, #3519, .T. ) ;
#2765 =( NAMED_UNIT ( * ) SI_UNIT ( $, .STERADIAN. ) SOLID_ANGLE_UNIT ( ) );
#2766 = CARTESIAN_POINT ( 'NONE',  ( 6.099999999999999645, 14.69999999999999929, 14.83999999999999986 ) ) ;
#2767 = EDGE_LOOP ( 'NONE', ( #7510, #146, #945, #6089 ) ) ;
#2768 = UNCERTAINTY_MEASURE_WITH_UNIT (LENGTH_MEASURE( 1.000000000000000082E-05 ), #5331, 'distance_accuracy_value', 'NONE');
#2769 =( LENGTH_UNIT ( ) NAMED_UNIT ( * ) SI_UNIT ( .MILLI., .METRE. ) );
#2770 = EDGE_CURVE ( 'NONE', #3944, #2175, #3531, .T. ) ;
#2771 = SURFACE_STYLE_FILL_AREA ( #6404 ) ;
#2772 = EDGE_CURVE ( 'NONE', #7016, #6116, #3674, .T. ) ;
#2773 = DIRECTION ( 'NONE',  ( 0.0000000000000000000, 0.0000000000000000000, -1.000000000000000000 ) ) ;
#2774 = EDGE_CURVE ( 'NONE', #6796, #1412, #524, .T. ) ;
#2775 = VECTOR ( 'NONE', #6691, 1000.000000000000000 ) ;
#2776 = CARTESIAN_POINT ( 'NONE',  ( 0.0000000000000000000, 21.69999999999999929, 15.03999999999999737 ) ) ;
#2777 = ORIENTED_EDGE ( 'NONE', *, *, #3648, .T. ) ;
#2778 = CARTESIAN_POINT ( 'NONE',  ( 4.599999999999999645, 9.000000000000001776, 10.39076951545870209 ) ) ;
#2779 = CARTESIAN_POINT ( 'NONE',  ( 6.899999999999999467, 20.89999999999999147, 18.64999999999999858 ) ) ;
#2780 = EDGE_CURVE ( 'NONE', #7810, #2328, #3086, .T. ) ;
#2781 = ORIENTED_EDGE ( 'NONE', *, *, #5287, .T. ) ;
#2782 = DIRECTION ( 'NONE',  ( -1.000000000000000000, -0.0000000000000000000, -0.0000000000000000000 ) ) ;
#2783 = EDGE_CURVE ( 'NONE', #31, #376, #1302, .T. ) ;
#2784 = CIRCLE ( 'NONE', #394, 0.8999999999999998002 ) ;
#2785 = VECTOR ( 'NONE', #7122, 1000.000000000000000 ) ;
#2786 = CARTESIAN_POINT ( 'NONE',  ( 6.500000000000000888, 14.69999999999999929, 2.910000000000000586 ) ) ;
#2787 = VERTEX_POINT ( 'NONE', #2940 ) ;
#2788 = CARTESIAN_POINT ( 'NONE',  ( 6.099999999999999645, 18.19999999999999929, 3.409999999999999698 ) ) ;
#2789 = PLANE ( 'NONE',  #6815 ) ;
#2790 = AXIS2_PLACEMENT_3D ( 'NONE', #1230, #6556, #2404 ) ;
#2791 = AXIS2_PLACEMENT_3D ( 'NONE', #5436, #5401, #1882 ) ;
#2792 = LINE ( 'NONE', #2753, #6588 ) ;
#2793 = DIRECTION ( 'NONE',  ( 0.0000000000000000000, 0.0000000000000000000, 1.000000000000000000 ) ) ;
#2794 = ORIENTED_EDGE ( 'NONE', *, *, #3763, .F. ) ;
#2795 = ORIENTED_EDGE ( 'NONE', *, *, #3077, .T. ) ;
#2796 = LINE ( 'NONE', #4703, #5496 ) ;
#2797 = STYLED_ITEM ( 'NONE', ( #5848 ), #4815 ) ;
#2798 = DIRECTION ( 'NONE',  ( 0.0000000000000000000, -1.000000000000000000, 0.0000000000000000000 ) ) ;
#2799 = VECTOR ( 'NONE', #2590, 1000.000000000000000 ) ;
#2800 = ORIENTED_EDGE ( 'NONE', *, *, #6537, .T. ) ;
#2801 = DIRECTION ( 'NONE',  ( 1.000000000000000000, 0.0000000000000000000, 0.0000000000000000000 ) ) ;
#2802 = AXIS2_PLACEMENT_3D ( 'NONE', #5283, #4813, #6612 ) ;
#2803 = ORIENTED_EDGE ( 'NONE', *, *, #6728, .T. ) ;
#2804 = ORIENTED_EDGE ( 'NONE', *, *, #5527, .F. ) ;
#2805 = DIRECTION ( 'NONE',  ( -1.000000000000000000, 0.0000000000000000000, 0.0000000000000000000 ) ) ;
#2806 = FACE_OUTER_BOUND ( 'NONE', #1303, .T. ) ;
#2807 = VERTEX_POINT ( 'NONE', #2440 ) ;
#2808 =( LENGTH_UNIT ( ) NAMED_UNIT ( * ) SI_UNIT ( .MILLI., .METRE. ) );
#2809 = CARTESIAN_POINT ( 'NONE',  ( 4.150000000000000355, 9.000000000000001776, 4.849230484541299013 ) ) ;
#2810 = CARTESIAN_POINT ( 'NONE',  ( 8.599999999999999645, 17.39999999999999858, 2.209999999999999964 ) ) ;
#2811 = DIRECTION ( 'NONE',  ( 0.0000000000000000000, 1.000000000000000000, 0.0000000000000000000 ) ) ;
#2812 =( LENGTH_UNIT ( ) NAMED_UNIT ( * ) SI_UNIT ( .MILLI., .METRE. ) );
#2813 = PRESENTATION_STYLE_ASSIGNMENT (( #1714 ) ) ;
#2814 = ORIENTED_EDGE ( 'NONE', *, *, #6770, .F. ) ;
#2815 = PLANE ( 'NONE',  #2946 ) ;
#2816 = ADVANCED_FACE ( 'NONE', ( #5453 ), #6181, .T. ) ;
#2817 = LINE ( 'NONE', #935, #5273 ) ;
#2818 = ORIENTED_EDGE ( 'NONE', *, *, #2101, .T. ) ;
#2819 = PLANE ( 'NONE',  #2599 ) ;
#2820 = ADVANCED_FACE ( 'NONE', ( #4721 ), #63, .T. ) ;
#2821 = DIRECTION ( 'NONE',  ( 0.0000000000000000000, -1.000000000000000000, 0.0000000000000000000 ) ) ;
#2822 = ORIENTED_EDGE ( 'NONE', *, *, #4432, .T. ) ;
#2823 = ADVANCED_FACE ( 'NONE', ( #6704 ), #4132, .T. ) ;
#2824 = CARTESIAN_POINT ( 'NONE',  ( 0.0000000000000000000, 10.00000000000000178, 1.960000000000003517 ) ) ;
#2825 = LINE ( 'NONE', #5240, #6054 ) ;
#2826 = DIRECTION ( 'NONE',  ( 1.000000000000000000, 0.0000000000000000000, 0.0000000000000000000 ) ) ;
#2827 = EDGE_CURVE ( 'NONE', #2341, #4280, #3875, .T. ) ;
#2828 = CARTESIAN_POINT ( 'NONE',  ( 6.900000000000000355, 11.19999999999999929, 8.019999999999999574 ) ) ;
#2829 = FACE_OUTER_BOUND ( 'NONE', #3207, .T. ) ;
#2830 = LINE ( 'NONE', #2276, #3635 ) ;
#2831 = ORIENTED_EDGE ( 'NONE', *, *, #4044, .T. ) ;
#2832 = ORIENTED_EDGE ( 'NONE', *, *, #1903, .F. ) ;
#2833 = VECTOR ( 'NONE', #5900, 1000.000000000000000 ) ;
#2834 = PRESENTATION_LAYER_ASSIGNMENT (  '', '', ( #4233 ) ) ;
#2835 = CARTESIAN_POINT ( 'NONE',  ( 8.599999999999999645, 9.000000000000001776, 15.93999999999999950 ) ) ;
#2836 = ORIENTED_EDGE ( 'NONE', *, *, #2095, .F. ) ;
#2837 = LINE ( 'NONE', #2209, #5084 ) ;
#2838 = COLOUR_RGB ( '',1.000000000000000000, 1.000000000000000000, 1.000000000000000000 ) ;
#2839 = ORIENTED_EDGE ( 'NONE', *, *, #895, .T. ) ;
#2840 = SURFACE_STYLE_USAGE ( .BOTH. , #4236 ) ;
#2841 = APPLICATION_PROTOCOL_DEFINITION ( 'draft international standard', 'automotive_design', 1998, #726 ) ;
#2842 = PRESENTATION_STYLE_ASSIGNMENT (( #6476 ) ) ;
#2843 = CARTESIAN_POINT ( 'NONE',  ( 6.855555555555549851, 11.02222222222220083, 7.264444444444499993 ) ) ;
#2844 = VECTOR ( 'NONE', #6583, 1000.000000000000000 ) ;
#2845 = VECTOR ( 'NONE', #2338, 1000.000000000000000 ) ;
#2846 = ORIENTED_EDGE ( 'NONE', *, *, #6780, .F. ) ;
#2847 = UNCERTAINTY_MEASURE_WITH_UNIT (LENGTH_MEASURE( 1.000000000000000082E-05 ), #1506, 'distance_accuracy_value', 'NONE');
#2848 = DIRECTION ( 'NONE',  ( 0.0000000000000000000, 0.0000000000000000000, 1.000000000000000000 ) ) ;
#2849 = AXIS2_PLACEMENT_3D ( 'NONE', #5379, #4718, #5342 ) ;
#2850 = AXIS2_PLACEMENT_3D ( 'NONE', #4847, #7224, #6202 ) ;
#2851 = DIRECTION ( 'NONE',  ( 1.000000000000000000, 0.0000000000000000000, 1.546734824340359944E-15 ) ) ;
#2852 = CARTESIAN_POINT ( 'NONE',  ( 6.900000000000000355, 11.19999999999999929, 15.63999999999999702 ) ) ;
#2853 = FACE_OUTER_BOUND ( 'NONE', #1846, .T. ) ;
#2854 = FACE_OUTER_BOUND ( 'NONE', #2488, .T. ) ;
#2855 = ORIENTED_EDGE ( 'NONE', *, *, #1431, .F. ) ;
#2856 = EDGE_CURVE ( 'NONE', #4550, #3954, #2128, .T. ) ;
#2857 = DIRECTION ( 'NONE',  ( -1.000000000000000000, 0.0000000000000000000, 0.0000000000000000000 ) ) ;
#2858 =( GEOMETRIC_REPRESENTATION_CONTEXT ( 3 ) GLOBAL_UNCERTAINTY_ASSIGNED_CONTEXT ( ( #6422 ) ) GLOBAL_UNIT_ASSIGNED_CONTEXT ( ( #2593, #1417, #5020 ) ) REPRESENTATION_CONTEXT ( 'NONE', 'WORKASPACE' ) );
#2859 = CARTESIAN_POINT ( 'NONE',  ( 8.599999999999999645, 9.000000000000001776, -2.299999999999999822 ) ) ;
#2860 = VECTOR ( 'NONE', #696, 1000.000000000000000 ) ;
#2861 = EDGE_LOOP ( 'NONE', ( #5422, #6350, #3752, #4099 ) ) ;
#2862 = PLANE ( 'NONE',  #1858 ) ;
#2863 = CARTESIAN_POINT ( 'NONE',  ( 6.299999999999999822, 10.40000000000000213, 11.82999999999999829 ) ) ;
#2864 = EDGE_CURVE ( 'NONE', #3326, #7550, #6307, .T. ) ;
#2865 = ORIENTED_EDGE ( 'NONE', *, *, #2194, .T. ) ;
#2866 = STYLED_ITEM ( 'NONE', ( #160 ), #6711 ) ;
#2867 = SURFACE_STYLE_USAGE ( .BOTH. , #4066 ) ;
#2868 = CARTESIAN_POINT ( 'NONE',  ( 8.599999999999999645, 15.69999999999999929, 6.920000000000002593 ) ) ;
#2869 = SURFACE_STYLE_USAGE ( .BOTH. , #3626 ) ;
#2870 = EDGE_CURVE ( 'NONE', #216, #4005, #2638, .T. ) ;
#2871 = PLANE ( 'NONE',  #7806 ) ;
#2872 =( NAMED_UNIT ( * ) SI_UNIT ( $, .STERADIAN. ) SOLID_ANGLE_UNIT ( ) );
#2873 = UNCERTAINTY_MEASURE_WITH_UNIT (LENGTH_MEASURE( 1.000000000000000082E-05 ), #378, 'distance_accuracy_value', 'NONE');
#2874 = CARTESIAN_POINT ( 'NONE',  ( 9.119999999999999218, 9.000000000000001776, 6.365000000000002878 ) ) ;
#2875 = ORIENTED_EDGE ( 'NONE', *, *, #3267, .T. ) ;
#2876 = ORIENTED_EDGE ( 'NONE', *, *, #7159, .F. ) ;
#2877 = COLOUR_RGB ( '',1.000000000000000000, 1.000000000000000000, 1.000000000000000000 ) ;
#2878 = EDGE_CURVE ( 'NONE', #789, #4687, #5064, .T. ) ;
#2879 = PLANE ( 'NONE',  #5865 ) ;
#2880 = ADVANCED_FACE ( 'NONE', ( #3957 ), #3202, .T. ) ;
#2881 = STYLED_ITEM ( 'NONE', ( #853 ), #7537 ) ;
#2882 = EDGE_CURVE ( 'NONE', #4145, #3785, #1544, .T. ) ;
#2883 = CARTESIAN_POINT ( 'NONE',  ( 4.150000000000000355, 15.69999999999999929, 12.46923048454129912 ) ) ;
#2884 = CARTESIAN_POINT ( 'NONE',  ( 0.0000000000000000000, 21.69999999999999929, 3.609999999999998543 ) ) ;
#2885 = ORIENTED_EDGE ( 'NONE', *, *, #7722, .T. ) ;
#2886 = LINE ( 'NONE', #7059, #7082 ) ;
#2887 = EDGE_CURVE ( 'NONE', #5330, #3337, #4552, .T. ) ;
#2888 = ORIENTED_EDGE ( 'NONE', *, *, #901, .T. ) ;
#2889 = DIRECTION ( 'NONE',  ( 0.0000000000000000000, 0.0000000000000000000, -1.000000000000000000 ) ) ;
#2890 = DIRECTION ( 'NONE',  ( 0.0000000000000000000, 0.0000000000000000000, 1.000000000000000000 ) ) ;
#2891 = ORIENTED_EDGE ( 'NONE', *, *, #2723, .F. ) ;
#2892 = DIRECTION ( 'NONE',  ( 0.0000000000000000000, -0.0000000000000000000, 1.000000000000000000 ) ) ;
#2893 = SURFACE_STYLE_FILL_AREA ( #4900 ) ;
#2894 = MECHANICAL_DESIGN_GEOMETRIC_PRESENTATION_REPRESENTATION (  '', ( #7409 ), #5542 ) ;
#2895 = DIRECTION ( 'NONE',  ( 0.0000000000000000000, 1.000000000000000000, 0.0000000000000000000 ) ) ;
#2896 = FILL_AREA_STYLE_COLOUR ( '', #2342 ) ;
#2897 =( NAMED_UNIT ( * ) PLANE_ANGLE_UNIT ( ) SI_UNIT ( $, .RADIAN. ) );
#2898 = ORIENTED_EDGE ( 'NONE', *, *, #1536, .T. ) ;
#2899 = DIRECTION ( 'NONE',  ( 0.0000000000000000000, 0.0000000000000000000, -1.000000000000000000 ) ) ;
#2900 = VECTOR ( 'NONE', #5538, 1000.000000000000000 ) ;
#2901 = LINE ( 'NONE', #4804, #7146 ) ;
#2902 = FILL_AREA_STYLE ('',( #491 ) ) ;
#2903 = ORIENTED_EDGE ( 'NONE', *, *, #3206, .T. ) ;
#2904 = LINE ( 'NONE', #1644, #5638 ) ;
#2905 = CARTESIAN_POINT ( 'NONE',  ( 6.349999999999999645, 10.00000000000000178, 1.960000000000003517 ) ) ;
#2906 = VECTOR ( 'NONE', #4890, 1000.000000000000000 ) ;
#2907 = PRESENTATION_STYLE_ASSIGNMENT (( #7119 ) ) ;
#2908 = FACE_OUTER_BOUND ( 'NONE', #5105, .T. ) ;
#2909 = CARTESIAN_POINT ( 'NONE',  ( 8.599999999999999645, 17.39999999999999858, 8.320000000000000284 ) ) ;
#2910 =( LENGTH_UNIT ( ) NAMED_UNIT ( * ) SI_UNIT ( .MILLI., .METRE. ) );
#2911 = LINE ( 'NONE', #5403, #392 ) ;
#2912 = CARTESIAN_POINT ( 'NONE',  ( 6.349999999999999645, 9.000000000000001776, 20.64999999999999858 ) ) ;
#2913 = VECTOR ( 'NONE', #6946, 1000.000000000000000 ) ;
#2914 = SURFACE_SIDE_STYLE ('',( #1252 ) ) ;
#2915 = ORIENTED_EDGE ( 'NONE', *, *, #5201, .F. ) ;
#2916 = VECTOR ( 'NONE', #7616, 1000.000000000000114 ) ;
#2917 = ORIENTED_EDGE ( 'NONE', *, *, #3464, .F. ) ;
#2918 = DIRECTION ( 'NONE',  ( -1.000000000000000000, 0.0000000000000000000, 0.0000000000000000000 ) ) ;
#2919 = ORIENTED_EDGE ( 'NONE', *, *, #4908, .T. ) ;
#2920 = VECTOR ( 'NONE', #1996, 1000.000000000000114 ) ;
#2921 = PRESENTATION_STYLE_ASSIGNMENT (( #2960 ) ) ;
#2922 = EDGE_CURVE ( 'NONE', #4359, #7399, #5025, .T. ) ;
#2923 = LINE ( 'NONE', #4746, #533 ) ;
#2924 = EDGE_CURVE ( 'NONE', #1355, #1535, #948, .T. ) ;
#2925 = ORIENTED_EDGE ( 'NONE', *, *, #154, .F. ) ;
#2926 = COLOUR_RGB ( '',1.000000000000000000, 1.000000000000000000, 1.000000000000000000 ) ;
#2927 = CARTESIAN_POINT ( 'NONE',  ( 8.599999999999999645, 9.000000000000001776, 8.320000000000000284 ) ) ;
#2928 = STYLED_ITEM ( 'NONE', ( #7530 ), #4782 ) ;
#2929 = EDGE_CURVE ( 'NONE', #1776, #842, #5181, .T. ) ;
#2930 = ORIENTED_EDGE ( 'NONE', *, *, #4040, .F. ) ;
#2931 = CARTESIAN_POINT ( 'NONE',  ( 6.099999999999999645, 11.19999999999999929, 3.409999999999999698 ) ) ;
#2932 = VECTOR ( 'NONE', #6740, 1000.000000000000000 ) ;
#2933 = VECTOR ( 'NONE', #4750, 1000.000000000000000 ) ;
#2934 = EDGE_CURVE ( 'NONE', #7097, #7456, #1421, .T. ) ;
#2935 = ADVANCED_FACE ( 'NONE', ( #827 ), #1870, .T. ) ;
#2936 = LINE ( 'NONE', #7726, #7381 ) ;
#2937 = ORIENTED_EDGE ( 'NONE', *, *, #3837, .T. ) ;
#2938 = UNCERTAINTY_MEASURE_WITH_UNIT (LENGTH_MEASURE( 1.000000000000000082E-05 ), #3813, 'distance_accuracy_value', 'NONE');
#2939 = CARTESIAN_POINT ( 'NONE',  ( 0.0000000000000000000, 21.69999999999999929, 0.0000000000000000000 ) ) ;
#2940 = CARTESIAN_POINT ( 'NONE',  ( 6.299999999999999822, 10.40000000000000213, 11.23000000000000220 ) ) ;
#2941 = VECTOR ( 'NONE', #5720, 1000.000000000000000 ) ;
#2942 = DIRECTION ( 'NONE',  ( 0.0000000000000000000, 0.0000000000000000000, 1.000000000000000000 ) ) ;
#2943 =( NAMED_UNIT ( * ) SI_UNIT ( $, .STERADIAN. ) SOLID_ANGLE_UNIT ( ) );
#2944 = CARTESIAN_POINT ( 'NONE',  ( 6.899999999999999467, 21.69999999999999929, 19.44999999999999929 ) ) ;
#2945 = ORIENTED_EDGE ( 'NONE', *, *, #7531, .T. ) ;
#2946 = AXIS2_PLACEMENT_3D ( 'NONE', #5091, #532, #1203 ) ;
#2947 = FACE_OUTER_BOUND ( 'NONE', #3470, .T. ) ;
#2948 = DIRECTION ( 'NONE',  ( 0.0000000000000000000, 0.0000000000000000000, -1.000000000000000000 ) ) ;
#2949 = DIRECTION ( 'NONE',  ( 0.0000000000000000000, -1.000000000000000000, 0.0000000000000000000 ) ) ;
#2950 = FILL_AREA_STYLE_COLOUR ( '', #6491 ) ;
#2951 = FACE_OUTER_BOUND ( 'NONE', #1341, .T. ) ;
#2952 = DIRECTION ( 'NONE',  ( 0.0000000000000000000, 0.0000000000000000000, 1.000000000000000000 ) ) ;
#2953 = FILL_AREA_STYLE ('',( #6501 ) ) ;
#2954 = DIRECTION ( 'NONE',  ( 0.9451512019217267468, 0.0000000000000000000, -0.3266331359582419491 ) ) ;
#2955 = DIRECTION ( 'NONE',  ( -0.2357022603955148676, -0.9428090415820634673, 0.2357022603955158668 ) ) ;
#2956 = ORIENTED_EDGE ( 'NONE', *, *, #4000, .T. ) ;
#2957 = ORIENTED_EDGE ( 'NONE', *, *, #7579, .F. ) ;
#2958 = CYLINDRICAL_SURFACE ( 'NONE', #5509, 0.4499999999999990119 ) ;
#2959 = ORIENTED_EDGE ( 'NONE', *, *, #6545, .F. ) ;
#2960 = SURFACE_STYLE_USAGE ( .BOTH. , #5838 ) ;
#2961 = CARTESIAN_POINT ( 'NONE',  ( 6.500000000000000888, 14.69999999999999929, 4.710000000000000853 ) ) ;
#2962 = ORIENTED_EDGE ( 'NONE', *, *, #4668, .T. ) ;
#2963 = CARTESIAN_POINT ( 'NONE',  ( 6.711111111111110361, 10.44444444444440023, 19.26111111111109864 ) ) ;
#2964 = VERTEX_POINT ( 'NONE', #7387 ) ;
#2965 = EDGE_CURVE ( 'NONE', #1985, #7359, #4489, .T. ) ;
#2967 = PLANE ( 'NONE',  #3091 ) ;
#2966 = AXIS2_PLACEMENT_3D ( 'NONE', #5696, #282, #2690 ) ;
#2968 = AXIS2_PLACEMENT_3D ( 'NONE', #593, #7210, #439 ) ;
#2969 = PRESENTATION_STYLE_ASSIGNMENT (( #1785 ) ) ;
#2970 = EDGE_CURVE ( 'NONE', #7163, #4475, #497, .T. ) ;
#2971 = PLANE ( 'NONE',  #4382 ) ;
#2972 = ORIENTED_EDGE ( 'NONE', *, *, #7207, .T. ) ;
#2973 = DIRECTION ( 'NONE',  ( -0.0000000000000000000, -1.000000000000000000, -0.0000000000000000000 ) ) ;
#2974 = VECTOR ( 'NONE', #372, 1000.000000000000000 ) ;
#2975 = VECTOR ( 'NONE', #7461, 1000.000000000000114 ) ;
#2976 = EDGE_CURVE ( 'NONE', #2763, #6660, #292, .T. ) ;
#2977 = ADVANCED_FACE ( 'NONE', ( #4534 ), #3306, .T. ) ;
#2978 = DIRECTION ( 'NONE',  ( 0.0000000000000000000, 0.0000000000000000000, -1.000000000000000000 ) ) ;
#2979 = CARTESIAN_POINT ( 'NONE',  ( 6.899999999999999467, 20.89999999999999147, 14.83999999999999986 ) ) ;
#2980 = CARTESIAN_POINT ( 'NONE',  ( 6.700000000000000178, 10.40000000000000213, 11.82999999999999829 ) ) ;
#2981 = MECHANICAL_DESIGN_GEOMETRIC_PRESENTATION_REPRESENTATION (  '', ( #6506 ), #4874 ) ;
#2982 = ORIENTED_EDGE ( 'NONE', *, *, #7622, .F. ) ;
#2983 = COLOUR_RGB ( '',1.000000000000000000, 1.000000000000000000, 1.000000000000000000 ) ;
#2984 = CARTESIAN_POINT ( 'NONE',  ( 4.150000000000000355, 15.69999999999999929, 10.52999999999999936 ) ) ;
#2985 = LINE ( 'NONE', #6002, #4085 ) ;
#2986 = DIRECTION ( 'NONE',  ( 0.0000000000000000000, -0.9701425001453318764, -0.2425356250363329691 ) ) ;
#2987 = DIRECTION ( 'NONE',  ( 0.0000000000000000000, 0.0000000000000000000, -1.000000000000000000 ) ) ;
#2988 = VECTOR ( 'NONE', #7501, 1000.000000000000000 ) ;
#2989 = PLANE ( 'NONE',  #1452 ) ;
#2990 = CARTESIAN_POINT ( 'NONE',  ( 6.299999999999999822, 10.40000000000000213, 15.63999999999999702 ) ) ;
#2991 = LINE ( 'NONE', #5512, #398 ) ;
#2992 = PRESENTATION_LAYER_ASSIGNMENT (  '', '', ( #463 ) ) ;
#2993 = CARTESIAN_POINT ( 'NONE',  ( 9.119999999999999218, 15.69999999999999929, 8.320000000000000284 ) ) ;
#2994 = PLANE ( 'NONE',  #7577 ) ;
#2995 = COLOUR_RGB ( '',1.000000000000000000, 1.000000000000000000, 1.000000000000000000 ) ;
#2996 = PLANE ( 'NONE',  #2106 ) ;
#2997 = EDGE_LOOP ( 'NONE', ( #2667, #5633, #7079, #6222 ) ) ;
#2998 = ORIENTED_EDGE ( 'NONE', *, *, #4437, .F. ) ;
#2999 = SURFACE_STYLE_FILL_AREA ( #1555 ) ;
#3000 = CARTESIAN_POINT ( 'NONE',  ( 9.800000000000000711, 15.69999999999999929, 12.91999999999999993 ) ) ;
#3001 = VECTOR ( 'NONE', #7263, 1000.000000000000000 ) ;
#3002 = MECHANICAL_DESIGN_GEOMETRIC_PRESENTATION_REPRESENTATION (  '', ( #848 ), #1482 ) ;
#3003 = AXIS2_PLACEMENT_3D ( 'NONE', #2568, #2029, #5082 ) ;
#3004 = ORIENTED_EDGE ( 'NONE', *, *, #2922, .F. ) ;
#3005 =( NAMED_UNIT ( * ) PLANE_ANGLE_UNIT ( ) SI_UNIT ( $, .RADIAN. ) );
#3006 = DIRECTION ( 'NONE',  ( 0.0000000000000000000, 0.0000000000000000000, 1.000000000000000000 ) ) ;
#3007 = EDGE_LOOP ( 'NONE', ( #6173, #4460, #2608, #4892 ) ) ;
#3008 = VECTOR ( 'NONE', #896, 1000.000000000000000 ) ;
#3009 = ORIENTED_EDGE ( 'NONE', *, *, #5104, .T. ) ;
#3010 = CARTESIAN_POINT ( 'NONE',  ( 8.599999999999999645, 9.000000000000001776, 17.44999999999999929 ) ) ;
#3011 = CARTESIAN_POINT ( 'NONE',  ( 4.150000000000000355, 9.000000000000001776, 16.83999999999999631 ) ) ;
#3012 = CARTESIAN_POINT ( 'NONE',  ( 6.500000000000000888, 14.69999999999999929, 16.14000000000000057 ) ) ;
#3013 = EDGE_LOOP ( 'NONE', ( #3140, #3807, #4304, #5415 ) ) ;
#3014 = SURFACE_STYLE_FILL_AREA ( #6442 ) ;
#3015 = ADVANCED_FACE ( 'NONE', ( #6247 ), #1955, .T. ) ;
#3016 = AXIS2_PLACEMENT_3D ( 'NONE', #776, #5043, #5003 ) ;
#3017 = ORIENTED_EDGE ( 'NONE', *, *, #4333, .T. ) ;
#3018 = CARTESIAN_POINT ( 'NONE',  ( 6.900000000000000355, 11.19999999999999929, 8.019999999999999574 ) ) ;
#3019 =( NAMED_UNIT ( * ) PLANE_ANGLE_UNIT ( ) SI_UNIT ( $, .RADIAN. ) );
#3020 = CARTESIAN_POINT ( 'NONE',  ( 6.349999999999999645, 11.50000000000000000, 1.510000000000000897 ) ) ;
#3021 = ORIENTED_EDGE ( 'NONE', *, *, #2051, .F. ) ;
#3022 = ADVANCED_FACE ( 'NONE', ( #3819 ), #2113, .F. ) ;
#3023 = CARTESIAN_POINT ( 'NONE',  ( 6.700000000000001066, 21.69999999999999929, 11.22999999999999865 ) ) ;
#3024 = UNCERTAINTY_MEASURE_WITH_UNIT (LENGTH_MEASURE( 1.000000000000000082E-05 ), #1450, 'distance_accuracy_value', 'NONE');
#3025 = LINE ( 'NONE', #5355, #5316 ) ;
#3026 = EDGE_CURVE ( 'NONE', #7320, #5103, #170, .T. ) ;
#3027 = DIRECTION ( 'NONE',  ( -1.000000000000000000, 0.0000000000000000000, 0.0000000000000000000 ) ) ;
#3028 = CARTESIAN_POINT ( 'NONE',  ( 9.119999999999999218, 9.000000000000001776, 10.73000000000000220 ) ) ;
#3029 = EDGE_CURVE ( 'NONE', #3051, #7477, #6164, .T. ) ;
#3030 = DIRECTION ( 'NONE',  ( -0.2425356250363329691, 0.9701425001453318764, 0.0000000000000000000 ) ) ;
#3031 = AXIS2_PLACEMENT_3D ( 'NONE', #5256, #6548, #4196 ) ;
#3032 = DIRECTION ( 'NONE',  ( 0.0000000000000000000, 0.0000000000000000000, 1.000000000000000000 ) ) ;
#3033 = CARTESIAN_POINT ( 'NONE',  ( 6.099999999999999645, 20.89999999999999147, 7.220000000000000639 ) ) ;
#3034 = DIRECTION ( 'NONE',  ( -0.9451512019217267468, 0.0000000000000000000, 0.3266331359582419491 ) ) ;
#3035 = DIRECTION ( 'NONE',  ( 0.0000000000000000000, 0.0000000000000000000, -1.000000000000000000 ) ) ;
#3036 = EDGE_CURVE ( 'NONE', #3880, #6908, #6290, .T. ) ;
#3037 = DIRECTION ( 'NONE',  ( 1.000000000000000000, 0.0000000000000000000, 0.0000000000000000000 ) ) ;
#3038 = EDGE_CURVE ( 'NONE', #7447, #5943, #892, .T. ) ;
#3039 = UNCERTAINTY_MEASURE_WITH_UNIT (LENGTH_MEASURE( 1.000000000000000082E-05 ), #3925, 'distance_accuracy_value', 'NONE');
#3040 = DIRECTION ( 'NONE',  ( 0.0000000000000000000, 0.0000000000000000000, 1.000000000000000000 ) ) ;
#3041 = ORIENTED_EDGE ( 'NONE', *, *, #6683, .T. ) ;
#3042 = SURFACE_SIDE_STYLE ('',( #2999 ) ) ;
#3043 = CIRCLE ( 'NONE', #4682, 0.4500000000000007327 ) ;
#3044 = ORIENTED_EDGE ( 'NONE', *, *, #5908, .T. ) ;
#3045 = CARTESIAN_POINT ( 'NONE',  ( 8.599999999999999645, 17.39999999999999858, 14.54000000000000092 ) ) ;
#3046 = AXIS2_PLACEMENT_3D ( 'NONE', #5783, #1756, #7036 ) ;
#3047 = CARTESIAN_POINT ( 'NONE',  ( 6.299999999999999822, 10.40000000000000213, 15.04000000000000092 ) ) ;
#3048 = ORIENTED_EDGE ( 'NONE', *, *, #2439, .F. ) ;
#3049 = VECTOR ( 'NONE', #3908, 1000.000000000000000 ) ;
#3050 = PRESENTATION_LAYER_ASSIGNMENT (  '', '', ( #2405 ) ) ;
#3051 = VERTEX_POINT ( 'NONE', #1522 ) ;
#3052 =( LENGTH_UNIT ( ) NAMED_UNIT ( * ) SI_UNIT ( .MILLI., .METRE. ) );
#3053 = LINE ( 'NONE', #6630, #3560 ) ;
#3054 = AXIS2_PLACEMENT_3D ( 'NONE', #5808, #6397, #2805 ) ;
#3055 =( GEOMETRIC_REPRESENTATION_CONTEXT ( 3 ) GLOBAL_UNCERTAINTY_ASSIGNED_CONTEXT ( ( #966 ) ) GLOBAL_UNIT_ASSIGNED_CONTEXT ( ( #4091, #2407, #1822 ) ) REPRESENTATION_CONTEXT ( 'NONE', 'WORKASPACE' ) );
#3056 = EDGE_LOOP ( 'NONE', ( #6590, #5539, #5601, #2186 ) ) ;
#3057 = PRESENTATION_STYLE_ASSIGNMENT (( #7369 ) ) ;
#3058 = VECTOR ( 'NONE', #226, 1000.000000000000000 ) ;
#3059 = STYLED_ITEM ( 'NONE', ( #3057 ), #4865 ) ;
#3060 = ORIENTED_EDGE ( 'NONE', *, *, #4579, .T. ) ;
#3061 = PLANE ( 'NONE',  #3739 ) ;
#3062 = DIRECTION ( 'NONE',  ( 0.0000000000000000000, 0.0000000000000000000, 1.000000000000000000 ) ) ;
#3063 = DIRECTION ( 'NONE',  ( -0.0000000000000000000, -1.000000000000000000, -0.0000000000000000000 ) ) ;
#3064 = EDGE_LOOP ( 'NONE', ( #3516, #5995, #5229, #5413 ) ) ;
#3065 = FACE_OUTER_BOUND ( 'NONE', #7736, .T. ) ;
#3066 =( NAMED_UNIT ( * ) PLANE_ANGLE_UNIT ( ) SI_UNIT ( $, .RADIAN. ) );
#3067 = VECTOR ( 'NONE', #501, 1000.000000000000000 ) ;
#3068 = SURFACE_STYLE_FILL_AREA ( #5356 ) ;
#3069 = CARTESIAN_POINT ( 'NONE',  ( 9.119999999999999218, 15.69999999999999929, 19.75000000000000000 ) ) ;
#3070 = CARTESIAN_POINT ( 'NONE',  ( 5.950000000000009059, 20.30000000000001847, 10.88000000000000966 ) ) ;
#3071 = FACE_OUTER_BOUND ( 'NONE', #4507, .T. ) ;
#3072 = CARTESIAN_POINT ( 'NONE',  ( 6.299999999999998046, 21.69999999999999929, 4.209999999999998188 ) ) ;
#3073 = EDGE_CURVE ( 'NONE', #376, #1188, #336, .T. ) ;
#3074 = DIRECTION ( 'NONE',  ( 0.0000000000000000000, 0.0000000000000000000, -1.000000000000000000 ) ) ;
#3075 = DIRECTION ( 'NONE',  ( 0.0000000000000000000, 0.0000000000000000000, -1.000000000000000000 ) ) ;
#3076 = CARTESIAN_POINT ( 'NONE',  ( 6.900000000000000355, 11.19999999999999929, 11.82999999999999829 ) ) ;
#3077 = EDGE_CURVE ( 'NONE', #2366, #863, #4967, .T. ) ;
#3078 = CARTESIAN_POINT ( 'NONE',  ( 0.0000000000000000000, 21.69999999999999929, 7.820000000000000284 ) ) ;
#3079 = VERTEX_POINT ( 'NONE', #7696 ) ;
#3080 = FACE_OUTER_BOUND ( 'NONE', #3983, .T. ) ;
#3081 = EDGE_CURVE ( 'NONE', #2393, #1388, #4604, .T. ) ;
#3082 = ORIENTED_EDGE ( 'NONE', *, *, #4675, .F. ) ;
#3083 = CARTESIAN_POINT ( 'NONE',  ( 5.799999999999999822, 16.30000000000000071, 8.019999999999999574 ) ) ;
#3084 = PRESENTATION_STYLE_ASSIGNMENT (( #1186 ) ) ;
#3085 = ORIENTED_EDGE ( 'NONE', *, *, #1813, .T. ) ;
#3086 = LINE ( 'NONE', #1857, #2254 ) ;
#3087 = ORIENTED_EDGE ( 'NONE', *, *, #5903, .T. ) ;
#3088 = PRESENTATION_STYLE_ASSIGNMENT (( #1305 ) ) ;
#3089 = ORIENTED_EDGE ( 'NONE', *, *, #7673, .T. ) ;
#3090 = PRESENTATION_LAYER_ASSIGNMENT (  '', '', ( #1831 ) ) ;
#3091 = AXIS2_PLACEMENT_3D ( 'NONE', #5340, #4674, #5986 ) ;
#3092 = ORIENTED_EDGE ( 'NONE', *, *, #4430, .F. ) ;
#3093 = LINE ( 'NONE', #7257, #185 ) ;
#3094 =( LENGTH_UNIT ( ) NAMED_UNIT ( * ) SI_UNIT ( .MILLI., .METRE. ) );
#3095 = DIRECTION ( 'NONE',  ( 0.0000000000000000000, -0.2425356250363329691, 0.9701425001453318764 ) ) ;
#3096 = DIRECTION ( 'NONE',  ( 0.0000000000000000000, 0.0000000000000000000, -1.000000000000000000 ) ) ;
#3097 = VERTEX_POINT ( 'NONE', #3533 ) ;
#3098 = DIRECTION ( 'NONE',  ( -1.000000000000000000, 0.0000000000000000000, 0.0000000000000000000 ) ) ;
#3099 = SURFACE_SIDE_STYLE ('',( #3179 ) ) ;
#3100 = VECTOR ( 'NONE', #4985, 1000.000000000000000 ) ;
#3101 = LINE ( 'NONE', #5508, #1467 ) ;
#3102 = COLOUR_RGB ( '',1.000000000000000000, 1.000000000000000000, 1.000000000000000000 ) ;
#3103 = SURFACE_SIDE_STYLE ('',( #687 ) ) ;
#3104 = ADVANCED_FACE ( 'NONE', ( #4137 ), #6995, .T. ) ;
#3105 = CARTESIAN_POINT ( 'NONE',  ( 6.349999999999999645, 11.50000000000000000, 21.35000000000000142 ) ) ;
#3106 = CARTESIAN_POINT ( 'NONE',  ( 7.549999999999999822, 11.50000000000000000, 1.510000000000000897 ) ) ;
#3107 = DIRECTION ( 'NONE',  ( -1.000000000000000000, 0.0000000000000000000, 0.0000000000000000000 ) ) ;
#3108 = CARTESIAN_POINT ( 'NONE',  ( 3.500000000000000000, 18.19999999999999929, 21.35000000000000142 ) ) ;
#3109 = UNCERTAINTY_MEASURE_WITH_UNIT (LENGTH_MEASURE( 1.000000000000000082E-05 ), #4182, 'distance_accuracy_value', 'NONE');
#3110 = LINE ( 'NONE', #2582, #3247 ) ;
#3111 = AXIS2_PLACEMENT_3D ( 'NONE', #4772, #7155, #6684 ) ;
#3112 = ORIENTED_EDGE ( 'NONE', *, *, #3839, .F. ) ;
#3113 = EDGE_CURVE ( 'NONE', #3425, #400, #1124, .T. ) ;
#3114 = CARTESIAN_POINT ( 'NONE',  ( 6.900000000000000355, 16.30000000000000071, 7.220000000000000639 ) ) ;
#3115 = EDGE_LOOP ( 'NONE', ( #3720, #5715, #354, #3017 ) ) ;
#3116 = EDGE_CURVE ( 'NONE', #2057, #6750, #3386, .T. ) ;
#3117 = VECTOR ( 'NONE', #4461, 1000.000000000000000 ) ;
#3118 = CARTESIAN_POINT ( 'NONE',  ( 7.549999999999999822, 18.19999999999999929, 20.65000000000000213 ) ) ;
#3119 = SURFACE_STYLE_FILL_AREA ( #7358 ) ;
#3120 = ADVANCED_FACE ( 'NONE', ( #2854 ), #5163, .T. ) ;
#3121 = VERTEX_POINT ( 'NONE', #4014 ) ;
#3122 = EDGE_CURVE ( 'NONE', #1355, #4103, #1677, .T. ) ;
#3123 = STYLED_ITEM ( 'NONE', ( #4224 ), #7249 ) ;
#3124 = CARTESIAN_POINT ( 'NONE',  ( 8.599999999999999645, 17.39999999999999858, 6.020000000000001350 ) ) ;
#3125 = CIRCLE ( 'NONE', #1372, 0.4500000000000007327 ) ;
#3126 = EDGE_CURVE ( 'NONE', #6269, #2291, #5271, .T. ) ;
#3127 = ORIENTED_EDGE ( 'NONE', *, *, #6393, .F. ) ;
#3128 = VECTOR ( 'NONE', #1242, 1000.000000000000000 ) ;
#3129 = DIRECTION ( 'NONE',  ( 0.0000000000000000000, 0.0000000000000000000, -1.000000000000000000 ) ) ;
#3130 = ADVANCED_FACE ( 'NONE', ( #4726 ), #413, .T. ) ;
#3131 = ORIENTED_EDGE ( 'NONE', *, *, #3952, .F. ) ;
#3132 = CARTESIAN_POINT ( 'NONE',  ( 5.799999999999999822, 16.30000000000000071, 19.44999999999999929 ) ) ;
#3133 = ORIENTED_EDGE ( 'NONE', *, *, #7388, .F. ) ;
#3134 = FACE_OUTER_BOUND ( 'NONE', #3478, .T. ) ;
#3135 = FILL_AREA_STYLE ('',( #1943 ) ) ;
#3136 =( NAMED_UNIT ( * ) SI_UNIT ( $, .STERADIAN. ) SOLID_ANGLE_UNIT ( ) );
#3137 = DIRECTION ( 'NONE',  ( 0.0000000000000000000, 0.0000000000000000000, -1.000000000000000000 ) ) ;
#3138 = ORIENTED_EDGE ( 'NONE', *, *, #6770, .T. ) ;
#3139 = CARTESIAN_POINT ( 'NONE',  ( 6.099999999999999645, 21.69999999999999929, 3.409999999999999698 ) ) ;
#3140 = ORIENTED_EDGE ( 'NONE', *, *, #5395, .F. ) ;
#3141 =( NAMED_UNIT ( * ) SI_UNIT ( $, .STERADIAN. ) SOLID_ANGLE_UNIT ( ) );
#3142 = LINE ( 'NONE', #6284, #4392 ) ;
#3143 = DIRECTION ( 'NONE',  ( 1.000000000000000000, 0.0000000000000000000, -0.0000000000000000000 ) ) ;
#3144 = CARTESIAN_POINT ( 'NONE',  ( 8.599999999999999645, 9.000000000000001776, 18.35000000000000142 ) ) ;
#3145 = SURFACE_SIDE_STYLE ('',( #2499 ) ) ;
#3146 = PLANE ( 'NONE',  #2041 ) ;
#3147 = PLANE ( 'NONE',  #5302 ) ;
#3148 = AXIS2_PLACEMENT_3D ( 'NONE', #2757, #308, #2714 ) ;
#3149 = LINE ( 'NONE', #2622, #7328 ) ;
#3150 = EDGE_LOOP ( 'NONE', ( #2707, #7719, #1887, #3967 ) ) ;
#3151 = DIRECTION ( 'NONE',  ( 0.0000000000000000000, 1.000000000000000000, 0.0000000000000000000 ) ) ;
#3152 = MECHANICAL_DESIGN_GEOMETRIC_PRESENTATION_REPRESENTATION (  '', ( #3656 ), #5914 ) ;
#3153 = EDGE_LOOP ( 'NONE', ( #3009, #7703, #7282, #7026 ) ) ;
#3154 = PLANE ( 'NONE',  #656 ) ;
#3155 = CARTESIAN_POINT ( 'NONE',  ( 4.599999999999999645, 9.000000000000001776, 6.580769515458703367 ) ) ;
#3156 = ORIENTED_EDGE ( 'NONE', *, *, #2192, .T. ) ;
#3157 = VECTOR ( 'NONE', #1336, 1000.000000000000000 ) ;
#3158 = ADVANCED_FACE ( 'NONE', ( #5227 ), #7611, .F. ) ;
#3159 = ORIENTED_EDGE ( 'NONE', *, *, #3593, .T. ) ;
#3160 = VECTOR ( 'NONE', #7552, 1000.000000000000000 ) ;
#3161 = ORIENTED_EDGE ( 'NONE', *, *, #7780, .F. ) ;
#3162 = CARTESIAN_POINT ( 'NONE',  ( 0.0000000000000000000, 21.69999999999999929, 15.43999999999999950 ) ) ;
#3163 = EDGE_CURVE ( 'NONE', #4463, #7359, #5046, .T. ) ;
#3164 = ORIENTED_EDGE ( 'NONE', *, *, #3518, .F. ) ;
#3165 = STYLED_ITEM ( 'NONE', ( #5731 ), #4907 ) ;
#3166 = DIRECTION ( 'NONE',  ( 0.0000000000000000000, 1.000000000000000000, 0.0000000000000000000 ) ) ;
#3167 = EDGE_CURVE ( 'NONE', #2009, #5712, #5423, .T. ) ;
#3168 = COLOUR_RGB ( '',1.000000000000000000, 1.000000000000000000, 1.000000000000000000 ) ;
#3169 = EDGE_CURVE ( 'NONE', #5381, #5207, #5502, .T. ) ;
#3170 = VERTEX_POINT ( 'NONE', #6716 ) ;
#3171 = CARTESIAN_POINT ( 'NONE',  ( 6.099999999999999645, 10.40000000000000213, 11.62999999999999901 ) ) ;
#3172 = EDGE_CURVE ( 'NONE', #4350, #2009, #5293, .T. ) ;
#3173 = CIRCLE ( 'NONE', #4063, 0.9000000000000014655 ) ;
#3174 = CARTESIAN_POINT ( 'NONE',  ( 6.900000000000000355, 10.40000000000000213, 15.63999999999999702 ) ) ;
#3175 = DIRECTION ( 'NONE',  ( -1.000000000000000000, 0.0000000000000000000, 0.0000000000000000000 ) ) ;
#3176 = DIRECTION ( 'NONE',  ( 0.0000000000000000000, 0.0000000000000000000, -1.000000000000000000 ) ) ;
#3177 = ORIENTED_EDGE ( 'NONE', *, *, #3163, .F. ) ;
#3178 = DIRECTION ( 'NONE',  ( -0.0000000000000000000, -1.000000000000000000, -0.0000000000000000000 ) ) ;
#3179 = SURFACE_STYLE_FILL_AREA ( #682 ) ;
#3180 = ORIENTED_EDGE ( 'NONE', *, *, #6043, .F. ) ;
#3181 = UNCERTAINTY_MEASURE_WITH_UNIT (LENGTH_MEASURE( 1.000000000000000082E-05 ), #6475, 'distance_accuracy_value', 'NONE');
#3182 = DIRECTION ( 'NONE',  ( 0.0000000000000000000, 0.0000000000000000000, -1.000000000000000000 ) ) ;
#3183 = CARTESIAN_POINT ( 'NONE',  ( 6.099999999999999645, 11.19999999999999929, 11.82999999999999829 ) ) ;
#3184 = AXIS2_PLACEMENT_3D ( 'NONE', #3927, #5081, #3300 ) ;
#3185 = FACE_OUTER_BOUND ( 'NONE', #818, .T. ) ;
#3186 = CARTESIAN_POINT ( 'NONE',  ( 6.900000000000000355, 14.69999999999999929, 3.409999999999999698 ) ) ;
#3187 = CARTESIAN_POINT ( 'NONE',  ( 9.119999999999999218, 15.69999999999999929, 17.79500000000000171 ) ) ;
#3188 =( NAMED_UNIT ( * ) SI_UNIT ( $, .STERADIAN. ) SOLID_ANGLE_UNIT ( ) );
#3189 = CARTESIAN_POINT ( 'NONE',  ( 9.119999999999999218, 9.000000000000001776, 3.110000000000001652 ) ) ;
#3190 = EDGE_LOOP ( 'NONE', ( #530, #7202, #7631, #4037 ) ) ;
#3191 = AXIS2_PLACEMENT_3D ( 'NONE', #5800, #3482, #2717 ) ;
#3192 = LINE ( 'NONE', #7424, #1781 ) ;
#3193 = DIRECTION ( 'NONE',  ( 0.3266331359582419491, 0.0000000000000000000, -0.9451512019217267468 ) ) ;
#3194 = SURFACE_SIDE_STYLE ('',( #2319 ) ) ;
#3195 = ORIENTED_EDGE ( 'NONE', *, *, #4519, .F. ) ;
#3196 = CARTESIAN_POINT ( 'NONE',  ( 6.900000000000000355, 16.30000000000000071, 15.63999999999999702 ) ) ;
#3197 = AXIS2_PLACEMENT_3D ( 'NONE', #3744, #5516, #6773 ) ;
#3198 = ORIENTED_EDGE ( 'NONE', *, *, #365, .T. ) ;
#3199 = ORIENTED_EDGE ( 'NONE', *, *, #69, .F. ) ;
#3200 = VERTEX_POINT ( 'NONE', #1827 ) ;
#3201 = ORIENTED_EDGE ( 'NONE', *, *, #5953, .T. ) ;
#3202 = PLANE ( 'NONE',  #3148 ) ;
#3203 = DIRECTION ( 'NONE',  ( 0.2357022603955148676, 0.9428090415820634673, 0.2357022603955158668 ) ) ;
#3204 = ORIENTED_EDGE ( 'NONE', *, *, #231, .T. ) ;
#3205 = PLANE ( 'NONE',  #2275 ) ;
#3206 = EDGE_CURVE ( 'NONE', #6234, #3395, #2452, .T. ) ;
#3207 = EDGE_LOOP ( 'NONE', ( #6616, #2588, #1052, #6897 ) ) ;
#3208 = LINE ( 'NONE', #193, #5249 ) ;
#3209 = EDGE_CURVE ( 'NONE', #6156, #5982, #1310, .T. ) ;
#3210 = DIRECTION ( 'NONE',  ( 0.0000000000000000000, 0.0000000000000000000, -1.000000000000000000 ) ) ;
#3211 = CARTESIAN_POINT ( 'NONE',  ( 4.150000000000000355, 9.000000000000001776, 6.020000000000001350 ) ) ;
#3212 = ORIENTED_EDGE ( 'NONE', *, *, #2976, .F. ) ;
#3213 = PLANE ( 'NONE',  #81 ) ;
#3214 = ORIENTED_EDGE ( 'NONE', *, *, #2922, .T. ) ;
#3215 = LINE ( 'NONE', #7379, #7567 ) ;
#3216 = EDGE_CURVE ( 'NONE', #1188, #7361, #2376, .T. ) ;
#3217 = PRESENTATION_LAYER_ASSIGNMENT (  '', '', ( #7246 ) ) ;
#3218 = FILL_AREA_STYLE ('',( #2068 ) ) ;
#3219 = ADVANCED_FACE ( 'NONE', ( #3727, #1754 ), #7260, .T. ) ;
#3220 = DIRECTION ( 'NONE',  ( 0.0000000000000000000, 0.0000000000000000000, -1.000000000000000000 ) ) ;
#3221 = DIRECTION ( 'NONE',  ( -0.2357022603955148676, 0.9428090415820634673, 0.2357022603955158668 ) ) ;
#3222 = LINE ( 'NONE', #5625, #6370 ) ;
#3223 = CARTESIAN_POINT ( 'NONE',  ( 6.099999999999999645, 21.69999999999999929, 11.82999999999999829 ) ) ;
#3224 = DIRECTION ( 'NONE',  ( 0.0000000000000000000, -1.000000000000000000, 0.0000000000000000000 ) ) ;
#3225 = AXIS2_PLACEMENT_3D ( 'NONE', #4398, #7452, #1390 ) ;
#3226 = CARTESIAN_POINT ( 'NONE',  ( 4.150000000000000355, 15.69999999999999929, 16.27923048454129784 ) ) ;
#3227 = DIRECTION ( 'NONE',  ( 1.000000000000000000, 0.0000000000000000000, 0.0000000000000000000 ) ) ;
#3228 =( GEOMETRIC_REPRESENTATION_CONTEXT ( 3 ) GLOBAL_UNCERTAINTY_ASSIGNED_CONTEXT ( ( #736 ) ) GLOBAL_UNIT_ASSIGNED_CONTEXT ( ( #2064, #6318, #5577 ) ) REPRESENTATION_CONTEXT ( 'NONE', 'WORKASPACE' ) );
#3229 = VERTEX_POINT ( 'NONE', #7735 ) ;
#3230 = CARTESIAN_POINT ( 'NONE',  ( 6.099999999999999645, 10.40000000000000213, 4.209999999999998188 ) ) ;
#3231 = VECTOR ( 'NONE', #5208, 1000.000000000000000 ) ;
#3232 = ORIENTED_EDGE ( 'NONE', *, *, #5573, .F. ) ;
#3233 = DIRECTION ( 'NONE',  ( -0.0000000000000000000, -0.0000000000000000000, 1.000000000000000000 ) ) ;
#3234 = VERTEX_POINT ( 'NONE', #3572 ) ;
#3235 = CARTESIAN_POINT ( 'NONE',  ( 4.150000000000000355, 15.69999999999999929, 17.44999999999999929 ) ) ;
#3236 =( NAMED_UNIT ( * ) SI_UNIT ( $, .STERADIAN. ) SOLID_ANGLE_UNIT ( ) );
#3237 = MECHANICAL_DESIGN_GEOMETRIC_PRESENTATION_REPRESENTATION (  '', ( #6242 ), #3863 ) ;
#3238 = AXIS2_PLACEMENT_3D ( 'NONE', #1636, #5817, #1083 ) ;
#3239 = ORIENTED_EDGE ( 'NONE', *, *, #1906, .F. ) ;
#3240 = ORIENTED_EDGE ( 'NONE', *, *, #5011, .T. ) ;
#3241 = DIRECTION ( 'NONE',  ( 0.9451512019217267468, 0.0000000000000000000, 0.3266331359582419491 ) ) ;
#3242 = MECHANICAL_DESIGN_GEOMETRIC_PRESENTATION_REPRESENTATION (  '', ( #5990 ), #2473 ) ;
#3243 = SURFACE_SIDE_STYLE ('',( #4981 ) ) ;
#3244 = STYLED_ITEM ( 'NONE', ( #1279 ), #2386 ) ;
#3245 = ORIENTED_EDGE ( 'NONE', *, *, #1386, .F. ) ;
#3246 = CARTESIAN_POINT ( 'NONE',  ( 8.599999999999999645, 17.39999999999999858, 20.64999999999999858 ) ) ;
#3247 = VECTOR ( 'NONE', #131, 1000.000000000000000 ) ;
#3248 = VERTEX_POINT ( 'NONE', #2340 ) ;
#3249 = CARTESIAN_POINT ( 'NONE',  ( 8.599999999999999645, 9.000000000000001776, 2.209999999999999964 ) ) ;
#3250 = SURFACE_STYLE_USAGE ( .BOTH. , #4954 ) ;
#3251 = SURFACE_STYLE_USAGE ( .BOTH. , #4521 ) ;
#3252 = PRESENTATION_STYLE_ASSIGNMENT (( #840 ) ) ;
#3253 = ORIENTED_EDGE ( 'NONE', *, *, #1566, .T. ) ;
#3254 = CARTESIAN_POINT ( 'NONE',  ( 6.500000000000000888, 14.69999999999999929, 19.05000000000000071 ) ) ;
#3255 = ADVANCED_FACE ( 'NONE', ( #640 ), #2491, .F. ) ;
#3256 = EDGE_LOOP ( 'NONE', ( #1548, #1755, #978, #1678 ) ) ;
#3257 = UNCERTAINTY_MEASURE_WITH_UNIT (LENGTH_MEASURE( 1.000000000000000082E-05 ), #3052, 'distance_accuracy_value', 'NONE');
#3258 = FILL_AREA_STYLE ('',( #6283 ) ) ;
#3259 = CARTESIAN_POINT ( 'NONE',  ( 6.099999999999999645, 21.69999999999999929, 18.64999999999999858 ) ) ;
#3260 = CARTESIAN_POINT ( 'NONE',  ( 9.800000000000000711, 15.69999999999999929, 20.53999999999999915 ) ) ;
#3261 = CARTESIAN_POINT ( 'NONE',  ( 7.549999999999999822, 18.19999999999999929, 21.35000000000000142 ) ) ;
#3262 = VECTOR ( 'NONE', #3979, 1000.000000000000000 ) ;
#3263 = EDGE_CURVE ( 'NONE', #1224, #5883, #5964, .T. ) ;
#3264 = CARTESIAN_POINT ( 'NONE',  ( 4.150000000000000355, 15.69999999999999929, 8.659230484541300399 ) ) ;
#3265 = CARTESIAN_POINT ( 'NONE',  ( 6.099999999999999645, 18.19999999999999929, 7.220000000000000639 ) ) ;
#3266 = DIRECTION ( 'NONE',  ( 0.0000000000000000000, -1.000000000000000000, 0.0000000000000000000 ) ) ;
#3267 = EDGE_CURVE ( 'NONE', #49, #5330, #7541, .T. ) ;
#3268 = CARTESIAN_POINT ( 'NONE',  ( 6.349999999999999645, 18.19999999999999929, 1.510000000000000897 ) ) ;
#3269 = ORIENTED_EDGE ( 'NONE', *, *, #6825, .F. ) ;
#3270 = SURFACE_STYLE_USAGE ( .BOTH. , #3903 ) ;
#3271 = EDGE_CURVE ( 'NONE', #3918, #3352, #7181, .T. ) ;
#3272 = DIRECTION ( 'NONE',  ( 0.9701425001453328756, 0.2425356250363290000, 0.0000000000000000000 ) ) ;
#3273 = ORIENTED_EDGE ( 'NONE', *, *, #2200, .F. ) ;
#3274 = ADVANCED_FACE ( 'NONE', ( #4915 ), #2414, .F. ) ;
#3275 = PRESENTATION_LAYER_ASSIGNMENT (  '', '', ( #6789 ) ) ;
#3276 = LINE ( 'NONE', #1498, #1211 ) ;
#3277 = DIRECTION ( 'NONE',  ( 0.0000000000000000000, 0.0000000000000000000, -1.000000000000000000 ) ) ;
#3278 = ORIENTED_EDGE ( 'NONE', *, *, #7063, .T. ) ;
#3279 = EDGE_CURVE ( 'NONE', #2670, #6276, #6644, .T. ) ;
#3280 = CARTESIAN_POINT ( 'NONE',  ( 4.599999999999999645, 9.000000000000001776, 14.20076951545870259 ) ) ;
#3281 = PRESENTATION_STYLE_ASSIGNMENT (( #3792 ) ) ;
#3282 = ORIENTED_EDGE ( 'NONE', *, *, #3943, .F. ) ;
#3283 = ORIENTED_EDGE ( 'NONE', *, *, #3891, .F. ) ;
#3284 = AXIS2_PLACEMENT_3D ( 'NONE', #4173, #7218, #3096 ) ;
#3285 = CARTESIAN_POINT ( 'NONE',  ( 9.119999999999999218, 9.000000000000001776, 20.30499999999999972 ) ) ;
#3286 = STYLED_ITEM ( 'NONE', ( #2921 ), #3368 ) ;
#3287 = ORIENTED_EDGE ( 'NONE', *, *, #5053, .F. ) ;
#3288 = CARTESIAN_POINT ( 'NONE',  ( 6.349999999999999645, 18.19999999999999929, 20.65000000000000213 ) ) ;
#3289 = STYLED_ITEM ( 'NONE', ( #6375 ), #3655 ) ;
#3290 = ORIENTED_EDGE ( 'NONE', *, *, #1915, .T. ) ;
#3291 = ORIENTED_EDGE ( 'NONE', *, *, #2878, .F. ) ;
#3292 = DIRECTION ( 'NONE',  ( 0.0000000000000000000, 0.0000000000000000000, 1.000000000000000000 ) ) ;
#3293 = CARTESIAN_POINT ( 'NONE',  ( 8.599999999999999645, 17.39999999999999858, 6.920000000000002593 ) ) ;
#3294 = PLANE ( 'NONE',  #4553 ) ;
#3295 = ORIENTED_EDGE ( 'NONE', *, *, #5621, .F. ) ;
#3296 = AXIS2_PLACEMENT_3D ( 'NONE', #1697, #1076, #4670 ) ;
#3297 = PRESENTATION_LAYER_ASSIGNMENT (  '', '', ( #6563 ) ) ;
#3298 = CARTESIAN_POINT ( 'NONE',  ( 6.500000000000000888, 14.69999999999999929, 18.64999999999999858 ) ) ;
#3299 = ORIENTED_EDGE ( 'NONE', *, *, #5017, .T. ) ;
#3300 = DIRECTION ( 'NONE',  ( -0.9451512019217267468, 0.0000000000000000000, -0.3266331359582419491 ) ) ;
#3301 = DIRECTION ( 'NONE',  ( 0.0000000000000000000, -1.000000000000000000, 0.0000000000000000000 ) ) ;
#3302 = STYLED_ITEM ( 'NONE', ( #5281 ), #5387 ) ;
#3303 = VECTOR ( 'NONE', #163, 1000.000000000000000 ) ;
#3304 = LINE ( 'NONE', #6359, #4747 ) ;
#3305 = CARTESIAN_POINT ( 'NONE',  ( 9.119999999999999218, 17.39999999999999858, 17.79500000000000171 ) ) ;
#3306 = PLANE ( 'NONE',  #6024 ) ;
#3307 = CARTESIAN_POINT ( 'NONE',  ( 6.099999999999999645, 18.19999999999999929, 14.83999999999999986 ) ) ;
#3308 = AXIS2_PLACEMENT_3D ( 'NONE', #5647, #2640, #712 ) ;
#3309 = CARTESIAN_POINT ( 'NONE',  ( 6.899999999999999467, 21.69999999999999929, 15.43999999999999950 ) ) ;
#3310 = MECHANICAL_DESIGN_GEOMETRIC_PRESENTATION_REPRESENTATION (  '', ( #5569 ), #402 ) ;
#3311 = ORIENTED_EDGE ( 'NONE', *, *, #6396, .T. ) ;
#3312 = FACE_OUTER_BOUND ( 'NONE', #2325, .T. ) ;
#3313 =( NAMED_UNIT ( * ) SI_UNIT ( $, .STERADIAN. ) SOLID_ANGLE_UNIT ( ) );
#3314 = EDGE_CURVE ( 'NONE', #3902, #2291, #5798, .T. ) ;
#3315 = ORIENTED_EDGE ( 'NONE', *, *, #5253, .T. ) ;
#3316 = STYLED_ITEM ( 'NONE', ( #6177 ), #5992 ) ;
#3317 = MECHANICAL_DESIGN_GEOMETRIC_PRESENTATION_REPRESENTATION (  '', ( #3059 ), #7308 ) ;
#3318 = DIRECTION ( 'NONE',  ( 1.000000000000000000, 0.0000000000000000000, 0.0000000000000000000 ) ) ;
#3319 = CARTESIAN_POINT ( 'NONE',  ( 6.900000000000000355, 10.40000000000000213, 3.610000000000002096 ) ) ;
#3320 = ORIENTED_EDGE ( 'NONE', *, *, #2878, .T. ) ;
#3321 = EDGE_CURVE ( 'NONE', #6018, #1455, #241, .T. ) ;
#3322 = DIRECTION ( 'NONE',  ( 0.0000000000000000000, 0.0000000000000000000, -1.000000000000000000 ) ) ;
#3323 = LINE ( 'NONE', #4026, #408 ) ;
#3324 = DIRECTION ( 'NONE',  ( 0.0000000000000000000, -1.000000000000000000, 0.0000000000000000000 ) ) ;
#3325 = ORIENTED_EDGE ( 'NONE', *, *, #7103, .F. ) ;
#3326 = VERTEX_POINT ( 'NONE', #7336 ) ;
#3327 = VECTOR ( 'NONE', #3951, 1000.000000000000000 ) ;
#3328 = EDGE_CURVE ( 'NONE', #3588, #6441, #3843, .T. ) ;
#3329 = ADVANCED_FACE ( 'NONE', ( #115 ), #3294, .T. ) ;
#3330 = FACE_OUTER_BOUND ( 'NONE', #449, .T. ) ;
#3331 = EDGE_LOOP ( 'NONE', ( #1185, #2755, #2088, #7593 ) ) ;
#3332 = DIRECTION ( 'NONE',  ( 0.0000000000000000000, -1.000000000000000000, 0.0000000000000000000 ) ) ;
#3333 = ORIENTED_EDGE ( 'NONE', *, *, #7066, .T. ) ;
#3334 = ORIENTED_EDGE ( 'NONE', *, *, #5346, .F. ) ;
#3335 = PRESENTATION_STYLE_ASSIGNMENT (( #3251 ) ) ;
#3336 = DIRECTION ( 'NONE',  ( -0.2357022603955121753, 0.9428090415820651327, -0.2357022603955121753 ) ) ;
#3337 = VERTEX_POINT ( 'NONE', #2023 ) ;
#3338 = UNCERTAINTY_MEASURE_WITH_UNIT (LENGTH_MEASURE( 1.000000000000000082E-05 ), #4254, 'distance_accuracy_value', 'NONE');
#3339 = DIRECTION ( 'NONE',  ( -1.000000000000000000, 0.0000000000000000000, 0.0000000000000000000 ) ) ;
#3340 = CARTESIAN_POINT ( 'NONE',  ( 2.950000000000000178, 15.69999999999999929, 3.810000000000000941 ) ) ;
#3341 = FACE_OUTER_BOUND ( 'NONE', #3553, .T. ) ;
#3342 = SURFACE_STYLE_USAGE ( .BOTH. , #6329 ) ;
#3343 = FILL_AREA_STYLE ('',( #775 ) ) ;
#3344 = ORIENTED_EDGE ( 'NONE', *, *, #7531, .F. ) ;
#3345 = CARTESIAN_POINT ( 'NONE',  ( 9.800000000000000711, 15.69999999999999929, 9.109999999999999432 ) ) ;
#3346 = DIRECTION ( 'NONE',  ( 0.0000000000000000000, 0.0000000000000000000, -1.000000000000000000 ) ) ;
#3347 = DIRECTION ( 'NONE',  ( 0.0000000000000000000, 0.0000000000000000000, -1.000000000000000000 ) ) ;
#3348 = ORIENTED_EDGE ( 'NONE', *, *, #1071, .T. ) ;
#3349 = LINE ( 'NONE', #381, #7509 ) ;
#3350 = CIRCLE ( 'NONE', #1326, 0.9000000000000002442 ) ;
#3351 = EDGE_CURVE ( 'NONE', #1224, #6116, #1618, .T. ) ;
#3352 = VERTEX_POINT ( 'NONE', #6835 ) ;
#3353 = VECTOR ( 'NONE', #3221, 1000.000000000000114 ) ;
#3354 = ORIENTED_EDGE ( 'NONE', *, *, #2441, .T. ) ;
#3355 = AXIS2_PLACEMENT_3D ( 'NONE', #4988, #323, #6755 ) ;
#3356 =( NAMED_UNIT ( * ) PLANE_ANGLE_UNIT ( ) SI_UNIT ( $, .RADIAN. ) );
#3357 = CARTESIAN_POINT ( 'NONE',  ( 4.150000000000000355, 15.69999999999999929, 10.39076951545870209 ) ) ;
#3358 = CARTESIAN_POINT ( 'NONE',  ( 6.899999999999999467, 21.69999999999999929, 11.62999999999999901 ) ) ;
#3359 = ORIENTED_EDGE ( 'NONE', *, *, #1871, .T. ) ;
#3360 = EDGE_CURVE ( 'NONE', #7128, #6912, #3418, .T. ) ;
#3361 = CIRCLE ( 'NONE', #5616, 0.4500000000000007327 ) ;
#3362 = ORIENTED_EDGE ( 'NONE', *, *, #2110, .T. ) ;
#3363 = VECTOR ( 'NONE', #5470, 1000.000000000000000 ) ;
#3364 = STYLED_ITEM ( 'NONE', ( #6618 ), #1621 ) ;
#3365 =( GEOMETRIC_REPRESENTATION_CONTEXT ( 3 ) GLOBAL_UNCERTAINTY_ASSIGNED_CONTEXT ( ( #5701 ) ) GLOBAL_UNIT_ASSIGNED_CONTEXT ( ( #4135, #2560, #4987 ) ) REPRESENTATION_CONTEXT ( 'NONE', 'WORKASPACE' ) );
#3366 = ADVANCED_FACE ( 'NONE', ( #721 ), #1984, .F. ) ;
#3367 = CARTESIAN_POINT ( 'NONE',  ( 6.299999999999998046, 21.69999999999999929, 19.25000000000000000 ) ) ;
#3368 = ADVANCED_FACE ( 'NONE', ( #508 ), #5370, .F. ) ;
#3369 = ORIENTED_EDGE ( 'NONE', *, *, #5619, .T. ) ;
#3370 = LINE ( 'NONE', #5769, #4559 ) ;
#3371 = AXIS2_PLACEMENT_3D ( 'NONE', #4178, #3658, #2385 ) ;
#3372 = ADVANCED_FACE ( 'NONE', ( #3520 ), #7093, .T. ) ;
#3373 = ORIENTED_EDGE ( 'NONE', *, *, #4096, .T. ) ;
#3374 = ORIENTED_EDGE ( 'NONE', *, *, #6483, .F. ) ;
#3375 = VECTOR ( 'NONE', #4204, 1000.000000000000000 ) ;
#3376 = EDGE_CURVE ( 'NONE', #7320, #5648, #7135, .T. ) ;
#3377 = SURFACE_SIDE_STYLE ('',( #5263 ) ) ;
#3378 = EDGE_CURVE ( 'NONE', #4302, #6674, #475, .T. ) ;
#3379 = FACE_OUTER_BOUND ( 'NONE', #2174, .T. ) ;
#3380 = ORIENTED_EDGE ( 'NONE', *, *, #7642, .F. ) ;
#3381 = AXIS2_PLACEMENT_3D ( 'NONE', #6303, #5141, #7518 ) ;
#3382 = PRESENTATION_LAYER_ASSIGNMENT (  '', '', ( #6390 ) ) ;
#3383 = LINE ( 'NONE', #888, #7743 ) ;
#3384 = LINE ( 'NONE', #4054, #1468 ) ;
#3385 = SURFACE_STYLE_USAGE ( .BOTH. , #7734 ) ;
#3386 = LINE ( 'NONE', #972, #6417 ) ;
#3387 = VECTOR ( 'NONE', #2026, 1000.000000000000000 ) ;
#3388 = ORIENTED_EDGE ( 'NONE', *, *, #7787, .T. ) ;
#3389 = DIRECTION ( 'NONE',  ( 0.0000000000000000000, 0.0000000000000000000, -1.000000000000000000 ) ) ;
#3390 = FILL_AREA_STYLE ('',( #5746 ) ) ;
#3391 = DIRECTION ( 'NONE',  ( 0.0000000000000000000, -1.000000000000000000, 0.0000000000000000000 ) ) ;
#3392 = ORIENTED_EDGE ( 'NONE', *, *, #110, .T. ) ;
#3393 = CARTESIAN_POINT ( 'NONE',  ( 6.500000000000000888, 14.69999999999999929, 19.05000000000000071 ) ) ;
#3394 = LINE ( 'NONE', #2314, #5260 ) ;
#3395 = VERTEX_POINT ( 'NONE', #7802 ) ;
#3396 = PRESENTATION_STYLE_ASSIGNMENT (( #3471 ) ) ;
#3397 = CARTESIAN_POINT ( 'NONE',  ( 6.299999999999998046, 21.69999999999999929, 15.63999999999999702 ) ) ;
#3398 = LINE ( 'NONE', #2706, #5563 ) ;
#3399 = SURFACE_STYLE_FILL_AREA ( #6898 ) ;
#3400 = CARTESIAN_POINT ( 'NONE',  ( 9.119999999999999218, 9.000000000000001776, 10.73000000000000220 ) ) ;
#3401 = CARTESIAN_POINT ( 'NONE',  ( 6.899999999999999467, 21.69999999999999929, 15.63999999999999702 ) ) ;
#3402 = ORIENTED_EDGE ( 'NONE', *, *, #3029, .T. ) ;
#3403 = VERTEX_POINT ( 'NONE', #4117 ) ;
#3404 = CARTESIAN_POINT ( 'NONE',  ( 6.711111111111110361, 10.44444444444440023, 7.831111111111101586 ) ) ;
#3405 = SURFACE_STYLE_USAGE ( .BOTH. , #2248 ) ;
#3406 = AXIS2_PLACEMENT_3D ( 'NONE', #4410, #1362, #6804 ) ;
#3407 = ORIENTED_EDGE ( 'NONE', *, *, #2246, .F. ) ;
#3408 = DIRECTION ( 'NONE',  ( 0.0000000000000000000, -1.000000000000000000, 0.0000000000000000000 ) ) ;
#3409 = VECTOR ( 'NONE', #2206, 1000.000000000000000 ) ;
#3410 = ORIENTED_EDGE ( 'NONE', *, *, #1291, .F. ) ;
#3411 = EDGE_CURVE ( 'NONE', #188, #7052, #6509, .T. ) ;
#3412 = EDGE_LOOP ( 'NONE', ( #4201, #5974, #5609, #1782 ) ) ;
#3413 = PLANE ( 'NONE',  #3054 ) ;
#3414 = EDGE_CURVE ( 'NONE', #2603, #7527, #626, .T. ) ;
#3415 = DIRECTION ( 'NONE',  ( 0.0000000000000000000, 0.0000000000000000000, 1.000000000000000000 ) ) ;
#3416 = ORIENTED_EDGE ( 'NONE', *, *, #2774, .T. ) ;
#3417 = UNCERTAINTY_MEASURE_WITH_UNIT (LENGTH_MEASURE( 1.000000000000000082E-05 ), #4479, 'distance_accuracy_value', 'NONE');
#3418 = CIRCLE ( 'NONE', #1143, 0.8999999999999998002 ) ;
#3419 = CARTESIAN_POINT ( 'NONE',  ( 6.700000000000000178, 10.40000000000000213, 11.23000000000000220 ) ) ;
#3420 = EDGE_CURVE ( 'NONE', #7555, #6425, #7638, .T. ) ;
#3421 = LINE ( 'NONE', #6447, #6747 ) ;
#3422 = VECTOR ( 'NONE', #5745, 1000.000000000000000 ) ;
#3423 = LINE ( 'NONE', #3933, #1219 ) ;
#3424 = LINE ( 'NONE', #4725, #4611 ) ;
#3425 = VERTEX_POINT ( 'NONE', #2883 ) ;
#3426 = CARTESIAN_POINT ( 'NONE',  ( 6.099999999999999645, 20.89999999999999147, 8.019999999999999574 ) ) ;
#3427 = LINE ( 'NONE', #2702, #4271 ) ;
#3428 = ORIENTED_EDGE ( 'NONE', *, *, #5057, .T. ) ;
#3429 = AXIS2_PLACEMENT_3D ( 'NONE', #4175, #6602, #6646 ) ;
#3430 = DIRECTION ( 'NONE',  ( 0.0000000000000000000, 0.0000000000000000000, -1.000000000000000000 ) ) ;
#3431 = ORIENTED_EDGE ( 'NONE', *, *, #6483, .T. ) ;
#3432 = DIRECTION ( 'NONE',  ( -1.000000000000000000, -0.0000000000000000000, 0.0000000000000000000 ) ) ;
#3433 = LINE ( 'NONE', #2788, #6439 ) ;
#3434 = DIRECTION ( 'NONE',  ( 1.000000000000000000, 0.0000000000000000000, 0.0000000000000000000 ) ) ;
#3435 = VECTOR ( 'NONE', #6988, 1000.000000000000000 ) ;
#3436 = FACE_BOUND ( 'NONE', #4673, .T. ) ;
#3437 = DIRECTION ( 'NONE',  ( 1.000000000000000000, 0.0000000000000000000, 0.0000000000000000000 ) ) ;
#3438 = UNCERTAINTY_MEASURE_WITH_UNIT (LENGTH_MEASURE( 1.000000000000000082E-05 ), #1486, 'distance_accuracy_value', 'NONE');
#3439 = LINE ( 'NONE', #2874, #4769 ) ;
#3440 = ORIENTED_EDGE ( 'NONE', *, *, #1953, .T. ) ;
#3441 = ORIENTED_EDGE ( 'NONE', *, *, #4380, .F. ) ;
#3442 = SURFACE_SIDE_STYLE ('',( #1025 ) ) ;
#3443 = STYLED_ITEM ( 'NONE', ( #3084 ), #5911 ) ;
#3444 = AXIS2_PLACEMENT_3D ( 'NONE', #3721, #4352, #4317 ) ;
#3445 = DIRECTION ( 'NONE',  ( 0.0000000000000000000, -0.9701425001453318764, 0.2425356250363329691 ) ) ;
#3446 = PLANE ( 'NONE',  #1664 ) ;
#3447 = ORIENTED_EDGE ( 'NONE', *, *, #4471, .T. ) ;
#3448 = LINE ( 'NONE', #1152, #122 ) ;
#3449 = EDGE_CURVE ( 'NONE', #1011, #547, #548, .T. ) ;
#3450 = AXIS2_PLACEMENT_3D ( 'NONE', #2778, #7542, #4536 ) ;
#3451 = ORIENTED_EDGE ( 'NONE', *, *, #4961, .F. ) ;
#3452 = CARTESIAN_POINT ( 'NONE',  ( 6.711111111111110361, 10.44444444444440023, 15.45111111111109992 ) ) ;
#3453 = CARTESIAN_POINT ( 'NONE',  ( 6.900000000000000355, 10.40000000000000213, 4.009999999999999787 ) ) ;
#3454 = ORIENTED_EDGE ( 'NONE', *, *, #2627, .F. ) ;
#3455 = EDGE_CURVE ( 'NONE', #5178, #5494, #4745, .T. ) ;
#3456 = EDGE_CURVE ( 'NONE', #6551, #6744, #2397, .T. ) ;
#3457 = FACE_OUTER_BOUND ( 'NONE', #3573, .T. ) ;
#3458 = FACE_OUTER_BOUND ( 'NONE', #6071, .T. ) ;
#3459 =( NAMED_UNIT ( * ) PLANE_ANGLE_UNIT ( ) SI_UNIT ( $, .RADIAN. ) );
#3460 = EDGE_LOOP ( 'NONE', ( #6944, #2677, #7426, #4341 ) ) ;
#3461 = LINE ( 'NONE', #1089, #3924 ) ;
#3462 = EDGE_CURVE ( 'NONE', #7456, #2175, #5291, .T. ) ;
#3463 = DIRECTION ( 'NONE',  ( 0.0000000000000000000, -1.000000000000000000, 0.0000000000000000000 ) ) ;
#3464 = EDGE_CURVE ( 'NONE', #1615, #95, #433, .T. ) ;
#3465 = DIRECTION ( 'NONE',  ( 0.0000000000000000000, 0.0000000000000000000, 1.000000000000000000 ) ) ;
#3466 = EDGE_LOOP ( 'NONE', ( #7520, #6450, #7247, #7584 ) ) ;
#3467 = DIRECTION ( 'NONE',  ( 1.000000000000000000, 0.0000000000000000000, 0.0000000000000000000 ) ) ;
#3468 = CARTESIAN_POINT ( 'NONE',  ( 9.119999999999999218, 17.39999999999999858, 8.320000000000000284 ) ) ;
#3469 = ADVANCED_FACE ( 'NONE', ( #1656 ), #4079, .F. ) ;
#3470 = EDGE_LOOP ( 'NONE', ( #7727, #960, #6000, #2193 ) ) ;
#3471 = SURFACE_STYLE_USAGE ( .BOTH. , #1062 ) ;
#3472 = CARTESIAN_POINT ( 'NONE',  ( 6.099999999999999645, 18.19999999999999929, 8.020000000000003126 ) ) ;
#3473 = FACE_OUTER_BOUND ( 'NONE', #1301, .T. ) ;
#3474 = CARTESIAN_POINT ( 'NONE',  ( 6.099999999999999645, 10.40000000000000213, 11.82999999999999829 ) ) ;
#3475 = EDGE_CURVE ( 'NONE', #4043, #6334, #787, .T. ) ;
#3476 = PLANE ( 'NONE',  #6199 ) ;
#3477 = DIRECTION ( 'NONE',  ( 0.0000000000000000000, 0.0000000000000000000, -1.000000000000000000 ) ) ;
#3478 = EDGE_LOOP ( 'NONE', ( #5405, #4320, #788, #1791 ) ) ;
#3479 = ORIENTED_EDGE ( 'NONE', *, *, #5063, .T. ) ;
#3480 = DIRECTION ( 'NONE',  ( 0.0000000000000000000, 0.0000000000000000000, -1.000000000000000000 ) ) ;
#3481 = VECTOR ( 'NONE', #5545, 1000.000000000000000 ) ;
#3482 = DIRECTION ( 'NONE',  ( 0.0000000000000000000, 1.000000000000000000, 0.0000000000000000000 ) ) ;
#3483 = VECTOR ( 'NONE', #7503, 1000.000000000000000 ) ;
#3484 = VERTEX_POINT ( 'NONE', #2589 ) ;
#3485 = DIRECTION ( 'NONE',  ( 1.000000000000000000, 0.0000000000000000000, 0.0000000000000000000 ) ) ;
#3486 = MECHANICAL_DESIGN_GEOMETRIC_PRESENTATION_REPRESENTATION (  '', ( #3364 ), #3870 ) ;
#3487 = STYLED_ITEM ( 'NONE', ( #3396 ), #225 ) ;
#3488 = ORIENTED_EDGE ( 'NONE', *, *, #6962, .T. ) ;
#3489 =( NAMED_UNIT ( * ) PLANE_ANGLE_UNIT ( ) SI_UNIT ( $, .RADIAN. ) );
#3490 = LINE ( 'NONE', #4089, #4760 ) ;
#3491 = STYLED_ITEM ( 'NONE', ( #2270 ), #1769 ) ;
#3492 = EDGE_LOOP ( 'NONE', ( #7398, #2481, #2644, #5498 ) ) ;
#3493 = UNCERTAINTY_MEASURE_WITH_UNIT (LENGTH_MEASURE( 1.000000000000000082E-05 ), #7546, 'distance_accuracy_value', 'NONE');
#3494 = LINE ( 'NONE', #2142, #617 ) ;
#3495 = AXIS2_PLACEMENT_3D ( 'NONE', #1514, #1003, #3415 ) ;
#3496 = AXIS2_PLACEMENT_3D ( 'NONE', #4973, #1368, #3786 ) ;
#3497 = SURFACE_SIDE_STYLE ('',( #6959 ) ) ;
#3498 = FILL_AREA_STYLE ('',( #5852 ) ) ;
#3499 =( NAMED_UNIT ( * ) SI_UNIT ( $, .STERADIAN. ) SOLID_ANGLE_UNIT ( ) );
#3500 = VERTEX_POINT ( 'NONE', #625 ) ;
#3501 =( NAMED_UNIT ( * ) SI_UNIT ( $, .STERADIAN. ) SOLID_ANGLE_UNIT ( ) );
#3502 = DIRECTION ( 'NONE',  ( -1.000000000000000000, 0.0000000000000000000, 0.0000000000000000000 ) ) ;
#3503 = VECTOR ( 'NONE', #6240, 1000.000000000000000 ) ;
#3504 = ORIENTED_EDGE ( 'NONE', *, *, #1710, .F. ) ;
#3505 = CARTESIAN_POINT ( 'NONE',  ( 8.599999999999999645, 9.000000000000001776, 6.020000000000001350 ) ) ;
#3506 = ADVANCED_FACE ( 'NONE', ( #6136 ), #3791, .T. ) ;
#3507 = CARTESIAN_POINT ( 'NONE',  ( 9.119999999999999218, 9.000000000000001776, 15.93999999999999950 ) ) ;
#3508 = DIRECTION ( 'NONE',  ( 0.0000000000000000000, -1.000000000000000000, 0.0000000000000000000 ) ) ;
#3509 = EDGE_CURVE ( 'NONE', #400, #5207, #704, .T. ) ;
#3510 = LINE ( 'NONE', #4736, #2031 ) ;
#3511 = DIRECTION ( 'NONE',  ( 1.000000000000000000, 0.0000000000000000000, 0.0000000000000000000 ) ) ;
#3512 = CARTESIAN_POINT ( 'NONE',  ( 7.549999999999999822, 9.000000000000001776, 20.64999999999999858 ) ) ;
#3513 = UNCERTAINTY_MEASURE_WITH_UNIT (LENGTH_MEASURE( 1.000000000000000082E-05 ), #4938, 'distance_accuracy_value', 'NONE');
#3514 = EDGE_CURVE ( 'NONE', #3500, #806, #6620, .T. ) ;
#3515 = DIRECTION ( 'NONE',  ( 0.0000000000000000000, 0.0000000000000000000, -1.000000000000000000 ) ) ;
#3516 = ORIENTED_EDGE ( 'NONE', *, *, #1059, .T. ) ;
#3517 = ORIENTED_EDGE ( 'NONE', *, *, #4573, .F. ) ;
#3518 = EDGE_CURVE ( 'NONE', #3403, #2050, #6700, .T. ) ;
#3519 = EDGE_CURVE ( 'NONE', #954, #4065, #1298, .T. ) ;
#3520 = FACE_OUTER_BOUND ( 'NONE', #6263, .T. ) ;
#3521 = PLANE ( 'NONE',  #6189 ) ;
#3522 = ORIENTED_EDGE ( 'NONE', *, *, #1866, .F. ) ;
#3523 = DIRECTION ( 'NONE',  ( 1.000000000000000000, 0.0000000000000000000, 0.0000000000000000000 ) ) ;
#3524 = ORIENTED_EDGE ( 'NONE', *, *, #3692, .T. ) ;
#3525 = CARTESIAN_POINT ( 'NONE',  ( 6.900000000000000355, 11.19999999999999929, 18.64999999999999858 ) ) ;
#3526 = VECTOR ( 'NONE', #1380, 1000.000000000000000 ) ;
#3527 = CARTESIAN_POINT ( 'NONE',  ( 0.0000000000000000000, 0.0000000000000000000, 0.0000000000000000000 ) ) ;
#3528 = CARTESIAN_POINT ( 'NONE',  ( 9.119999999999999218, 15.69999999999999929, 6.365000000000002878 ) ) ;
#3529 = FILL_AREA_STYLE_COLOUR ( '', #6512 ) ;
#3530 = ORIENTED_EDGE ( 'NONE', *, *, #1948, .F. ) ;
#3531 = LINE ( 'NONE', #5926, #3526 ) ;
#3532 = CARTESIAN_POINT ( 'NONE',  ( 6.900000000000000355, 10.40000000000000213, 19.25000000000000000 ) ) ;
#3533 = CARTESIAN_POINT ( 'NONE',  ( 6.700000000000000178, 10.40000000000000213, 19.25000000000000000 ) ) ;
#3534 = EDGE_LOOP ( 'NONE', ( #1812, #1470, #5670, #5277 ) ) ;
#3535 = COLOUR_RGB ( '',1.000000000000000000, 1.000000000000000000, 1.000000000000000000 ) ;
#3536 = CARTESIAN_POINT ( 'NONE',  ( 9.800000000000000711, 9.000000000000001776, 9.939999999999999503 ) ) ;
#3537 = EDGE_LOOP ( 'NONE', ( #82, #7526, #5021, #4984 ) ) ;
#3538 = CARTESIAN_POINT ( 'NONE',  ( 6.700000000000000178, 10.40000000000000213, 7.820000000000000284 ) ) ;
#3539 = SURFACE_STYLE_FILL_AREA ( #7004 ) ;
#3540 = LINE ( 'NONE', #4334, #6225 ) ;
#3541 = DIRECTION ( 'NONE',  ( -1.000000000000000000, 0.0000000000000000000, 0.0000000000000000000 ) ) ;
#3542 = CARTESIAN_POINT ( 'NONE',  ( 6.900000000000000355, 16.30000000000000071, 11.02999999999999936 ) ) ;
#3543 = PRESENTATION_STYLE_ASSIGNMENT (( #1649 ) ) ;
#3544 = LINE ( 'NONE', #5282, #628 ) ;
#3545 = SURFACE_STYLE_USAGE ( .BOTH. , #7711 ) ;
#3546 = VECTOR ( 'NONE', #3408, 1000.000000000000000 ) ;
#3547 = DIRECTION ( 'NONE',  ( 1.000000000000000000, 0.0000000000000000000, 0.0000000000000000000 ) ) ;
#3548 = EDGE_LOOP ( 'NONE', ( #7478, #7253, #4712, #6459 ) ) ;
#3549 = STYLED_ITEM ( 'NONE', ( #3616 ), #4146 ) ;
#3550 = VERTEX_POINT ( 'NONE', #3118 ) ;
#3551 = EDGE_CURVE ( 'NONE', #6758, #741, #6663, .T. ) ;
#3552 = DIRECTION ( 'NONE',  ( 0.0000000000000000000, -1.000000000000000000, 0.0000000000000000000 ) ) ;
#3553 = EDGE_LOOP ( 'NONE', ( #4042, #111, #7371, #6435 ) ) ;
#3554 = EDGE_CURVE ( 'NONE', #1168, #1563, #96, .T. ) ;
#3555 = VECTOR ( 'NONE', #3661, 1000.000000000000114 ) ;
#3556 = DIRECTION ( 'NONE',  ( 1.000000000000000000, 0.0000000000000000000, 1.546734824340359944E-15 ) ) ;
#3557 = ADVANCED_FACE ( 'NONE', ( #3638 ), #666, .F. ) ;
#3558 = ORIENTED_EDGE ( 'NONE', *, *, #1131, .F. ) ;
#3559 = EDGE_CURVE ( 'NONE', #66, #7354, #5448, .T. ) ;
#3560 = VECTOR ( 'NONE', #5378, 1000.000000000000000 ) ;
#3561 = DIRECTION ( 'NONE',  ( 0.0000000000000000000, 0.0000000000000000000, 1.000000000000000000 ) ) ;
#3562 = COLOUR_RGB ( '',1.000000000000000000, 1.000000000000000000, 1.000000000000000000 ) ;
#3563 = VERTEX_POINT ( 'NONE', #5556 ) ;
#3564 = LINE ( 'NONE', #6514, #6482 ) ;
#3565 = MECHANICAL_DESIGN_GEOMETRIC_PRESENTATION_REPRESENTATION (  '', ( #6325 ), #1928 ) ;
#3566 = FACE_OUTER_BOUND ( 'NONE', #6848, .T. ) ;
#3567 = EDGE_LOOP ( 'NONE', ( #6742, #7212, #6902, #4765 ) ) ;
#3568 = SURFACE_SIDE_STYLE ('',( #7213 ) ) ;
#3569 = FACE_OUTER_BOUND ( 'NONE', #1515, .T. ) ;
#3570 = CARTESIAN_POINT ( 'NONE',  ( 9.119999999999999218, 15.69999999999999929, 6.920000000000002593 ) ) ;
#3571 = CYLINDRICAL_SURFACE ( 'NONE', #1961, 0.8999999999999998002 ) ;
#3572 = CARTESIAN_POINT ( 'NONE',  ( 9.119999999999999218, 9.000000000000001776, 6.920000000000002593 ) ) ;
#3573 = EDGE_LOOP ( 'NONE', ( #1001, #2818, #396, #98 ) ) ;
#3574 = FILL_AREA_STYLE ('',( #1169 ) ) ;
#3575 = FILL_AREA_STYLE_COLOUR ( '', #1300 ) ;
#3576 = FILL_AREA_STYLE_COLOUR ( '', #5196 ) ;
#3577 = PLANE ( 'NONE',  #6128 ) ;
#3578 = FACE_OUTER_BOUND ( 'NONE', #4796, .T. ) ;
#3579 = DIRECTION ( 'NONE',  ( 0.9451512019217267468, 0.0000000000000000000, 0.3266331359582419491 ) ) ;
#3580 = PLANE ( 'NONE',  #1331 ) ;
#3581 =( NAMED_UNIT ( * ) PLANE_ANGLE_UNIT ( ) SI_UNIT ( $, .RADIAN. ) );
#3582 = LINE ( 'NONE', #4778, #2160 ) ;
#3583 = DIRECTION ( 'NONE',  ( 0.0000000000000000000, 1.000000000000000000, 0.0000000000000000000 ) ) ;
#3584 = FACE_OUTER_BOUND ( 'NONE', #1030, .T. ) ;
#3585 = UNCERTAINTY_MEASURE_WITH_UNIT (LENGTH_MEASURE( 1.000000000000000082E-05 ), #5483, 'distance_accuracy_value', 'NONE');
#3586 = LINE ( 'NONE', #2466, #5766 ) ;
#3587 = VERTEX_POINT ( 'NONE', #5482 ) ;
#3588 = VERTEX_POINT ( 'NONE', #57 ) ;
#3589 = SURFACE_STYLE_FILL_AREA ( #7197 ) ;
#3590 = SURFACE_STYLE_USAGE ( .BOTH. , #51 ) ;
#3591 = VERTEX_POINT ( 'NONE', #2474 ) ;
#3592 =( NAMED_UNIT ( * ) PLANE_ANGLE_UNIT ( ) SI_UNIT ( $, .RADIAN. ) );
#3593 = EDGE_CURVE ( 'NONE', #2328, #4855, #140, .T. ) ;
#3594 = ORIENTED_EDGE ( 'NONE', *, *, #5811, .F. ) ;
#3595 = AXIS2_PLACEMENT_3D ( 'NONE', #2306, #412, #1009 ) ;
#3596 = EDGE_CURVE ( 'NONE', #3597, #1236, #3043, .T. ) ;
#3597 = VERTEX_POINT ( 'NONE', #4547 ) ;
#3598 = FILL_AREA_STYLE ('',( #1191 ) ) ;
#3599 = STYLED_ITEM ( 'NONE', ( #6629 ), #105 ) ;
#3600 = EDGE_CURVE ( 'NONE', #5450, #5712, #351, .T. ) ;
#3601 = SURFACE_STYLE_FILL_AREA ( #1820 ) ;
#3602 = CARTESIAN_POINT ( 'NONE',  ( 4.150000000000000355, 17.39999999999999858, 14.20076951545870259 ) ) ;
#3603 = ORIENTED_EDGE ( 'NONE', *, *, #5669, .F. ) ;
#3604 = EDGE_CURVE ( 'NONE', #2807, #7519, #265, .T. ) ;
#3605 = VECTOR ( 'NONE', #4355, 1000.000000000000000 ) ;
#3606 =( GEOMETRIC_REPRESENTATION_CONTEXT ( 3 ) GLOBAL_UNCERTAINTY_ASSIGNED_CONTEXT ( ( #4995 ) ) GLOBAL_UNIT_ASSIGNED_CONTEXT ( ( #2195, #3947, #6418 ) ) REPRESENTATION_CONTEXT ( 'NONE', 'WORKASPACE' ) );
#3607 = EDGE_CURVE ( 'NONE', #5906, #1412, #3868, .T. ) ;
#3608 = VERTEX_POINT ( 'NONE', #5175 ) ;
#3609 =( LENGTH_UNIT ( ) NAMED_UNIT ( * ) SI_UNIT ( .MILLI., .METRE. ) );
#3610 = EDGE_CURVE ( 'NONE', #6237, #7716, #388, .T. ) ;
#3611 = SURFACE_SIDE_STYLE ('',( #4798 ) ) ;
#3612 = CARTESIAN_POINT ( 'NONE',  ( 4.150000000000000355, 15.69999999999999929, 6.720000000000000639 ) ) ;
#3613 = COLOUR_RGB ( '',1.000000000000000000, 1.000000000000000000, 1.000000000000000000 ) ;
#3614 = ORIENTED_EDGE ( 'NONE', *, *, #5346, .T. ) ;
#3615 = STYLED_ITEM ( 'NONE', ( #155 ), #752 ) ;
#3616 = PRESENTATION_STYLE_ASSIGNMENT (( #566 ) ) ;
#3617 = CARTESIAN_POINT ( 'NONE',  ( 6.899999999999999467, 18.19999999999999929, 14.83999999999999986 ) ) ;
#3618 = FACE_OUTER_BOUND ( 'NONE', #2024, .T. ) ;
#3619 = LINE ( 'NONE', #4883, #2109 ) ;
#3620 = DIRECTION ( 'NONE',  ( 1.000000000000000000, 0.0000000000000000000, 0.0000000000000000000 ) ) ;
#3621 = VECTOR ( 'NONE', #455, 1000.000000000000000 ) ;
#3622 = ADVANCED_FACE ( 'NONE', ( #7474 ), #303, .T. ) ;
#3623 = DIRECTION ( 'NONE',  ( -0.2357022603955121753, -0.9428090415820651327, -0.2357022603955121753 ) ) ;
#3624 = DIRECTION ( 'NONE',  ( 0.0000000000000000000, 0.0000000000000000000, 1.000000000000000000 ) ) ;
#3625 = DIRECTION ( 'NONE',  ( -0.2357022603955148676, 0.9428090415820634673, 0.2357022603955158668 ) ) ;
#3626 = SURFACE_SIDE_STYLE ('',( #462 ) ) ;
#3627 = DIRECTION ( 'NONE',  ( 0.0000000000000000000, -1.000000000000000000, 0.0000000000000000000 ) ) ;
#3628 = CARTESIAN_POINT ( 'NONE',  ( 9.119999999999999218, 17.39999999999999858, 16.49500000000000099 ) ) ;
#3629 = PRESENTATION_LAYER_ASSIGNMENT (  '', '', ( #5385 ) ) ;
#3630 = PLANE ( 'NONE',  #6389 ) ;
#3631 = ORIENTED_EDGE ( 'NONE', *, *, #2772, .F. ) ;
#3632 = PLANE ( 'NONE',  #2099 ) ;
#3633 = LINE ( 'NONE', #1811, #2844 ) ;
#3634 = VECTOR ( 'NONE', #2857, 1000.000000000000000 ) ;
#3635 = VECTOR ( 'NONE', #5247, 1000.000000000000000 ) ;
#3636 = AXIS2_PLACEMENT_3D ( 'NONE', #6799, #729, #1438 ) ;
#3637 = ORIENTED_EDGE ( 'NONE', *, *, #6972, .T. ) ;
#3638 = FACE_OUTER_BOUND ( 'NONE', #3412, .T. ) ;
#3639 = ORIENTED_EDGE ( 'NONE', *, *, #3610, .T. ) ;
#3640 = VERTEX_POINT ( 'NONE', #1416 ) ;
#3641 = CARTESIAN_POINT ( 'NONE',  ( 4.219230769230770228, 15.69999999999999929, 8.419408065031799282 ) ) ;
#3642 = EDGE_LOOP ( 'NONE', ( #6906, #2691, #3479, #1904 ) ) ;
#3643 = FACE_OUTER_BOUND ( 'NONE', #3460, .T. ) ;
#3644 = EDGE_CURVE ( 'NONE', #4517, #6662, #2752, .T. ) ;
#3645 = CIRCLE ( 'NONE', #5414, 1.500000000000000000 ) ;
#3646 = VERTEX_POINT ( 'NONE', #3235 ) ;
#3647 = SURFACE_SIDE_STYLE ('',( #4762 ) ) ;
#3648 = EDGE_CURVE ( 'NONE', #670, #6153, #5138, .T. ) ;
#3649 =( NAMED_UNIT ( * ) PLANE_ANGLE_UNIT ( ) SI_UNIT ( $, .RADIAN. ) );
#3650 = PLANE ( 'NONE',  #6094 ) ;
#3651 = DIRECTION ( 'NONE',  ( 0.0000000000000000000, 0.0000000000000000000, 1.000000000000000000 ) ) ;
#3652 = ORIENTED_EDGE ( 'NONE', *, *, #953, .F. ) ;
#3653 = DIRECTION ( 'NONE',  ( 0.0000000000000000000, 0.0000000000000000000, -1.000000000000000000 ) ) ;
#3654 = PRESENTATION_STYLE_ASSIGNMENT (( #2419 ) ) ;
#3655 = ADVANCED_FACE ( 'NONE', ( #2123 ), #6934, .F. ) ;
#3656 = STYLED_ITEM ( 'NONE', ( #2813 ), #3104 ) ;
#3657 = LINE ( 'NONE', #7784, #1610 ) ;
#3658 = DIRECTION ( 'NONE',  ( 0.0000000000000000000, -1.000000000000000000, 0.0000000000000000000 ) ) ;
#3659 = COLOUR_RGB ( '',1.000000000000000000, 1.000000000000000000, 1.000000000000000000 ) ;
#3660 = CARTESIAN_POINT ( 'NONE',  ( 6.099999999999999645, 20.89999999999999147, 7.220000000000000639 ) ) ;
#3661 = DIRECTION ( 'NONE',  ( -0.2357022603955148676, -0.9428090415820634673, 0.2357022603955158668 ) ) ;
#3662 = DIRECTION ( 'NONE',  ( 0.0000000000000000000, 0.0000000000000000000, -1.000000000000000000 ) ) ;
#3663 = FACE_OUTER_BOUND ( 'NONE', #5100, .T. ) ;
#3664 = DIRECTION ( 'NONE',  ( 0.0000000000000000000, -1.000000000000000000, 0.0000000000000000000 ) ) ;
#3665 = EDGE_LOOP ( 'NONE', ( #2876, #6737, #4902, #4663 ) ) ;
#3666 = MECHANICAL_DESIGN_GEOMETRIC_PRESENTATION_REPRESENTATION (  '', ( #3289 ), #7176 ) ;
#3667 = CARTESIAN_POINT ( 'NONE',  ( 7.549999999999999822, 10.00000000000000178, 20.89999999999999858 ) ) ;
#3668 = ORIENTED_EDGE ( 'NONE', *, *, #3167, .T. ) ;
#3669 = AXIS2_PLACEMENT_3D ( 'NONE', #1499, #6374, #1454 ) ;
#3670 = SURFACE_STYLE_FILL_AREA ( #4895 ) ;
#3671 = STYLED_ITEM ( 'NONE', ( #5895 ), #4094 ) ;
#3672 = FILL_AREA_STYLE ('',( #7803 ) ) ;
#3673 = ORIENTED_EDGE ( 'NONE', *, *, #7694, .T. ) ;
#3674 = LINE ( 'NONE', #1259, #4665 ) ;
#3675 = MECHANICAL_DESIGN_GEOMETRIC_PRESENTATION_REPRESENTATION (  '', ( #2657 ), #3804 ) ;
#3676 =( GEOMETRIC_REPRESENTATION_CONTEXT ( 3 ) GLOBAL_UNCERTAINTY_ASSIGNED_CONTEXT ( ( #2938 ) ) GLOBAL_UNIT_ASSIGNED_CONTEXT ( ( #3813, #2612, #3141 ) ) REPRESENTATION_CONTEXT ( 'NONE', 'WORKASPACE' ) );
#3677 = ORIENTED_EDGE ( 'NONE', *, *, #916, .T. ) ;
#3678 = FACE_OUTER_BOUND ( 'NONE', #4446, .T. ) ;
#3679 = VECTOR ( 'NONE', #855, 1000.000000000000000 ) ;
#3680 = VERTEX_POINT ( 'NONE', #7749 ) ;
#3681 = EDGE_CURVE ( 'NONE', #453, #6785, #6538, .T. ) ;
#3682 = AXIS2_PLACEMENT_3D ( 'NONE', #6471, #4862, #1695 ) ;
#3683 = COLOUR_RGB ( '',1.000000000000000000, 1.000000000000000000, 1.000000000000000000 ) ;
#3684 = ORIENTED_EDGE ( 'NONE', *, *, #2965, .T. ) ;
#3685 = CARTESIAN_POINT ( 'NONE',  ( 8.599999999999999645, 15.69999999999999929, 2.209999999999999964 ) ) ;
#3686 = CARTESIAN_POINT ( 'NONE',  ( 8.599999999999999645, 9.000000000000001776, 14.54000000000000092 ) ) ;
#3687 = DIRECTION ( 'NONE',  ( 0.0000000000000000000, 0.0000000000000000000, -1.000000000000000000 ) ) ;
#3688 = CARTESIAN_POINT ( 'NONE',  ( 8.599999999999999645, 15.69999999999999929, 19.75000000000000000 ) ) ;
#3689 = ORIENTED_EDGE ( 'NONE', *, *, #6635, .F. ) ;
#3690 = DIRECTION ( 'NONE',  ( 0.0000000000000000000, -0.0000000000000000000, 1.000000000000000000 ) ) ;
#3691 = FACE_OUTER_BOUND ( 'NONE', #6546, .T. ) ;
#3692 = EDGE_CURVE ( 'NONE', #5112, #6790, #464, .T. ) ;
#3693 = CARTESIAN_POINT ( 'NONE',  ( 0.0000000000000000000, 21.69999999999999929, 7.419999999999999929 ) ) ;
#3694 = CARTESIAN_POINT ( 'NONE',  ( 6.899999999999999467, 18.19999999999999929, 4.209999999999998188 ) ) ;
#3695 = ADVANCED_FACE ( 'NONE', ( #578 ), #2871, .T. ) ;
#3696 = CARTESIAN_POINT ( 'NONE',  ( 4.150000000000000355, 9.000000000000001776, 13.63999999999999879 ) ) ;
#3697 = CARTESIAN_POINT ( 'NONE',  ( 4.150000000000000355, 15.69999999999999929, 6.580769515458703367 ) ) ;
#3698 = VECTOR ( 'NONE', #6887, 1000.000000000000000 ) ;
#3699 = EDGE_CURVE ( 'NONE', #1816, #1182, #4737, .T. ) ;
#3700 = DIRECTION ( 'NONE',  ( 0.0000000000000000000, 0.0000000000000000000, 1.000000000000000000 ) ) ;
#3701 = SURFACE_SIDE_STYLE ('',( #653 ) ) ;
#3702 = SURFACE_STYLE_FILL_AREA ( #3779 ) ;
#3703 = ADVANCED_BREP_SHAPE_REPRESENTATION ( 'CUI_DEVICES_TBP02R2-381-05BE', ( #138, #2715 ), #6230 ) ;
#3704 = EDGE_CURVE ( 'NONE', #4359, #3646, #7710, .T. ) ;
#3705 = DIRECTION ( 'NONE',  ( 0.0000000000000000000, 0.0000000000000000000, -1.000000000000000000 ) ) ;
#3706 = DIRECTION ( 'NONE',  ( -1.000000000000000000, 0.0000000000000000000, 0.0000000000000000000 ) ) ;
#3707 =( NAMED_UNIT ( * ) PLANE_ANGLE_UNIT ( ) SI_UNIT ( $, .RADIAN. ) );
#3708 = ORIENTED_EDGE ( 'NONE', *, *, #701, .T. ) ;
#3709 = CARTESIAN_POINT ( 'NONE',  ( 0.0000000000000000000, 21.69999999999999929, 4.009999999999999787 ) ) ;
#3710 = ADVANCED_FACE ( 'NONE', ( #3436, #426 ), #1137, .T. ) ;
#3711 = EDGE_LOOP ( 'NONE', ( #3021, #2781, #1500, #362 ) ) ;
#3712 = EDGE_CURVE ( 'NONE', #3051, #6744, #5211, .T. ) ;
#3713 = CARTESIAN_POINT ( 'NONE',  ( 4.150000000000000355, 15.69999999999999929, 5.409999999999998366 ) ) ;
#3714 = CARTESIAN_POINT ( 'NONE',  ( 6.500000000000000888, 14.69999999999999929, 7.220000000000000639 ) ) ;
#3715 = ORIENTED_EDGE ( 'NONE', *, *, #6865, .F. ) ;
#3716 = DIRECTION ( 'NONE',  ( 0.2357022603955148676, -0.9428090415820634673, 0.2357022603955158668 ) ) ;
#3717 = ORIENTED_EDGE ( 'NONE', *, *, #3958, .T. ) ;
#3718 =( NAMED_UNIT ( * ) PLANE_ANGLE_UNIT ( ) SI_UNIT ( $, .RADIAN. ) );
#3719 = CARTESIAN_POINT ( 'NONE',  ( 6.349999999999999645, 10.50000000000000711, 20.64999999999999858 ) ) ;
#3720 = ORIENTED_EDGE ( 'NONE', *, *, #2194, .F. ) ;
#3721 = CARTESIAN_POINT ( 'NONE',  ( 9.119999999999999218, 17.39999999999999858, 13.98500000000000121 ) ) ;
#3722 = MECHANICAL_DESIGN_GEOMETRIC_PRESENTATION_REPRESENTATION (  '', ( #4233 ), #686 ) ;
#3723 = AXIS2_PLACEMENT_3D ( 'NONE', #1353, #6150, #760 ) ;
#3724 = ORIENTED_EDGE ( 'NONE', *, *, #5909, .F. ) ;
#3725 = PLANE ( 'NONE',  #2334 ) ;
#3726 = LINE ( 'NONE', #2375, #310 ) ;
#3727 = FACE_BOUND ( 'NONE', #4652, .T. ) ;
#3728 = ORIENTED_EDGE ( 'NONE', *, *, #7782, .F. ) ;
#3729 = FACE_OUTER_BOUND ( 'NONE', #3256, .T. ) ;
#3730 = CARTESIAN_POINT ( 'NONE',  ( 9.800000000000000711, 9.000000000000001776, 2.319999999999998952 ) ) ;
#3731 = AXIS2_PLACEMENT_3D ( 'NONE', #5269, #4052, #1048 ) ;
#3732 = PRESENTATION_LAYER_ASSIGNMENT (  '', '', ( #7240 ) ) ;
#3733 = ORIENTED_EDGE ( 'NONE', *, *, #5988, .F. ) ;
#3734 = FACE_OUTER_BOUND ( 'NONE', #3964, .T. ) ;
#3735 = CARTESIAN_POINT ( 'NONE',  ( 6.900000000000000355, 11.19999999999999929, 19.44999999999999929 ) ) ;
#3736 = DIRECTION ( 'NONE',  ( 0.2357022603955121753, 0.9428090415820651327, -0.2357022603955121753 ) ) ;
#3737 =( GEOMETRIC_REPRESENTATION_CONTEXT ( 3 ) GLOBAL_UNCERTAINTY_ASSIGNED_CONTEXT ( ( #2138 ) ) GLOBAL_UNIT_ASSIGNED_CONTEXT ( ( #4820, #6736, #1849 ) ) REPRESENTATION_CONTEXT ( 'NONE', 'WORKASPACE' ) );
#3738 = CARTESIAN_POINT ( 'NONE',  ( 6.333333333333330373, 10.26666666666669947, 3.976666666666701211 ) ) ;
#3739 = AXIS2_PLACEMENT_3D ( 'NONE', #7179, #527, #1793 ) ;
#3740 = CARTESIAN_POINT ( 'NONE',  ( 4.599999999999999645, 17.39999999999999858, 10.39076951545870209 ) ) ;
#3741 = CARTESIAN_POINT ( 'NONE',  ( 4.219230769230770228, 17.39999999999999858, 4.609408065031797896 ) ) ;
#3742 = FACE_OUTER_BOUND ( 'NONE', #6949, .T. ) ;
#3743 = DIRECTION ( 'NONE',  ( -1.000000000000000000, 0.0000000000000000000, 0.0000000000000000000 ) ) ;
#3744 = CARTESIAN_POINT ( 'NONE',  ( 8.599999999999999645, 17.39999999999999858, 12.13000000000000078 ) ) ;
#3745 = UNCERTAINTY_MEASURE_WITH_UNIT (LENGTH_MEASURE( 1.000000000000000082E-05 ), #4783, 'distance_accuracy_value', 'NONE');
#3746 = CARTESIAN_POINT ( 'NONE',  ( 6.900000000000000355, 10.40000000000000213, 11.23000000000000220 ) ) ;
#3747 = VECTOR ( 'NONE', #3775, 1000.000000000000000 ) ;
#3748 = VERTEX_POINT ( 'NONE', #2318 ) ;
#3749 = SURFACE_SIDE_STYLE ('',( #3589 ) ) ;
#3750 = DIRECTION ( 'NONE',  ( 0.0000000000000000000, -1.000000000000000000, 0.0000000000000000000 ) ) ;
#3751 = EDGE_CURVE ( 'NONE', #6441, #6363, #3544, .T. ) ;
#3752 = ORIENTED_EDGE ( 'NONE', *, *, #6146, .T. ) ;
#3753 = VECTOR ( 'NONE', #5552, 1000.000000000000000 ) ;
#3754 = ADVANCED_FACE ( 'NONE', ( #540 ), #6464, .T. ) ;
#3755 =( NAMED_UNIT ( * ) PLANE_ANGLE_UNIT ( ) SI_UNIT ( $, .RADIAN. ) );
#3756 = FACE_OUTER_BOUND ( 'NONE', #7492, .T. ) ;
#3757 = ORIENTED_EDGE ( 'NONE', *, *, #4991, .T. ) ;
#3758 = VERTEX_POINT ( 'NONE', #1101 ) ;
#3759 = AXIS2_PLACEMENT_3D ( 'NONE', #1971, #4386, #6783 ) ;
#3760 = EDGE_CURVE ( 'NONE', #1828, #6104, #2911, .T. ) ;
#3761 =( NAMED_UNIT ( * ) PLANE_ANGLE_UNIT ( ) SI_UNIT ( $, .RADIAN. ) );
#3762 =( GEOMETRIC_REPRESENTATION_CONTEXT ( 3 ) GLOBAL_UNCERTAINTY_ASSIGNED_CONTEXT ( ( #4601 ) ) GLOBAL_UNIT_ASSIGNED_CONTEXT ( ( #6763, #5620, #6118 ) ) REPRESENTATION_CONTEXT ( 'NONE', 'WORKASPACE' ) );
#3763 = EDGE_CURVE ( 'NONE', #6408, #3121, #2502, .T. ) ;
#3764 = ORIENTED_EDGE ( 'NONE', *, *, #2534, .F. ) ;
#3765 = ORIENTED_EDGE ( 'NONE', *, *, #7151, .T. ) ;
#3766 = FILL_AREA_STYLE ('',( #1940 ) ) ;
#3767 = VERTEX_POINT ( 'NONE', #1364 ) ;
#3768 = DIRECTION ( 'NONE',  ( 0.0000000000000000000, 1.000000000000000000, 0.0000000000000000000 ) ) ;
#3769 = DIRECTION ( 'NONE',  ( -0.0000000000000000000, -0.0000000000000000000, -1.000000000000000000 ) ) ;
#3770 = CARTESIAN_POINT ( 'NONE',  ( 6.900000000000000355, 16.30000000000000071, 4.209999999999998188 ) ) ;
#3771 = ORIENTED_EDGE ( 'NONE', *, *, #3172, .F. ) ;
#3772 = DIRECTION ( 'NONE',  ( 0.0000000000000000000, 0.0000000000000000000, -1.000000000000000000 ) ) ;
#3773 = ORIENTED_EDGE ( 'NONE', *, *, #3596, .T. ) ;
#3774 = DIRECTION ( 'NONE',  ( 1.000000000000000000, 0.0000000000000000000, 1.546734824340359944E-15 ) ) ;
#3775 = DIRECTION ( 'NONE',  ( -1.000000000000000000, -0.0000000000000000000, 0.0000000000000000000 ) ) ;
#3776 = CARTESIAN_POINT ( 'NONE',  ( 4.150000000000000355, 15.69999999999999929, 16.83999999999999631 ) ) ;
#3777 = CARTESIAN_POINT ( 'NONE',  ( 9.119999999999999218, 17.39999999999999858, 17.79500000000000171 ) ) ;
#3778 = CARTESIAN_POINT ( 'NONE',  ( 7.747222222222190702, 17.51111111111116969, 2.562777777777809796 ) ) ;
#3779 = FILL_AREA_STYLE ('',( #777 ) ) ;
#3780 = ORIENTED_EDGE ( 'NONE', *, *, #1707, .F. ) ;
#3781 = LINE ( 'NONE', #1958, #4433 ) ;
#3782 = VECTOR ( 'NONE', #2301, 1000.000000000000000 ) ;
#3783 = DIRECTION ( 'NONE',  ( 0.0000000000000000000, -1.000000000000000000, 0.0000000000000000000 ) ) ;
#3784 =( LENGTH_UNIT ( ) NAMED_UNIT ( * ) SI_UNIT ( .MILLI., .METRE. ) );
#3785 = VERTEX_POINT ( 'NONE', #4812 ) ;
#3786 = DIRECTION ( 'NONE',  ( 0.0000000000000000000, -0.0000000000000000000, 1.000000000000000000 ) ) ;
#3787 = FILL_AREA_STYLE ('',( #219 ) ) ;
#3788 = VECTOR ( 'NONE', #7463, 1000.000000000000000 ) ;
#3789 = VERTEX_POINT ( 'NONE', #6657 ) ;
#3790 = VERTEX_POINT ( 'NONE', #4852 ) ;
#3791 = PLANE ( 'NONE',  #1257 ) ;
#3792 = SURFACE_STYLE_USAGE ( .BOTH. , #6265 ) ;
#3793 = CARTESIAN_POINT ( 'NONE',  ( 6.299999999999998046, 21.69999999999999929, 18.84999999999999787 ) ) ;
#3794 = ORIENTED_EDGE ( 'NONE', *, *, #5725, .F. ) ;
#3795 = STYLED_ITEM ( 'NONE', ( #3252 ), #3366 ) ;
#3796 = ADVANCED_FACE ( 'NONE', ( #6049 ), #3147, .T. ) ;
#3797 = ORIENTED_EDGE ( 'NONE', *, *, #1056, .F. ) ;
#3798 = DIRECTION ( 'NONE',  ( -0.2357022603955148676, -0.9428090415820634673, 0.2357022603955158668 ) ) ;
#3799 = ADVANCED_FACE ( 'NONE', ( #5515 ), #7193, .F. ) ;
#3800 = VECTOR ( 'NONE', #3583, 1000.000000000000000 ) ;
#3801 = ADVANCED_FACE ( 'NONE', ( #616 ), #1884, .T. ) ;
#3802 = LINE ( 'NONE', #794, #1163 ) ;
#3803 = VERTEX_POINT ( 'NONE', #17 ) ;
#3804 =( GEOMETRIC_REPRESENTATION_CONTEXT ( 3 ) GLOBAL_UNCERTAINTY_ASSIGNED_CONTEXT ( ( #7050 ) ) GLOBAL_UNIT_ASSIGNED_CONTEXT ( ( #654, #4851, #6690 ) ) REPRESENTATION_CONTEXT ( 'NONE', 'WORKASPACE' ) );
#3805 = FILL_AREA_STYLE_COLOUR ( '', #4697 ) ;
#3806 = VECTOR ( 'NONE', #2196, 1000.000000000000000 ) ;
#3807 = ORIENTED_EDGE ( 'NONE', *, *, #4375, .T. ) ;
#3808 = CARTESIAN_POINT ( 'NONE',  ( 7.549999999999999822, 10.00000000000000178, 20.89999999999999858 ) ) ;
#3809 = DIRECTION ( 'NONE',  ( 0.0000000000000000000, 0.0000000000000000000, 1.000000000000000000 ) ) ;
#3810 = VERTEX_POINT ( 'NONE', #2993 ) ;
#3811 = DIRECTION ( 'NONE',  ( 0.0000000000000000000, 0.0000000000000000000, -1.000000000000000000 ) ) ;
#3812 = ORIENTED_EDGE ( 'NONE', *, *, #5235, .F. ) ;
#3813 =( LENGTH_UNIT ( ) NAMED_UNIT ( * ) SI_UNIT ( .MILLI., .METRE. ) );
#3814 = LINE ( 'NONE', #6158, #1351 ) ;
#3815 = VECTOR ( 'NONE', #6818, 1000.000000000000000 ) ;
#3816 = PRESENTATION_LAYER_ASSIGNMENT (  '', '', ( #5569 ) ) ;
#3817 = CARTESIAN_POINT ( 'NONE',  ( 6.083333333333330373, 11.26666666666669947, 18.63333333333330089 ) ) ;
#3818 = LINE ( 'NONE', #2071, #2460 ) ;
#3819 = FACE_OUTER_BOUND ( 'NONE', #2649, .T. ) ;
#3820 = SURFACE_SIDE_STYLE ('',( #4926 ) ) ;
#3821 = DIRECTION ( 'NONE',  ( -1.000000000000000000, 0.0000000000000000000, -0.0000000000000000000 ) ) ;
#3822 = DIRECTION ( 'NONE',  ( 1.000000000000000000, 0.0000000000000000000, 0.0000000000000000000 ) ) ;
#3823 = ORIENTED_EDGE ( 'NONE', *, *, #7443, .F. ) ;
#3824 = CARTESIAN_POINT ( 'NONE',  ( 6.299999999999998046, 21.69999999999999929, 11.22999999999999865 ) ) ;
#3825 = VECTOR ( 'NONE', #4587, 1000.000000000000000 ) ;
#3826 = ORIENTED_EDGE ( 'NONE', *, *, #2293, .F. ) ;
#3827 = VERTEX_POINT ( 'NONE', #128 ) ;
#3828 = DIRECTION ( 'NONE',  ( 1.000000000000000000, 0.0000000000000000000, 0.0000000000000000000 ) ) ;
#3829 =( GEOMETRIC_REPRESENTATION_CONTEXT ( 3 ) GLOBAL_UNCERTAINTY_ASSIGNED_CONTEXT ( ( #6087 ) ) GLOBAL_UNIT_ASSIGNED_CONTEXT ( ( #7465, #7000, #1012 ) ) REPRESENTATION_CONTEXT ( 'NONE', 'WORKASPACE' ) );
#3830 = LINE ( 'NONE', #3912, #7254 ) ;
#3831 = ORIENTED_EDGE ( 'NONE', *, *, #701, .F. ) ;
#3832 = ORIENTED_EDGE ( 'NONE', *, *, #4582, .F. ) ;
#3833 = CARTESIAN_POINT ( 'NONE',  ( 9.119999999999999218, 15.69999999999999929, 16.49500000000000099 ) ) ;
#3834 = ADVANCED_FACE ( 'NONE', ( #5548 ), #2390, .F. ) ;
#3835 = ORIENTED_EDGE ( 'NONE', *, *, #1481, .F. ) ;
#3836 = DIRECTION ( 'NONE',  ( 0.0000000000000000000, 0.0000000000000000000, 1.000000000000000000 ) ) ;
#3837 = EDGE_CURVE ( 'NONE', #4899, #4138, #7313, .T. ) ;
#3838 = ORIENTED_EDGE ( 'NONE', *, *, #3206, .F. ) ;
#3839 = EDGE_CURVE ( 'NONE', #6306, #1855, #7792, .T. ) ;
#3840 = CARTESIAN_POINT ( 'NONE',  ( 6.099999999999999645, 14.69999999999999929, 15.63999999999999702 ) ) ;
#3841 = DIRECTION ( 'NONE',  ( 0.0000000000000000000, 1.000000000000000000, 0.0000000000000000000 ) ) ;
#3842 = DIRECTION ( 'NONE',  ( -0.9451512019217267468, 0.0000000000000000000, 0.3266331359582419491 ) ) ;
#3843 = LINE ( 'NONE', #5578, #3409 ) ;
#3844 = ORIENTED_EDGE ( 'NONE', *, *, #7793, .T. ) ;
#3845 = EDGE_CURVE ( 'NONE', #6660, #3500, #3781, .T. ) ;
#3846 = ORIENTED_EDGE ( 'NONE', *, *, #6502, .T. ) ;
#3847 = CARTESIAN_POINT ( 'NONE',  ( 4.150000000000000355, 15.69999999999999929, 18.01076951545870131 ) ) ;
#3848 = EDGE_CURVE ( 'NONE', #4623, #922, #6085, .T. ) ;
#3849 = LINE ( 'NONE', #166, #6377 ) ;
#3850 = EDGE_CURVE ( 'NONE', #1771, #635, #4299, .T. ) ;
#3851 = DIRECTION ( 'NONE',  ( 0.0000000000000000000, -1.000000000000000000, 0.0000000000000000000 ) ) ;
#3852 = FACE_OUTER_BOUND ( 'NONE', #6778, .T. ) ;
#3853 = CARTESIAN_POINT ( 'NONE',  ( 6.899999999999999467, 18.19999999999999929, 8.019999999999999574 ) ) ;
#3854 = DIRECTION ( 'NONE',  ( -0.9451512019217267468, 0.0000000000000000000, -0.3266331359582419491 ) ) ;
#3855 = AXIS2_PLACEMENT_3D ( 'NONE', #1352, #5536, #6754 ) ;
#3856 = CARTESIAN_POINT ( 'NONE',  ( 6.900000000000000355, 16.30000000000000071, 14.83999999999999986 ) ) ;
#3857 = FILL_AREA_STYLE_COLOUR ( '', #1027 ) ;
#3858 =( NAMED_UNIT ( * ) SI_UNIT ( $, .STERADIAN. ) SOLID_ANGLE_UNIT ( ) );
#3859 =( NAMED_UNIT ( * ) PLANE_ANGLE_UNIT ( ) SI_UNIT ( $, .RADIAN. ) );
#3860 = VECTOR ( 'NONE', #1826, 1000.000000000000000 ) ;
#3861 = VERTEX_POINT ( 'NONE', #1806 ) ;
#3862 = FILL_AREA_STYLE_COLOUR ( '', #70 ) ;
#3863 =( GEOMETRIC_REPRESENTATION_CONTEXT ( 3 ) GLOBAL_UNCERTAINTY_ASSIGNED_CONTEXT ( ( #5155 ) ) GLOBAL_UNIT_ASSIGNED_CONTEXT ( ( #432, #1107, #1774 ) ) REPRESENTATION_CONTEXT ( 'NONE', 'WORKASPACE' ) );
#3864 = VECTOR ( 'NONE', #2482, 1000.000000000000000 ) ;
#3865 = ORIENTED_EDGE ( 'NONE', *, *, #1969, .F. ) ;
#3866 = DIRECTION ( 'NONE',  ( 0.0000000000000000000, 0.0000000000000000000, -1.000000000000000000 ) ) ;
#3867 = ORIENTED_EDGE ( 'NONE', *, *, #3169, .F. ) ;
#3868 = LINE ( 'NONE', #6264, #5186 ) ;
#3869 = DIRECTION ( 'NONE',  ( 0.0000000000000000000, 0.0000000000000000000, 1.000000000000000000 ) ) ;
#3870 =( GEOMETRIC_REPRESENTATION_CONTEXT ( 3 ) GLOBAL_UNCERTAINTY_ASSIGNED_CONTEXT ( ( #6003 ) ) GLOBAL_UNIT_ASSIGNED_CONTEXT ( ( #7319, #1927, #740 ) ) REPRESENTATION_CONTEXT ( 'NONE', 'WORKASPACE' ) );
#3871 = PRESENTATION_LAYER_ASSIGNMENT (  '', '', ( #6884 ) ) ;
#3872 = FACE_OUTER_BOUND ( 'NONE', #393, .T. ) ;
#3873 = EDGE_LOOP ( 'NONE', ( #6191, #835, #1087, #6273 ) ) ;
#3874 = VERTEX_POINT ( 'NONE', #6012 ) ;
#3875 = LINE ( 'NONE', #3285, #7794 ) ;
#3876 = AXIS2_PLACEMENT_3D ( 'NONE', #3468, #1016, #3430 ) ;
#3877 =( LENGTH_UNIT ( ) NAMED_UNIT ( * ) SI_UNIT ( .MILLI., .METRE. ) );
#3878 = VECTOR ( 'NONE', #6466, 1000.000000000000000 ) ;
#3879 = PRESENTATION_LAYER_ASSIGNMENT (  '', '', ( #4007 ) ) ;
#3880 = VERTEX_POINT ( 'NONE', #4222 ) ;
#3881 = CARTESIAN_POINT ( 'NONE',  ( 9.119999999999999218, 9.000000000000001776, 8.320000000000000284 ) ) ;
#3882 = PRESENTATION_LAYER_ASSIGNMENT (  '', '', ( #4775 ) ) ;
#3883 = EDGE_LOOP ( 'NONE', ( #3826, #6601, #3315, #6015 ) ) ;
#3884 = EDGE_LOOP ( 'NONE', ( #2208, #5644, #1999, #3441 ) ) ;
#3885 = CARTESIAN_POINT ( 'NONE',  ( 8.599999999999999645, 9.000000000000001776, 20.64999999999999858 ) ) ;
#3886 = LINE ( 'NONE', #802, #5870 ) ;
#3887 = ORIENTED_EDGE ( 'NONE', *, *, #6241, .T. ) ;
#3888 = PLANE ( 'NONE',  #3495 ) ;
#3889 = VERTEX_POINT ( 'NONE', #6166 ) ;
#3890 = LINE ( 'NONE', #4049, #5452 ) ;
#3891 = EDGE_CURVE ( 'NONE', #7470, #149, #1215, .T. ) ;
#3892 = CARTESIAN_POINT ( 'NONE',  ( 6.299999999999998046, 21.69999999999999929, 7.419999999999999929 ) ) ;
#3893 =( LENGTH_UNIT ( ) NAMED_UNIT ( * ) SI_UNIT ( .MILLI., .METRE. ) );
#3894 = EDGE_CURVE ( 'NONE', #6822, #954, #1289, .T. ) ;
#3895 = CARTESIAN_POINT ( 'NONE',  ( 4.150000000000000355, 17.39999999999999858, 9.830000000000000071 ) ) ;
#3896 = MECHANICAL_DESIGN_GEOMETRIC_PRESENTATION_REPRESENTATION (  '', ( #2881 ), #7141 ) ;
#3897 = DIRECTION ( 'NONE',  ( 1.000000000000000000, 0.0000000000000000000, 0.0000000000000000000 ) ) ;
#3898 = DIRECTION ( 'NONE',  ( -1.000000000000000000, 0.0000000000000000000, 0.0000000000000000000 ) ) ;
#3899 = EDGE_CURVE ( 'NONE', #6304, #5820, #1922, .T. ) ;
#3900 = LINE ( 'NONE', #3426, #4841 ) ;
#3901 = DIRECTION ( 'NONE',  ( 0.0000000000000000000, 0.0000000000000000000, -1.000000000000000000 ) ) ;
#3902 = VERTEX_POINT ( 'NONE', #6729 ) ;
#3903 = SURFACE_SIDE_STYLE ('',( #1495 ) ) ;
#3904 = LINE ( 'NONE', #3230, #3997 ) ;
#3905 = VERTEX_POINT ( 'NONE', #734 ) ;
#3906 = VECTOR ( 'NONE', #5685, 1000.000000000000000 ) ;
#3907 = SURFACE_STYLE_USAGE ( .BOTH. , #6669 ) ;
#3908 = DIRECTION ( 'NONE',  ( 0.0000000000000000000, 0.0000000000000000000, 1.000000000000000000 ) ) ;
#3909 = EDGE_LOOP ( 'NONE', ( #3359, #5724, #2982, #3232 ) ) ;
#3910 = SURFACE_STYLE_USAGE ( .BOTH. , #908 ) ;
#3911 = LINE ( 'NONE', #7012, #2680 ) ;
#3912 = CARTESIAN_POINT ( 'NONE',  ( 6.899999999999999467, 18.19999999999999929, 11.02999999999999936 ) ) ;
#3913 = ORIENTED_EDGE ( 'NONE', *, *, #850, .F. ) ;
#3914 = ORIENTED_EDGE ( 'NONE', *, *, #5525, .F. ) ;
#3915 = VECTOR ( 'NONE', #6922, 1000.000000000000000 ) ;
#3916 = MECHANICAL_DESIGN_GEOMETRIC_PRESENTATION_REPRESENTATION (  '', ( #1893 ), #6930 ) ;
#3917 = CARTESIAN_POINT ( 'NONE',  ( 2.950000000000000178, 17.39999999999999858, 3.810000000000000941 ) ) ;
#3918 = VERTEX_POINT ( 'NONE', #1322 ) ;
#3919 = LINE ( 'NONE', #6830, #632 ) ;
#3920 = AXIS2_PLACEMENT_3D ( 'NONE', #7124, #6576, #4620 ) ;
#3921 = ORIENTED_EDGE ( 'NONE', *, *, #1817, .T. ) ;
#3922 = EDGE_LOOP ( 'NONE', ( #5760, #5117, #4639, #6857 ) ) ;
#3923 = EDGE_LOOP ( 'NONE', ( #6980, #4272, #3684, #7436 ) ) ;
#3924 = VECTOR ( 'NONE', #450, 1000.000000000000114 ) ;
#3925 =( LENGTH_UNIT ( ) NAMED_UNIT ( * ) SI_UNIT ( .MILLI., .METRE. ) );
#3926 = EDGE_LOOP ( 'NONE', ( #799, #2919, #5795, #7603 ) ) ;
#3927 = CARTESIAN_POINT ( 'NONE',  ( 9.119999999999999218, 17.39999999999999858, 20.30499999999999972 ) ) ;
#3928 = PLANE ( 'NONE',  #4032 ) ;
#3929 = PLANE ( 'NONE',  #4634 ) ;
#3930 = COLOUR_RGB ( '',1.000000000000000000, 1.000000000000000000, 1.000000000000000000 ) ;
#3931 = COLOUR_RGB ( '',1.000000000000000000, 1.000000000000000000, 1.000000000000000000 ) ;
#3932 = DIRECTION ( 'NONE',  ( -0.0000000000000000000, -1.000000000000000000, 0.0000000000000000000 ) ) ;
#3933 = CARTESIAN_POINT ( 'NONE',  ( 6.900000000000000355, 16.30000000000000071, 18.64999999999999858 ) ) ;
#3934 = CARTESIAN_POINT ( 'NONE',  ( 0.0000000000000000000, 21.69999999999999929, -11.42999999999999972 ) ) ;
#3935 = DIRECTION ( 'NONE',  ( 0.0000000000000000000, 0.0000000000000000000, 1.000000000000000000 ) ) ;
#3936 = ADVANCED_FACE ( 'NONE', ( #4969 ), #4492, .T. ) ;
#3937 = SURFACE_STYLE_FILL_AREA ( #5666 ) ;
#3938 =( GEOMETRIC_REPRESENTATION_CONTEXT ( 3 ) GLOBAL_UNCERTAINTY_ASSIGNED_CONTEXT ( ( #1613 ) ) GLOBAL_UNIT_ASSIGNED_CONTEXT ( ( #4832, #6594, #871 ) ) REPRESENTATION_CONTEXT ( 'NONE', 'WORKASPACE' ) );
#3939 = LINE ( 'NONE', #341, #3262 ) ;
#3940 = ORIENTED_EDGE ( 'NONE', *, *, #6396, .F. ) ;
#3941 = SURFACE_SIDE_STYLE ('',( #7114 ) ) ;
#3942 = DIRECTION ( 'NONE',  ( 0.0000000000000000000, 1.000000000000000000, 0.0000000000000000000 ) ) ;
#3943 = EDGE_CURVE ( 'NONE', #2358, #670, #172, .T. ) ;
#3944 = VERTEX_POINT ( 'NONE', #813 ) ;
#3945 = EDGE_CURVE ( 'NONE', #5036, #1018, #4412, .T. ) ;
#3946 = PRESENTATION_LAYER_ASSIGNMENT (  '', '', ( #7201 ) ) ;
#3947 =( NAMED_UNIT ( * ) PLANE_ANGLE_UNIT ( ) SI_UNIT ( $, .RADIAN. ) );
#3948 = CARTESIAN_POINT ( 'NONE',  ( 6.899999999999999467, 21.69999999999999929, 7.220000000000000639 ) ) ;
#3949 = ORIENTED_EDGE ( 'NONE', *, *, #6036, .F. ) ;
#3950 = DIRECTION ( 'NONE',  ( 0.0000000000000000000, -1.000000000000000000, 0.0000000000000000000 ) ) ;
#3951 = DIRECTION ( 'NONE',  ( 0.0000000000000000000, -1.000000000000000000, 0.0000000000000000000 ) ) ;
#3952 = EDGE_CURVE ( 'NONE', #2050, #1344, #6291, .T. ) ;
#3953 = PLANE ( 'NONE',  #2237 ) ;
#3954 = VERTEX_POINT ( 'NONE', #6249 ) ;
#3955 = ORIENTED_EDGE ( 'NONE', *, *, #5005, .F. ) ;
#3956 = AXIS2_PLACEMENT_3D ( 'NONE', #90, #6086, #2039 ) ;
#3957 = FACE_OUTER_BOUND ( 'NONE', #5915, .T. ) ;
#3958 = EDGE_CURVE ( 'NONE', #1622, #6822, #6886, .T. ) ;
#3959 = EDGE_CURVE ( 'NONE', #201, #3880, #3192, .T. ) ;
#3960 = CARTESIAN_POINT ( 'NONE',  ( 6.349999999999999645, 10.00000000000000178, 20.89999999999999858 ) ) ;
#3961 = ORIENTED_EDGE ( 'NONE', *, *, #2059, .T. ) ;
#3962 =( NAMED_UNIT ( * ) PLANE_ANGLE_UNIT ( ) SI_UNIT ( $, .RADIAN. ) );
#3963 = ORIENTED_EDGE ( 'NONE', *, *, #5956, .F. ) ;
#3964 = EDGE_LOOP ( 'NONE', ( #1074, #1929, #2832, #5504 ) ) ;
#3965 = SURFACE_STYLE_FILL_AREA ( #7646 ) ;
#3966 = LINE ( 'NONE', #2729, #4149 ) ;
#3967 = ORIENTED_EDGE ( 'NONE', *, *, #2475, .T. ) ;
#3968 = UNCERTAINTY_MEASURE_WITH_UNIT (LENGTH_MEASURE( 1.000000000000000082E-05 ), #79, 'distance_accuracy_value', 'NONE');
#3969 = FILL_AREA_STYLE ('',( #1553 ) ) ;
#3970 = CARTESIAN_POINT ( 'NONE',  ( 6.900000000000000355, 14.69999999999999929, 7.620000000000001883 ) ) ;
#3971 = CARTESIAN_POINT ( 'NONE',  ( 9.119999999999999218, 15.69999999999999929, 10.17500000000000249 ) ) ;
#3972 = DIRECTION ( 'NONE',  ( 0.0000000000000000000, 0.0000000000000000000, -1.000000000000000000 ) ) ;
#3973 = SURFACE_STYLE_FILL_AREA ( #5123 ) ;
#3974 = DIRECTION ( 'NONE',  ( -0.9701425001453318764, 0.2425356250363329691, 0.0000000000000000000 ) ) ;
#3975 = CARTESIAN_POINT ( 'NONE',  ( 4.150000000000000355, 15.69999999999999929, 13.02999999999999758 ) ) ;
#3976 = EDGE_LOOP ( 'NONE', ( #2814, #2371, #7438, #1140 ) ) ;
#3977 = DIRECTION ( 'NONE',  ( -0.2357022603955148676, 0.9428090415820634673, 0.2357022603955158668 ) ) ;
#3978 = PRESENTATION_STYLE_ASSIGNMENT (( #1561 ) ) ;
#3979 = DIRECTION ( 'NONE',  ( 0.0000000000000000000, -1.000000000000000000, 0.0000000000000000000 ) ) ;
#3980 = ORIENTED_EDGE ( 'NONE', *, *, #1319, .T. ) ;
#3981 = CARTESIAN_POINT ( 'NONE',  ( 9.800000000000000711, 9.000000000000001776, 12.91999999999999993 ) ) ;
#3982 = DIRECTION ( 'NONE',  ( -0.2425356250363329691, 0.9701425001453318764, 0.0000000000000000000 ) ) ;
#3983 = EDGE_LOOP ( 'NONE', ( #5376, #1513, #5846, #4605 ) ) ;
#3984 = DIRECTION ( 'NONE',  ( 0.0000000000000000000, -0.4472135954999542640, 0.8944271909999177428 ) ) ;
#3985 = LINE ( 'NONE', #2868, #7686 ) ;
#3986 = CARTESIAN_POINT ( 'NONE',  ( 10.69999999999999929, 12.00000000000000000, 1.510000000000000897 ) ) ;
#3987 = VECTOR ( 'NONE', #3842, 1000.000000000000000 ) ;
#3988 = DIRECTION ( 'NONE',  ( 0.0000000000000000000, -1.000000000000000000, 0.0000000000000000000 ) ) ;
#3989 = PLANE ( 'NONE',  #4889 ) ;
#3990 = EDGE_LOOP ( 'NONE', ( #2103, #3283, #360, #5010, #2836, #2122, #2925, #4546, #7219, #3164, #6869, #7139, #1567, #756, #6477, #7415 ) ) ;
#3991 = CIRCLE ( 'NONE', #5490, 1.499999999999999556 ) ;
#3992 = VERTEX_POINT ( 'NONE', #3345 ) ;
#3993 = STYLED_ITEM ( 'NONE', ( #5590 ), #511 ) ;
#3994 = EDGE_CURVE ( 'NONE', #6758, #5978, #2742, .T. ) ;
#3995 = SURFACE_STYLE_FILL_AREA ( #4592 ) ;
#3996 = EDGE_CURVE ( 'NONE', #2213, #1188, #2700, .T. ) ;
#3997 = VECTOR ( 'NONE', #3942, 1000.000000000000000 ) ;
#3998 = CIRCLE ( 'NONE', #5880, 0.4499999999999990119 ) ;
#3999 = FACE_OUTER_BOUND ( 'NONE', #5682, .T. ) ;
#4000 = EDGE_CURVE ( 'NONE', #1347, #6306, #1560, .T. ) ;
#4001 = ORIENTED_EDGE ( 'NONE', *, *, #3122, .T. ) ;
#4002 = CARTESIAN_POINT ( 'NONE',  ( 4.219230769230759570, 15.69999999999999929, 18.25059193496819887 ) ) ;
#4003 = COLOUR_RGB ( '',1.000000000000000000, 1.000000000000000000, 1.000000000000000000 ) ;
#4004 = ORIENTED_EDGE ( 'NONE', *, *, #1234, .T. ) ;
#4005 = VERTEX_POINT ( 'NONE', #4571 ) ;
#4006 = DIRECTION ( 'NONE',  ( 0.0000000000000000000, 0.0000000000000000000, 1.000000000000000000 ) ) ;
#4007 = STYLED_ITEM ( 'NONE', ( #6776 ), #2245 ) ;
#4008 = CARTESIAN_POINT ( 'NONE',  ( 8.599999999999999645, 9.000000000000001776, 3.110000000000001652 ) ) ;
#4009 = VERTEX_POINT ( 'NONE', #253 ) ;
#4010 = DIRECTION ( 'NONE',  ( 0.0000000000000000000, -1.000000000000000000, 0.0000000000000000000 ) ) ;
#4011 = CARTESIAN_POINT ( 'NONE',  ( 6.099999999999999645, 14.69999999999999929, 7.220000000000000639 ) ) ;
#4012 = CARTESIAN_POINT ( 'NONE',  ( 6.099999999999999645, 20.89999999999999147, 19.44999999999999929 ) ) ;
#4013 = FILL_AREA_STYLE_COLOUR ( '', #7765 ) ;
#4014 = CARTESIAN_POINT ( 'NONE',  ( 4.150000000000000355, 9.000000000000001776, 16.27923048454129784 ) ) ;
#4015 = VERTEX_POINT ( 'NONE', #2663 ) ;
#4016 = CARTESIAN_POINT ( 'NONE',  ( 4.150000000000000355, 15.69999999999999929, 18.14999999999999858 ) ) ;
#4017 = FACE_OUTER_BOUND ( 'NONE', #5787, .T. ) ;
#4018 = EDGE_LOOP ( 'NONE', ( #4343, #4787, #2368, #4309 ) ) ;
#4019 = DIRECTION ( 'NONE',  ( 0.0000000000000000000, 0.0000000000000000000, -1.000000000000000000 ) ) ;
#4020 = FILL_AREA_STYLE_COLOUR ( '', #4003 ) ;
#4021 = CIRCLE ( 'NONE', #862, 0.4499999999999999001 ) ;
#4022 = ORIENTED_EDGE ( 'NONE', *, *, #3126, .F. ) ;
#4023 = DIRECTION ( 'NONE',  ( 1.000000000000000000, 0.0000000000000000000, -0.0000000000000000000 ) ) ;
#4024 = CARTESIAN_POINT ( 'NONE',  ( 9.119999999999999218, 15.69999999999999929, 20.30499999999999972 ) ) ;
#4025 = LINE ( 'NONE', #6420, #1655 ) ;
#4026 = CARTESIAN_POINT ( 'NONE',  ( 6.700000000000001066, 21.69999999999999929, 7.220000000000000639 ) ) ;
#4027 = VECTOR ( 'NONE', #6204, 1000.000000000000000 ) ;
#4028 = CARTESIAN_POINT ( 'NONE',  ( 10.50000000000000000, 12.40000000000000213, 1.510000000000000897 ) ) ;
#4029 = EDGE_LOOP ( 'NONE', ( #5060, #4130, #6890, #3865 ) ) ;
#4030 = ORIENTED_EDGE ( 'NONE', *, *, #947, .F. ) ;
#4031 = FACE_OUTER_BOUND ( 'NONE', #2522, .T. ) ;
#4032 = AXIS2_PLACEMENT_3D ( 'NONE', #330, #5156, #6324 ) ;
#4033 = CARTESIAN_POINT ( 'NONE',  ( 5.799999999999999822, 11.19999999999999929, 7.220000000000000639 ) ) ;
#4034 = FACE_OUTER_BOUND ( 'NONE', #3153, .T. ) ;
#4035 = ADVANCED_FACE ( 'NONE', ( #2038 ), #1406, .F. ) ;
#4036 = VECTOR ( 'NONE', #5308, 1000.000000000000000 ) ;
#4037 = ORIENTED_EDGE ( 'NONE', *, *, #7533, .F. ) ;
#4038 = CARTESIAN_POINT ( 'NONE',  ( 6.900000000000000355, 11.19999999999999929, 4.209999999999998188 ) ) ;
#4039 = ADVANCED_FACE ( 'NONE', ( #6846 ), #212, .F. ) ;
#4040 = EDGE_CURVE ( 'NONE', #6075, #6156, #4606, .T. ) ;
#4041 = VECTOR ( 'NONE', #589, 1000.000000000000000 ) ;
#4042 = ORIENTED_EDGE ( 'NONE', *, *, #6780, .T. ) ;
#4043 = VERTEX_POINT ( 'NONE', #5230 ) ;
#4044 = EDGE_CURVE ( 'NONE', #5984, #3767, #7737, .T. ) ;
#4045 = DIRECTION ( 'NONE',  ( -1.000000000000000000, 0.0000000000000000000, 0.0000000000000000000 ) ) ;
#4046 = SURFACE_SIDE_STYLE ('',( #1631 ) ) ;
#4047 = ORIENTED_EDGE ( 'NONE', *, *, #3464, .T. ) ;
#4048 = UNCERTAINTY_MEASURE_WITH_UNIT (LENGTH_MEASURE( 1.000000000000000082E-05 ), #1852, 'distance_accuracy_value', 'NONE');
#4049 = CARTESIAN_POINT ( 'NONE',  ( 8.599999999999999645, 15.69999999999999929, 20.64999999999999858 ) ) ;
#4050 =( GEOMETRIC_REPRESENTATION_CONTEXT ( 3 ) GLOBAL_UNCERTAINTY_ASSIGNED_CONTEXT ( ( #4680 ) ) GLOBAL_UNIT_ASSIGNED_CONTEXT ( ( #5719, #1501, #4423 ) ) REPRESENTATION_CONTEXT ( 'NONE', 'WORKASPACE' ) );
#4051 = LINE ( 'NONE', #7500, #4788 ) ;
#4052 = DIRECTION ( 'NONE',  ( 0.0000000000000000000, -1.000000000000000000, 0.0000000000000000000 ) ) ;
#4053 =( GEOMETRIC_REPRESENTATION_CONTEXT ( 3 ) GLOBAL_UNCERTAINTY_ASSIGNED_CONTEXT ( ( #5223 ) ) GLOBAL_UNIT_ASSIGNED_CONTEXT ( ( #1598, #531, #6488 ) ) REPRESENTATION_CONTEXT ( 'NONE', 'WORKASPACE' ) );
#4054 = CARTESIAN_POINT ( 'NONE',  ( 6.900000000000000355, 11.19999999999999929, 4.209999999999998188 ) ) ;
#4055 = CARTESIAN_POINT ( 'NONE',  ( 4.219230769230770228, 15.69999999999999929, 16.03940806503179672 ) ) ;
#4056 = SURFACE_STYLE_FILL_AREA ( #4646 ) ;
#4057 = VERTEX_POINT ( 'NONE', #2265 ) ;
#4058 = SURFACE_STYLE_USAGE ( .BOTH. , #7081 ) ;
#4059 = LINE ( 'NONE', #4608, #1992 ) ;
#4060 = ORIENTED_EDGE ( 'NONE', *, *, #2290, .F. ) ;
#4061 = LINE ( 'NONE', #7582, #4261 ) ;
#4062 = PRESENTATION_LAYER_ASSIGNMENT (  '', '', ( #2657 ) ) ;
#4063 = AXIS2_PLACEMENT_3D ( 'NONE', #5319, #4656, #1100 ) ;
#4064 = DIRECTION ( 'NONE',  ( 1.000000000000000000, 0.0000000000000000000, 0.0000000000000000000 ) ) ;
#4065 = VERTEX_POINT ( 'NONE', #2229 ) ;
#4066 = SURFACE_SIDE_STYLE ('',( #4693 ) ) ;
#4067 = CARTESIAN_POINT ( 'NONE',  ( 9.119999999999999218, 17.39999999999999858, 18.35000000000000142 ) ) ;
#4068 = DIRECTION ( 'NONE',  ( 0.0000000000000000000, 1.000000000000000000, 0.0000000000000000000 ) ) ;
#4069 = MECHANICAL_DESIGN_GEOMETRIC_PRESENTATION_REPRESENTATION (  '', ( #785 ), #273 ) ;
#4070 = SURFACE_STYLE_FILL_AREA ( #2953 ) ;
#4071 = VECTOR ( 'NONE', #5702, 1000.000000000000000 ) ;
#4072 = CARTESIAN_POINT ( 'NONE',  ( 6.500000000000000888, 15.69999999999999929, 15.24000000000000021 ) ) ;
#4073 = UNCERTAINTY_MEASURE_WITH_UNIT (LENGTH_MEASURE( 1.000000000000000082E-05 ), #7647, 'distance_accuracy_value', 'NONE');
#4074 = CARTESIAN_POINT ( 'NONE',  ( 4.219230769230770228, 15.69999999999999929, 12.22940806503179800 ) ) ;
#4075 = EDGE_LOOP ( 'NONE', ( #5364, #6066, #2445, #2131 ) ) ;
#4076 = VERTEX_POINT ( 'NONE', #974 ) ;
#4077 = PLANE ( 'NONE',  #7621 ) ;
#4078 = COLOUR_RGB ( '',1.000000000000000000, 1.000000000000000000, 1.000000000000000000 ) ;
#4079 = PLANE ( 'NONE',  #2639 ) ;
#4080 = DIRECTION ( 'NONE',  ( 0.0000000000000000000, 0.0000000000000000000, -1.000000000000000000 ) ) ;
#4081 = AXIS2_PLACEMENT_3D ( 'NONE', #5594, #2542, #173 ) ;
#4082 = ORIENTED_EDGE ( 'NONE', *, *, #3848, .F. ) ;
#4083 = LINE ( 'NONE', #436, #6703 ) ;
#4084 = EDGE_CURVE ( 'NONE', #4475, #7163, #6432, .T. ) ;
#4085 = VECTOR ( 'NONE', #2344, 1000.000000000000000 ) ;
#4086 = ORIENTED_EDGE ( 'NONE', *, *, #5479, .T. ) ;
#4087 = FACE_OUTER_BOUND ( 'NONE', #4570, .T. ) ;
#4088 = CARTESIAN_POINT ( 'NONE',  ( 9.800000000000000711, 17.39999999999999858, 13.74999999999999822 ) ) ;
#4089 = CARTESIAN_POINT ( 'NONE',  ( 6.899999999999999467, 21.69999999999999929, 4.209999999999998188 ) ) ;
#4090 = ORIENTED_EDGE ( 'NONE', *, *, #3551, .F. ) ;
#4091 =( LENGTH_UNIT ( ) NAMED_UNIT ( * ) SI_UNIT ( .MILLI., .METRE. ) );
#4092 = EDGE_CURVE ( 'NONE', #7623, #7688, #3461, .T. ) ;
#4093 = DIRECTION ( 'NONE',  ( 0.0000000000000000000, 0.0000000000000000000, -1.000000000000000000 ) ) ;
#4094 = ADVANCED_FACE ( 'NONE', ( #4649 ), #2343, .T. ) ;
#4095 = SURFACE_STYLE_USAGE ( .BOTH. , #1237 ) ;
#4096 = EDGE_CURVE ( 'NONE', #1788, #5889, #5065, .T. ) ;
#4097 = PLANE ( 'NONE',  #5231 ) ;
#4098 = CYLINDRICAL_SURFACE ( 'NONE', #3595, 1.500000000000001332 ) ;
#4099 = ORIENTED_EDGE ( 'NONE', *, *, #3699, .T. ) ;
#4100 = DIRECTION ( 'NONE',  ( -0.0000000000000000000, -0.0000000000000000000, -1.000000000000000000 ) ) ;
#4101 = CARTESIAN_POINT ( 'NONE',  ( 9.800000000000000711, 17.39999999999999858, 17.55999999999999872 ) ) ;
#4102 = ADVANCED_FACE ( 'NONE', ( #5310, #7578 ), #6999, .T. ) ;
#4103 = VERTEX_POINT ( 'NONE', #7779 ) ;
#4104 = DIRECTION ( 'NONE',  ( 1.000000000000000000, 0.0000000000000000000, 0.0000000000000000000 ) ) ;
#4105 = ADVANCED_FACE ( 'NONE', ( #3065 ), #5392, .T. ) ;
#4106 = CARTESIAN_POINT ( 'NONE',  ( 4.599999999999999645, 17.39999999999999858, 8.659230484541300399 ) ) ;
#4107 = LINE ( 'NONE', #6461, #7489 ) ;
#4108 = DIRECTION ( 'NONE',  ( -1.000000000000000000, 0.0000000000000000000, 0.0000000000000000000 ) ) ;
#4109 = LINE ( 'NONE', #5402, #907 ) ;
#4110 =( NAMED_UNIT ( * ) SI_UNIT ( $, .STERADIAN. ) SOLID_ANGLE_UNIT ( ) );
#4111 = DIRECTION ( 'NONE',  ( 0.0000000000000000000, 0.0000000000000000000, -1.000000000000000000 ) ) ;
#4112 = FILL_AREA_STYLE ('',( #7276 ) ) ;
#4113 = EDGE_LOOP ( 'NONE', ( #1195, #4879, #4581, #2166 ) ) ;
#4114 = ORIENTED_EDGE ( 'NONE', *, *, #3551, .T. ) ;
#4115 = LINE ( 'NONE', #3404, #4247 ) ;
#4116 = AXIS2_PLACEMENT_3D ( 'NONE', #6243, #1952, #1991 ) ;
#4117 = CARTESIAN_POINT ( 'NONE',  ( 8.599999999999999645, 15.69999999999999929, 12.13000000000000078 ) ) ;
#4118 = CARTESIAN_POINT ( 'NONE',  ( 6.900000000000000355, 11.19999999999999929, 11.82999999999999829 ) ) ;
#4119 = AXIS2_PLACEMENT_3D ( 'NONE', #3018, #6523, #5347 ) ;
#4120 = AXIS2_PLACEMENT_3D ( 'NONE', #125, #1993, #2616 ) ;
#4121 = ORIENTED_EDGE ( 'NONE', *, *, #6438, .F. ) ;
#4122 = LINE ( 'NONE', #4163, #2518 ) ;
#4123 = VECTOR ( 'NONE', #7248, 1000.000000000000000 ) ;
#4124 = EDGE_LOOP ( 'NONE', ( #587, #522, #2972, #3773 ) ) ;
#4125 = DIRECTION ( 'NONE',  ( 0.0000000000000000000, -1.000000000000000000, 0.0000000000000000000 ) ) ;
#4126 = PRODUCT_DEFINITION_SHAPE ( 'NONE', 'NONE',  #1635 ) ;
#4127 =( NAMED_UNIT ( * ) SI_UNIT ( $, .STERADIAN. ) SOLID_ANGLE_UNIT ( ) );
#4128 = CARTESIAN_POINT ( 'NONE',  ( 4.150000000000000355, 17.39999999999999858, 13.02999999999999758 ) ) ;
#4129 = VECTOR ( 'NONE', #571, 1000.000000000000000 ) ;
#4130 = ORIENTED_EDGE ( 'NONE', *, *, #101, .F. ) ;
#4131 = UNCERTAINTY_MEASURE_WITH_UNIT (LENGTH_MEASURE( 1.000000000000000082E-05 ), #762, 'distance_accuracy_value', 'NONE');
#4132 = PLANE ( 'NONE',  #7283 ) ;
#4133 = AXIS2_PLACEMENT_3D ( 'NONE', #2190, #4689, #4104 ) ;
#4134 =( NAMED_UNIT ( * ) SI_UNIT ( $, .STERADIAN. ) SOLID_ANGLE_UNIT ( ) );
#4135 =( LENGTH_UNIT ( ) NAMED_UNIT ( * ) SI_UNIT ( .MILLI., .METRE. ) );
#4136 = CARTESIAN_POINT ( 'NONE',  ( 9.119999999999999218, 9.000000000000001776, 19.75000000000000000 ) ) ;
#4137 = FACE_OUTER_BOUND ( 'NONE', #3922, .T. ) ;
#4138 = VERTEX_POINT ( 'NONE', #5505 ) ;
#4139 = DIRECTION ( 'NONE',  ( 0.0000000000000000000, -1.000000000000000000, 0.0000000000000000000 ) ) ;
#4140 = CARTESIAN_POINT ( 'NONE',  ( 7.549999999999999822, 11.50000000000000000, 20.65000000000000213 ) ) ;
#4141 = EDGE_CURVE ( 'NONE', #6744, #286, #4917, .T. ) ;
#4142 = PRESENTATION_LAYER_ASSIGNMENT (  '', '', ( #3123 ) ) ;
#4143 = LINE ( 'NONE', #2311, #2525 ) ;
#4144 = PRESENTATION_LAYER_ASSIGNMENT (  '', '', ( #3244 ) ) ;
#4145 = VERTEX_POINT ( 'NONE', #40 ) ;
#4146 = ADVANCED_FACE ( 'NONE', ( #6001 ), #1829, .T. ) ;
#4147 = LINE ( 'NONE', #6415, #5380 ) ;
#4148 = DIRECTION ( 'NONE',  ( 0.0000000000000000000, 0.0000000000000000000, 1.000000000000000000 ) ) ;
#4149 = VECTOR ( 'NONE', #5699, 1000.000000000000000 ) ;
#4150 = ADVANCED_FACE ( 'NONE', ( #3729 ), #7338, .T. ) ;
#4151 = CARTESIAN_POINT ( 'NONE',  ( 8.599999999999999645, 9.000000000000001776, 1.510000000000000009 ) ) ;
#4152 = PLANE ( 'NONE',  #7563 ) ;
#4153 = DIRECTION ( 'NONE',  ( 0.0000000000000000000, -1.000000000000000000, 0.0000000000000000000 ) ) ;
#4154 = ADVANCED_FACE ( 'NONE', ( #5425, #2378 ), #4249, .T. ) ;
#4155 = FACE_BOUND ( 'NONE', #6809, .T. ) ;
#4156 = UNCERTAINTY_MEASURE_WITH_UNIT (LENGTH_MEASURE( 1.000000000000000082E-05 ), #2331, 'distance_accuracy_value', 'NONE');
#4157 = CARTESIAN_POINT ( 'NONE',  ( 8.599999999999999645, 17.39999999999999858, 15.93999999999999950 ) ) ;
#4158 = ORIENTED_EDGE ( 'NONE', *, *, #6881, .F. ) ;
#4159 = ORIENTED_EDGE ( 'NONE', *, *, #2718, .T. ) ;
#4160 = EDGE_LOOP ( 'NONE', ( #320, #4977, #2641, #1869 ) ) ;
#4161 = DIRECTION ( 'NONE',  ( 0.0000000000000000000, 0.0000000000000000000, -1.000000000000000000 ) ) ;
#4162 = VERTEX_POINT ( 'NONE', #4842 ) ;
#4163 = CARTESIAN_POINT ( 'NONE',  ( 8.599999999999999645, 9.000000000000001776, -13.72999999999999865 ) ) ;
#4164 = EDGE_LOOP ( 'NONE', ( #3447, #133, #4159, #5801 ) ) ;
#4165 = CARTESIAN_POINT ( 'NONE',  ( 9.119999999999999218, 9.000000000000001776, 8.320000000000000284 ) ) ;
#4166 = DIRECTION ( 'NONE',  ( 0.0000000000000000000, 0.0000000000000000000, -1.000000000000000000 ) ) ;
#4167 = CARTESIAN_POINT ( 'NONE',  ( 9.119999999999999218, 9.000000000000001776, 4.509999999999999787 ) ) ;
#4168 = ORIENTED_EDGE ( 'NONE', *, *, #5825, .T. ) ;
#4169 = DIRECTION ( 'NONE',  ( -1.000000000000000000, 0.0000000000000000000, -0.0000000000000000000 ) ) ;
#4170 = AXIS2_PLACEMENT_3D ( 'NONE', #4284, #4246, #6679 ) ;
#4171 = CARTESIAN_POINT ( 'NONE',  ( 6.500000000000000888, 14.69999999999999929, 15.24000000000000021 ) ) ;
#4172 = PLANE ( 'NONE',  #2592 ) ;
#4173 = CARTESIAN_POINT ( 'NONE',  ( 6.500000000000000888, 15.69999999999999929, 19.05000000000000071 ) ) ;
#4174 = ORIENTED_EDGE ( 'NONE', *, *, #6821, .T. ) ;
#4175 = CARTESIAN_POINT ( 'NONE',  ( 9.800000000000000711, 17.39999999999999858, 9.109999999999999432 ) ) ;
#4176 = VECTOR ( 'NONE', #5912, 1000.000000000000000 ) ;
#4177 = DIRECTION ( 'NONE',  ( 0.0000000000000000000, 0.0000000000000000000, -1.000000000000000000 ) ) ;
#4178 = CARTESIAN_POINT ( 'NONE',  ( 2.950000000000000178, 17.39999999999999858, 11.43000000000000149 ) ) ;
#4179 = SURFACE_STYLE_FILL_AREA ( #1210 ) ;
#4180 = FACE_BOUND ( 'NONE', #4197, .T. ) ;
#4181 = CARTESIAN_POINT ( 'NONE',  ( 8.599999999999999645, 9.000000000000001776, 9.830000000000000071 ) ) ;
#4182 =( LENGTH_UNIT ( ) NAMED_UNIT ( * ) SI_UNIT ( .MILLI., .METRE. ) );
#4183 = PLANE ( 'NONE',  #4456 ) ;
#4184 = AXIS2_PLACEMENT_3D ( 'NONE', #7096, #6473, #3485 ) ;
#4185 = CARTESIAN_POINT ( 'NONE',  ( 6.349999999999999645, 18.19999999999999929, 1.510000000000000897 ) ) ;
#4186 = ORIENTED_EDGE ( 'NONE', *, *, #1384, .T. ) ;
#4187 = AXIS2_PLACEMENT_3D ( 'NONE', #1911, #6567, #7220 ) ;
#4188 = VERTEX_POINT ( 'NONE', #2493 ) ;
#4189 = SURFACE_STYLE_FILL_AREA ( #2506 ) ;
#4190 = ADVANCED_FACE ( 'NONE', ( #8 ), #7301, .T. ) ;
#4191 = ADVANCED_FACE ( 'NONE', ( #6681, #4214 ), #1275, .T. ) ;
#4192 = ORIENTED_EDGE ( 'NONE', *, *, #2337, .T. ) ;
#4193 = PRESENTATION_LAYER_ASSIGNMENT (  '', '', ( #1400 ) ) ;
#4194 = AXIS2_PLACEMENT_3D ( 'NONE', #1804, #6574, #4256 ) ;
#4195 = ADVANCED_FACE ( 'NONE', ( #4325 ), #723, .T. ) ;
#4196 = DIRECTION ( 'NONE',  ( 0.0000000000000000000, 0.0000000000000000000, -1.000000000000000000 ) ) ;
#4197 = EDGE_LOOP ( 'NONE', ( #3180, #3728, #6695, #6984 ) ) ;
#4198 = VECTOR ( 'NONE', #1578, 1000.000000000000000 ) ;
#4199 = EDGE_CURVE ( 'NONE', #95, #1962, #642, .T. ) ;
#4200 = EDGE_CURVE ( 'NONE', #192, #3403, #6759, .T. ) ;
#4201 = ORIENTED_EDGE ( 'NONE', *, *, #6480, .F. ) ;
#4202 = CARTESIAN_POINT ( 'NONE',  ( 6.299999999999999822, 10.40000000000000213, 18.85000000000000142 ) ) ;
#4203 = VECTOR ( 'NONE', #3006, 1000.000000000000000 ) ;
#4204 = DIRECTION ( 'NONE',  ( 1.000000000000000000, 0.0000000000000000000, 0.0000000000000000000 ) ) ;
#4205 = ORIENTED_EDGE ( 'NONE', *, *, #5770, .T. ) ;
#4206 = SURFACE_STYLE_USAGE ( .BOTH. , #3568 ) ;
#4207 = VECTOR ( 'NONE', #1102, 1000.000000000000000 ) ;
#4208 = EDGE_LOOP ( 'NONE', ( #1626, #6367, #4948, #5217 ) ) ;
#4209 = DIRECTION ( 'NONE',  ( -1.000000000000000000, 0.0000000000000000000, 0.0000000000000000000 ) ) ;
#4210 = LINE ( 'NONE', #3570, #1716 ) ;
#4211 = DIRECTION ( 'NONE',  ( 0.0000000000000000000, -1.000000000000000000, 0.0000000000000000000 ) ) ;
#4212 = DIRECTION ( 'NONE',  ( -0.0000000000000000000, -1.000000000000000000, -0.0000000000000000000 ) ) ;
#4213 = ORIENTED_EDGE ( 'NONE', *, *, #1091, .F. ) ;
#4214 = FACE_OUTER_BOUND ( 'NONE', #3990, .T. ) ;
#4215 = PLANE ( 'NONE',  #5096 ) ;
#4216 = UNCERTAINTY_MEASURE_WITH_UNIT (LENGTH_MEASURE( 1.000000000000000082E-05 ), #2183, 'distance_accuracy_value', 'NONE');
#4217 = CARTESIAN_POINT ( 'NONE',  ( 7.549999999999999822, 11.50000000000000000, 21.35000000000000142 ) ) ;
#4218 = DIRECTION ( 'NONE',  ( 0.0000000000000000000, 0.0000000000000000000, 1.000000000000000000 ) ) ;
#4219 = DIRECTION ( 'NONE',  ( 0.0000000000000000000, 1.000000000000000000, 0.0000000000000000000 ) ) ;
#4220 = LINE ( 'NONE', #6654, #7366 ) ;
#4221 = CARTESIAN_POINT ( 'NONE',  ( 6.099999999999999645, 10.40000000000000213, 3.409999999999999698 ) ) ;
#4222 = CARTESIAN_POINT ( 'NONE',  ( 9.119999999999999218, 15.69999999999999929, 4.509999999999999787 ) ) ;
#4223 = PLANE ( 'NONE',  #1802 ) ;
#4224 = PRESENTATION_STYLE_ASSIGNMENT (( #2357 ) ) ;
#4225 = ORIENTED_EDGE ( 'NONE', *, *, #4375, .F. ) ;
#4226 = CARTESIAN_POINT ( 'NONE',  ( 8.599999999999999645, 9.000000000000001776, 19.75000000000000000 ) ) ;
#4227 = CYLINDRICAL_SURFACE ( 'NONE', #456, 0.8999999999999998002 ) ;
#4228 = ORIENTED_EDGE ( 'NONE', *, *, #6622, .T. ) ;
#4229 = DIRECTION ( 'NONE',  ( -1.000000000000000000, 0.0000000000000000000, 0.0000000000000000000 ) ) ;
#4230 = ADVANCED_FACE ( 'NONE', ( #6154, #159 ), #1356, .T. ) ;
#4231 = ORIENTED_EDGE ( 'NONE', *, *, #3509, .F. ) ;
#4232 = EDGE_CURVE ( 'NONE', #4350, #547, #4990, .T. ) ;
#4233 = STYLED_ITEM ( 'NONE', ( #720 ), #7627 ) ;
#4234 = VERTEX_POINT ( 'NONE', #6419 ) ;
#4236 = SURFACE_SIDE_STYLE ('',( #1819 ) ) ;
#4235 = VECTOR ( 'NONE', #7268, 1000.000000000000000 ) ;
#4237 = EDGE_CURVE ( 'NONE', #5103, #6660, #499, .T. ) ;
#4238 = VECTOR ( 'NONE', #3769, 1000.000000000000000 ) ;
#4239 = VERTEX_POINT ( 'NONE', #4024 ) ;
#4240 = CIRCLE ( 'NONE', #4992, 0.8999999999999998002 ) ;
#4241 = PRESENTATION_LAYER_ASSIGNMENT (  '', '', ( #5372 ) ) ;
#4242 = ORIENTED_EDGE ( 'NONE', *, *, #298, .F. ) ;
#4243 = FACE_OUTER_BOUND ( 'NONE', #5748, .T. ) ;
#4244 = DIRECTION ( 'NONE',  ( 0.0000000000000000000, 0.0000000000000000000, -1.000000000000000000 ) ) ;
#4245 = CARTESIAN_POINT ( 'NONE',  ( 6.899999999999999467, 20.89999999999999147, 19.44999999999999929 ) ) ;
#4246 = DIRECTION ( 'NONE',  ( 0.0000000000000000000, -1.000000000000000000, 0.0000000000000000000 ) ) ;
#4247 = VECTOR ( 'NONE', #5252, 1000.000000000000114 ) ;
#4248 = ORIENTED_EDGE ( 'NONE', *, *, #6336, .T. ) ;
#4249 = PLANE ( 'NONE',  #1156 ) ;
#4250 = CARTESIAN_POINT ( 'NONE',  ( 7.549999999999999822, 10.50000000000000000, 2.209999999999999964 ) ) ;
#4251 = VECTOR ( 'NONE', #1040, 1000.000000000000114 ) ;
#4252 = CARTESIAN_POINT ( 'NONE',  ( 6.900000000000000355, 11.19999999999999929, 8.019999999999999574 ) ) ;
#4253 = AXIS2_PLACEMENT_3D ( 'NONE', #4106, #2949, #1130 ) ;
#4254 =( LENGTH_UNIT ( ) NAMED_UNIT ( * ) SI_UNIT ( .MILLI., .METRE. ) );
#4255 = LINE ( 'NONE', #2350, #319 ) ;
#4256 = DIRECTION ( 'NONE',  ( 0.0000000000000000000, 0.0000000000000000000, -1.000000000000000000 ) ) ;
#4257 = DIRECTION ( 'NONE',  ( 0.0000000000000000000, -1.000000000000000000, 0.0000000000000000000 ) ) ;
#4258 = VECTOR ( 'NONE', #2049, 1000.000000000000000 ) ;
#4259 = CARTESIAN_POINT ( 'NONE',  ( 4.150000000000000355, 17.39999999999999858, 16.27923048454129784 ) ) ;
#4260 = CARTESIAN_POINT ( 'NONE',  ( 6.700000000000001066, 21.69999999999999929, -7.620000000000000107 ) ) ;
#4261 = VECTOR ( 'NONE', #3467, 1000.000000000000000 ) ;
#4262 = DIRECTION ( 'NONE',  ( 0.0000000000000000000, 0.0000000000000000000, 1.000000000000000000 ) ) ;
#4263 = ORIENTED_EDGE ( 'NONE', *, *, #2610, .F. ) ;
#4264 = CARTESIAN_POINT ( 'NONE',  ( 4.150000000000000355, 9.000000000000001776, 16.83999999999999631 ) ) ;
#4265 = ORIENTED_EDGE ( 'NONE', *, *, #5254, .F. ) ;
#4266 = DIRECTION ( 'NONE',  ( 1.000000000000000000, 0.0000000000000000000, 0.0000000000000000000 ) ) ;
#4267 = SURFACE_STYLE_FILL_AREA ( #3672 ) ;
#4268 = AXIS2_PLACEMENT_3D ( 'NONE', #4493, #379, #3901 ) ;
#4269 = EDGE_LOOP ( 'NONE', ( #221, #2137, #3354, #3089 ) ) ;
#4270 = DIRECTION ( 'NONE',  ( -0.2357022603955121753, -0.9428090415820651327, -0.2357022603955121753 ) ) ;
#4271 = VECTOR ( 'NONE', #4575, 1000.000000000000114 ) ;
#4272 = ORIENTED_EDGE ( 'NONE', *, *, #4286, .F. ) ;
#4273 = EDGE_CURVE ( 'NONE', #547, #1934, #2401, .T. ) ;
#4274 = DIRECTION ( 'NONE',  ( 0.0000000000000000000, 0.0000000000000000000, 1.000000000000000000 ) ) ;
#4275 = SURFACE_STYLE_FILL_AREA ( #556 ) ;
#4276 = EDGE_CURVE ( 'NONE', #4188, #6822, #1019, .T. ) ;
#4277 = ORIENTED_EDGE ( 'NONE', *, *, #4000, .F. ) ;
#4278 = CARTESIAN_POINT ( 'NONE',  ( 6.899999999999999467, 18.19999999999999929, 7.220000000000000639 ) ) ;
#4279 = EDGE_CURVE ( 'NONE', #3861, #5031, #7624, .T. ) ;
#4280 = VERTEX_POINT ( 'NONE', #6373 ) ;
#4281 = FILL_AREA_STYLE_COLOUR ( '', #4624 ) ;
#4282 = LINE ( 'NONE', #1752, #5604 ) ;
#4283 = CARTESIAN_POINT ( 'NONE',  ( 6.900000000000000355, 10.40000000000000213, 7.820000000000000284 ) ) ;
#4284 = CARTESIAN_POINT ( 'NONE',  ( 4.599999999999999645, 9.000000000000001776, 18.01076951545870131 ) ) ;
#4285 = ORIENTED_EDGE ( 'NONE', *, *, #3763, .T. ) ;
#4286 = EDGE_CURVE ( 'NONE', #1985, #4864, #3173, .T. ) ;
#4287 =( NAMED_UNIT ( * ) SI_UNIT ( $, .STERADIAN. ) SOLID_ANGLE_UNIT ( ) );
#4288 = DIRECTION ( 'NONE',  ( 1.000000000000000000, 0.0000000000000000000, 0.0000000000000000000 ) ) ;
#4289 = UNCERTAINTY_MEASURE_WITH_UNIT (LENGTH_MEASURE( 1.000000000000000082E-05 ), #545, 'distance_accuracy_value', 'NONE');
#4290 = CARTESIAN_POINT ( 'NONE',  ( 6.899999999999999467, 21.69999999999999929, 18.64999999999999858 ) ) ;
#4291 = VECTOR ( 'NONE', #6, 1000.000000000000000 ) ;
#4292 = CARTESIAN_POINT ( 'NONE',  ( 6.500000000000000888, 14.69999999999999929, 4.710000000000000853 ) ) ;
#4293 = EDGE_CURVE ( 'NONE', #4057, #1733, #3985, .T. ) ;
#4294 = LINE ( 'NONE', #1836, #2467 ) ;
#4295 = LINE ( 'NONE', #1097, #4235 ) ;
#4296 = VECTOR ( 'NONE', #4825, 1000.000000000000114 ) ;
#4297 = CARTESIAN_POINT ( 'NONE',  ( 10.50000000000000000, 18.19999999999999929, -9.919999999999999929 ) ) ;
#4298 = DIRECTION ( 'NONE',  ( 1.546734824340359944E-15, 0.0000000000000000000, -1.000000000000000000 ) ) ;
#4299 = LINE ( 'NONE', #2541, #2775 ) ;
#4300 = CARTESIAN_POINT ( 'NONE',  ( 6.700000000000000178, 10.40000000000000213, 7.420000000000002593 ) ) ;
#4301 = UNCERTAINTY_MEASURE_WITH_UNIT (LENGTH_MEASURE( 1.000000000000000082E-05 ), #4918, 'distance_accuracy_value', 'NONE');
#4302 = VERTEX_POINT ( 'NONE', #2316 ) ;
#4303 = SURFACE_STYLE_USAGE ( .BOTH. , #3749 ) ;
#4304 = ORIENTED_EDGE ( 'NONE', *, *, #2887, .T. ) ;
#4305 = VECTOR ( 'NONE', #757, 1000.000000000000000 ) ;
#4306 = DIRECTION ( 'NONE',  ( -0.2357022603955121753, 0.9428090415820651327, -0.2357022603955121753 ) ) ;
#4307 = AXIS2_PLACEMENT_3D ( 'NONE', #1680, #1053, #416 ) ;
#4308 = CARTESIAN_POINT ( 'NONE',  ( 9.119999999999999218, 9.000000000000001776, 17.79500000000000171 ) ) ;
#4309 = ORIENTED_EDGE ( 'NONE', *, *, #3837, .F. ) ;
#4310 = PRESENTATION_STYLE_ASSIGNMENT (( #6745 ) ) ;
#4311 = CIRCLE ( 'NONE', #1160, 0.4500000000000007327 ) ;
#4312 = VECTOR ( 'NONE', #1318, 1000.000000000000000 ) ;
#4313 = ORIENTED_EDGE ( 'NONE', *, *, #1044, .T. ) ;
#4314 = DIRECTION ( 'NONE',  ( 0.0000000000000000000, 0.0000000000000000000, -1.000000000000000000 ) ) ;
#4315 = CARTESIAN_POINT ( 'NONE',  ( 9.119999999999999218, 17.39999999999999858, 19.75000000000000000 ) ) ;
#4316 = ORIENTED_EDGE ( 'NONE', *, *, #3644, .T. ) ;
#4317 = DIRECTION ( 'NONE',  ( 0.0000000000000000000, 0.0000000000000000000, -1.000000000000000000 ) ) ;
#4318 = MECHANICAL_DESIGN_GEOMETRIC_PRESENTATION_REPRESENTATION (  '', ( #6063 ), #6453 ) ;
#4319 = AXIS2_PLACEMENT_3D ( 'NONE', #1466, #2017, #4438 ) ;
#4320 = ORIENTED_EDGE ( 'NONE', *, *, #2669, .T. ) ;
#4321 = DIRECTION ( 'NONE',  ( 0.0000000000000000000, -1.000000000000000000, 0.0000000000000000000 ) ) ;
#4322 =( NAMED_UNIT ( * ) SI_UNIT ( $, .STERADIAN. ) SOLID_ANGLE_UNIT ( ) );
#4323 = LINE ( 'NONE', #4878, #2327 ) ;
#4324 = VERTEX_POINT ( 'NONE', #1609 ) ;
#4325 = FACE_OUTER_BOUND ( 'NONE', #714, .T. ) ;
#4326 = EDGE_CURVE ( 'NONE', #6753, #6227, #1648, .T. ) ;
#4327 = CARTESIAN_POINT ( 'NONE',  ( 4.150000000000000355, 9.000000000000001776, 20.64999999999999858 ) ) ;
#4328 = ORIENTED_EDGE ( 'NONE', *, *, #4860, .T. ) ;
#4329 = LINE ( 'NONE', #4290, #7442 ) ;
#4330 = EDGE_CURVE ( 'NONE', #913, #5023, #4777, .T. ) ;
#4331 = CARTESIAN_POINT ( 'NONE',  ( 9.119999999999999218, 9.000000000000001776, 8.875000000000001776 ) ) ;
#4332 = CARTESIAN_POINT ( 'NONE',  ( 8.599999999999999645, 15.69999999999999929, 18.35000000000000142 ) ) ;
#4333 = EDGE_CURVE ( 'NONE', #7640, #5574, #3433, .T. ) ;
#4334 = CARTESIAN_POINT ( 'NONE',  ( 8.599999999999999645, 9.000000000000001776, 8.320000000000000284 ) ) ;
#4335 = STYLED_ITEM ( 'NONE', ( #7738 ), #6582 ) ;
#4336 =( NAMED_UNIT ( * ) PLANE_ANGLE_UNIT ( ) SI_UNIT ( $, .RADIAN. ) );
#4337 = DIRECTION ( 'NONE',  ( 0.0000000000000000000, 1.000000000000000000, 0.0000000000000000000 ) ) ;
#4338 = ADVANCED_FACE ( 'NONE', ( #5831 ), #5360, .T. ) ;
#4339 = CARTESIAN_POINT ( 'NONE',  ( 4.150000000000000355, 17.39999999999999858, 9.219999999999998863 ) ) ;
#4340 = ADVANCED_FACE ( 'NONE', ( #6462 ), #4152, .T. ) ;
#4341 = ORIENTED_EDGE ( 'NONE', *, *, #1520, .F. ) ;
#4342 = DIRECTION ( 'NONE',  ( 0.0000000000000000000, -1.000000000000000000, 0.0000000000000000000 ) ) ;
#4343 = ORIENTED_EDGE ( 'NONE', *, *, #5438, .T. ) ;
#4344 = DIRECTION ( 'NONE',  ( 0.0000000000000000000, 0.0000000000000000000, -1.000000000000000000 ) ) ;
#4345 = DIRECTION ( 'NONE',  ( 1.000000000000000000, 0.0000000000000000000, -0.0000000000000000000 ) ) ;
#4346 = SURFACE_STYLE_USAGE ( .BOTH. , #4046 ) ;
#4347 = ORIENTED_EDGE ( 'NONE', *, *, #3760, .F. ) ;
#4348 = ORIENTED_EDGE ( 'NONE', *, *, #805, .F. ) ;
#4349 = DIRECTION ( 'NONE',  ( 1.000000000000000000, 0.0000000000000000000, 0.0000000000000000000 ) ) ;
#4350 = VERTEX_POINT ( 'NONE', #460 ) ;
#4351 = ORIENTED_EDGE ( 'NONE', *, *, #4901, .T. ) ;
#4352 = DIRECTION ( 'NONE',  ( 1.000000000000000000, 0.0000000000000000000, 0.0000000000000000000 ) ) ;
#4353 = AXIS2_PLACEMENT_3D ( 'NONE', #2498, #3851, #5623 ) ;
#4354 = ORIENTED_EDGE ( 'NONE', *, *, #507, .T. ) ;
#4355 = DIRECTION ( 'NONE',  ( 0.0000000000000000000, 0.0000000000000000000, -1.000000000000000000 ) ) ;
#4356 = AXIS2_PLACEMENT_3D ( 'NONE', #2647, #6232, #3809 ) ;
#4357 = SURFACE_STYLE_FILL_AREA ( #3135 ) ;
#4358 =( NAMED_UNIT ( * ) SI_UNIT ( $, .STERADIAN. ) SOLID_ANGLE_UNIT ( ) );
#4359 = VERTEX_POINT ( 'NONE', #7708 ) ;
#4360 = CARTESIAN_POINT ( 'NONE',  ( 8.599999999999999645, 15.69999999999999929, 13.02999999999999758 ) ) ;
#4361 = FILL_AREA_STYLE ('',( #643 ) ) ;
#4362 = CIRCLE ( 'NONE', #3731, 0.4500000000000007327 ) ;
#4363 = VECTOR ( 'NONE', #3624, 1000.000000000000000 ) ;
#4364 = ORIENTED_EDGE ( 'NONE', *, *, #3559, .F. ) ;
#4365 = LINE ( 'NONE', #4449, #6186 ) ;
#4366 = SURFACE_SIDE_STYLE ('',( #165 ) ) ;
#4367 = DIRECTION ( 'NONE',  ( 0.0000000000000000000, 0.0000000000000000000, 1.000000000000000000 ) ) ;
#4368 = LINE ( 'NONE', #7460, #2447 ) ;
#4369 = VECTOR ( 'NONE', #7334, 1000.000000000000000 ) ;
#4370 = CARTESIAN_POINT ( 'NONE',  ( 6.349999999999999645, 11.50000000000000000, 1.510000000000000897 ) ) ;
#4371 = EDGE_CURVE ( 'NONE', #1182, #3640, #4735, .T. ) ;
#4372 = FILL_AREA_STYLE ('',( #6727 ) ) ;
#4373 = DIRECTION ( 'NONE',  ( 1.000000000000000000, 0.0000000000000000000, 0.0000000000000000000 ) ) ;
#4374 = CARTESIAN_POINT ( 'NONE',  ( 6.711111111111110361, 10.44444444444440023, 11.64111111111110120 ) ) ;
#4375 = EDGE_CURVE ( 'NONE', #4702, #5330, #4617, .T. ) ;
#4376 = CYLINDRICAL_SURFACE ( 'NONE', #1989, 0.4499999999999999001 ) ;
#4377 = AXIS2_PLACEMENT_3D ( 'NONE', #887, #927, #2143 ) ;
#4378 = VERTEX_POINT ( 'NONE', #5901 ) ;
#4379 = LINE ( 'NONE', #5131, #473 ) ;
#4380 = EDGE_CURVE ( 'NONE', #6662, #4957, #386, .T. ) ;
#4381 = EDGE_LOOP ( 'NONE', ( #3524, #5954, #1151, #598 ) ) ;
#4382 = AXIS2_PLACEMENT_3D ( 'NONE', #3453, #4792, #6595 ) ;
#4383 = MECHANICAL_DESIGN_GEOMETRIC_PRESENTATION_REPRESENTATION (  '', ( #4007 ), #1103 ) ;
#4384 = ORIENTED_EDGE ( 'NONE', *, *, #6821, .F. ) ;
#4385 = DIRECTION ( 'NONE',  ( -1.000000000000000000, 0.0000000000000000000, 0.0000000000000000000 ) ) ;
#4386 = DIRECTION ( 'NONE',  ( 0.9701425001453328756, 0.2425356250363290000, 0.0000000000000000000 ) ) ;
#4387 = ORIENTED_EDGE ( 'NONE', *, *, #3607, .F. ) ;
#4388 = STYLED_ITEM ( 'NONE', ( #6360 ), #7547 ) ;
#4389 = ORIENTED_EDGE ( 'NONE', *, *, #6496, .F. ) ;
#4390 = CIRCLE ( 'NONE', #471, 1.499999999999999556 ) ;
#4391 = CARTESIAN_POINT ( 'NONE',  ( 6.700000000000001066, 21.69999999999999929, 3.609999999999998543 ) ) ;
#4392 = VECTOR ( 'NONE', #2655, 1000.000000000000114 ) ;
#4393 = ORIENTED_EDGE ( 'NONE', *, *, #1871, .F. ) ;
#4394 = SURFACE_STYLE_FILL_AREA ( #1387 ) ;
#4395 = VECTOR ( 'NONE', #294, 1000.000000000000000 ) ;
#4396 = VERTEX_POINT ( 'NONE', #3472 ) ;
#4397 = CARTESIAN_POINT ( 'NONE',  ( 6.299999999999999822, 10.40000000000000213, 7.820000000000000284 ) ) ;
#4398 = CARTESIAN_POINT ( 'NONE',  ( 4.599999999999999645, 17.39999999999999858, 12.46923048454129912 ) ) ;
#4399 = PLANE ( 'NONE',  #3355 ) ;
#4400 = ORIENTED_EDGE ( 'NONE', *, *, #1723, .F. ) ;
#4401 = PRESENTATION_LAYER_ASSIGNMENT (  '', '', ( #2881 ) ) ;
#4402 = CARTESIAN_POINT ( 'NONE',  ( 5.799999999999999822, 16.30000000000000071, 15.63999999999999702 ) ) ;
#4403 = ORIENTED_EDGE ( 'NONE', *, *, #4723, .F. ) ;
#4404 = CARTESIAN_POINT ( 'NONE',  ( 6.349999999999999645, 18.19999999999999929, 21.35000000000000142 ) ) ;
#4405 = LINE ( 'NONE', #3735, #985 ) ;
#4406 =( GEOMETRIC_REPRESENTATION_CONTEXT ( 3 ) GLOBAL_UNCERTAINTY_ASSIGNED_CONTEXT ( ( #2847 ) ) GLOBAL_UNIT_ASSIGNED_CONTEXT ( ( #1506, #7440, #230 ) ) REPRESENTATION_CONTEXT ( 'NONE', 'WORKASPACE' ) );
#4407 = CARTESIAN_POINT ( 'NONE',  ( 6.349999999999999645, 10.00000000000000178, 20.89999999999999858 ) ) ;
#4408 = DIRECTION ( 'NONE',  ( 1.000000000000000000, 0.0000000000000000000, 0.0000000000000000000 ) ) ;
#4409 = FACE_OUTER_BOUND ( 'NONE', #7473, .T. ) ;
#4410 = CARTESIAN_POINT ( 'NONE',  ( 10.50000000000000000, 12.00000000000000000, -9.919999999999999929 ) ) ;
#4411 = DIRECTION ( 'NONE',  ( 0.9701425001453328756, 0.2425356250363290000, 0.0000000000000000000 ) ) ;
#4412 = LINE ( 'NONE', #2114, #1017 ) ;
#4413 = AXIS2_PLACEMENT_3D ( 'NONE', #1200, #7777, #1794 ) ;
#4414 = CARTESIAN_POINT ( 'NONE',  ( 6.500000000000000888, 14.69999999999999929, 14.83999999999999986 ) ) ;
#4415 = DIRECTION ( 'NONE',  ( 0.0000000000000000000, 0.0000000000000000000, -1.000000000000000000 ) ) ;
#4416 = ORIENTED_EDGE ( 'NONE', *, *, #7187, .T. ) ;
#4417 =( NAMED_UNIT ( * ) SI_UNIT ( $, .STERADIAN. ) SOLID_ANGLE_UNIT ( ) );
#4418 = EDGE_CURVE ( 'NONE', #1306, #4475, #2825, .T. ) ;
#4419 = FACE_OUTER_BOUND ( 'NONE', #627, .T. ) ;
#4420 = VECTOR ( 'NONE', #5076, 1000.000000000000000 ) ;
#4421 = ORIENTED_EDGE ( 'NONE', *, *, #3263, .F. ) ;
#4422 = ORIENTED_EDGE ( 'NONE', *, *, #7183, .F. ) ;
#4423 =( NAMED_UNIT ( * ) SI_UNIT ( $, .STERADIAN. ) SOLID_ANGLE_UNIT ( ) );
#4424 = LINE ( 'NONE', #7280, #3815 ) ;
#4425 = CARTESIAN_POINT ( 'NONE',  ( 6.349999999999999645, 18.19999999999999929, 2.209999999999999964 ) ) ;
#4426 = ORIENTED_EDGE ( 'NONE', *, *, #1071, .F. ) ;
#4427 = EDGE_CURVE ( 'NONE', #7716, #1232, #7747, .T. ) ;
#4428 = VECTOR ( 'NONE', #3627, 1000.000000000000000 ) ;
#4429 = EDGE_LOOP ( 'NONE', ( #7261, #5864, #2308, #2794 ) ) ;
#4430 = EDGE_CURVE ( 'NONE', #5599, #5810, #7587, .T. ) ;
#4431 = DIRECTION ( 'NONE',  ( 0.0000000000000000000, 0.0000000000000000000, 1.000000000000000000 ) ) ;
#4432 = EDGE_CURVE ( 'NONE', #5943, #1261, #4691, .T. ) ;
#4433 = VECTOR ( 'NONE', #5473, 1000.000000000000000 ) ;
#4434 = PLANE ( 'NONE',  #4574 ) ;
#4435 = EDGE_CURVE ( 'NONE', #31, #1981, #7227, .T. ) ;
#4436 = VERTEX_POINT ( 'NONE', #4181 ) ;
#4437 = EDGE_CURVE ( 'NONE', #1894, #7527, #733, .T. ) ;
#4438 = DIRECTION ( 'NONE',  ( 0.0000000000000000000, 0.0000000000000000000, -1.000000000000000000 ) ) ;
#4439 = VECTOR ( 'NONE', #1726, 1000.000000000000000 ) ;
#4440 = ORIENTED_EDGE ( 'NONE', *, *, #5430, .F. ) ;
#4441 = CARTESIAN_POINT ( 'NONE',  ( 9.119999999999999218, 15.69999999999999929, 18.35000000000000142 ) ) ;
#4442 = VECTOR ( 'NONE', #6103, 1000.000000000000000 ) ;
#4443 = VECTOR ( 'NONE', #5940, 1000.000000000000000 ) ;
#4444 = LINE ( 'NONE', #1983, #5607 ) ;
#4445 = DIRECTION ( 'NONE',  ( 1.000000000000000000, 0.0000000000000000000, 0.0000000000000000000 ) ) ;
#4446 = EDGE_LOOP ( 'NONE', ( #6937, #7599, #5752, #965 ) ) ;
#4447 = LINE ( 'NONE', #6235, #5406 ) ;
#4448 = ORIENTED_EDGE ( 'NONE', *, *, #7208, .F. ) ;
#4449 = CARTESIAN_POINT ( 'NONE',  ( 8.599999999999999645, 9.000000000000001776, 3.110000000000001652 ) ) ;
#4450 = SURFACE_STYLE_USAGE ( .BOTH. , #4366 ) ;
#4451 = PLANE ( 'NONE',  #1096 ) ;
#4452 = CARTESIAN_POINT ( 'NONE',  ( 10.50000000000000000, 12.59999999999999964, -9.919999999999999929 ) ) ;
#4453 = CARTESIAN_POINT ( 'NONE',  ( 6.083333333333330373, 11.26666666666669947, 3.393333333333300228 ) ) ;
#4454 = DIRECTION ( 'NONE',  ( 0.9451512019217267468, 0.0000000000000000000, -0.3266331359582419491 ) ) ;
#4455 = LINE ( 'NONE', #1118, #1026 ) ;
#4456 = AXIS2_PLACEMENT_3D ( 'NONE', #4260, #7125, #541 ) ;
#4457 = DIRECTION ( 'NONE',  ( 0.0000000000000000000, 0.0000000000000000000, -1.000000000000000000 ) ) ;
#4458 = CARTESIAN_POINT ( 'NONE',  ( 9.800000000000000711, 17.39999999999999858, 17.55999999999999872 ) ) ;
#4459 = DIRECTION ( 'NONE',  ( 0.0000000000000000000, 0.0000000000000000000, -1.000000000000000000 ) ) ;
#4460 = ORIENTED_EDGE ( 'NONE', *, *, #5111, .T. ) ;
#4461 = DIRECTION ( 'NONE',  ( -0.0000000000000000000, -1.000000000000000000, -0.0000000000000000000 ) ) ;
#4462 = PRESENTATION_LAYER_ASSIGNMENT (  '', '', ( #2550 ) ) ;
#4463 = VERTEX_POINT ( 'NONE', #6608 ) ;
#4464 = CARTESIAN_POINT ( 'NONE',  ( 6.349999999999999645, 11.50000000000000000, 2.209999999999999964 ) ) ;
#4465 = VERTEX_POINT ( 'NONE', #1765 ) ;
#4466 = PRESENTATION_STYLE_ASSIGNMENT (( #744 ) ) ;
#4467 = EDGE_LOOP ( 'NONE', ( #144, #1700, #7395, #92 ) ) ;
#4468 = EDGE_LOOP ( 'NONE', ( #1448, #3127, #7214, #4719 ) ) ;
#4469 = CARTESIAN_POINT ( 'NONE',  ( 4.150000000000000355, 15.69999999999999929, 20.64999999999999858 ) ) ;
#4470 = DIRECTION ( 'NONE',  ( -1.000000000000000000, 0.0000000000000000000, 0.0000000000000000000 ) ) ;
#4471 = EDGE_CURVE ( 'NONE', #5079, #6018, #1177, .T. ) ;
#4472 = ORIENTED_EDGE ( 'NONE', *, *, #911, .T. ) ;
#4473 = ADVANCED_FACE ( 'NONE', ( #1286 ), #3146, .F. ) ;
#4474 = EDGE_CURVE ( 'NONE', #2057, #1375, #2991, .T. ) ;
#4475 = VERTEX_POINT ( 'NONE', #2500 ) ;
#4476 = VERTEX_POINT ( 'NONE', #614 ) ;
#4477 = EDGE_CURVE ( 'NONE', #5984, #281, #4925, .T. ) ;
#4478 = CARTESIAN_POINT ( 'NONE',  ( 9.800000000000000711, 9.000000000000001776, 13.74999999999999822 ) ) ;
#4479 =( LENGTH_UNIT ( ) NAMED_UNIT ( * ) SI_UNIT ( .MILLI., .METRE. ) );
#4480 = ORIENTED_EDGE ( 'NONE', *, *, #3518, .T. ) ;
#4481 = FACE_OUTER_BOUND ( 'NONE', #3926, .T. ) ;
#4482 = ORIENTED_EDGE ( 'NONE', *, *, #5241, .F. ) ;
#4483 = DIRECTION ( 'NONE',  ( 0.0000000000000000000, 0.2425356250363290000, 0.9701425001453328756 ) ) ;
#4484 = AXIS2_PLACEMENT_3D ( 'NONE', #4452, #4408, #167 ) ;
#4485 = LINE ( 'NONE', #1398, #215 ) ;
#4486 = CARTESIAN_POINT ( 'NONE',  ( 7.549999999999999822, 11.50000000000000000, 1.510000000000000897 ) ) ;
#4487 =( GEOMETRIC_REPRESENTATION_CONTEXT ( 3 ) GLOBAL_UNCERTAINTY_ASSIGNED_CONTEXT ( ( #428 ) ) GLOBAL_UNIT_ASSIGNED_CONTEXT ( ( #4685, #2897, #2943 ) ) REPRESENTATION_CONTEXT ( 'NONE', 'WORKASPACE' ) );
#4488 = CARTESIAN_POINT ( 'NONE',  ( 6.900000000000000355, 11.19999999999999929, 7.220000000000000639 ) ) ;
#4489 = LINE ( 'NONE', #6205, #7406 ) ;
#4490 = AXIS2_PLACEMENT_3D ( 'NONE', #2304, #4209, #7215 ) ;
#4491 = CIRCLE ( 'NONE', #7483, 1.500000000000001332 ) ;
#4492 = PLANE ( 'NONE',  #7302 ) ;
#4493 = CARTESIAN_POINT ( 'NONE',  ( 4.150000000000000355, 17.39999999999999858, 12.46923048454129912 ) ) ;
#4494 = STYLED_ITEM ( 'NONE', ( #363 ), #3703 ) ;
#4495 = ORIENTED_EDGE ( 'NONE', *, *, #6970, .F. ) ;
#4496 = DIRECTION ( 'NONE',  ( -0.0000000000000000000, -1.000000000000000000, -0.0000000000000000000 ) ) ;
#4497 = VECTOR ( 'NONE', #2821, 1000.000000000000000 ) ;
#4498 = AXIS2_PLACEMENT_3D ( 'NONE', #7707, #6372, #1533 ) ;
#4499 = EDGE_LOOP ( 'NONE', ( #1190, #550, #5636, #591, #745, #4994, #2448, #3454, #4393, #6212, #4403, #2515, #3282, #481, #1658, #3428, #6625, #6213 ) ) ;
#4500 = LINE ( 'NONE', #7430, #7615 ) ;
#4501 = CARTESIAN_POINT ( 'NONE',  ( 4.219230769230759570, 15.69999999999999929, 10.63059193496819965 ) ) ;
#4502 = ORIENTED_EDGE ( 'NONE', *, *, #1231, .F. ) ;
#4503 = CARTESIAN_POINT ( 'NONE',  ( 8.599999999999999645, 9.000000000000001776, 12.13000000000000078 ) ) ;
#4504 = VECTOR ( 'NONE', #2069, 1000.000000000000000 ) ;
#4505 = VECTOR ( 'NONE', #5662, 1000.000000000000000 ) ;
#4506 = ORIENTED_EDGE ( 'NONE', *, *, #7281, .T. ) ;
#4507 = EDGE_LOOP ( 'NONE', ( #5794, #5602, #3334, #2396 ) ) ;
#4508 = CARTESIAN_POINT ( 'NONE',  ( 9.800000000000000711, 9.000000000000001776, 6.129999999999999893 ) ) ;
#4509 = VECTOR ( 'NONE', #2102, 1000.000000000000000 ) ;
#4510 = LINE ( 'NONE', #1345, #4823 ) ;
#4511 = CIRCLE ( 'NONE', #1856, 0.1999999999999987899 ) ;
#4512 = PRESENTATION_LAYER_ASSIGNMENT (  '', '', ( #348 ) ) ;
#4513 = ORIENTED_EDGE ( 'NONE', *, *, #4780, .T. ) ;
#4514 = ADVANCED_FACE ( 'NONE', ( #5547 ), #2424, .T. ) ;
#4515 = PRESENTATION_LAYER_ASSIGNMENT (  '', '', ( #2364 ) ) ;
#4516 = STYLED_ITEM ( 'NONE', ( #6732 ), #7293 ) ;
#4517 = VERTEX_POINT ( 'NONE', #1248 ) ;
#4518 = ORIENTED_EDGE ( 'NONE', *, *, #4273, .T. ) ;
#4519 = EDGE_CURVE ( 'NONE', #5207, #6853, #126, .T. ) ;
#4520 = FACE_OUTER_BOUND ( 'NONE', #3976, .T. ) ;
#4521 = SURFACE_SIDE_STYLE ('',( #7374 ) ) ;
#4522 = ORIENTED_EDGE ( 'NONE', *, *, #1424, .F. ) ;
#4523 = DIRECTION ( 'NONE',  ( -1.000000000000000000, 0.0000000000000000000, 0.0000000000000000000 ) ) ;
#4524 = VERTEX_POINT ( 'NONE', #4850 ) ;
#4525 = FACE_OUTER_BOUND ( 'NONE', #2595, .T. ) ;
#4526 = EDGE_CURVE ( 'NONE', #932, #5648, #7312, .T. ) ;
#4527 = SURFACE_SIDE_STYLE ('',( #2771 ) ) ;
#4528 = ADVANCED_FACE ( 'NONE', ( #2389 ), #2539, .T. ) ;
#4529 = CARTESIAN_POINT ( 'NONE',  ( 8.599999999999999645, 15.69999999999999929, 3.110000000000001652 ) ) ;
#4530 = CARTESIAN_POINT ( 'NONE',  ( 4.219230769230770228, 9.000000000000001776, 19.84940806503179900 ) ) ;
#4531 = EDGE_CURVE ( 'NONE', #1347, #3563, #9, .T. ) ;
#4532 = CARTESIAN_POINT ( 'NONE',  ( 6.900000000000000355, 14.69999999999999929, 11.82999999999999829 ) ) ;
#4533 = CARTESIAN_POINT ( 'NONE',  ( 6.500000000000000888, 15.69999999999999929, 4.710000000000000853 ) ) ;
#4534 = FACE_OUTER_BOUND ( 'NONE', #1220, .T. ) ;
#4535 = DIRECTION ( 'NONE',  ( 0.0000000000000000000, -1.000000000000000000, 0.0000000000000000000 ) ) ;
#4536 = DIRECTION ( 'NONE',  ( 0.0000000000000000000, 0.0000000000000000000, -1.000000000000000000 ) ) ;
#4537 = DIRECTION ( 'NONE',  ( 0.0000000000000000000, 0.0000000000000000000, -1.000000000000000000 ) ) ;
#4538 = EDGE_CURVE ( 'NONE', #6234, #1224, #5276, .T. ) ;
#4539 = ORIENTED_EDGE ( 'NONE', *, *, #882, .F. ) ;
#4540 = CARTESIAN_POINT ( 'NONE',  ( 6.349999999999999645, 10.50000000000000711, 20.64999999999999858 ) ) ;
#4541 = SURFACE_STYLE_USAGE ( .BOTH. , #5713 ) ;
#4542 = ORIENTED_EDGE ( 'NONE', *, *, #6967, .F. ) ;
#4543 = VECTOR ( 'NONE', #4431, 1000.000000000000000 ) ;
#4544 = DIRECTION ( 'NONE',  ( 0.0000000000000000000, 1.000000000000000000, 0.0000000000000000000 ) ) ;
#4545 = FACE_OUTER_BOUND ( 'NONE', #6209, .T. ) ;
#4546 = ORIENTED_EDGE ( 'NONE', *, *, #2924, .F. ) ;
#4547 = CARTESIAN_POINT ( 'NONE',  ( 4.219230769230770228, 9.000000000000001776, 14.44059193496819837 ) ) ;
#4548 = LINE ( 'NONE', #1541, #5514 ) ;
#4549 = ORIENTED_EDGE ( 'NONE', *, *, #3848, .T. ) ;
#4550 = VERTEX_POINT ( 'NONE', #7657 ) ;
#4551 = COLOUR_RGB ( '',1.000000000000000000, 1.000000000000000000, 1.000000000000000000 ) ;
#4552 = LINE ( 'NONE', #1576, #748 ) ;
#4553 = AXIS2_PLACEMENT_3D ( 'NONE', #3770, #4445, #4629 ) ;
#4554 = ORIENTED_EDGE ( 'NONE', *, *, #2870, .T. ) ;
#4555 = DIRECTION ( 'NONE',  ( 0.0000000000000000000, 0.0000000000000000000, -1.000000000000000000 ) ) ;
#4556 = VECTOR ( 'NONE', #1650, 1000.000000000000000 ) ;
#4557 = EDGE_LOOP ( 'NONE', ( #1643, #7467, #4114, #7171 ) ) ;
#4558 = VERTEX_POINT ( 'NONE', #4729 ) ;
#4559 = VECTOR ( 'NONE', #997, 1000.000000000000000 ) ;
#4560 =( GEOMETRIC_REPRESENTATION_CONTEXT ( 3 ) GLOBAL_UNCERTAINTY_ASSIGNED_CONTEXT ( ( #3968 ) ) GLOBAL_UNIT_ASSIGNED_CONTEXT ( ( #79, #117, #4287 ) ) REPRESENTATION_CONTEXT ( 'NONE', 'WORKASPACE' ) );
#4561 = DIRECTION ( 'NONE',  ( 0.0000000000000000000, -1.000000000000000000, 0.0000000000000000000 ) ) ;
#4562 = ORIENTED_EDGE ( 'NONE', *, *, #2101, .F. ) ;
#4563 = LINE ( 'NONE', #7032, #4071 ) ;
#4564 = LINE ( 'NONE', #3970, #1379 ) ;
#4565 = LINE ( 'NONE', #3971, #588 ) ;
#4566 = VECTOR ( 'NONE', #6769, 1000.000000000000000 ) ;
#4567 = MECHANICAL_DESIGN_GEOMETRIC_PRESENTATION_REPRESENTATION (  '', ( #6182 ), #3676 ) ;
#4568 = PLANE ( 'NONE',  #964 ) ;
#4569 =( LENGTH_UNIT ( ) NAMED_UNIT ( * ) SI_UNIT ( .MILLI., .METRE. ) );
#4570 = EDGE_LOOP ( 'NONE', ( #6297, #5219, #1890, #727 ) ) ;
#4571 = CARTESIAN_POINT ( 'NONE',  ( 4.150000000000000355, 15.69999999999999929, 20.64999999999999858 ) ) ;
#4572 = DIRECTION ( 'NONE',  ( 0.0000000000000000000, 0.0000000000000000000, 1.000000000000000000 ) ) ;
#4573 = EDGE_CURVE ( 'NONE', #3640, #4043, #3025, .T. ) ;
#4574 = AXIS2_PLACEMENT_3D ( 'NONE', #3162, #1383, #4470 ) ;
#4575 = DIRECTION ( 'NONE',  ( -0.2357022603955121753, 0.9428090415820651327, -0.2357022603955121753 ) ) ;
#4576 = PRESENTATION_LAYER_ASSIGNMENT (  '', '', ( #2168 ) ) ;
#4577 = VERTEX_POINT ( 'NONE', #5428 ) ;
#4578 =( NAMED_UNIT ( * ) PLANE_ANGLE_UNIT ( ) SI_UNIT ( $, .RADIAN. ) );
#4579 = EDGE_CURVE ( 'NONE', #954, #2787, #7783, .T. ) ;
#4580 = PLANE ( 'NONE',  #2597 ) ;
#4581 = ORIENTED_EDGE ( 'NONE', *, *, #5686, .T. ) ;
#4582 = EDGE_CURVE ( 'NONE', #281, #7649, #4143, .T. ) ;
#4583 = DIRECTION ( 'NONE',  ( 0.0000000000000000000, 0.0000000000000000000, 1.000000000000000000 ) ) ;
#4584 = LINE ( 'NONE', #7010, #1780 ) ;
#4585 = EDGE_CURVE ( 'NONE', #6148, #4623, #7740, .T. ) ;
#4586 = CARTESIAN_POINT ( 'NONE',  ( 6.099999999999999645, 10.40000000000000213, 15.63999999999999702 ) ) ;
#4587 = DIRECTION ( 'NONE',  ( 0.0000000000000000000, -1.000000000000000000, 0.0000000000000000000 ) ) ;
#4588 = DIRECTION ( 'NONE',  ( 0.0000000000000000000, -1.000000000000000000, 0.0000000000000000000 ) ) ;
#4589 = ORIENTED_EDGE ( 'NONE', *, *, #4671, .F. ) ;
#4590 = ORIENTED_EDGE ( 'NONE', *, *, #4437, .T. ) ;
#4591 = COLOUR_RGB ( '',1.000000000000000000, 1.000000000000000000, 1.000000000000000000 ) ;
#4592 = FILL_AREA_STYLE ('',( #7557 ) ) ;
#4593 = LINE ( 'NONE', #2284, #4198 ) ;
#4594 = VERTEX_POINT ( 'NONE', #4217 ) ;
#4595 = LINE ( 'NONE', #1426, #6562 ) ;
#4596 = ORIENTED_EDGE ( 'NONE', *, *, #5481, .F. ) ;
#4597 = VERTEX_POINT ( 'NONE', #1172 ) ;
#4598 = PRODUCT_CONTEXT ( 'NONE', #726, 'mechanical' ) ;
#4599 = DIRECTION ( 'NONE',  ( 0.2357022603955148676, 0.9428090415820634673, 0.2357022603955158668 ) ) ;
#4600 = ORIENTED_EDGE ( 'NONE', *, *, #5228, .F. ) ;
#4601 = UNCERTAINTY_MEASURE_WITH_UNIT (LENGTH_MEASURE( 1.000000000000000082E-05 ), #6763, 'distance_accuracy_value', 'NONE');
#4602 = DIRECTION ( 'NONE',  ( 0.0000000000000000000, -1.000000000000000000, 0.0000000000000000000 ) ) ;
#4603 = CARTESIAN_POINT ( 'NONE',  ( 6.099999999999999645, 14.69999999999999929, 15.24000000000000021 ) ) ;
#4604 = LINE ( 'NONE', #2147, #7044 ) ;
#4605 = ORIENTED_EDGE ( 'NONE', *, *, #4871, .T. ) ;
#4606 = LINE ( 'NONE', #7698, #5432 ) ;
#4607 = PRESENTATION_STYLE_ASSIGNMENT (( #5710 ) ) ;
#4608 = CARTESIAN_POINT ( 'NONE',  ( 7.549999999999999822, 11.50000000000000000, 20.65000000000000213 ) ) ;
#4609 = VERTEX_POINT ( 'NONE', #4250 ) ;
#4610 = LINE ( 'NONE', #6494, #204 ) ;
#4611 = VECTOR ( 'NONE', #6994, 1000.000000000000000 ) ;
#4612 = LINE ( 'NONE', #7620, #3621 ) ;
#4613 = EDGE_CURVE ( 'NONE', #4138, #1232, #6569, .T. ) ;
#4614 = ORIENTED_EDGE ( 'NONE', *, *, #4279, .T. ) ;
#4615 = VECTOR ( 'NONE', #3623, 1000.000000000000114 ) ;
#4616 = AXIS2_PLACEMENT_3D ( 'NONE', #554, #5298, #5955 ) ;
#4617 = LINE ( 'NONE', #984, #11 ) ;
#4618 = DIRECTION ( 'NONE',  ( -0.0000000000000000000, -1.000000000000000000, -0.0000000000000000000 ) ) ;
#4619 = ADVANCED_FACE ( 'NONE', ( #2947 ), #1243, .T. ) ;
#4620 = DIRECTION ( 'NONE',  ( -0.2425356250363329691, -0.9701425001453318764, 0.0000000000000000000 ) ) ;
#4621 = CARTESIAN_POINT ( 'NONE',  ( 9.800000000000000711, 15.69999999999999929, 9.939999999999999503 ) ) ;
#4622 = CARTESIAN_POINT ( 'NONE',  ( 9.119999999999999218, 17.39999999999999858, 6.365000000000002878 ) ) ;
#4623 = VERTEX_POINT ( 'NONE', #3536 ) ;
#4624 = COLOUR_RGB ( '',1.000000000000000000, 1.000000000000000000, 1.000000000000000000 ) ;
#4625 = EDGE_LOOP ( 'NONE', ( #925, #6069, #3402, #3240 ) ) ;
#4626 = ADVANCED_FACE ( 'NONE', ( #1682 ), #4805, .T. ) ;
#4627 = ADVANCED_FACE ( 'NONE', ( #3618 ), #1092, .T. ) ;
#4628 = MECHANICAL_DESIGN_GEOMETRIC_PRESENTATION_REPRESENTATION (  '', ( #7005 ), #6874 ) ;
#4629 = DIRECTION ( 'NONE',  ( 0.0000000000000000000, 0.0000000000000000000, -1.000000000000000000 ) ) ;
#4630 = PLANE ( 'NONE',  #5946 ) ;
#4631 = ORIENTED_EDGE ( 'NONE', *, *, #7157, .T. ) ;
#4632 = CARTESIAN_POINT ( 'NONE',  ( 6.099999999999999645, 14.69999999999999929, 3.810000000000000941 ) ) ;
#4633 = MECHANICAL_DESIGN_GEOMETRIC_PRESENTATION_REPRESENTATION (  '', ( #1225 ), #2858 ) ;
#4634 = AXIS2_PLACEMENT_3D ( 'NONE', #4407, #4367, #6764 ) ;
#4635 = ORIENTED_EDGE ( 'NONE', *, *, #200, .F. ) ;
#4636 = ORIENTED_EDGE ( 'NONE', *, *, #562, .T. ) ;
#4637 = VECTOR ( 'NONE', #1604, 1000.000000000000000 ) ;
#4638 = FILL_AREA_STYLE_COLOUR ( '', #5994 ) ;
#4639 = ORIENTED_EDGE ( 'NONE', *, *, #1059, .F. ) ;
#4640 = SURFACE_STYLE_FILL_AREA ( #3258 ) ;
#4641 = DIRECTION ( 'NONE',  ( 0.0000000000000000000, 0.0000000000000000000, 1.000000000000000000 ) ) ;
#4642 = VECTOR ( 'NONE', #7088, 1000.000000000000000 ) ;
#4643 = VECTOR ( 'NONE', #369, 1000.000000000000000 ) ;
#4644 = PRESENTATION_STYLE_ASSIGNMENT (( #6725 ) ) ;
#4645 = FACE_BOUND ( 'NONE', #6619, .T. ) ;
#4646 = FILL_AREA_STYLE ('',( #2227 ) ) ;
#4647 = VERTEX_POINT ( 'NONE', #202 ) ;
#4648 = AXIS2_PLACEMENT_3D ( 'NONE', #6168, #5595, #3227 ) ;
#4649 = FACE_OUTER_BOUND ( 'NONE', #6832, .T. ) ;
#4650 = CARTESIAN_POINT ( 'NONE',  ( 2.950000000000000178, 9.000000000000001776, 11.43000000000000149 ) ) ;
#4651 = DIRECTION ( 'NONE',  ( 0.0000000000000000000, 0.0000000000000000000, 1.000000000000000000 ) ) ;
#4652 = EDGE_LOOP ( 'NONE', ( #7450, #5093 ) ) ;
#4653 = LINE ( 'NONE', #1645, #4755 ) ;
#4654 = ORIENTED_EDGE ( 'NONE', *, *, #1868, .F. ) ;
#4655 = DIRECTION ( 'NONE',  ( 1.546734824340359944E-15, 0.0000000000000000000, -1.000000000000000000 ) ) ;
#4656 = DIRECTION ( 'NONE',  ( 0.0000000000000000000, -1.000000000000000000, 0.0000000000000000000 ) ) ;
#4657 = LINE ( 'NONE', #4221, #7561 ) ;
#4658 =( NAMED_UNIT ( * ) SI_UNIT ( $, .STERADIAN. ) SOLID_ANGLE_UNIT ( ) );
#4659 = DIRECTION ( 'NONE',  ( 1.000000000000000000, 0.0000000000000000000, 0.0000000000000000000 ) ) ;
#4660 = LINE ( 'NONE', #7051, #3878 ) ;
#4661 = ORIENTED_EDGE ( 'NONE', *, *, #665, .T. ) ;
#4662 = ADVANCED_FACE ( 'NONE', ( #6840 ), #6117, .T. ) ;
#4663 = ORIENTED_EDGE ( 'NONE', *, *, #3279, .F. ) ;
#4664 = FILL_AREA_STYLE ('',( #5797 ) ) ;
#4665 = VECTOR ( 'NONE', #4270, 1000.000000000000114 ) ;
#4666 = DIRECTION ( 'NONE',  ( 0.0000000000000000000, 0.8944271909999177428, -0.4472135954999542640 ) ) ;
#4667 = EDGE_CURVE ( 'NONE', #7, #913, #6200, .T. ) ;
#4668 = EDGE_CURVE ( 'NONE', #3591, #6779, #1313, .T. ) ;
#4669 = EDGE_LOOP ( 'NONE', ( #3708, #6310, #1696, #516 ) ) ;
#4670 = DIRECTION ( 'NONE',  ( 0.0000000000000000000, 0.0000000000000000000, 1.000000000000000000 ) ) ;
#4671 = EDGE_CURVE ( 'NONE', #3608, #1894, #5447, .T. ) ;
#4672 = VECTOR ( 'NONE', #4161, 1000.000000000000000 ) ;
#4673 = EDGE_LOOP ( 'NONE', ( #2399, #6820, #5743, #3733 ) ) ;
#4674 = DIRECTION ( 'NONE',  ( 0.0000000000000000000, 0.0000000000000000000, -1.000000000000000000 ) ) ;
#4675 = EDGE_CURVE ( 'NONE', #1429, #6750, #4365, .T. ) ;
#4676 = DIRECTION ( 'NONE',  ( 0.0000000000000000000, 0.0000000000000000000, -1.000000000000000000 ) ) ;
#4677 = ADVANCED_FACE ( 'NONE', ( #1914 ), #41, .T. ) ;
#4678 = SURFACE_SIDE_STYLE ('',( #1161 ) ) ;
#4679 = ORIENTED_EDGE ( 'NONE', *, *, #6723, .F. ) ;
#4680 = UNCERTAINTY_MEASURE_WITH_UNIT (LENGTH_MEASURE( 1.000000000000000082E-05 ), #5719, 'distance_accuracy_value', 'NONE');
#4681 =( NAMED_UNIT ( * ) SI_UNIT ( $, .STERADIAN. ) SOLID_ANGLE_UNIT ( ) );
#4682 = AXIS2_PLACEMENT_3D ( 'NONE', #3280, #3950, #3322 ) ;
#4683 = VECTOR ( 'NONE', #7025, 1000.000000000000000 ) ;
#4684 = DIRECTION ( 'NONE',  ( -1.000000000000000000, 0.0000000000000000000, 0.0000000000000000000 ) ) ;
#4685 =( LENGTH_UNIT ( ) NAMED_UNIT ( * ) SI_UNIT ( .MILLI., .METRE. ) );
#4686 = SURFACE_SIDE_STYLE ('',( #4056 ) ) ;
#4687 = VERTEX_POINT ( 'NONE', #4404 ) ;
#4688 = ORIENTED_EDGE ( 'NONE', *, *, #4084, .F. ) ;
#4689 = DIRECTION ( 'NONE',  ( 0.0000000000000000000, 0.0000000000000000000, 1.000000000000000000 ) ) ;
#4690 = STYLED_ITEM ( 'NONE', ( #6165 ), #5477 ) ;
#4691 = CIRCLE ( 'NONE', #4194, 0.4499999999999990119 ) ;
#4692 =( NAMED_UNIT ( * ) PLANE_ANGLE_UNIT ( ) SI_UNIT ( $, .RADIAN. ) );
#4693 = SURFACE_STYLE_FILL_AREA ( #1099 ) ;
#4694 = DIRECTION ( 'NONE',  ( 0.0000000000000000000, 0.0000000000000000000, -1.000000000000000000 ) ) ;
#4695 =( NAMED_UNIT ( * ) PLANE_ANGLE_UNIT ( ) SI_UNIT ( $, .RADIAN. ) );
#4696 = DIRECTION ( 'NONE',  ( 1.000000000000000000, 0.0000000000000000000, 1.546734824340359944E-15 ) ) ;
#4697 = COLOUR_RGB ( '',1.000000000000000000, 1.000000000000000000, 1.000000000000000000 ) ;
#4698 =( NAMED_UNIT ( * ) PLANE_ANGLE_UNIT ( ) SI_UNIT ( $, .RADIAN. ) );
#4699 = UNCERTAINTY_MEASURE_WITH_UNIT (LENGTH_MEASURE( 1.000000000000000082E-05 ), #80, 'distance_accuracy_value', 'NONE');
#4700 = LINE ( 'NONE', #2164, #5146 ) ;
#4701 = ORIENTED_EDGE ( 'NONE', *, *, #5908, .F. ) ;
#4702 = VERTEX_POINT ( 'NONE', #3847 ) ;
#4703 = CARTESIAN_POINT ( 'NONE',  ( 8.599999999999999645, 17.39999999999999858, 9.219999999999998863 ) ) ;
#4704 = CIRCLE ( 'NONE', #1171, 0.8999999999999998002 ) ;
#4705 = STYLED_ITEM ( 'NONE', ( #1020 ), #5194 ) ;
#4706 = FILL_AREA_STYLE_COLOUR ( '', #3535 ) ;
#4707 = DIRECTION ( 'NONE',  ( -0.0000000000000000000, -1.000000000000000000, -0.0000000000000000000 ) ) ;
#4708 = VECTOR ( 'NONE', #6730, 1000.000000000000000 ) ;
#4709 = ORIENTED_EDGE ( 'NONE', *, *, #6728, .F. ) ;
#4710 = CARTESIAN_POINT ( 'NONE',  ( 6.299999999999999822, 10.40000000000000213, 15.43999999999999950 ) ) ;
#4711 =( GEOMETRIC_REPRESENTATION_CONTEXT ( 3 ) GLOBAL_UNCERTAINTY_ASSIGNED_CONTEXT ( ( #2873 ) ) GLOBAL_UNIT_ASSIGNED_CONTEXT ( ( #378, #1491, #3858 ) ) REPRESENTATION_CONTEXT ( 'NONE', 'WORKASPACE' ) );
#4712 = ORIENTED_EDGE ( 'NONE', *, *, #2051, .T. ) ;
#4713 = EDGE_CURVE ( 'NONE', #7688, #99, #4329, .T. ) ;
#4714 = LINE ( 'NONE', #3010, #7362 ) ;
#4715 =( NAMED_UNIT ( * ) SI_UNIT ( $, .STERADIAN. ) SOLID_ANGLE_UNIT ( ) );
#4716 = PLANE ( 'NONE',  #6698 ) ;
#4717 = EDGE_CURVE ( 'NONE', #2548, #281, #3215, .T. ) ;
#4718 = DIRECTION ( 'NONE',  ( 0.0000000000000000000, -1.000000000000000000, 0.0000000000000000000 ) ) ;
#4719 = ORIENTED_EDGE ( 'NONE', *, *, #1384, .F. ) ;
#4720 =( NAMED_UNIT ( * ) SI_UNIT ( $, .STERADIAN. ) SOLID_ANGLE_UNIT ( ) );
#4721 = FACE_OUTER_BOUND ( 'NONE', #2120, .T. ) ;
#4722 = ADVANCED_FACE ( 'NONE', ( #3734 ), #2566, .T. ) ;
#4723 = EDGE_CURVE ( 'NONE', #6153, #3918, #3890, .T. ) ;
#4724 = DIRECTION ( 'NONE',  ( 0.0000000000000000000, -1.000000000000000000, 0.0000000000000000000 ) ) ;
#4725 = CARTESIAN_POINT ( 'NONE',  ( 6.899999999999999467, 21.69999999999999929, 14.83999999999999986 ) ) ;
#4726 = FACE_OUTER_BOUND ( 'NONE', #6467, .T. ) ;
#4727 = EDGE_LOOP ( 'NONE', ( #7668, #5297, #2694, #2189, #877, #6026, #4347, #2377, #6838, #6472, #5729, #4174 ) ) ;
#4728 = FACE_OUTER_BOUND ( 'NONE', #2653, .T. ) ;
#4729 = CARTESIAN_POINT ( 'NONE',  ( 4.219230769230759570, 15.69999999999999929, 3.010591934968199990 ) ) ;
#4730 = EDGE_LOOP ( 'NONE', ( #1497, #4614, #6354, #5656 ) ) ;
#4731 = FACE_OUTER_BOUND ( 'NONE', #4727, .T. ) ;
#4732 = DIRECTION ( 'NONE',  ( 0.0000000000000000000, 1.000000000000000000, 0.0000000000000000000 ) ) ;
#4733 = CARTESIAN_POINT ( 'NONE',  ( 7.549999999999999822, 11.50000000000000000, 1.510000000000000897 ) ) ;
#4734 = CARTESIAN_POINT ( 'NONE',  ( 4.150000000000000355, 15.69999999999999929, 13.02999999999999758 ) ) ;
#4735 = LINE ( 'NONE', #1687, #1787 ) ;
#4736 = CARTESIAN_POINT ( 'NONE',  ( 9.119999999999999218, 9.000000000000001776, 10.17500000000000249 ) ) ;
#4737 = LINE ( 'NONE', #2828, #5925 ) ;
#4738 = PLANE ( 'NONE',  #7086 ) ;
#4739 = FACE_OUTER_BOUND ( 'NONE', #5113, .T. ) ;
#4740 = ORIENTED_EDGE ( 'NONE', *, *, #4579, .F. ) ;
#4741 = VERTEX_POINT ( 'NONE', #2221 ) ;
#4742 = PRESENTATION_STYLE_ASSIGNMENT (( #1693 ) ) ;
#4743 = VECTOR ( 'NONE', #2659, 1000.000000000000000 ) ;
#4744 = ORIENTED_EDGE ( 'NONE', *, *, #6043, .T. ) ;
#4745 = LINE ( 'NONE', #2362, #7671 ) ;
#4746 = CARTESIAN_POINT ( 'NONE',  ( 8.599999999999999645, 17.39999999999999858, 14.54000000000000092 ) ) ;
#4747 = VECTOR ( 'NONE', #5706, 1000.000000000000000 ) ;
#4748 = VECTOR ( 'NONE', #5435, 1000.000000000000114 ) ;
#4749 = ORIENTED_EDGE ( 'NONE', *, *, #6144, .F. ) ;
#4750 = DIRECTION ( 'NONE',  ( 0.0000000000000000000, 0.0000000000000000000, -1.000000000000000000 ) ) ;
#4751 = PRESENTATION_LAYER_ASSIGNMENT (  '', '', ( #706 ) ) ;
#4752 = ORIENTED_EDGE ( 'NONE', *, *, #2475, .F. ) ;
#4753 = CARTESIAN_POINT ( 'NONE',  ( 9.119999999999999218, 15.69999999999999929, 5.065000000000000391 ) ) ;
#4754 = CARTESIAN_POINT ( 'NONE',  ( 7.549999999999999822, 18.19999999999999929, 1.510000000000000897 ) ) ;
#4755 = VECTOR ( 'NONE', #4064, 1000.000000000000000 ) ;
#4756 = ORIENTED_EDGE ( 'NONE', *, *, #7722, .F. ) ;
#4757 = UNCERTAINTY_MEASURE_WITH_UNIT (LENGTH_MEASURE( 1.000000000000000082E-05 ), #2036, 'distance_accuracy_value', 'NONE');
#4758 =( NAMED_UNIT ( * ) PLANE_ANGLE_UNIT ( ) SI_UNIT ( $, .RADIAN. ) );
#4759 = ADVANCED_FACE ( 'NONE', ( #7457 ), #1517, .T. ) ;
#4760 = VECTOR ( 'NONE', #2256, 1000.000000000000000 ) ;
#4761 = AXIS2_PLACEMENT_3D ( 'NONE', #5094, #134, #1963 ) ;
#4762 = SURFACE_STYLE_FILL_AREA ( #6598 ) ;
#4763 = SURFACE_STYLE_FILL_AREA ( #3498 ) ;
#4764 = CARTESIAN_POINT ( 'NONE',  ( 4.599999999999999645, 17.39999999999999858, 18.01076951545870131 ) ) ;
#4765 = ORIENTED_EDGE ( 'NONE', *, *, #3751, .F. ) ;
#4766 = ADVANCED_FACE ( 'NONE', ( #4525 ), #7604, .T. ) ;
#4767 = DIRECTION ( 'NONE',  ( 0.0000000000000000000, 0.0000000000000000000, -1.000000000000000000 ) ) ;
#4768 = EDGE_CURVE ( 'NONE', #224, #5023, #845, .T. ) ;
#4769 = VECTOR ( 'NONE', #2793, 1000.000000000000000 ) ;
#4770 = CARTESIAN_POINT ( 'NONE',  ( 9.119999999999999218, 17.39999999999999858, 14.54000000000000092 ) ) ;
#4771 = DIRECTION ( 'NONE',  ( 0.0000000000000000000, -0.8944271909999177428, 0.4472135954999542640 ) ) ;
#4772 = CARTESIAN_POINT ( 'NONE',  ( 4.150000000000000355, 17.39999999999999858, 20.64999999999999858 ) ) ;
#4773 = EDGE_CURVE ( 'NONE', #6018, #7519, #4563, .T. ) ;
#4774 = CARTESIAN_POINT ( 'NONE',  ( 4.599999999999999645, 15.69999999999999929, 10.39076951545870209 ) ) ;
#4775 = STYLED_ITEM ( 'NONE', ( #6760 ), #6637 ) ;
#4776 = CARTESIAN_POINT ( 'NONE',  ( 6.099999999999999645, 18.19999999999999929, 14.83999999999999986 ) ) ;
#4777 = LINE ( 'NONE', #1569, #4443 ) ;
#4778 = CARTESIAN_POINT ( 'NONE',  ( 9.800000000000000711, 9.000000000000001776, 2.319999999999998952 ) ) ;
#4779 = DIRECTION ( 'NONE',  ( 0.0000000000000000000, 0.0000000000000000000, -1.000000000000000000 ) ) ;
#4780 = EDGE_CURVE ( 'NONE', #286, #3591, #368, .T. ) ;
#4781 = FACE_OUTER_BOUND ( 'NONE', #7512, .T. ) ;
#4782 = ADVANCED_FACE ( 'NONE', ( #6955 ), #6323, .T. ) ;
#4783 =( LENGTH_UNIT ( ) NAMED_UNIT ( * ) SI_UNIT ( .MILLI., .METRE. ) );
#4784 = ORIENTED_EDGE ( 'NONE', *, *, #6635, .T. ) ;
#4785 = ORIENTED_EDGE ( 'NONE', *, *, #3845, .F. ) ;
#4786 = ORIENTED_EDGE ( 'NONE', *, *, #3692, .F. ) ;
#4787 = ORIENTED_EDGE ( 'NONE', *, *, #7350, .F. ) ;
#4788 = VECTOR ( 'NONE', #483, 1000.000000000000000 ) ;
#4789 = ORIENTED_EDGE ( 'NONE', *, *, #2534, .T. ) ;
#4790 = DIRECTION ( 'NONE',  ( 0.0000000000000000000, -1.000000000000000000, 0.0000000000000000000 ) ) ;
#4791 = VECTOR ( 'NONE', #7606, 1000.000000000000000 ) ;
#4792 = DIRECTION ( 'NONE',  ( 0.0000000000000000000, -0.2425356250363329691, 0.9701425001453318764 ) ) ;
#4793 = ORIENTED_EDGE ( 'NONE', *, *, #6142, .T. ) ;
#4794 = PLANE ( 'NONE',  #3444 ) ;
#4795 = AXIS2_PLACEMENT_3D ( 'NONE', #5930, #2263, #1085 ) ;
#4796 = EDGE_LOOP ( 'NONE', ( #277, #7376, #6400, #897, #824, #6907, #1719, #5923, #4941, #2777, #5489, #6097 ) ) ;
#4797 = CARTESIAN_POINT ( 'NONE',  ( 6.500000000000000888, 14.69999999999999929, 12.33000000000000007 ) ) ;
#4798 = SURFACE_STYLE_FILL_AREA ( #1712 ) ;
#4799 = CARTESIAN_POINT ( 'NONE',  ( 6.500000000000000888, 14.69999999999999929, 7.620000000000001883 ) ) ;
#4800 = CARTESIAN_POINT ( 'NONE',  ( 10.50000000000000000, 18.19999999999999929, 1.510000000000000897 ) ) ;
#4801 = ORIENTED_EDGE ( 'NONE', *, *, #4768, .F. ) ;
#4802 = CARTESIAN_POINT ( 'NONE',  ( 6.500000000000000888, 14.69999999999999929, 15.24000000000000021 ) ) ;
#4803 = AXIS2_PLACEMENT_3D ( 'NONE', #5613, #196, #5411 ) ;
#4804 = CARTESIAN_POINT ( 'NONE',  ( 9.119999999999999218, 17.39999999999999858, 10.73000000000000220 ) ) ;
#4805 = PLANE ( 'NONE',  #266 ) ;
#4806 = PRESENTATION_STYLE_ASSIGNMENT (( #4846 ) ) ;
#4807 = DIRECTION ( 'NONE',  ( 0.0000000000000000000, 0.0000000000000000000, -1.000000000000000000 ) ) ;
#4808 = VECTOR ( 'NONE', #5439, 1000.000000000000000 ) ;
#4809 = PLANE ( 'NONE',  #1464 ) ;
#4810 = CARTESIAN_POINT ( 'NONE',  ( 6.899999999999999467, 21.69999999999999929, 11.02999999999999936 ) ) ;
#4811 = ADVANCED_FACE ( 'NONE', ( #7175 ), #1043, .T. ) ;
#4812 = CARTESIAN_POINT ( 'NONE',  ( 6.900000000000000355, 14.69999999999999929, 19.44999999999999929 ) ) ;
#4813 = DIRECTION ( 'NONE',  ( 0.0000000000000000000, -1.000000000000000000, 0.0000000000000000000 ) ) ;
#4814 = VECTOR ( 'NONE', #7684, 1000.000000000000000 ) ;
#4815 = ADVANCED_FACE ( 'NONE', ( #6479 ), #6560, .F. ) ;
#4816 = LINE ( 'NONE', #619, #7766 ) ;
#4817 =( GEOMETRIC_REPRESENTATION_CONTEXT ( 3 ) GLOBAL_UNCERTAINTY_ASSIGNED_CONTEXT ( ( #6559 ) ) GLOBAL_UNIT_ASSIGNED_CONTEXT ( ( #5353, #5855, #377 ) ) REPRESENTATION_CONTEXT ( 'NONE', 'WORKASPACE' ) );
#4818 = EDGE_LOOP ( 'NONE', ( #2530, #6424, #1478, #5151 ) ) ;
#4819 = DIRECTION ( 'NONE',  ( 0.0000000000000000000, -0.0000000000000000000, 1.000000000000000000 ) ) ;
#4820 =( LENGTH_UNIT ( ) NAMED_UNIT ( * ) SI_UNIT ( .MILLI., .METRE. ) );
#4821 = ADVANCED_FACE ( 'NONE', ( #2333 ), #7145, .F. ) ;
#4822 = ORIENTED_EDGE ( 'NONE', *, *, #258, .T. ) ;
#4823 = VECTOR ( 'NONE', #2055, 1000.000000000000000 ) ;
#4824 = AXIS2_PLACEMENT_3D ( 'NONE', #4920, #2456, #3182 ) ;
#4825 = DIRECTION ( 'NONE',  ( 0.2357022603955121753, -0.9428090415820651327, -0.2357022603955121753 ) ) ;
#4826 = CARTESIAN_POINT ( 'NONE',  ( 6.099999999999999645, 18.19999999999999929, 19.45000000000000284 ) ) ;
#4827 = EDGE_LOOP ( 'NONE', ( #5526, #181, #2264, #7368 ) ) ;
#4828 =( GEOMETRIC_REPRESENTATION_CONTEXT ( 3 ) GLOBAL_UNCERTAINTY_ASSIGNED_CONTEXT ( ( #1590 ) ) GLOBAL_UNIT_ASSIGNED_CONTEXT ( ( #2769, #2180, #4681 ) ) REPRESENTATION_CONTEXT ( 'NONE', 'WORKASPACE' ) );
#4829 = EDGE_LOOP ( 'NONE', ( #4635, #4959, #7196, #1512 ) ) ;
#4830 = LINE ( 'NONE', #517, #7223 ) ;
#4831 = VECTOR ( 'NONE', #1540, 1000.000000000000000 ) ;
#4832 =( LENGTH_UNIT ( ) NAMED_UNIT ( * ) SI_UNIT ( .MILLI., .METRE. ) );
#4833 = ORIENTED_EDGE ( 'NONE', *, *, #7057, .F. ) ;
#4834 = CIRCLE ( 'NONE', #5949, 0.8999999999999998002 ) ;
#4835 = ORIENTED_EDGE ( 'NONE', *, *, #2783, .F. ) ;
#4836 = PLANE ( 'NONE',  #4490 ) ;
#4837 = FILL_AREA_STYLE_COLOUR ( '', #2470 ) ;
#4838 = FACE_OUTER_BOUND ( 'NONE', #380, .T. ) ;
#4839 = DIRECTION ( 'NONE',  ( 0.0000000000000000000, -1.000000000000000000, 0.0000000000000000000 ) ) ;
#4840 = ORIENTED_EDGE ( 'NONE', *, *, #7154, .F. ) ;
#4841 = VECTOR ( 'NONE', #5668, 1000.000000000000000 ) ;
#4842 = CARTESIAN_POINT ( 'NONE',  ( 6.700000000000001066, 21.69999999999999929, 15.43999999999999950 ) ) ;
#4843 = DIRECTION ( 'NONE',  ( 1.000000000000000000, 0.0000000000000000000, 0.0000000000000000000 ) ) ;
#4844 = UNCERTAINTY_MEASURE_WITH_UNIT (LENGTH_MEASURE( 1.000000000000000082E-05 ), #484, 'distance_accuracy_value', 'NONE');
#4845 = DIRECTION ( 'NONE',  ( 0.3266331359582419491, 0.0000000000000000000, 0.9451512019217267468 ) ) ;
#4846 = SURFACE_STYLE_USAGE ( .BOTH. , #84 ) ;
#4847 = CARTESIAN_POINT ( 'NONE',  ( 9.800000000000000711, 17.39999999999999858, 12.91999999999999993 ) ) ;
#4848 = EDGE_CURVE ( 'NONE', #286, #4647, #2299, .T. ) ;
#4849 = CARTESIAN_POINT ( 'NONE',  ( 6.099999999999999645, 11.19999999999999929, 18.64999999999999858 ) ) ;
#4850 = CARTESIAN_POINT ( 'NONE',  ( 9.800000000000000711, 9.000000000000001776, 17.55999999999999872 ) ) ;
#4851 =( NAMED_UNIT ( * ) PLANE_ANGLE_UNIT ( ) SI_UNIT ( $, .RADIAN. ) );
#4852 = CARTESIAN_POINT ( 'NONE',  ( 7.549999999999999822, 18.19999999999999929, 2.209999999999999964 ) ) ;
#4853 = CARTESIAN_POINT ( 'NONE',  ( 6.700000000000000178, 10.40000000000000213, 3.610000000000002096 ) ) ;
#4854 = LINE ( 'NONE', #5404, #2733 ) ;
#4855 = VERTEX_POINT ( 'NONE', #7771 ) ;
#4856 = SURFACE_STYLE_USAGE ( .BOTH. , #3042 ) ;
#4857 = ADVANCED_FACE ( 'NONE', ( #2372 ), #4794, .T. ) ;
#4858 = PRESENTATION_STYLE_ASSIGNMENT (( #3590 ) ) ;
#4859 = ORIENTED_EDGE ( 'NONE', *, *, #4279, .F. ) ;
#4860 = EDGE_CURVE ( 'NONE', #7757, #2628, #6070, .T. ) ;
#4861 = DIRECTION ( 'NONE',  ( 1.000000000000000000, 0.0000000000000000000, 0.0000000000000000000 ) ) ;
#4862 = DIRECTION ( 'NONE',  ( 0.0000000000000000000, -1.000000000000000000, 0.0000000000000000000 ) ) ;
#4863 = EDGE_CURVE ( 'NONE', #6425, #3597, #274, .T. ) ;
#4864 = VERTEX_POINT ( 'NONE', #674 ) ;
#4865 = ADVANCED_FACE ( 'NONE', ( #3643 ), #3205, .F. ) ;
#4866 = DIRECTION ( 'NONE',  ( -0.0000000000000000000, -0.4472135954999542640, -0.8944271909999177428 ) ) ;
#4867 = ADVANCED_FACE ( 'NONE', ( #1233 ), #5533, .T. ) ;
#4868 = VERTEX_POINT ( 'NONE', #5457 ) ;
#4869 = CARTESIAN_POINT ( 'NONE',  ( 9.119999999999999218, 17.39999999999999858, 3.110000000000001652 ) ) ;
#4870 = DIRECTION ( 'NONE',  ( 0.0000000000000000000, 0.0000000000000000000, 1.000000000000000000 ) ) ;
#4871 = EDGE_CURVE ( 'NONE', #7545, #1526, #72, .T. ) ;
#4872 = ORIENTED_EDGE ( 'NONE', *, *, #6812, .T. ) ;
#4873 =( LENGTH_UNIT ( ) NAMED_UNIT ( * ) SI_UNIT ( .MILLI., .METRE. ) );
#4874 =( GEOMETRIC_REPRESENTATION_CONTEXT ( 3 ) GLOBAL_UNCERTAINTY_ASSIGNED_CONTEXT ( ( #3024 ) ) GLOBAL_UNIT_ASSIGNED_CONTEXT ( ( #1450, #6257, #938 ) ) REPRESENTATION_CONTEXT ( 'NONE', 'WORKASPACE' ) );
#4875 = EDGE_LOOP ( 'NONE', ( #5476, #5233, #4354, #7177 ) ) ;
#4876 = CARTESIAN_POINT ( 'NONE',  ( 9.119999999999999218, 17.39999999999999858, 5.065000000000000391 ) ) ;
#4877 = DIRECTION ( 'NONE',  ( -1.000000000000000000, 0.0000000000000000000, 0.0000000000000000000 ) ) ;
#4878 = CARTESIAN_POINT ( 'NONE',  ( 4.150000000000000355, 9.000000000000001776, -9.919999999999998153 ) ) ;
#4879 = ORIENTED_EDGE ( 'NONE', *, *, #6434, .T. ) ;
#4880 = DIRECTION ( 'NONE',  ( 0.0000000000000000000, -0.9701425001453318764, -0.2425356250363329691 ) ) ;
#4881 = LINE ( 'NONE', #6038, #3001 ) ;
#4882 = SURFACE_SIDE_STYLE ('',( #5541 ) ) ;
#4883 = CARTESIAN_POINT ( 'NONE',  ( 9.800000000000000711, 17.39999999999999858, 6.129999999999999893 ) ) ;
#4884 = CARTESIAN_POINT ( 'NONE',  ( 4.150000000000000355, 17.39999999999999858, 20.08923048454130011 ) ) ;
#4885 = PRESENTATION_LAYER_ASSIGNMENT (  '', '', ( #5990 ) ) ;
#4886 = CARTESIAN_POINT ( 'NONE',  ( 6.299999999999999822, 10.40000000000000213, 19.44999999999999929 ) ) ;
#4887 = PLANE ( 'NONE',  #7120 ) ;
#4888 = DIRECTION ( 'NONE',  ( 0.0000000000000000000, -0.0000000000000000000, 1.000000000000000000 ) ) ;
#4889 = AXIS2_PLACEMENT_3D ( 'NONE', #5758, #7014, #3477 ) ;
#4890 = DIRECTION ( 'NONE',  ( -1.000000000000000000, 0.0000000000000000000, 0.0000000000000000000 ) ) ;
#4891 = PLANE ( 'NONE',  #7449 ) ;
#4892 = ORIENTED_EDGE ( 'NONE', *, *, #6340, .F. ) ;
#4893 = PLANE ( 'NONE',  #5132 ) ;
#4894 = ORIENTED_EDGE ( 'NONE', *, *, #7731, .F. ) ;
#4895 = FILL_AREA_STYLE ('',( #1930 ) ) ;
#4896 = CARTESIAN_POINT ( 'NONE',  ( 4.150000000000000355, 9.000000000000001776, 5.409999999999998366 ) ) ;
#4897 = EDGE_CURVE ( 'NONE', #3748, #4577, #34, .T. ) ;
#4898 = PRESENTATION_LAYER_ASSIGNMENT (  '', '', ( #7269 ) ) ;
#4899 = VERTEX_POINT ( 'NONE', #4906 ) ;
#4900 = FILL_AREA_STYLE ('',( #7104 ) ) ;
#4901 = EDGE_CURVE ( 'NONE', #4103, #7137, #2557, .T. ) ;
#4902 = ORIENTED_EDGE ( 'NONE', *, *, #6385, .F. ) ;
#4903 =( NAMED_UNIT ( * ) SI_UNIT ( $, .STERADIAN. ) SOLID_ANGLE_UNIT ( ) );
#4904 = ADVANCED_FACE ( 'NONE', ( #6791 ), #1348, .F. ) ;
#4905 = ORIENTED_EDGE ( 'NONE', *, *, #6868, .T. ) ;
#4906 = CARTESIAN_POINT ( 'NONE',  ( 6.899999999999999467, 20.89999999999999147, 15.63999999999999702 ) ) ;
#4907 = ADVANCED_FACE ( 'NONE', ( #5185 ), #7523, .F. ) ;
#4908 = EDGE_CURVE ( 'NONE', #201, #1411, #3919, .T. ) ;
#4909 = VECTOR ( 'NONE', #6904, 1000.000000000000000 ) ;
#4910 = ORIENTED_EDGE ( 'NONE', *, *, #7344, .T. ) ;
#4911 = DIRECTION ( 'NONE',  ( 0.0000000000000000000, 0.0000000000000000000, -1.000000000000000000 ) ) ;
#4912 = EDGE_CURVE ( 'NONE', #453, #6018, #4595, .T. ) ;
#4913 = DIRECTION ( 'NONE',  ( 0.0000000000000000000, 0.0000000000000000000, -1.000000000000000000 ) ) ;
#4914 = LINE ( 'NONE', #3020, #3860 ) ;
#4915 = FACE_OUTER_BOUND ( 'NONE', #6986, .T. ) ;
#4916 = ORIENTED_EDGE ( 'NONE', *, *, #1223, .T. ) ;
#4917 = LINE ( 'NONE', #5464, #1401 ) ;
#4918 =( LENGTH_UNIT ( ) NAMED_UNIT ( * ) SI_UNIT ( .MILLI., .METRE. ) );
#4919 = EDGE_LOOP ( 'NONE', ( #6187, #3138 ) ) ;
#4920 = CARTESIAN_POINT ( 'NONE',  ( 9.119999999999999218, 17.39999999999999858, 12.13000000000000078 ) ) ;
#4921 = FILL_AREA_STYLE_COLOUR ( '', #5026 ) ;
#4922 = DIRECTION ( 'NONE',  ( 0.0000000000000000000, -1.000000000000000000, 0.0000000000000000000 ) ) ;
#4923 = FILL_AREA_STYLE_COLOUR ( '', #7482 ) ;
#4924 = DIRECTION ( 'NONE',  ( -0.0000000000000000000, -1.000000000000000000, -0.0000000000000000000 ) ) ;
#4925 = LINE ( 'NONE', #3033, #2032 ) ;
#4926 = SURFACE_STYLE_FILL_AREA ( #4372 ) ;
#4927 = CARTESIAN_POINT ( 'NONE',  ( 5.799999999999999822, 11.19999999999999929, 11.02999999999999936 ) ) ;
#4928 = CARTESIAN_POINT ( 'NONE',  ( 4.150000000000000355, 17.39999999999999858, 12.46923048454129912 ) ) ;
#4929 = UNCERTAINTY_MEASURE_WITH_UNIT (LENGTH_MEASURE( 1.000000000000000082E-05 ), #1119, 'distance_accuracy_value', 'NONE');
#4930 = FACE_OUTER_BOUND ( 'NONE', #54, .T. ) ;
#4931 = ORIENTED_EDGE ( 'NONE', *, *, #4991, .F. ) ;
#4932 =( NAMED_UNIT ( * ) SI_UNIT ( $, .STERADIAN. ) SOLID_ANGLE_UNIT ( ) );
#4933 = STYLED_ITEM ( 'NONE', ( #2198 ), #3754 ) ;
#4934 = CARTESIAN_POINT ( 'NONE',  ( 6.899999999999999467, 21.69999999999999929, 7.220000000000000639 ) ) ;
#4935 = ORIENTED_EDGE ( 'NONE', *, *, #4371, .F. ) ;
#4936 = VECTOR ( 'NONE', #2288, 1000.000000000000000 ) ;
#4937 = AXIS2_PLACEMENT_3D ( 'NONE', #6718, #6076, #3098 ) ;
#4938 =( LENGTH_UNIT ( ) NAMED_UNIT ( * ) SI_UNIT ( .MILLI., .METRE. ) );
#4939 = LINE ( 'NONE', #6856, #2477 ) ;
#4940 = VERTEX_POINT ( 'NONE', #3881 ) ;
#4941 = ORIENTED_EDGE ( 'NONE', *, *, #6585, .T. ) ;
#4942 = DIRECTION ( 'NONE',  ( 1.000000000000000000, 0.0000000000000000000, 0.0000000000000000000 ) ) ;
#4943 = COLOUR_RGB ( '',1.000000000000000000, 1.000000000000000000, 1.000000000000000000 ) ;
#4944 = ORIENTED_EDGE ( 'NONE', *, *, #2528, .T. ) ;
#4945 =( NAMED_UNIT ( * ) SI_UNIT ( $, .STERADIAN. ) SOLID_ANGLE_UNIT ( ) );
#4946 = PRESENTATION_LAYER_ASSIGNMENT (  '', '', ( #1031 ) ) ;
#4947 = PRESENTATION_LAYER_ASSIGNMENT (  '', '', ( #2666 ) ) ;
#4948 = ORIENTED_EDGE ( 'NONE', *, *, #5290, .T. ) ;
#4949 = CARTESIAN_POINT ( 'NONE',  ( 9.119999999999999218, 9.000000000000001776, 12.68500000000000050 ) ) ;
#4950 = EDGE_CURVE ( 'NONE', #3810, #939, #1581, .T. ) ;
#4951 = ORIENTED_EDGE ( 'NONE', *, *, #2627, .T. ) ;
#4952 = CARTESIAN_POINT ( 'NONE',  ( 4.150000000000000355, 9.000000000000001776, 16.27923048454129784 ) ) ;
#4953 = EDGE_CURVE ( 'NONE', #5820, #1333, #6326, .T. ) ;
#4954 = SURFACE_SIDE_STYLE ('',( #4357 ) ) ;
#4955 = SURFACE_STYLE_FILL_AREA ( #7180 ) ;
#4956 = DIRECTION ( 'NONE',  ( 0.0000000000000000000, 0.0000000000000000000, 1.000000000000000000 ) ) ;
#4957 = VERTEX_POINT ( 'NONE', #6223 ) ;
#4958 = CARTESIAN_POINT ( 'NONE',  ( 6.900000000000000355, 10.40000000000000213, 11.62999999999999901 ) ) ;
#4959 = ORIENTED_EDGE ( 'NONE', *, *, #2433, .T. ) ;
#4960 = VECTOR ( 'NONE', #6167, 1000.000000000000000 ) ;
#4961 = EDGE_CURVE ( 'NONE', #3550, #789, #874, .T. ) ;
#4962 = EDGE_CURVE ( 'NONE', #6153, #821, #7485, .T. ) ;
#4963 = CARTESIAN_POINT ( 'NONE',  ( 6.349999999999999645, 10.00000000000000178, 1.960000000000003517 ) ) ;
#4964 = CARTESIAN_POINT ( 'NONE',  ( 10.50000000000000000, 12.59999999999999964, 21.35000000000000142 ) ) ;
#4965 = PRESENTATION_LAYER_ASSIGNMENT (  '', '', ( #4335 ) ) ;
#4966 = LINE ( 'NONE', #4453, #2975 ) ;
#4967 = LINE ( 'NONE', #7347, #6925 ) ;
#4968 = PLANE ( 'NONE',  #2400 ) ;
#4969 = FACE_OUTER_BOUND ( 'NONE', #4113, .T. ) ;
#4970 = CARTESIAN_POINT ( 'NONE',  ( 4.150000000000000355, 15.69999999999999929, 2.770769515458702870 ) ) ;
#4971 = SURFACE_STYLE_USAGE ( .BOTH. , #1960 ) ;
#4972 = ORIENTED_EDGE ( 'NONE', *, *, #7448, .T. ) ;
#4973 = CARTESIAN_POINT ( 'NONE',  ( 6.700000000000001066, 21.69999999999999929, 0.0000000000000000000 ) ) ;
#4974 = DIRECTION ( 'NONE',  ( 0.0000000000000000000, 0.0000000000000000000, -1.000000000000000000 ) ) ;
#4975 = ORIENTED_EDGE ( 'NONE', *, *, #2536, .T. ) ;
#4976 = SURFACE_STYLE_FILL_AREA ( #1458 ) ;
#4977 = ORIENTED_EDGE ( 'NONE', *, *, #797, .F. ) ;
#4978 = ORIENTED_EDGE ( 'NONE', *, *, #7112, .T. ) ;
#4979 = DIRECTION ( 'NONE',  ( 0.0000000000000000000, -1.000000000000000000, 0.0000000000000000000 ) ) ;
#4980 = EDGE_LOOP ( 'NONE', ( #1968, #1972, #2822, #3407 ) ) ;
#4981 = SURFACE_STYLE_FILL_AREA ( #104 ) ;
#4982 = VERTEX_POINT ( 'NONE', #4002 ) ;
#4983 = SURFACE_SIDE_STYLE ('',( #2446 ) ) ;
#4984 = ORIENTED_EDGE ( 'NONE', *, *, #7493, .T. ) ;
#4985 = DIRECTION ( 'NONE',  ( 0.0000000000000000000, -1.000000000000000000, 0.0000000000000000000 ) ) ;
#4986 = VECTOR ( 'NONE', #2490, 1000.000000000000000 ) ;
#4987 =( NAMED_UNIT ( * ) SI_UNIT ( $, .STERADIAN. ) SOLID_ANGLE_UNIT ( ) );
#4988 = CARTESIAN_POINT ( 'NONE',  ( 6.299999999999998046, 21.69999999999999929, -11.42999999999999972 ) ) ;
#4989 = EDGE_LOOP ( 'NONE', ( #6279, #1683, #479, #581 ) ) ;
#4990 = LINE ( 'NONE', #7087, #2785 ) ;
#4991 = EDGE_CURVE ( 'NONE', #3902, #2745, #2720, .T. ) ;
#4992 = AXIS2_PLACEMENT_3D ( 'NONE', #7372, #4321, #153 ) ;
#4993 = VECTOR ( 'NONE', #5939, 1000.000000000000000 ) ;
#4994 = ORIENTED_EDGE ( 'NONE', *, *, #113, .F. ) ;
#4995 = UNCERTAINTY_MEASURE_WITH_UNIT (LENGTH_MEASURE( 1.000000000000000082E-05 ), #2195, 'distance_accuracy_value', 'NONE');
#4996 = CARTESIAN_POINT ( 'NONE',  ( 6.099999999999999645, 11.19999999999999929, 4.209999999999998188 ) ) ;
#4997 = CARTESIAN_POINT ( 'NONE',  ( 6.900000000000000355, 14.69999999999999929, 14.83999999999999986 ) ) ;
#4998 = CARTESIAN_POINT ( 'NONE',  ( 6.099999999999999645, 21.69999999999999929, 7.419999999999999929 ) ) ;
#4999 = DIRECTION ( 'NONE',  ( 0.2357022603955148676, -0.9428090415820634673, 0.2357022603955158668 ) ) ;
#5000 =( GEOMETRIC_REPRESENTATION_CONTEXT ( 3 ) GLOBAL_UNCERTAINTY_ASSIGNED_CONTEXT ( ( #245 ) ) GLOBAL_UNIT_ASSIGNED_CONTEXT ( ( #6920, #411, #2697 ) ) REPRESENTATION_CONTEXT ( 'NONE', 'WORKASPACE' ) );
#5001 = EDGE_CURVE ( 'NONE', #2250, #6597, #235, .T. ) ;
#5002 = DIRECTION ( 'NONE',  ( 0.0000000000000000000, 0.0000000000000000000, -1.000000000000000000 ) ) ;
#5003 = DIRECTION ( 'NONE',  ( 0.9451512019217267468, 0.0000000000000000000, -0.3266331359582419491 ) ) ;
#5004 =( LENGTH_UNIT ( ) NAMED_UNIT ( * ) SI_UNIT ( .MILLI., .METRE. ) );
#5005 = EDGE_CURVE ( 'NONE', #6334, #2393, #5148, .T. ) ;
#5006 = FILL_AREA_STYLE ('',( #7464 ) ) ;
#5007 = DIRECTION ( 'NONE',  ( -1.000000000000000000, 0.0000000000000000000, 0.0000000000000000000 ) ) ;
#5008 = FILL_AREA_STYLE ('',( #2543 ) ) ;
#5009 = VECTOR ( 'NONE', #611, 1000.000000000000000 ) ;
#5010 = ORIENTED_EDGE ( 'NONE', *, *, #3554, .F. ) ;
#5011 = EDGE_CURVE ( 'NONE', #7477, #6779, #3370, .T. ) ;
#5012 = DIRECTION ( 'NONE',  ( 0.0000000000000000000, 0.0000000000000000000, -1.000000000000000000 ) ) ;
#5013 = ORIENTED_EDGE ( 'NONE', *, *, #3681, .T. ) ;
#5014 = CIRCLE ( 'NONE', #976, 0.9000000000000014655 ) ;
#5015 = EDGE_CURVE ( 'NONE', #3229, #5036, #5952, .T. ) ;
#5016 = ORIENTED_EDGE ( 'NONE', *, *, #4848, .T. ) ;
#5017 = EDGE_CURVE ( 'NONE', #143, #4350, #514, .T. ) ;
#5018 = PRESENTATION_STYLE_ASSIGNMENT (( #7237 ) ) ;
#5019 = FILL_AREA_STYLE_COLOUR ( '', #790 ) ;
#5020 =( NAMED_UNIT ( * ) SI_UNIT ( $, .STERADIAN. ) SOLID_ANGLE_UNIT ( ) );
#5021 = ORIENTED_EDGE ( 'NONE', *, *, #710, .T. ) ;
#5022 = VECTOR ( 'NONE', #1877, 1000.000000000000000 ) ;
#5023 = VERTEX_POINT ( 'NONE', #4038 ) ;
#5024 = VECTOR ( 'NONE', #7435, 1000.000000000000000 ) ;
#5025 = LINE ( 'NONE', #791, #2004 ) ;
#5026 = COLOUR_RGB ( '',1.000000000000000000, 1.000000000000000000, 1.000000000000000000 ) ;
#5027 = VECTOR ( 'NONE', #4537, 1000.000000000000000 ) ;
#5028 = DIRECTION ( 'NONE',  ( 1.000000000000000000, 0.0000000000000000000, 0.0000000000000000000 ) ) ;
#5029 = ORIENTED_EDGE ( 'NONE', *, *, #6591, .T. ) ;
#5030 =( LENGTH_UNIT ( ) NAMED_UNIT ( * ) SI_UNIT ( .MILLI., .METRE. ) );
#5031 = VERTEX_POINT ( 'NONE', #2927 ) ;
#5032 = DIRECTION ( 'NONE',  ( 0.0000000000000000000, 1.000000000000000000, 0.0000000000000000000 ) ) ;
#5033 = CARTESIAN_POINT ( 'NONE',  ( 6.899999999999999467, 20.89999999999999147, 15.63999999999999702 ) ) ;
#5034 = DIRECTION ( 'NONE',  ( 0.0000000000000000000, 0.0000000000000000000, -1.000000000000000000 ) ) ;
#5035 = CARTESIAN_POINT ( 'NONE',  ( 7.099999999999999645, 15.69999999999999929, 2.209999999999999964 ) ) ;
#5036 = VERTEX_POINT ( 'NONE', #6511 ) ;
#5037 = ORIENTED_EDGE ( 'NONE', *, *, #2185, .F. ) ;
#5038 = DIRECTION ( 'NONE',  ( 0.0000000000000000000, 0.0000000000000000000, 1.000000000000000000 ) ) ;
#5039 = LINE ( 'NONE', #769, #6895 ) ;
#5040 = VECTOR ( 'NONE', #2848, 1000.000000000000000 ) ;
#5041 = LINE ( 'NONE', #124, #1320 ) ;
#5042 = FACE_OUTER_BOUND ( 'NONE', #4467, .T. ) ;
#5043 = DIRECTION ( 'NONE',  ( 0.3266331359582419491, 0.0000000000000000000, 0.9451512019217267468 ) ) ;
#5044 = CYLINDRICAL_SURFACE ( 'NONE', #5814, 0.8999999999999998002 ) ;
#5045 = SURFACE_SIDE_STYLE ('',( #1445 ) ) ;
#5046 = CIRCLE ( 'NONE', #3284, 0.9000000000000014655 ) ;
#5047 = DIRECTION ( 'NONE',  ( 0.0000000000000000000, 0.0000000000000000000, 1.000000000000000000 ) ) ;
#5048 = LINE ( 'NONE', #3746, #6270 ) ;
#5049 = ORIENTED_EDGE ( 'NONE', *, *, #4526, .F. ) ;
#5050 = LINE ( 'NONE', #1449, #5762 ) ;
#5051 = SURFACE_SIDE_STYLE ('',( #6171 ) ) ;
#5052 = VECTOR ( 'NONE', #7672, 1000.000000000000000 ) ;
#5053 = EDGE_CURVE ( 'NONE', #5642, #1771, #6552, .T. ) ;
#5054 = ORIENTED_EDGE ( 'NONE', *, *, #5383, .T. ) ;
#5055 = DIRECTION ( 'NONE',  ( 0.0000000000000000000, 1.000000000000000000, 0.0000000000000000000 ) ) ;
#5056 = ORIENTED_EDGE ( 'NONE', *, *, #4848, .F. ) ;
#5057 = EDGE_CURVE ( 'NONE', #216, #1357, #5555, .T. ) ;
#5058 = CARTESIAN_POINT ( 'NONE',  ( 6.099999999999999645, 21.69999999999999929, 15.03999999999999737 ) ) ;
#5059 = DIRECTION ( 'NONE',  ( 0.0000000000000000000, 0.0000000000000000000, -1.000000000000000000 ) ) ;
#5060 = ORIENTED_EDGE ( 'NONE', *, *, #7589, .T. ) ;
#5061 = PRESENTATION_LAYER_ASSIGNMENT (  '', '', ( #4933 ) ) ;
#5062 = ORIENTED_EDGE ( 'NONE', *, *, #3126, .T. ) ;
#5063 = EDGE_CURVE ( 'NONE', #5776, #2233, #7641, .T. ) ;
#5064 = LINE ( 'NONE', #184, #4909 ) ;
#5065 = CIRCLE ( 'NONE', #515, 0.9000000000000002442 ) ;
#5066 = LINE ( 'NONE', #6272, #6445 ) ;
#5067 = VERTEX_POINT ( 'NONE', #7720 ) ;
#5068 = COLOUR_RGB ( '',1.000000000000000000, 1.000000000000000000, 1.000000000000000000 ) ;
#5069 = MECHANICAL_DESIGN_GEOMETRIC_PRESENTATION_REPRESENTATION (  '', ( #5564 ), #1410 ) ;
#5070 = ORIENTED_EDGE ( 'NONE', *, *, #206, .T. ) ;
#5071 = ORIENTED_EDGE ( 'NONE', *, *, #1424, .T. ) ;
#5072 = VECTOR ( 'NONE', #7724, 1000.000000000000000 ) ;
#5073 = COLOUR_RGB ( '',1.000000000000000000, 1.000000000000000000, 1.000000000000000000 ) ;
#5074 = DIRECTION ( 'NONE',  ( -1.000000000000000000, -0.0000000000000000000, 0.0000000000000000000 ) ) ;
#5075 = DIRECTION ( 'NONE',  ( -1.000000000000000000, 0.0000000000000000000, 0.0000000000000000000 ) ) ;
#5076 = DIRECTION ( 'NONE',  ( -1.000000000000000000, 0.0000000000000000000, 0.0000000000000000000 ) ) ;
#5077 = ORIENTED_EDGE ( 'NONE', *, *, #895, .F. ) ;
#5078 = FILL_AREA_STYLE_COLOUR ( '', #5521 ) ;
#5079 = VERTEX_POINT ( 'NONE', #4710 ) ;
#5080 = UNCERTAINTY_MEASURE_WITH_UNIT (LENGTH_MEASURE( 1.000000000000000082E-05 ), #7258, 'distance_accuracy_value', 'NONE');
#5081 = DIRECTION ( 'NONE',  ( 0.3266331359582419491, 0.0000000000000000000, -0.9451512019217267468 ) ) ;
#5082 = DIRECTION ( 'NONE',  ( 0.0000000000000000000, 0.0000000000000000000, -1.000000000000000000 ) ) ;
#5083 = AXIS2_PLACEMENT_3D ( 'NONE', #7559, #2798, #4080 ) ;
#5084 = VECTOR ( 'NONE', #551, 1000.000000000000000 ) ;
#5085 = DIRECTION ( 'NONE',  ( 0.0000000000000000000, -1.000000000000000000, 0.0000000000000000000 ) ) ;
#5086 = LINE ( 'NONE', #2070, #7360 ) ;
#5087 = DIRECTION ( 'NONE',  ( 0.0000000000000000000, -1.000000000000000000, 0.0000000000000000000 ) ) ;
#5088 = CARTESIAN_POINT ( 'NONE',  ( 6.099999999999999645, 21.69999999999999929, 11.02999999999999936 ) ) ;
#5089 = VECTOR ( 'NONE', #1066, 1000.000000000000000 ) ;
#5090 = DIRECTION ( 'NONE',  ( 0.0000000000000000000, 0.0000000000000000000, -1.000000000000000000 ) ) ;
#5091 = CARTESIAN_POINT ( 'NONE',  ( 5.799999999999999822, 16.30000000000000071, 14.83999999999999986 ) ) ;
#5092 = FACE_OUTER_BOUND ( 'NONE', #1966, .T. ) ;
#5093 = ORIENTED_EDGE ( 'NONE', *, *, #6298, .F. ) ;
#5094 = CARTESIAN_POINT ( 'NONE',  ( 6.349999999999999645, 10.00000000000000178, 1.960000000000003517 ) ) ;
#5095 = DIRECTION ( 'NONE',  ( 0.0000000000000000000, 0.2425356250363329691, 0.9701425001453318764 ) ) ;
#5096 = AXIS2_PLACEMENT_3D ( 'NONE', #607, #4843, #4177 ) ;
#5097 = ORIENTED_EDGE ( 'NONE', *, *, #1817, .F. ) ;
#5098 = DIRECTION ( 'NONE',  ( 0.0000000000000000000, -1.000000000000000000, 0.0000000000000000000 ) ) ;
#5099 = CARTESIAN_POINT ( 'NONE',  ( 4.150000000000000355, 9.000000000000001776, 13.02999999999999758 ) ) ;
#5100 = EDGE_LOOP ( 'NONE', ( #7083, #5261, #7499, #5698 ) ) ;
#5101 = LINE ( 'NONE', #304, #3327 ) ;
#5102 = DIRECTION ( 'NONE',  ( -0.0000000000000000000, -0.0000000000000000000, -1.000000000000000000 ) ) ;
#5103 = VERTEX_POINT ( 'NONE', #7761 ) ;
#5104 = EDGE_CURVE ( 'NONE', #4594, #2359, #1660, .T. ) ;
#5105 = EDGE_LOOP ( 'NONE', ( #1818, #5313, #3765, #228 ) ) ;
#5106 = DIRECTION ( 'NONE',  ( 0.0000000000000000000, -0.0000000000000000000, 1.000000000000000000 ) ) ;
#5107 = ADVANCED_FACE ( 'NONE', ( #6431 ), #478, .T. ) ;
#5108 = ADVANCED_FACE ( 'NONE', ( #2326 ), #7138, .T. ) ;
#5109 =( NAMED_UNIT ( * ) PLANE_ANGLE_UNIT ( ) SI_UNIT ( $, .RADIAN. ) );
#5110 = ORIENTED_EDGE ( 'NONE', *, *, #2185, .T. ) ;
#5111 = EDGE_CURVE ( 'NONE', #3403, #3758, #2886, .T. ) ;
#5112 = VERTEX_POINT ( 'NONE', #7598 ) ;
#5113 = EDGE_LOOP ( 'NONE', ( #4709, #238, #5184, #2685 ) ) ;
#5114 = EDGE_CURVE ( 'NONE', #1411, #2517, #4122, .T. ) ;
#5115 = CYLINDRICAL_SURFACE ( 'NONE', #1823, 0.9000000000000014655 ) ;
#5116 = CARTESIAN_POINT ( 'NONE',  ( 2.950000000000000178, 15.69999999999999929, 7.620000000000001883 ) ) ;
#5117 = ORIENTED_EDGE ( 'NONE', *, *, #6615, .F. ) ;
#5118 = EDGE_LOOP ( 'NONE', ( #2956, #262, #816, #6433 ) ) ;
#5119 = PRESENTATION_LAYER_ASSIGNMENT (  '', '', ( #1956 ) ) ;
#5120 = CARTESIAN_POINT ( 'NONE',  ( 8.599999999999999645, 9.000000000000001776, 2.209999999999999964 ) ) ;
#5121 = FACE_OUTER_BOUND ( 'NONE', #7522, .T. ) ;
#5122 = CARTESIAN_POINT ( 'NONE',  ( 6.299999999999998046, 21.69999999999999929, 15.43999999999999950 ) ) ;
#5123 = FILL_AREA_STYLE ('',( #929 ) ) ;
#5124 = PLANE ( 'NONE',  #7524 ) ;
#5125 = CARTESIAN_POINT ( 'NONE',  ( 6.099999999999999645, 11.19999999999999929, 19.44999999999999929 ) ) ;
#5126 = MECHANICAL_DESIGN_GEOMETRIC_PRESENTATION_REPRESENTATION (  '', ( #2712 ), #7118 ) ;
#5127 = VECTOR ( 'NONE', #4924, 1000.000000000000000 ) ;
#5128 = FACE_OUTER_BOUND ( 'NONE', #6836, .T. ) ;
#5129 = CARTESIAN_POINT ( 'NONE',  ( 6.099999999999999645, 18.19999999999999929, 11.02999999999999936 ) ) ;
#5130 = ORIENTED_EDGE ( 'NONE', *, *, #44, .T. ) ;
#5131 = CARTESIAN_POINT ( 'NONE',  ( 4.219230769230770228, 17.39999999999999858, 19.84940806503179900 ) ) ;
#5132 = AXIS2_PLACEMENT_3D ( 'NONE', #4934, #5445, #6056 ) ;
#5133 = PRESENTATION_LAYER_ASSIGNMENT (  '', '', ( #6106 ) ) ;
#5134 = ORIENTED_EDGE ( 'NONE', *, *, #7344, .F. ) ;
#5135 = FILL_AREA_STYLE_COLOUR ( '', #959 ) ;
#5136 = SURFACE_STYLE_FILL_AREA ( #5678 ) ;
#5137 = ORIENTED_EDGE ( 'NONE', *, *, #3172, .T. ) ;
#5138 = LINE ( 'NONE', #7516, #1149 ) ;
#5139 = DIRECTION ( 'NONE',  ( 0.0000000000000000000, 0.0000000000000000000, -1.000000000000000000 ) ) ;
#5140 = VECTOR ( 'NONE', #2421, 1000.000000000000000 ) ;
#5141 = DIRECTION ( 'NONE',  ( 0.0000000000000000000, -1.000000000000000000, 0.0000000000000000000 ) ) ;
#5142 = ORIENTED_EDGE ( 'NONE', *, *, #7341, .T. ) ;
#5143 = ORIENTED_EDGE ( 'NONE', *, *, #1047, .F. ) ;
#5144 = CARTESIAN_POINT ( 'NONE',  ( 6.900000000000000355, 14.69999999999999929, 19.05000000000000071 ) ) ;
#5145 = LINE ( 'NONE', #2835, #7192 ) ;
#5146 = VECTOR ( 'NONE', #4588, 1000.000000000000000 ) ;
#5147 = ORIENTED_EDGE ( 'NONE', *, *, #2347, .F. ) ;
#5148 = LINE ( 'NONE', #2132, #2913 ) ;
#5149 = ORIENTED_EDGE ( 'NONE', *, *, #7533, .T. ) ;
#5150 = EDGE_CURVE ( 'NONE', #4864, #4463, #4083, .T. ) ;
#5151 = ORIENTED_EDGE ( 'NONE', *, *, #447, .T. ) ;
#5152 = EDGE_CURVE ( 'NONE', #6779, #4647, #3448, .T. ) ;
#5153 = CARTESIAN_POINT ( 'NONE',  ( 6.299999999999999822, 10.40000000000000213, 4.009999999999999787 ) ) ;
#5154 = VERTEX_POINT ( 'NONE', #5295 ) ;
#5155 = UNCERTAINTY_MEASURE_WITH_UNIT (LENGTH_MEASURE( 1.000000000000000082E-05 ), #432, 'distance_accuracy_value', 'NONE');
#5156 = DIRECTION ( 'NONE',  ( 0.0000000000000000000, 0.0000000000000000000, 1.000000000000000000 ) ) ;
#5157 = EDGE_CURVE ( 'NONE', #5978, #2603, #2837, .T. ) ;
#5158 = DIRECTION ( 'NONE',  ( 0.0000000000000000000, 0.0000000000000000000, 1.000000000000000000 ) ) ;
#5159 = EDGE_CURVE ( 'NONE', #3097, #7361, #5841, .T. ) ;
#5160 = COLOUR_RGB ( '',1.000000000000000000, 1.000000000000000000, 1.000000000000000000 ) ;
#5161 = CARTESIAN_POINT ( 'NONE',  ( 8.599999999999999645, 17.39999999999999858, 4.509999999999999787 ) ) ;
#5162 =( NAMED_UNIT ( * ) SI_UNIT ( $, .STERADIAN. ) SOLID_ANGLE_UNIT ( ) );
#5163 = PLANE ( 'NONE',  #6670 ) ;
#5164 = VERTEX_POINT ( 'NONE', #301 ) ;
#5165 = CARTESIAN_POINT ( 'NONE',  ( 6.333333333333330373, 10.26666666666669947, 19.21666666666670054 ) ) ;
#5166 = CARTESIAN_POINT ( 'NONE',  ( 4.150000000000000355, 15.69999999999999929, 16.83999999999999631 ) ) ;
#5167 = CARTESIAN_POINT ( 'NONE',  ( 6.500000000000000888, 14.69999999999999929, 15.24000000000000021 ) ) ;
#5168 = ORIENTED_EDGE ( 'NONE', *, *, #151, .F. ) ;
#5169 = PRESENTATION_STYLE_ASSIGNMENT (( #2746 ) ) ;
#5170 = ORIENTED_EDGE ( 'NONE', *, *, #7443, .T. ) ;
#5171 = VECTOR ( 'NONE', #145, 1000.000000000000000 ) ;
#5172 = FILL_AREA_STYLE ('',( #1686 ) ) ;
#5173 = LINE ( 'NONE', #941, #3049 ) ;
#5174 = ORIENTED_EDGE ( 'NONE', *, *, #5728, .F. ) ;
#5175 = CARTESIAN_POINT ( 'NONE',  ( 4.150000000000000355, 15.69999999999999929, 4.849230484541299013 ) ) ;
#5176 = DIRECTION ( 'NONE',  ( -1.000000000000000000, 0.0000000000000000000, 0.0000000000000000000 ) ) ;
#5177 = LINE ( 'NONE', #7554, #5637 ) ;
#5178 = VERTEX_POINT ( 'NONE', #3986 ) ;
#5179 = ORIENTED_EDGE ( 'NONE', *, *, #6918, .T. ) ;
#5180 = VECTOR ( 'NONE', #2662, 1000.000000000000000 ) ;
#5181 = LINE ( 'NONE', #2013, #7165 ) ;
#5182 = COLOUR_RGB ( '',1.000000000000000000, 1.000000000000000000, 1.000000000000000000 ) ;
#5183 = DIRECTION ( 'NONE',  ( 0.0000000000000000000, 0.0000000000000000000, -1.000000000000000000 ) ) ;
#5184 = ORIENTED_EDGE ( 'NONE', *, *, #1718, .T. ) ;
#5185 = FACE_OUTER_BOUND ( 'NONE', #6554, .T. ) ;
#5186 = VECTOR ( 'NONE', #6302, 1000.000000000000000 ) ;
#5187 = EDGE_LOOP ( 'NONE', ( #4265, #6180, #2803, #5826 ) ) ;
#5188 = ORIENTED_EDGE ( 'NONE', *, *, #2293, .T. ) ;
#5189 = FILL_AREA_STYLE ('',( #1002 ) ) ;
#5190 = AXIS2_PLACEMENT_3D ( 'NONE', #1805, #4153, #500 ) ;
#5191 = AXIS2_PLACEMENT_3D ( 'NONE', #764, #5581, #2564 ) ;
#5192 = PLANE ( 'NONE',  #725 ) ;
#5193 = VERTEX_POINT ( 'NONE', #6974 ) ;
#5194 = ADVANCED_FACE ( 'NONE', ( #905 ), #6262, .F. ) ;
#5195 = ADVANCED_FACE ( 'NONE', ( #2159 ), #387, .F. ) ;
#5196 = COLOUR_RGB ( '',1.000000000000000000, 1.000000000000000000, 1.000000000000000000 ) ;
#5197 = CARTESIAN_POINT ( 'NONE',  ( 8.599999999999999645, 17.39999999999999858, 16.83999999999999631 ) ) ;
#5198 = LINE ( 'NONE', #2736, #5255 ) ;
#5199 = DIRECTION ( 'NONE',  ( 0.0000000000000000000, 0.2425356250363290000, -0.9701425001453328756 ) ) ;
#5200 = ORIENTED_EDGE ( 'NONE', *, *, #1154, .T. ) ;
#5201 = EDGE_CURVE ( 'NONE', #5805, #4302, #6896, .T. ) ;
#5202 = VECTOR ( 'NONE', #7211, 1000.000000000000000 ) ;
#5203 = CARTESIAN_POINT ( 'NONE',  ( 3.500000000000000000, 9.000000000000001776, 1.510000000000000897 ) ) ;
#5204 = EDGE_LOOP ( 'NONE', ( #469, #7770, #3594, #6592 ) ) ;
#5205 = DIRECTION ( 'NONE',  ( 0.0000000000000000000, 0.0000000000000000000, -1.000000000000000000 ) ) ;
#5206 = SURFACE_STYLE_USAGE ( .BOTH. , #535 ) ;
#5207 = VERTEX_POINT ( 'NONE', #5099 ) ;
#5208 = DIRECTION ( 'NONE',  ( 1.000000000000000000, 0.0000000000000000000, 0.0000000000000000000 ) ) ;
#5209 = CARTESIAN_POINT ( 'NONE',  ( 6.899999999999999467, 20.89999999999999147, 3.409999999999999698 ) ) ;
#5210 = LINE ( 'NONE', #3948, #2281 ) ;
#5211 = LINE ( 'NONE', #7160, #1394 ) ;
#5212 = DIRECTION ( 'NONE',  ( 1.000000000000000000, 0.0000000000000000000, 0.0000000000000000000 ) ) ;
#5213 = CARTESIAN_POINT ( 'NONE',  ( 6.500000000000000888, 14.69999999999999929, 14.33999999999999986 ) ) ;
#5214 = ORIENTED_EDGE ( 'NONE', *, *, #5681, .T. ) ;
#5215 = ORIENTED_EDGE ( 'NONE', *, *, #3073, .F. ) ;
#5216 = STYLED_ITEM ( 'NONE', ( #1730 ), #6224 ) ;
#5217 = ORIENTED_EDGE ( 'NONE', *, *, #6967, .T. ) ;
#5218 = EDGE_LOOP ( 'NONE', ( #6867, #763, #3060, #2587 ) ) ;
#5219 = ORIENTED_EDGE ( 'NONE', *, *, #6434, .F. ) ;
#5220 = LINE ( 'NONE', #4315, #915 ) ;
#5221 = DIRECTION ( 'NONE',  ( 0.0000000000000000000, 0.0000000000000000000, 1.000000000000000000 ) ) ;
#5222 = EDGE_LOOP ( 'NONE', ( #512, #179, #7290, #2434 ) ) ;
#5223 = UNCERTAINTY_MEASURE_WITH_UNIT (LENGTH_MEASURE( 1.000000000000000082E-05 ), #1598, 'distance_accuracy_value', 'NONE');
#5224 = DIRECTION ( 'NONE',  ( -1.000000000000000000, 0.0000000000000000000, 0.0000000000000000000 ) ) ;
#5225 = DIRECTION ( 'NONE',  ( 0.0000000000000000000, 0.0000000000000000000, -1.000000000000000000 ) ) ;
#5226 = LINE ( 'NONE', #2810, #2211 ) ;
#5227 = FACE_OUTER_BOUND ( 'NONE', #4029, .T. ) ;
#5228 = EDGE_CURVE ( 'NONE', #6853, #3874, #4311, .T. ) ;
#5229 = ORIENTED_EDGE ( 'NONE', *, *, #4613, .T. ) ;
#5230 = CARTESIAN_POINT ( 'NONE',  ( 6.299999999999999822, 10.40000000000000213, 7.420000000000002593 ) ) ;
#5231 = AXIS2_PLACEMENT_3D ( 'NONE', #5161, #2261, #4684 ) ;
#5232 = CARTESIAN_POINT ( 'NONE',  ( 4.219230769230770228, 17.39999999999999858, 6.820591934968200931 ) ) ;
#5233 = ORIENTED_EDGE ( 'NONE', *, *, #4667, .F. ) ;
#5234 = PLANE ( 'NONE',  #1086 ) ;
#5235 = EDGE_CURVE ( 'NONE', #342, #6227, #7625, .T. ) ;
#5236 = ORIENTED_EDGE ( 'NONE', *, *, #309, .F. ) ;
#5237 = VECTOR ( 'NONE', #7744, 1000.000000000000000 ) ;
#5238 = CIRCLE ( 'NONE', #2968, 0.8999999999999998002 ) ;
#5239 = DIRECTION ( 'NONE',  ( 0.3266331359582419491, 0.0000000000000000000, -0.9451512019217267468 ) ) ;
#5240 = CARTESIAN_POINT ( 'NONE',  ( 6.500000000000000888, 14.69999999999999929, 12.33000000000000007 ) ) ;
#5241 = EDGE_CURVE ( 'NONE', #2517, #5978, #3398, .T. ) ;
#5242 = CARTESIAN_POINT ( 'NONE',  ( 4.599999999999999645, 9.000000000000001776, 12.46923048454129912 ) ) ;
#5243 = AXIS2_PLACEMENT_3D ( 'NONE', #5116, #6151, #5034 ) ;
#5244 = CARTESIAN_POINT ( 'NONE',  ( 9.119999999999999218, 15.69999999999999929, 2.555000000000001492 ) ) ;
#5245 = UNCERTAINTY_MEASURE_WITH_UNIT (LENGTH_MEASURE( 1.000000000000000082E-05 ), #2812, 'distance_accuracy_value', 'NONE');
#5246 = ADVANCED_FACE ( 'NONE', ( #4545 ), #2789, .T. ) ;
#5247 = DIRECTION ( 'NONE',  ( 0.0000000000000000000, 0.0000000000000000000, 1.000000000000000000 ) ) ;
#5248 = VERTEX_POINT ( 'NONE', #4501 ) ;
#5249 = VECTOR ( 'NONE', #5032, 1000.000000000000000 ) ;
#5250 = EDGE_LOOP ( 'NONE', ( #5463, #5443, #6413, #2235 ) ) ;
#5251 = VECTOR ( 'NONE', #4274, 1000.000000000000000 ) ;
#5252 = DIRECTION ( 'NONE',  ( 0.2357022603955148676, 0.9428090415820634673, 0.2357022603955158668 ) ) ;
#5253 = EDGE_CURVE ( 'NONE', #7649, #1526, #5210, .T. ) ;
#5254 = EDGE_CURVE ( 'NONE', #5178, #3905, #5173, .T. ) ;
#5255 = VECTOR ( 'NONE', #5779, 1000.000000000000000 ) ;
#5256 = CARTESIAN_POINT ( 'NONE',  ( 4.599999999999999645, 9.000000000000001776, 4.849230484541299013 ) ) ;
#5257 = FACE_OUTER_BOUND ( 'NONE', #5250, .T. ) ;
#5258 = VERTEX_POINT ( 'NONE', #7551 ) ;
#5259 = CARTESIAN_POINT ( 'NONE',  ( 4.599999999999999645, 15.69999999999999929, 20.08923048454130011 ) ) ;
#5260 = VECTOR ( 'NONE', #4732, 1000.000000000000000 ) ;
#5261 = ORIENTED_EDGE ( 'NONE', *, *, #4141, .F. ) ;
#5262 = DIRECTION ( 'NONE',  ( -0.0000000000000000000, 1.000000000000000000, -0.0000000000000000000 ) ) ;
#5263 = SURFACE_STYLE_FILL_AREA ( #5189 ) ;
#5264 =( GEOMETRIC_REPRESENTATION_CONTEXT ( 3 ) GLOBAL_UNCERTAINTY_ASSIGNED_CONTEXT ( ( #3493 ) ) GLOBAL_UNIT_ASSIGNED_CONTEXT ( ( #7546, #4578, #1564 ) ) REPRESENTATION_CONTEXT ( 'NONE', 'WORKASPACE' ) );
#5265 = LINE ( 'NONE', #2843, #4251 ) ;
#5266 = ORIENTED_EDGE ( 'NONE', *, *, #4430, .T. ) ;
#5267 = FILL_AREA_STYLE_COLOUR ( '', #525 ) ;
#5268 = CARTESIAN_POINT ( 'NONE',  ( 6.900000000000000355, 10.40000000000000213, 11.82999999999999829 ) ) ;
#5269 = CARTESIAN_POINT ( 'NONE',  ( 4.599999999999999645, 9.000000000000001776, 8.659230484541300399 ) ) ;
#5270 = CARTESIAN_POINT ( 'NONE',  ( 6.333333333333330373, 10.26666666666669947, 7.786666666666701708 ) ) ;
#5271 = LINE ( 'NONE', #1010, #5667 ) ;
#5272 = ORIENTED_EDGE ( 'NONE', *, *, #7731, .T. ) ;
#5273 = VECTOR ( 'NONE', #3347, 1000.000000000000000 ) ;
#5274 = CARTESIAN_POINT ( 'NONE',  ( 5.950000000000009059, 20.30000000000001847, 8.169999999999989271 ) ) ;
#5275 = LINE ( 'NONE', #3617, #1228 ) ;
#5276 = LINE ( 'NONE', #5896, #909 ) ;
#5277 = ORIENTED_EDGE ( 'NONE', *, *, #6398, .F. ) ;
#5278 = FILL_AREA_STYLE_COLOUR ( '', #7637 ) ;
#5279 = ORIENTED_EDGE ( 'NONE', *, *, #6962, .F. ) ;
#5280 = DIRECTION ( 'NONE',  ( 1.000000000000000000, 0.0000000000000000000, 0.0000000000000000000 ) ) ;
#5281 = PRESENTATION_STYLE_ASSIGNMENT (( #2869 ) ) ;
#5282 = CARTESIAN_POINT ( 'NONE',  ( 6.099999999999999645, 18.19999999999999929, 14.83999999999999986 ) ) ;
#5283 = CARTESIAN_POINT ( 'NONE',  ( 3.500000000000000000, 9.000000000000001776, -9.919999999999999929 ) ) ;
#5284 = DIRECTION ( 'NONE',  ( 1.000000000000000000, 0.0000000000000000000, 0.0000000000000000000 ) ) ;
#5285 = ORIENTED_EDGE ( 'NONE', *, *, #7793, .F. ) ;
#5286 = EDGE_LOOP ( 'NONE', ( #883, #921, #1997, #5369 ) ) ;
#5287 = EDGE_CURVE ( 'NONE', #991, #5178, #4584, .T. ) ;
#5288 = DIRECTION ( 'NONE',  ( 0.0000000000000000000, 0.0000000000000000000, 1.000000000000000000 ) ) ;
#5289 = VECTOR ( 'NONE', #1122, 1000.000000000000000 ) ;
#5290 = EDGE_CURVE ( 'NONE', #5648, #806, #4025, .T. ) ;
#5291 = LINE ( 'NONE', #1110, #1640 ) ;
#5292 = ADVANCED_FACE ( 'NONE', ( #5832 ), #7709, .F. ) ;
#5293 = CIRCLE ( 'NONE', #5417, 0.5000000000000004441 ) ;
#5294 = ORIENTED_EDGE ( 'NONE', *, *, #2684, .F. ) ;
#5295 = CARTESIAN_POINT ( 'NONE',  ( 6.349999999999999645, 11.50000000000000000, 21.35000000000000142 ) ) ;
#5296 = VECTOR ( 'NONE', #2549, 1000.000000000000000 ) ;
#5297 = ORIENTED_EDGE ( 'NONE', *, *, #7493, .F. ) ;
#5298 = DIRECTION ( 'NONE',  ( -1.000000000000000000, 0.0000000000000000000, 0.0000000000000000000 ) ) ;
#5299 = CARTESIAN_POINT ( 'NONE',  ( 4.150000000000000355, 9.000000000000001776, 12.46923048454129912 ) ) ;
#5300 = ORIENTED_EDGE ( 'NONE', *, *, #5529, .T. ) ;
#5301 = UNCERTAINTY_MEASURE_WITH_UNIT (LENGTH_MEASURE( 1.000000000000000082E-05 ), #7575, 'distance_accuracy_value', 'NONE');
#5302 = AXIS2_PLACEMENT_3D ( 'NONE', #6126, #1249, #3743 ) ;
#5303 = CARTESIAN_POINT ( 'NONE',  ( 6.083333333333330373, 11.26666666666669947, 14.82333333333329861 ) ) ;
#5304 = CARTESIAN_POINT ( 'NONE',  ( 4.219230769230770228, 17.39999999999999858, 10.63059193496819965 ) ) ;
#5305 = PRESENTATION_LAYER_ASSIGNMENT (  '', '', ( #634 ) ) ;
#5306 = CARTESIAN_POINT ( 'NONE',  ( 4.599999999999999645, 9.000000000000001776, 16.27923048454129784 ) ) ;
#5307 = LINE ( 'NONE', #5270, #5862 ) ;
#5308 = DIRECTION ( 'NONE',  ( 0.0000000000000000000, 0.0000000000000000000, 1.000000000000000000 ) ) ;
#5309 = ORIENTED_EDGE ( 'NONE', *, *, #3455, .F. ) ;
#5310 = FACE_BOUND ( 'NONE', #1632, .T. ) ;
#5311 = CARTESIAN_POINT ( 'NONE',  ( 10.69999999999999929, 12.40000000000000213, 21.35000000000000142 ) ) ;
#5312 = SURFACE_STYLE_FILL_AREA ( #2902 ) ;
#5313 = ORIENTED_EDGE ( 'NONE', *, *, #3712, .T. ) ;
#5314 = CARTESIAN_POINT ( 'NONE',  ( 4.150000000000000355, 9.000000000000001776, -2.299999999999999822 ) ) ;
#5315 = MECHANICAL_DESIGN_GEOMETRIC_PRESENTATION_REPRESENTATION (  '', ( #3302 ), #6437 ) ;
#5316 = VECTOR ( 'NONE', #534, 1000.000000000000114 ) ;
#5317 = CARTESIAN_POINT ( 'NONE',  ( 9.119999999999999218, 15.69999999999999929, 18.35000000000000142 ) ) ;
#5318 = DIRECTION ( 'NONE',  ( 0.0000000000000000000, 0.0000000000000000000, -1.000000000000000000 ) ) ;
#5319 = CARTESIAN_POINT ( 'NONE',  ( 6.500000000000000888, 14.69999999999999929, 19.05000000000000071 ) ) ;
#5320 = DIRECTION ( 'NONE',  ( 0.0000000000000000000, -1.000000000000000000, 0.0000000000000000000 ) ) ;
#5321 = CARTESIAN_POINT ( 'NONE',  ( 6.099999999999999645, 10.40000000000000213, 14.83999999999999986 ) ) ;
#5322 = PRESENTATION_LAYER_ASSIGNMENT (  '', '', ( #2928 ) ) ;
#5323 = CARTESIAN_POINT ( 'NONE',  ( 8.599999999999999645, 17.39999999999999858, 13.63999999999999879 ) ) ;
#5324 = FACE_OUTER_BOUND ( 'NONE', #5204, .T. ) ;
#5325 = ORIENTED_EDGE ( 'NONE', *, *, #6340, .T. ) ;
#5326 = ORIENTED_EDGE ( 'NONE', *, *, #1187, .F. ) ;
#5327 = DIRECTION ( 'NONE',  ( 0.0000000000000000000, -1.000000000000000000, 0.0000000000000000000 ) ) ;
#5328 = COLOUR_RGB ( '',1.000000000000000000, 1.000000000000000000, 1.000000000000000000 ) ;
#5329 = AXIS2_PLACEMENT_3D ( 'NONE', #6864, #2801, #4555 ) ;
#5330 = VERTEX_POINT ( 'NONE', #2317 ) ;
#5331 =( LENGTH_UNIT ( ) NAMED_UNIT ( * ) SI_UNIT ( .MILLI., .METRE. ) );
#5332 = DIRECTION ( 'NONE',  ( 0.2357022603955121753, -0.9428090415820651327, -0.2357022603955121753 ) ) ;
#5333 = EDGE_CURVE ( 'NONE', #5103, #7640, #4109, .T. ) ;
#5334 = VECTOR ( 'NONE', #19, 1000.000000000000000 ) ;
#5335 = ORIENTED_EDGE ( 'NONE', *, *, #7341, .F. ) ;
#5336 = DIRECTION ( 'NONE',  ( 0.0000000000000000000, -1.000000000000000000, 0.0000000000000000000 ) ) ;
#5337 = EDGE_CURVE ( 'NONE', #7, #5036, #4657, .T. ) ;
#5338 = EDGE_CURVE ( 'NONE', #7354, #2366, #5941, .T. ) ;
#5339 = VERTEX_POINT ( 'NONE', #5437 ) ;
#5340 = CARTESIAN_POINT ( 'NONE',  ( 4.150000000000000355, 17.39999999999999858, 9.219999999999998863 ) ) ;
#5341 = DIRECTION ( 'NONE',  ( 0.0000000000000000000, -1.000000000000000000, 0.0000000000000000000 ) ) ;
#5342 = DIRECTION ( 'NONE',  ( 0.0000000000000000000, 0.0000000000000000000, -1.000000000000000000 ) ) ;
#5343 = ORIENTED_EDGE ( 'NONE', *, *, #5811, .T. ) ;
#5344 = FILL_AREA_STYLE_COLOUR ( '', #3562 ) ;
#5345 = EDGE_CURVE ( 'NONE', #6674, #4465, #3582, .T. ) ;
#5346 = EDGE_CURVE ( 'NONE', #922, #1824, #3510, .T. ) ;
#5347 = DIRECTION ( 'NONE',  ( -0.2425356250363329691, -0.9701425001453318764, 0.0000000000000000000 ) ) ;
#5348 = CLOSED_SHELL ( 'NONE', ( #5816, #7772, #5488, #1293, #846, #6229, #4190, #3015, #4514, #7198, #1485, #417, #1049, #7306, #60, #361, #3834, #5861, #7293, #4722, #2880, #2152, #4782, #4815, #2245, #2480, #5566, #4867, #1854, #1381, #4105, #2567, #4766, #1479, #4626, #472, #4338, #3120, #7490, #4677, #3255, #7583, #5292, #4102, #5764, #2289, #6914, #4865, #511, #5993, #857, #655, #3655, #1624, #6582, #5195, #5655, #2062, #6547, #2816, #6720, #5727, #3104, #1621, #2823, #5434, #4907, #5629, #2384, #3801, #3796, #6726, #7200, #4150, #6253, #3130, #2935, #4857, #5107, #3506, #6188, #3372, #3799, #7669, #2141, #7020, #7352, #4154, #3622, #6711, #1667, #6533, #3366, #4619, #559, #4039, #746, #7547, #4759, #5349, #6224, #2107, #7537, #7251, #271, #4473, #7439, #6872, #6132, #6295, #4662, #222, #1967, #4340, #458, #2652, #6287, #7241, #1192, #513, #1864, #792, #4191, #1575, #604, #3754, #5194, #697, #1145, #1769, #4146, #5866, #752, #2686, #7725, #7249, #4627, #6982, #7525, #2435, #4904, #5992, #1619, #3936, #65, #4528, #5246, #1717, #2977, #4195, #7544, #7060, #4811, #7795, #2820, #3695, #3274, #998, #1766, #3219, #7683, #3710, #1278, #3557, #2386, #5477, #3158, #7627, #1276, #3368, #105, #4094, #2150, #5857, #5387, #5911, #4035, #6637, #6444, #2093, #5813, #5572, #6786, #651, #1095, #1378, #1266, #6184, #6050, #314, #1142, #2303, #1699, #5827, #5804, #7300, #4230, #5108, #20, #5665, #3022, #3329, #1469, #225, #6860, #7614, #4821, #1493, #317, #2726, #2006, #6292, #809, #2205, #3469, #218, #808 ) ) ;
#5349 = ADVANCED_FACE ( 'NONE', ( #7191 ), #1064, .T. ) ;
#5350 = SURFACE_STYLE_USAGE ( .BOTH. , #3611 ) ;
#5351 = CARTESIAN_POINT ( 'NONE',  ( 9.119999999999999218, 15.69999999999999929, 2.555000000000001492 ) ) ;
#5352 = EDGE_LOOP ( 'NONE', ( #6487, #3287, #2065, #3724 ) ) ;
#5353 =( LENGTH_UNIT ( ) NAMED_UNIT ( * ) SI_UNIT ( .MILLI., .METRE. ) );
#5354 = DIRECTION ( 'NONE',  ( -0.0000000000000000000, 1.000000000000000000, -0.0000000000000000000 ) ) ;
#5355 = CARTESIAN_POINT ( 'NONE',  ( 6.083333333333330373, 11.26666666666669947, 7.203333333333301169 ) ) ;
#5356 = FILL_AREA_STYLE ('',( #610 ) ) ;
#5357 = CARTESIAN_POINT ( 'NONE',  ( 7.549999999999999822, 11.50000000000000000, 2.209999999999999964 ) ) ;
#5358 = SURFACE_SIDE_STYLE ('',( #4179 ) ) ;
#5359 = LINE ( 'NONE', #4776, #6748 ) ;
#5360 = PLANE ( 'NONE',  #7316 ) ;
#5361 = SURFACE_SIDE_STYLE ('',( #4070 ) ) ;
#5362 = FACE_BOUND ( 'NONE', #2154, .T. ) ;
#5363 = DIRECTION ( 'NONE',  ( 0.0000000000000000000, 0.2425356250363290000, 0.9701425001453328756 ) ) ;
#5364 = ORIENTED_EDGE ( 'NONE', *, *, #6738, .F. ) ;
#5365 = ORIENTED_EDGE ( 'NONE', *, *, #4084, .T. ) ;
#5366 = CARTESIAN_POINT ( 'NONE',  ( 4.150000000000000355, 17.39999999999999858, 8.659230484541300399 ) ) ;
#5367 = DIRECTION ( 'NONE',  ( 0.0000000000000000000, 0.0000000000000000000, -1.000000000000000000 ) ) ;
#5368 = VECTOR ( 'NONE', #536, 1000.000000000000000 ) ;
#5369 = ORIENTED_EDGE ( 'NONE', *, *, #419, .F. ) ;
#5370 = PLANE ( 'NONE',  #7292 ) ;
#5371 = DIRECTION ( 'NONE',  ( 0.0000000000000000000, -1.000000000000000000, 0.0000000000000000000 ) ) ;
#5372 = STYLED_ITEM ( 'NONE', ( #820 ), #138 ) ;
#5373 = ORIENTED_EDGE ( 'NONE', *, *, #6827, .F. ) ;
#5374 = DIRECTION ( 'NONE',  ( 0.2357022603955148676, 0.9428090415820634673, 0.2357022603955158668 ) ) ;
#5375 = PRESENTATION_LAYER_ASSIGNMENT (  '', '', ( #6242 ) ) ;
#5376 = ORIENTED_EDGE ( 'NONE', *, *, #5253, .F. ) ;
#5377 = FACE_OUTER_BOUND ( 'NONE', #3331, .T. ) ;
#5378 = DIRECTION ( 'NONE',  ( 0.0000000000000000000, -0.0000000000000000000, 1.000000000000000000 ) ) ;
#5379 = CARTESIAN_POINT ( 'NONE',  ( 4.599999999999999645, 15.69999999999999929, 2.770769515458702870 ) ) ;
#5380 = VECTOR ( 'NONE', #2234, 1000.000000000000000 ) ;
#5381 = VERTEX_POINT ( 'NONE', #6610 ) ;
#5382 = DIRECTION ( 'NONE',  ( 0.0000000000000000000, 0.0000000000000000000, -1.000000000000000000 ) ) ;
#5383 = EDGE_CURVE ( 'NONE', #149, #3248, #7748, .T. ) ;
#5384 = VECTOR ( 'NONE', #6518, 1000.000000000000000 ) ;
#5385 = STYLED_ITEM ( 'NONE', ( #5169 ), #2384 ) ;
#5386 = DIRECTION ( 'NONE',  ( 0.0000000000000000000, 1.000000000000000000, 0.0000000000000000000 ) ) ;
#5387 = ADVANCED_FACE ( 'NONE', ( #3473 ), #6011, .T. ) ;
#5388 = PRESENTATION_STYLE_ASSIGNMENT (( #5962 ) ) ;
#5389 = FACE_OUTER_BOUND ( 'NONE', #299, .T. ) ;
#5390 = CARTESIAN_POINT ( 'NONE',  ( 10.00000000000000000, 17.69999999999999929, 1.510000000000000897 ) ) ;
#5391 = ORIENTED_EDGE ( 'NONE', *, *, #2623, .F. ) ;
#5392 = PLANE ( 'NONE',  #4937 ) ;
#5393 = UNCERTAINTY_MEASURE_WITH_UNIT (LENGTH_MEASURE( 1.000000000000000082E-05 ), #7756, 'distance_accuracy_value', 'NONE');
#5394 = SURFACE_STYLE_FILL_AREA ( #1206 ) ;
#5395 = EDGE_CURVE ( 'NONE', #4702, #3646, #6048, .T. ) ;
#5396 = MECHANICAL_DESIGN_GEOMETRIC_PRESENTATION_REPRESENTATION (  '', ( #348 ), #5767 ) ;
#5397 = CARTESIAN_POINT ( 'NONE',  ( 4.219230769230759570, 15.69999999999999929, 14.44059193496819837 ) ) ;
#5398 = CARTESIAN_POINT ( 'NONE',  ( 10.50000000000000000, 12.40000000000000213, 21.35000000000000142 ) ) ;
#5399 = CARTESIAN_POINT ( 'NONE',  ( 9.119999999999999218, 9.000000000000001776, 8.875000000000001776 ) ) ;
#5400 = CARTESIAN_POINT ( 'NONE',  ( 6.899999999999999467, 20.89999999999999147, 11.82999999999999829 ) ) ;
#5401 = DIRECTION ( 'NONE',  ( 1.000000000000000000, 4.336808689942009847E-15, 0.0000000000000000000 ) ) ;
#5402 = CARTESIAN_POINT ( 'NONE',  ( 6.099999999999999645, 21.69999999999999929, 3.409999999999999698 ) ) ;
#5403 = CARTESIAN_POINT ( 'NONE',  ( 7.549999999999999822, 11.50000000000000000, 2.209999999999999964 ) ) ;
#5404 = CARTESIAN_POINT ( 'NONE',  ( 4.150000000000000355, 17.39999999999999858, 16.83999999999999631 ) ) ;
#5405 = ORIENTED_EDGE ( 'NONE', *, *, #4723, .T. ) ;
#5406 = VECTOR ( 'NONE', #4561, 1000.000000000000000 ) ;
#5407 = ORIENTED_EDGE ( 'NONE', *, *, #947, .T. ) ;
#5408 = LINE ( 'NONE', #5366, #1731 ) ;
#5409 = VECTOR ( 'NONE', #7466, 1000.000000000000000 ) ;
#5410 = ORIENTED_EDGE ( 'NONE', *, *, #4717, .F. ) ;
#5411 = DIRECTION ( 'NONE',  ( -0.2425356250363329691, 0.9701425001453318764, 0.0000000000000000000 ) ) ;
#5412 = LINE ( 'NONE', #1111, #275 ) ;
#5413 = ORIENTED_EDGE ( 'NONE', *, *, #4427, .F. ) ;
#5414 = AXIS2_PLACEMENT_3D ( 'NONE', #3340, #1633, #1005 ) ;
#5415 = ORIENTED_EDGE ( 'NONE', *, *, #1324, .F. ) ;
#5416 = DIRECTION ( 'NONE',  ( 1.000000000000000000, 0.0000000000000000000, 0.0000000000000000000 ) ) ;
#5417 = AXIS2_PLACEMENT_3D ( 'NONE', #5390, #1273, #6565 ) ;
#5418 = PLANE ( 'NONE',  #137 ) ;
#5419 = LINE ( 'NONE', #1932, #346 ) ;
#5420 = ORIENTED_EDGE ( 'NONE', *, *, #3414, .T. ) ;
#5421 = DIRECTION ( 'NONE',  ( 0.0000000000000000000, 1.000000000000000000, 0.0000000000000000000 ) ) ;
#5422 = ORIENTED_EDGE ( 'NONE', *, *, #1566, .F. ) ;
#5423 = LINE ( 'NONE', #4800, #7661 ) ;
#5424 = VERTEX_POINT ( 'NONE', #1842 ) ;
#5425 = FACE_BOUND ( 'NONE', #3534, .T. ) ;
#5426 = DIRECTION ( 'NONE',  ( 0.0000000000000000000, 0.0000000000000000000, -1.000000000000000000 ) ) ;
#5427 = EDGE_CURVE ( 'NONE', #6558, #5642, #171, .T. ) ;
#5428 = CARTESIAN_POINT ( 'NONE',  ( 6.349999999999999645, 9.000000000000001776, 2.210000000000003517 ) ) ;
#5429 = SURFACE_SIDE_STYLE ('',( #3068 ) ) ;
#5430 = EDGE_CURVE ( 'NONE', #1795, #6113, #2425, .T. ) ;
#5431 = PLANE ( 'NONE',  #2850 ) ;
#5432 = VECTOR ( 'NONE', #5932, 1000.000000000000000 ) ;
#5433 = LINE ( 'NONE', #5399, #2329 ) ;
#5434 = ADVANCED_FACE ( 'NONE', ( #3742 ), #5513, .F. ) ;
#5435 = DIRECTION ( 'NONE',  ( -0.2357022603955121753, -0.9428090415820651327, -0.2357022603955121753 ) ) ;
#5436 = CARTESIAN_POINT ( 'NONE',  ( 10.69999999999999929, 12.00000000000000000, -9.919999999999999929 ) ) ;
#5437 = CARTESIAN_POINT ( 'NONE',  ( 6.899999999999999467, 20.89999999999999147, 8.019999999999999574 ) ) ;
#5438 = EDGE_CURVE ( 'NONE', #4899, #4162, #2577, .T. ) ;
#5439 = DIRECTION ( 'NONE',  ( -1.000000000000000000, 0.0000000000000000000, 0.0000000000000000000 ) ) ;
#5440 = FACE_BOUND ( 'NONE', #6797, .T. ) ;
#5441 = VECTOR ( 'NONE', #7472, 1000.000000000000000 ) ;
#5442 = PRESENTATION_LAYER_ASSIGNMENT (  '', '', ( #3671 ) ) ;
#5443 = ORIENTED_EDGE ( 'NONE', *, *, #6812, .F. ) ;
#5444 = DIRECTION ( 'NONE',  ( 0.0000000000000000000, -1.000000000000000000, 0.0000000000000000000 ) ) ;
#5445 = DIRECTION ( 'NONE',  ( -1.000000000000000000, 0.0000000000000000000, 0.0000000000000000000 ) ) ;
#5446 = VERTEX_POINT ( 'NONE', #3189 ) ;
#5447 = CIRCLE ( 'NONE', #6577, 0.4499999999999999001 ) ;
#5448 = LINE ( 'NONE', #6739, #3157 ) ;
#5449 = CARTESIAN_POINT ( 'NONE',  ( 0.0000000000000000000, 21.69999999999999929, -15.24000000000000021 ) ) ;
#5450 = VERTEX_POINT ( 'NONE', #3106 ) ;
#5451 = AXIS2_PLACEMENT_3D ( 'NONE', #3917, #395, #951 ) ;
#5452 = VECTOR ( 'NONE', #6355, 1000.000000000000000 ) ;
#5453 = FACE_OUTER_BOUND ( 'NONE', #1217, .T. ) ;
#5454 = EDGE_LOOP ( 'NONE', ( #7618, #2468, #7597, #399 ) ) ;
#5455 = VECTOR ( 'NONE', #658, 1000.000000000000114 ) ;
#5456 = ORIENTED_EDGE ( 'NONE', *, *, #370, .T. ) ;
#5457 = CARTESIAN_POINT ( 'NONE',  ( 4.150000000000000355, 15.69999999999999929, 14.20076951545870259 ) ) ;
#5458 = MECHANICAL_DESIGN_GEOMETRIC_PRESENTATION_REPRESENTATION (  '', ( #2550 ), #4711 ) ;
#5459 = EDGE_LOOP ( 'NONE', ( #5062, #2277, #175, #6542, #870, #1255, #6319, #2930, #7600, #2505, #4749, #5885, #5806, #4090, #5679, #866, #29, #4872 ) ) ;
#5460 =( NAMED_UNIT ( * ) PLANE_ANGLE_UNIT ( ) SI_UNIT ( $, .RADIAN. ) );
#5461 =( NAMED_UNIT ( * ) SI_UNIT ( $, .STERADIAN. ) SOLID_ANGLE_UNIT ( ) );
#5462 = DIRECTION ( 'NONE',  ( 0.0000000000000000000, -1.000000000000000000, 0.0000000000000000000 ) ) ;
#5463 = ORIENTED_EDGE ( 'NONE', *, *, #7077, .F. ) ;
#5464 = CARTESIAN_POINT ( 'NONE',  ( 6.899999999999999467, 20.89999999999999147, 11.82999999999999829 ) ) ;
#5465 =( NAMED_UNIT ( * ) SI_UNIT ( $, .STERADIAN. ) SOLID_ANGLE_UNIT ( ) );
#5466 = CARTESIAN_POINT ( 'NONE',  ( 4.599999999999999645, 15.69999999999999929, 4.849230484541299013 ) ) ;
#5467 = CARTESIAN_POINT ( 'NONE',  ( 4.219230769230770228, 15.69999999999999929, 4.609408065031797896 ) ) ;
#5468 = EDGE_CURVE ( 'NONE', #2359, #6258, #5593, .T. ) ;
#5469 = LINE ( 'NONE', #5968, #825 ) ;
#5470 = DIRECTION ( 'NONE',  ( -1.000000000000000000, 0.0000000000000000000, 0.0000000000000000000 ) ) ;
#5471 = DIRECTION ( 'NONE',  ( 0.0000000000000000000, -1.000000000000000000, 0.0000000000000000000 ) ) ;
#5472 = DIRECTION ( 'NONE',  ( -0.2357022603955121753, 0.9428090415820651327, -0.2357022603955121753 ) ) ;
#5473 = DIRECTION ( 'NONE',  ( 0.0000000000000000000, -0.0000000000000000000, 1.000000000000000000 ) ) ;
#5474 = PLANE ( 'NONE',  #3197 ) ;
#5475 = FACE_OUTER_BOUND ( 'NONE', #4625, .T. ) ;
#5476 = ORIENTED_EDGE ( 'NONE', *, *, #1047, .T. ) ;
#5477 = ADVANCED_FACE ( 'NONE', ( #2463 ), #4968, .T. ) ;
#5478 = FILL_AREA_STYLE ('',( #6091 ) ) ;
#5479 = EDGE_CURVE ( 'NONE', #1625, #1306, #2784, .T. ) ;
#5480 = EDGE_LOOP ( 'NONE', ( #5013, #2066, #6794, #7149 ) ) ;
#5481 = EDGE_CURVE ( 'NONE', #1312, #3248, #4455, .T. ) ;
#5482 = CARTESIAN_POINT ( 'NONE',  ( 8.599999999999999645, 9.000000000000001776, 14.54000000000000092 ) ) ;
#5483 =( LENGTH_UNIT ( ) NAMED_UNIT ( * ) SI_UNIT ( .MILLI., .METRE. ) );
#5484 = AXIS2_PLACEMENT_3D ( 'NONE', #6073, #4913, #1907 ) ;
#5485 = ORIENTED_EDGE ( 'NONE', *, *, #7105, .F. ) ;
#5486 = EDGE_CURVE ( 'NONE', #6075, #6674, #1629, .T. ) ;
#5487 = DIRECTION ( 'NONE',  ( -1.000000000000000000, 0.0000000000000000000, 0.0000000000000000000 ) ) ;
#5488 = ADVANCED_FACE ( 'NONE', ( #7028 ), #5044, .T. ) ;
#5489 = ORIENTED_EDGE ( 'NONE', *, *, #4962, .T. ) ;
#5491 = DIRECTION ( 'NONE',  ( 0.0000000000000000000, -1.000000000000000000, 0.0000000000000000000 ) ) ;
#5490 = AXIS2_PLACEMENT_3D ( 'NONE', #603, #2895, #2978 ) ;
#5492 = FACE_OUTER_BOUND ( 'NONE', #5774, .T. ) ;
#5493 = VECTOR ( 'NONE', #1432, 1000.000000000000000 ) ;
#5494 = VERTEX_POINT ( 'NONE', #5845 ) ;
#5495 = DIRECTION ( 'NONE',  ( 0.0000000000000000000, 0.0000000000000000000, -1.000000000000000000 ) ) ;
#5496 = VECTOR ( 'NONE', #3552, 1000.000000000000000 ) ;
#5497 = AXIS2_PLACEMENT_3D ( 'NONE', #2749, #4583, #4023 ) ;
#5498 = ORIENTED_EDGE ( 'NONE', *, *, #2929, .T. ) ;
#5499 = SURFACE_STYLE_USAGE ( .BOTH. , #676 ) ;
#5500 = CARTESIAN_POINT ( 'NONE',  ( 6.700000000000001066, 21.69999999999999929, 4.009999999999999787 ) ) ;
#5501 = LINE ( 'NONE', #2451, #5734 ) ;
#5502 = LINE ( 'NONE', #7298, #4291 ) ;
#5503 = STYLED_ITEM ( 'NONE', ( #248 ), #2093 ) ;
#5504 = ORIENTED_EDGE ( 'NONE', *, *, #4538, .F. ) ;
#5505 = CARTESIAN_POINT ( 'NONE',  ( 6.099999999999999645, 20.89999999999999147, 15.63999999999999702 ) ) ;
#5506 = SURFACE_STYLE_USAGE ( .BOTH. , #3099 ) ;
#5507 =( LENGTH_UNIT ( ) NAMED_UNIT ( * ) SI_UNIT ( .MILLI., .METRE. ) );
#5508 = CARTESIAN_POINT ( 'NONE',  ( 9.119999999999999218, 17.39999999999999858, 20.30499999999999972 ) ) ;
#5509 = AXIS2_PLACEMENT_3D ( 'NONE', #1847, #7798, #6090 ) ;
#5510 = CYLINDRICAL_SURFACE ( 'NONE', #6743, 1.499999999999999556 ) ;
#5511 = DIRECTION ( 'NONE',  ( -0.0000000000000000000, 0.0000000000000000000, 1.000000000000000000 ) ) ;
#5512 = CARTESIAN_POINT ( 'NONE',  ( 8.599999999999999645, 15.69999999999999929, 3.110000000000001652 ) ) ;
#5513 = PLANE ( 'NONE',  #2524 ) ;
#5514 = VECTOR ( 'NONE', #2955, 1000.000000000000114 ) ;
#5515 = FACE_OUTER_BOUND ( 'NONE', #4124, .T. ) ;
#5516 = DIRECTION ( 'NONE',  ( 0.0000000000000000000, 0.0000000000000000000, -1.000000000000000000 ) ) ;
#5517 = AXIS2_PLACEMENT_3D ( 'NONE', #3259, #7305, #807 ) ;
#5518 =( NAMED_UNIT ( * ) SI_UNIT ( $, .STERADIAN. ) SOLID_ANGLE_UNIT ( ) );
#5519 = VERTEX_POINT ( 'NONE', #7067 ) ;
#5520 = CARTESIAN_POINT ( 'NONE',  ( 4.150000000000000355, 17.39999999999999858, 13.63999999999999879 ) ) ;
#5521 = COLOUR_RGB ( '',1.000000000000000000, 1.000000000000000000, 1.000000000000000000 ) ;
#5522 = ORIENTED_EDGE ( 'NONE', *, *, #7105, .T. ) ;
#5523 = DIRECTION ( 'NONE',  ( 1.000000000000000000, 0.0000000000000000000, 0.0000000000000000000 ) ) ;
#5524 = FILL_AREA_STYLE_COLOUR ( '', #5328 ) ;
#5525 = EDGE_CURVE ( 'NONE', #2551, #6796, #1666, .T. ) ;
#5526 = ORIENTED_EDGE ( 'NONE', *, *, #110, .F. ) ;
#5527 = EDGE_CURVE ( 'NONE', #946, #7519, #1703, .T. ) ;
#5528 = ORIENTED_EDGE ( 'NONE', *, *, #3328, .T. ) ;
#5529 = EDGE_CURVE ( 'NONE', #4517, #565, #7423, .T. ) ;
#5530 = LINE ( 'NONE', #3719, #1408 ) ;
#5531 = EDGE_CURVE ( 'NONE', #3954, #4234, #1444, .T. ) ;
#5532 = ORIENTED_EDGE ( 'NONE', *, *, #5157, .T. ) ;
#5533 = PLANE ( 'NONE',  #1528 ) ;
#5534 =( GEOMETRIC_REPRESENTATION_CONTEXT ( 3 ) GLOBAL_UNCERTAINTY_ASSIGNED_CONTEXT ( ( #7101 ) ) GLOBAL_UNIT_ASSIGNED_CONTEXT ( ( #967, #5738, #2181 ) ) REPRESENTATION_CONTEXT ( 'NONE', 'WORKASPACE' ) );
#5535 = ORIENTED_EDGE ( 'NONE', *, *, #1291, .T. ) ;
#5536 = DIRECTION ( 'NONE',  ( -1.000000000000000000, 0.0000000000000000000, 0.0000000000000000000 ) ) ;
#5537 = CARTESIAN_POINT ( 'NONE',  ( 6.500000000000000888, 15.69999999999999929, 16.14000000000000057 ) ) ;
#5538 = DIRECTION ( 'NONE',  ( 0.0000000000000000000, 1.000000000000000000, 0.0000000000000000000 ) ) ;
#5539 = ORIENTED_EDGE ( 'NONE', *, *, #6723, .T. ) ;
#5540 = ORIENTED_EDGE ( 'NONE', *, *, #647, .T. ) ;
#5541 = SURFACE_STYLE_FILL_AREA ( #7340 ) ;
#5542 =( GEOMETRIC_REPRESENTATION_CONTEXT ( 3 ) GLOBAL_UNCERTAINTY_ASSIGNED_CONTEXT ( ( #4757 ) ) GLOBAL_UNIT_ASSIGNED_CONTEXT ( ( #2036, #1487, #3188 ) ) REPRESENTATION_CONTEXT ( 'NONE', 'WORKASPACE' ) );
#5543 = CARTESIAN_POINT ( 'NONE',  ( 9.800000000000000711, 17.39999999999999858, 5.299999999999998934 ) ) ;
#5544 = LINE ( 'NONE', #6917, #4504 ) ;
#5545 = DIRECTION ( 'NONE',  ( 0.0000000000000000000, 0.0000000000000000000, 1.000000000000000000 ) ) ;
#5546 = CARTESIAN_POINT ( 'NONE',  ( 10.50000000000000000, 17.69999999999999929, 21.35000000000000142 ) ) ;
#5547 = FACE_OUTER_BOUND ( 'NONE', #5187, .T. ) ;
#5548 = FACE_OUTER_BOUND ( 'NONE', #1936, .T. ) ;
#5549 = DIRECTION ( 'NONE',  ( 0.0000000000000000000, -1.000000000000000000, 0.0000000000000000000 ) ) ;
#5550 = UNCERTAINTY_MEASURE_WITH_UNIT (LENGTH_MEASURE( 1.000000000000000082E-05 ), #6352, 'distance_accuracy_value', 'NONE');
#5551 = ORIENTED_EDGE ( 'NONE', *, *, #5669, .T. ) ;
#5552 = DIRECTION ( 'NONE',  ( 0.0000000000000000000, 1.000000000000000000, 0.0000000000000000000 ) ) ;
#5553 = DIRECTION ( 'NONE',  ( 0.0000000000000000000, 0.0000000000000000000, -1.000000000000000000 ) ) ;
#5554 = ORIENTED_EDGE ( 'NONE', *, *, #4432, .F. ) ;
#5555 = CIRCLE ( 'NONE', #6941, 0.4499999999999990119 ) ;
#5556 = CARTESIAN_POINT ( 'NONE',  ( 9.119999999999999218, 9.000000000000001776, 14.54000000000000092 ) ) ;
#5557 = VECTOR ( 'NONE', #3178, 1000.000000000000000 ) ;
#5558 =( NAMED_UNIT ( * ) PLANE_ANGLE_UNIT ( ) SI_UNIT ( $, .RADIAN. ) );
#5559 = DIRECTION ( 'NONE',  ( 0.0000000000000000000, 0.0000000000000000000, 1.000000000000000000 ) ) ;
#5560 = ORIENTED_EDGE ( 'NONE', *, *, #7291, .T. ) ;
#5561 = ORIENTED_EDGE ( 'NONE', *, *, #2300, .F. ) ;
#5562 = CARTESIAN_POINT ( 'NONE',  ( 9.800000000000000711, 9.000000000000001776, 20.53999999999999915 ) ) ;
#5563 = VECTOR ( 'NONE', #261, 1000.000000000000000 ) ;
#5564 = STYLED_ITEM ( 'NONE', ( #3654 ), #4619 ) ;
#5565 = ORIENTED_EDGE ( 'NONE', *, *, #7154, .T. ) ;
#5566 = ADVANCED_FACE ( 'NONE', ( #440 ), #4716, .F. ) ;
#5567 = LINE ( 'NONE', #6220, #646 ) ;
#5568 = CIRCLE ( 'NONE', #3308, 0.9000000000000014655 ) ;
#5569 = STYLED_ITEM ( 'NONE', ( #768 ), #4722 ) ;
#5570 = ORIENTED_EDGE ( 'NONE', *, *, #474, .T. ) ;
#5571 =( NAMED_UNIT ( * ) SI_UNIT ( $, .STERADIAN. ) SOLID_ANGLE_UNIT ( ) );
#5572 = ADVANCED_FACE ( 'NONE', ( #2215 ), #3413, .T. ) ;
#5573 = EDGE_CURVE ( 'NONE', #3352, #3789, #5220, .T. ) ;
#5574 = VERTEX_POINT ( 'NONE', #68 ) ;
#5575 = PLANE ( 'NONE',  #3855 ) ;
#5576 = CARTESIAN_POINT ( 'NONE',  ( 6.349999999999999645, 18.19999999999999929, 20.65000000000000213 ) ) ;
#5577 =( NAMED_UNIT ( * ) SI_UNIT ( $, .STERADIAN. ) SOLID_ANGLE_UNIT ( ) );
#5578 = CARTESIAN_POINT ( 'NONE',  ( 6.099999999999999645, 21.69999999999999929, 14.83999999999999986 ) ) ;
#5579 = VERTEX_POINT ( 'NONE', #1193 ) ;
#5580 = EDGE_CURVE ( 'NONE', #6790, #342, #7767, .T. ) ;
#5581 = DIRECTION ( 'NONE',  ( 0.0000000000000000000, -1.000000000000000000, 0.0000000000000000000 ) ) ;
#5582 = CARTESIAN_POINT ( 'NONE',  ( 6.899999999999999467, 20.89999999999999147, 3.409999999999999698 ) ) ;
#5583 = ORIENTED_EDGE ( 'NONE', *, *, #2441, .F. ) ;
#5584 = LINE ( 'NONE', #847, #6006 ) ;
#5585 = EDGE_CURVE ( 'NONE', #1788, #7133, #5987, .T. ) ;
#5586 = SURFACE_STYLE_USAGE ( .BOTH. , #7382 ) ;
#5587 = EDGE_CURVE ( 'NONE', #7649, #5339, #3053, .T. ) ;
#5588 = LINE ( 'NONE', #3144, #3481 ) ;
#5589 =( GEOMETRIC_REPRESENTATION_CONTEXT ( 3 ) GLOBAL_UNCERTAINTY_ASSIGNED_CONTEXT ( ( #7666 ) ) GLOBAL_UNIT_ASSIGNED_CONTEXT ( ( #6452, #1054, #3501 ) ) REPRESENTATION_CONTEXT ( 'NONE', 'WORKASPACE' ) );
#5590 = PRESENTATION_STYLE_ASSIGNMENT (( #7311 ) ) ;
#5591 = CARTESIAN_POINT ( 'NONE',  ( 4.219230769230770228, 9.000000000000001776, 4.609408065031797896 ) ) ;
#5592 = DIRECTION ( 'NONE',  ( 0.0000000000000000000, 1.000000000000000000, 0.0000000000000000000 ) ) ;
#5593 = LINE ( 'NONE', #6124, #4566 ) ;
#5594 = CARTESIAN_POINT ( 'NONE',  ( 4.599999999999999645, 15.69999999999999929, 16.27923048454129784 ) ) ;
#5595 = DIRECTION ( 'NONE',  ( 0.0000000000000000000, 0.0000000000000000000, 1.000000000000000000 ) ) ;
#5596 = ORIENTED_EDGE ( 'NONE', *, *, #3263, .T. ) ;
#5597 = FILL_AREA_STYLE ('',( #3862 ) ) ;
#5598 = PLANE ( 'NONE',  #7370 ) ;
#5599 = VERTEX_POINT ( 'NONE', #3641 ) ;
#5600 = ORIENTED_EDGE ( 'NONE', *, *, #3514, .F. ) ;
#5601 = ORIENTED_EDGE ( 'NONE', *, *, #3519, .F. ) ;
#5602 = ORIENTED_EDGE ( 'NONE', *, *, #6627, .T. ) ;
#5603 = LINE ( 'NONE', #2598, #6316 ) ;
#5604 = VECTOR ( 'NONE', #6677, 1000.000000000000000 ) ;
#5605 = ORIENTED_EDGE ( 'NONE', *, *, #3321, .F. ) ;
#5606 = MECHANICAL_DESIGN_GEOMETRIC_PRESENTATION_REPRESENTATION (  '', ( #1825 ), #6614 ) ;
#5607 = VECTOR ( 'NONE', #194, 1000.000000000000000 ) ;
#5608 = PRESENTATION_LAYER_ASSIGNMENT (  '', '', ( #3599 ) ) ;
#5609 = ORIENTED_EDGE ( 'NONE', *, *, #5730, .T. ) ;
#5610 = CARTESIAN_POINT ( 'NONE',  ( 9.119999999999999218, 9.000000000000001776, 12.13000000000000078 ) ) ;
#5611 = LINE ( 'NONE', #3686, #4369 ) ;
#5612 =( LENGTH_UNIT ( ) NAMED_UNIT ( * ) SI_UNIT ( .MILLI., .METRE. ) );
#5613 = CARTESIAN_POINT ( 'NONE',  ( 6.299999999999999822, 10.40000000000000213, 15.63999999999999702 ) ) ;
#5614 = EDGE_LOOP ( 'NONE', ( #592, #4086 ) ) ;
#5615 = DIRECTION ( 'NONE',  ( -1.000000000000000000, 0.0000000000000000000, 0.0000000000000000000 ) ) ;
#5616 = AXIS2_PLACEMENT_3D ( 'NONE', #6328, #2224, #969 ) ;
#5617 = PRESENTATION_LAYER_ASSIGNMENT (  '', '', ( #3487 ) ) ;
#5618 = ORIENTED_EDGE ( 'NONE', *, *, #5772, .F. ) ;
#5619 = EDGE_CURVE ( 'NONE', #1855, #6301, #32, .T. ) ;
#5620 =( NAMED_UNIT ( * ) PLANE_ANGLE_UNIT ( ) SI_UNIT ( $, .RADIAN. ) );
#5621 = EDGE_CURVE ( 'NONE', #1226, #1574, #2485, .T. ) ;
#5622 = AXIS2_PLACEMENT_3D ( 'NONE', #2204, #5327, #5367 ) ;
#5623 = DIRECTION ( 'NONE',  ( 0.0000000000000000000, 0.0000000000000000000, -1.000000000000000000 ) ) ;
#5624 = VECTOR ( 'NONE', #2225, 1000.000000000000114 ) ;
#5625 = CARTESIAN_POINT ( 'NONE',  ( 8.599999999999999645, 9.000000000000001776, 4.509999999999999787 ) ) ;
#5626 = FACE_OUTER_BOUND ( 'NONE', #1875, .T. ) ;
#5627 = DIRECTION ( 'NONE',  ( 0.0000000000000000000, 0.0000000000000000000, -1.000000000000000000 ) ) ;
#5628 = CARTESIAN_POINT ( 'NONE',  ( 4.150000000000000355, 17.39999999999999858, 8.659230484541300399 ) ) ;
#5629 = ADVANCED_FACE ( 'NONE', ( #2370 ), #5418, .F. ) ;
#5630 = CARTESIAN_POINT ( 'NONE',  ( 6.349999999999999645, 11.50000000000000000, 2.209999999999999964 ) ) ;
#5631 = CARTESIAN_POINT ( 'NONE',  ( 6.099999999999999645, 20.89999999999999147, 4.209999999999998188 ) ) ;
#5632 = PRESENTATION_LAYER_ASSIGNMENT (  '', '', ( #3491 ) ) ;
#5633 = ORIENTED_EDGE ( 'NONE', *, *, #7730, .T. ) ;
#5634 = LINE ( 'NONE', #2545, #6120 ) ;
#5635 = LINE ( 'NONE', #422, #4497 ) ;
#5636 = ORIENTED_EDGE ( 'NONE', *, *, #1964, .F. ) ;
#5637 = VECTOR ( 'NONE', #3324, 1000.000000000000000 ) ;
#5638 = VECTOR ( 'NONE', #6368, 1000.000000000000000 ) ;
#5639 = ORIENTED_EDGE ( 'NONE', *, *, #2516, .T. ) ;
#5640 = LINE ( 'NONE', #6855, #3058 ) ;
#5641 = LINE ( 'NONE', #3012, #5645 ) ;
#5642 = VERTEX_POINT ( 'NONE', #2444 ) ;
#5643 = MECHANICAL_DESIGN_GEOMETRIC_PRESENTATION_REPRESENTATION (  '', ( #2866 ), #6134 ) ;
#5644 = ORIENTED_EDGE ( 'NONE', *, *, #4531, .T. ) ;
#5645 = VECTOR ( 'NONE', #227, 1000.000000000000000 ) ;
#5646 = CARTESIAN_POINT ( 'NONE',  ( 0.0000000000000000000, 21.69999999999999929, -3.810000000000000053 ) ) ;
#5647 = CARTESIAN_POINT ( 'NONE',  ( 6.500000000000000888, 15.69999999999999929, 19.05000000000000071 ) ) ;
#5648 = VERTEX_POINT ( 'NONE', #5921 ) ;
#5649 = DIRECTION ( 'NONE',  ( 0.0000000000000000000, 1.000000000000000000, 0.0000000000000000000 ) ) ;
#5650 = ORIENTED_EDGE ( 'NONE', *, *, #2059, .F. ) ;
#5651 = EDGE_LOOP ( 'NONE', ( #6579, #4168 ) ) ;
#5652 = DIRECTION ( 'NONE',  ( 0.0000000000000000000, 0.0000000000000000000, -1.000000000000000000 ) ) ;
#5653 = LINE ( 'NONE', #7335, #7608 ) ;
#5654 = ORIENTED_EDGE ( 'NONE', *, *, #6825, .T. ) ;
#5655 = ADVANCED_FACE ( 'NONE', ( #5492 ), #5957, .F. ) ;
#5656 = ORIENTED_EDGE ( 'NONE', *, *, #1524, .F. ) ;
#5657 = SURFACE_SIDE_STYLE ('',( #4640 ) ) ;
#5658 = CARTESIAN_POINT ( 'NONE',  ( 4.219230769230770228, 9.000000000000001776, 6.820591934968200931 ) ) ;
#5659 = PRESENTATION_LAYER_ASSIGNMENT (  '', '', ( #6021 ) ) ;
#5660 =( NAMED_UNIT ( * ) SI_UNIT ( $, .STERADIAN. ) SOLID_ANGLE_UNIT ( ) );
#5661 = LINE ( 'NONE', #3738, #3353 ) ;
#5662 = DIRECTION ( 'NONE',  ( 0.0000000000000000000, -0.8944271909999177428, -0.4472135954999542640 ) ) ;
#5663 = SURFACE_SIDE_STYLE ('',( #6921 ) ) ;
#5664 = DIRECTION ( 'NONE',  ( 0.0000000000000000000, 0.0000000000000000000, -1.000000000000000000 ) ) ;
#5665 = ADVANCED_FACE ( 'NONE', ( #3678 ), #1159, .T. ) ;
#5666 = FILL_AREA_STYLE ('',( #3857 ) ) ;
#5667 = VECTOR ( 'NONE', #5819, 1000.000000000000000 ) ;
#5668 = DIRECTION ( 'NONE',  ( -1.000000000000000000, 0.0000000000000000000, 0.0000000000000000000 ) ) ;
#5669 = EDGE_CURVE ( 'NONE', #2075, #4280, #1423, .T. ) ;
#5670 = ORIENTED_EDGE ( 'NONE', *, *, #6219, .F. ) ;
#5671 = CARTESIAN_POINT ( 'NONE',  ( 9.119999999999999218, 15.69999999999999929, 3.110000000000001652 ) ) ;
#5672 = FILL_AREA_STYLE ('',( #1530 ) ) ;
#5673 = EDGE_CURVE ( 'NONE', #1934, #5519, #5567, .T. ) ;
#5674 =( GEOMETRIC_REPRESENTATION_CONTEXT ( 3 ) GLOBAL_UNCERTAINTY_ASSIGNED_CONTEXT ( ( #4131 ) ) GLOBAL_UNIT_ASSIGNED_CONTEXT ( ( #762, #7596, #4358 ) ) REPRESENTATION_CONTEXT ( 'NONE', 'WORKASPACE' ) );
#5675 = ORIENTED_EDGE ( 'NONE', *, *, #6777, .T. ) ;
#5676 = EDGE_CURVE ( 'NONE', #7359, #4463, #5568, .T. ) ;
#5677 = LINE ( 'NONE', #260, #6624 ) ;
#5678 = FILL_AREA_STYLE ('',( #2197 ) ) ;
#5679 = ORIENTED_EDGE ( 'NONE', *, *, #5681, .F. ) ;
#5680 = PLANE ( 'NONE',  #6460 ) ;
#5681 = EDGE_CURVE ( 'NONE', #3608, #6758, #5066, .T. ) ;
#5682 = EDGE_LOOP ( 'NONE', ( #5214, #6628, #5532, #1419 ) ) ;
#5683 = VECTOR ( 'NONE', #2633, 1000.000000000000000 ) ;
#5684 = EDGE_LOOP ( 'NONE', ( #961, #2320, #7807, #784 ) ) ;
#5685 = DIRECTION ( 'NONE',  ( -0.9451512019217267468, 0.0000000000000000000, 0.3266331359582419491 ) ) ;
#5686 = EDGE_CURVE ( 'NONE', #7529, #5164, #4510, .T. ) ;
#5687 = VECTOR ( 'NONE', #4535, 1000.000000000000000 ) ;
#5688 = ORIENTED_EDGE ( 'NONE', *, *, #3514, .T. ) ;
#5689 = AXIS2_PLACEMENT_3D ( 'NONE', #6852, #5753, #865 ) ;
#5690 = DIRECTION ( 'NONE',  ( 0.0000000000000000000, 0.0000000000000000000, -1.000000000000000000 ) ) ;
#5691 = AXIS2_PLACEMENT_3D ( 'NONE', #3693, #6722, #1277 ) ;
#5692 = ORIENTED_EDGE ( 'NONE', *, *, #3038, .F. ) ;
#5693 = ORIENTED_EDGE ( 'NONE', *, *, #7635, .T. ) ;
#5694 = MECHANICAL_DESIGN_GEOMETRIC_PRESENTATION_REPRESENTATION (  '', ( #10 ), #1916 ) ;
#5695 = MECHANICAL_DESIGN_GEOMETRIC_PRESENTATION_REPRESENTATION (  '', ( #2797 ), #3055 ) ;
#5696 = CARTESIAN_POINT ( 'NONE',  ( 6.349999999999999645, 10.00000000000000178, 2.210000000000003517 ) ) ;
#5697 = CARTESIAN_POINT ( 'NONE',  ( 6.500000000000000888, 14.69999999999999929, 19.44999999999999929 ) ) ;
#5698 = ORIENTED_EDGE ( 'NONE', *, *, #708, .F. ) ;
#5699 = DIRECTION ( 'NONE',  ( 0.0000000000000000000, 0.0000000000000000000, -1.000000000000000000 ) ) ;
#5700 = ORIENTED_EDGE ( 'NONE', *, *, #5001, .F. ) ;
#5701 = UNCERTAINTY_MEASURE_WITH_UNIT (LENGTH_MEASURE( 1.000000000000000082E-05 ), #4135, 'distance_accuracy_value', 'NONE');
#5702 = DIRECTION ( 'NONE',  ( 1.000000000000000000, 0.0000000000000000000, 0.0000000000000000000 ) ) ;
#5703 = FACE_OUTER_BOUND ( 'NONE', #3909, .T. ) ;
#5704 = VECTOR ( 'NONE', #7408, 1000.000000000000000 ) ;
#5705 = CARTESIAN_POINT ( 'NONE',  ( 10.00000000000000000, 18.19999999999999929, 1.510000000000000897 ) ) ;
#5706 = DIRECTION ( 'NONE',  ( 0.0000000000000000000, -1.000000000000000000, 0.0000000000000000000 ) ) ;
#5707 = CARTESIAN_POINT ( 'NONE',  ( 9.800000000000000711, 17.39999999999999858, 12.91999999999999993 ) ) ;
#5708 = DIRECTION ( 'NONE',  ( 0.2357022603955121753, -0.9428090415820651327, -0.2357022603955121753 ) ) ;
#5709 = CARTESIAN_POINT ( 'NONE',  ( 6.099999999999999645, 21.69999999999999929, 4.209999999999998188 ) ) ;
#5710 = SURFACE_STYLE_USAGE ( .BOTH. , #2187 ) ;
#5711 = CARTESIAN_POINT ( 'NONE',  ( 6.900000000000000355, 11.19999999999999929, 19.44999999999999929 ) ) ;
#5712 = VERTEX_POINT ( 'NONE', #148 ) ;
#5713 = SURFACE_SIDE_STYLE ('',( #6811 ) ) ;
#5714 = AXIS2_PLACEMENT_3D ( 'NONE', #418, #4572, #1599 ) ;
#5715 = ORIENTED_EDGE ( 'NONE', *, *, #3026, .T. ) ;
#5716 = PLANE ( 'NONE',  #6875 ) ;
#5717 = CARTESIAN_POINT ( 'NONE',  ( 9.119999999999999218, 9.000000000000001776, 5.065000000000000391 ) ) ;
#5718 = VERTEX_POINT ( 'NONE', #187 ) ;
#5719 =( LENGTH_UNIT ( ) NAMED_UNIT ( * ) SI_UNIT ( .MILLI., .METRE. ) );
#5720 = DIRECTION ( 'NONE',  ( 0.0000000000000000000, 0.0000000000000000000, 1.000000000000000000 ) ) ;
#5721 = DIRECTION ( 'NONE',  ( 1.000000000000000000, 0.0000000000000000000, 0.0000000000000000000 ) ) ;
#5722 = ORIENTED_EDGE ( 'NONE', *, *, #755, .T. ) ;
#5723 = EDGE_CURVE ( 'NONE', #4138, #3588, #7444, .T. ) ;
#5724 = ORIENTED_EDGE ( 'NONE', *, *, #1948, .T. ) ;
#5725 = EDGE_CURVE ( 'NONE', #95, #2250, #5530, .T. ) ;
#5726 = SURFACE_STYLE_USAGE ( .BOTH. , #272 ) ;
#5727 = ADVANCED_FACE ( 'NONE', ( #2555 ), #4434, .T. ) ;
#5728 = EDGE_CURVE ( 'NONE', #5112, #5023, #3802, .T. ) ;
#5729 = ORIENTED_EDGE ( 'NONE', *, *, #5958, .T. ) ;
#5730 = EDGE_CURVE ( 'NONE', #5258, #1816, #5603, .T. ) ;
#5731 = PRESENTATION_STYLE_ASSIGNMENT (( #6985 ) ) ;
#5732 = ORIENTED_EDGE ( 'NONE', *, *, #7633, .F. ) ;
#5733 = ORIENTED_EDGE ( 'NONE', *, *, #6627, .F. ) ;
#5734 = VECTOR ( 'NONE', #2413, 1000.000000000000000 ) ;
#5735 = EDGE_LOOP ( 'NONE', ( #4248, #4001, #1589, #3131 ) ) ;
#5736 = SURFACE_STYLE_FILL_AREA ( #3969 ) ;
#5737 = AXIS2_PLACEMENT_3D ( 'NONE', #4774, #1762, #650 ) ;
#5738 =( NAMED_UNIT ( * ) PLANE_ANGLE_UNIT ( ) SI_UNIT ( $, .RADIAN. ) );
#5739 = PLANE ( 'NONE',  #2728 ) ;
#5740 = LINE ( 'NONE', #4603, #318 ) ;
#5741 = CARTESIAN_POINT ( 'NONE',  ( 4.150000000000000355, 9.000000000000001776, 20.08923048454130011 ) ) ;
#5742 = AXIS2_PLACEMENT_3D ( 'NONE', #4171, #5386, #6031 ) ;
#5743 = ORIENTED_EDGE ( 'NONE', *, *, #2678, .F. ) ;
#5744 = MECHANICAL_DESIGN_GEOMETRIC_PRESENTATION_REPRESENTATION (  '', ( #3487 ), #2212 ) ;
#5745 = DIRECTION ( 'NONE',  ( 0.0000000000000000000, 0.0000000000000000000, -1.000000000000000000 ) ) ;
#5746 = FILL_AREA_STYLE_COLOUR ( '', #1422 ) ;
#5747 = CARTESIAN_POINT ( 'NONE',  ( 4.150000000000000355, 9.000000000000001776, 20.64999999999999858 ) ) ;
#5748 = EDGE_LOOP ( 'NONE', ( #4506, #4328, #919, #7613 ) ) ;
#5749 = CARTESIAN_POINT ( 'NONE',  ( 10.50000000000000000, 9.000000000000001776, 1.510000000000000897 ) ) ;
#5750 = VECTOR ( 'NONE', #5553, 1000.000000000000000 ) ;
#5751 = AXIS2_PLACEMENT_3D ( 'NONE', #2573, #890, #1317 ) ;
#5752 = ORIENTED_EDGE ( 'NONE', *, *, #5337, .F. ) ;
#5753 = DIRECTION ( 'NONE',  ( 0.0000000000000000000, 0.0000000000000000000, -1.000000000000000000 ) ) ;
#5754 = ORIENTED_EDGE ( 'NONE', *, *, #7673, .F. ) ;
#5755 = DIRECTION ( 'NONE',  ( -1.000000000000000000, 0.0000000000000000000, 0.0000000000000000000 ) ) ;
#5756 = FACE_OUTER_BOUND ( 'NONE', #3007, .T. ) ;
#5757 = PRESENTATION_LAYER_ASSIGNMENT (  '', '', ( #5503 ) ) ;
#5758 = CARTESIAN_POINT ( 'NONE',  ( 4.150000000000000355, 15.69999999999999929, 14.33999999999999808 ) ) ;
#5759 = ORIENTED_EDGE ( 'NONE', *, *, #3943, .T. ) ;
#5760 = ORIENTED_EDGE ( 'NONE', *, *, #2521, .T. ) ;
#5761 = CARTESIAN_POINT ( 'NONE',  ( 9.119999999999999218, 15.69999999999999929, 12.68500000000000050 ) ) ;
#5762 = VECTOR ( 'NONE', #2118, 1000.000000000000000 ) ;
#5763 = CARTESIAN_POINT ( 'NONE',  ( 6.500000000000000888, 15.69999999999999929, 8.520000000000001350 ) ) ;
#5764 = ADVANCED_FACE ( 'NONE', ( #7405 ), #6828, .T. ) ;
#5765 = AXIS2_PLACEMENT_3D ( 'NONE', #2617, #7421, #4454 ) ;
#5766 = VECTOR ( 'NONE', #503, 1000.000000000000000 ) ;
#5767 =( GEOMETRIC_REPRESENTATION_CONTEXT ( 3 ) GLOBAL_UNCERTAINTY_ASSIGNED_CONTEXT ( ( #1670 ) ) GLOBAL_UNIT_ASSIGNED_CONTEXT ( ( #2383, #42, #7153 ) ) REPRESENTATION_CONTEXT ( 'NONE', 'WORKASPACE' ) );
#5768 = ORIENTED_EDGE ( 'NONE', *, *, #5017, .F. ) ;
#5769 = CARTESIAN_POINT ( 'NONE',  ( 6.099999999999999645, 18.19999999999999929, 11.02999999999999936 ) ) ;
#5770 = EDGE_CURVE ( 'NONE', #4465, #5446, #4593, .T. ) ;
#5771 = AXIS2_PLACEMENT_3D ( 'NONE', #1127, #3463, #5426 ) ;
#5772 = EDGE_CURVE ( 'NONE', #4597, #39, #1657, .T. ) ;
#5773 = ORIENTED_EDGE ( 'NONE', *, *, #7103, .T. ) ;
#5774 = EDGE_LOOP ( 'NONE', ( #3887, #5700, #1738, #307 ) ) ;
#5775 = LINE ( 'NONE', #243, #6383 ) ;
#5776 = VERTEX_POINT ( 'NONE', #3367 ) ;
#5777 = UNCERTAINTY_MEASURE_WITH_UNIT (LENGTH_MEASURE( 1.000000000000000082E-05 ), #7072, 'distance_accuracy_value', 'NONE');
#5778 =( NAMED_UNIT ( * ) SI_UNIT ( $, .STERADIAN. ) SOLID_ANGLE_UNIT ( ) );
#5779 = DIRECTION ( 'NONE',  ( 0.0000000000000000000, 0.0000000000000000000, -1.000000000000000000 ) ) ;
#5780 = CARTESIAN_POINT ( 'NONE',  ( 9.119999999999999218, 9.000000000000001776, 6.365000000000002878 ) ) ;
#5781 = DIRECTION ( 'NONE',  ( 0.0000000000000000000, -1.000000000000000000, 0.0000000000000000000 ) ) ;
#5782 = ORIENTED_EDGE ( 'NONE', *, *, #2761, .T. ) ;
#5783 = CARTESIAN_POINT ( 'NONE',  ( 6.299999999999998046, 21.69999999999999929, -15.24000000000000021 ) ) ;
#5784 = FACE_OUTER_BOUND ( 'NONE', #1258, .T. ) ;
#5785 = ORIENTED_EDGE ( 'NONE', *, *, #1056, .T. ) ;
#5786 = DIRECTION ( 'NONE',  ( 0.0000000000000000000, 0.0000000000000000000, 1.000000000000000000 ) ) ;
#5787 = EDGE_LOOP ( 'NONE', ( #6969, #7410, #355, #6931 ) ) ;
#5788 = VECTOR ( 'NONE', #3063, 1000.000000000000000 ) ;
#5789 = CARTESIAN_POINT ( 'NONE',  ( 9.119999999999999218, 17.39999999999999858, 12.68500000000000050 ) ) ;
#5790 = DIRECTION ( 'NONE',  ( 0.0000000000000000000, 0.0000000000000000000, 1.000000000000000000 ) ) ;
#5791 = SURFACE_SIDE_STYLE ('',( #5136 ) ) ;
#5792 = CARTESIAN_POINT ( 'NONE',  ( 6.099999999999999645, 11.19999999999999929, 15.63999999999999702 ) ) ;
#5793 = FACE_BOUND ( 'NONE', #6814, .T. ) ;
#5794 = ORIENTED_EDGE ( 'NONE', *, *, #2095, .T. ) ;
#5795 = ORIENTED_EDGE ( 'NONE', *, *, #5114, .T. ) ;
#5796 = PRESENTATION_LAYER_ASSIGNMENT (  '', '', ( #875 ) ) ;
#5797 = FILL_AREA_STYLE_COLOUR ( '', #1588 ) ;
#5798 = LINE ( 'NONE', #5035, #4420 ) ;
#5799 = VECTOR ( 'NONE', #4306, 1000.000000000000114 ) ;
#5800 = CARTESIAN_POINT ( 'NONE',  ( 6.500000000000000888, 14.69999999999999929, 3.810000000000000941 ) ) ;
#5801 = ORIENTED_EDGE ( 'NONE', *, *, #365, .F. ) ;
#5802 =( LENGTH_UNIT ( ) NAMED_UNIT ( * ) SI_UNIT ( .MILLI., .METRE. ) );
#5803 = MECHANICAL_DESIGN_GEOMETRIC_PRESENTATION_REPRESENTATION (  '', ( #2643 ), #4050 ) ;
#5804 = ADVANCED_FACE ( 'NONE', ( #3330 ), #1029, .T. ) ;
#5805 = VERTEX_POINT ( 'NONE', #6943 ) ;
#5806 = ORIENTED_EDGE ( 'NONE', *, *, #2570, .F. ) ;
#5807 = APPLICATION_PROTOCOL_DEFINITION ( 'draft international standard', 'automotive_design', 1998, #1937 ) ;
#5808 = CARTESIAN_POINT ( 'NONE',  ( 4.150000000000000355, 17.39999999999999858, 5.409999999999998366 ) ) ;
#5809 = DIRECTION ( 'NONE',  ( -0.9701425001453328756, 0.2425356250363290000, 0.0000000000000000000 ) ) ;
#5810 = VERTEX_POINT ( 'NONE', #1545 ) ;
#5811 = EDGE_CURVE ( 'NONE', #1162, #5897, #5145, .T. ) ;
#5812 = PRESENTATION_STYLE_ASSIGNMENT (( #6357 ) ) ;
#5813 = ADVANCED_FACE ( 'NONE', ( #3999 ), #3446, .T. ) ;
#5814 = AXIS2_PLACEMENT_3D ( 'NONE', #6436, #2177, #5888 ) ;
#5815 = DIRECTION ( 'NONE',  ( -0.0000000000000000000, -1.000000000000000000, -0.0000000000000000000 ) ) ;
#5816 = ADVANCED_FACE ( 'NONE', ( #6429 ), #2758, .T. ) ;
#5817 = DIRECTION ( 'NONE',  ( 0.0000000000000000000, -1.000000000000000000, 0.0000000000000000000 ) ) ;
#5818 = SURFACE_STYLE_USAGE ( .BOTH. , #5929 ) ;
#5819 = DIRECTION ( 'NONE',  ( 1.546734824340359944E-15, 0.0000000000000000000, -1.000000000000000000 ) ) ;
#5820 = VERTEX_POINT ( 'NONE', #5763 ) ;
#5821 = LINE ( 'NONE', #1523, #1679 ) ;
#5822 = COLOUR_RGB ( '',1.000000000000000000, 1.000000000000000000, 1.000000000000000000 ) ;
#5823 = LINE ( 'NONE', #6927, #5027 ) ;
#5824 = VECTOR ( 'NONE', #5495, 1000.000000000000000 ) ;
#5825 = EDGE_CURVE ( 'NONE', #4378, #6304, #4704, .T. ) ;
#5826 = ORIENTED_EDGE ( 'NONE', *, *, #665, .F. ) ;
#5827 = ADVANCED_FACE ( 'NONE', ( #5257 ), #357, .F. ) ;
#5828 = DIRECTION ( 'NONE',  ( 0.0000000000000000000, 0.0000000000000000000, 1.000000000000000000 ) ) ;
#5829 = ORIENTED_EDGE ( 'NONE', *, *, #2629, .T. ) ;
#5830 = FACE_OUTER_BOUND ( 'NONE', #981, .T. ) ;
#5831 = FACE_OUTER_BOUND ( 'NONE', #7491, .T. ) ;
#5832 = FACE_OUTER_BOUND ( 'NONE', #4980, .T. ) ;
#5833 = CARTESIAN_POINT ( 'NONE',  ( 8.599999999999999645, 15.69999999999999929, 20.64999999999999858 ) ) ;
#5834 = LINE ( 'NONE', #305, #7390 ) ;
#5835 = ORIENTED_EDGE ( 'NONE', *, *, #4901, .F. ) ;
#5836 = ORIENTED_EDGE ( 'NONE', *, *, #609, .T. ) ;
#5837 = CIRCLE ( 'NONE', #3450, 0.4500000000000007327 ) ;
#5838 = SURFACE_SIDE_STYLE ('',( #1148 ) ) ;
#5839 = CARTESIAN_POINT ( 'NONE',  ( 4.150000000000000355, 17.39999999999999858, 4.849230484541299013 ) ) ;
#5840 = ORIENTED_EDGE ( 'NONE', *, *, #6052, .T. ) ;
#5841 = LINE ( 'NONE', #2963, #7679 ) ;
#5842 = ORIENTED_EDGE ( 'NONE', *, *, #5011, .F. ) ;
#5843 = LINE ( 'NONE', #4165, #6358 ) ;
#5844 = SURFACE_SIDE_STYLE ('',( #3965 ) ) ;
#5845 = CARTESIAN_POINT ( 'NONE',  ( 10.69999999999999929, 12.40000000000000213, 1.510000000000000897 ) ) ;
#5846 = ORIENTED_EDGE ( 'NONE', *, *, #466, .T. ) ;
#5847 = UNCERTAINTY_MEASURE_WITH_UNIT (LENGTH_MEASURE( 1.000000000000000082E-05 ), #5030, 'distance_accuracy_value', 'NONE');
#5848 = PRESENTATION_STYLE_ASSIGNMENT (( #7811 ) ) ;
#5849 = LINE ( 'NONE', #7074, #5040 ) ;
#5850 = PLANE ( 'NONE',  #6362 ) ;
#5851 = FILL_AREA_STYLE_COLOUR ( '', #1196 ) ;
#5852 = FILL_AREA_STYLE_COLOUR ( '', #2571 ) ;
#5853 = SURFACE_STYLE_USAGE ( .BOTH. , #4686 ) ;
#5854 = ORIENTED_EDGE ( 'NONE', *, *, #3376, .T. ) ;
#5855 =( NAMED_UNIT ( * ) PLANE_ANGLE_UNIT ( ) SI_UNIT ( $, .RADIAN. ) );
#5856 = CARTESIAN_POINT ( 'NONE',  ( 4.599999999999999645, 15.69999999999999929, 8.659230484541300399 ) ) ;
#5857 = ADVANCED_FACE ( 'NONE', ( #476 ), #4630, .T. ) ;
#5858 = LINE ( 'NONE', #2859, #5409 ) ;
#5859 = ORIENTED_EDGE ( 'NONE', *, *, #6827, .T. ) ;
#5860 = CARTESIAN_POINT ( 'NONE',  ( 6.349999999999999645, 15.69999999999999929, 20.65000000000000213 ) ) ;
#5861 = ADVANCED_FACE ( 'NONE', ( #4034 ), #7639, .F. ) ;
#5862 = VECTOR ( 'NONE', #2262, 1000.000000000000114 ) ;
#5863 = CARTESIAN_POINT ( 'NONE',  ( 8.599999999999999645, 15.69999999999999929, 6.020000000000001350 ) ) ;
#5864 = ORIENTED_EDGE ( 'NONE', *, *, #7183, .T. ) ;
#5865 = AXIS2_PLACEMENT_3D ( 'NONE', #546, #7595, #992 ) ;
#5866 = ADVANCED_FACE ( 'NONE', ( #1150 ), #6621, .F. ) ;
#5867 = CARTESIAN_POINT ( 'NONE',  ( 6.349999999999999645, 9.000000000000001776, 1.960000000000003517 ) ) ;
#5868 = DIRECTION ( 'NONE',  ( -0.2357022603955148676, -0.9428090415820634673, 0.2357022603955158668 ) ) ;
#5869 = FILL_AREA_STYLE ('',( #1727 ) ) ;
#5870 = VECTOR ( 'NONE', #5075, 1000.000000000000000 ) ;
#5871 = DIRECTION ( 'NONE',  ( -1.000000000000000000, 0.0000000000000000000, 0.0000000000000000000 ) ) ;
#5872 = CARTESIAN_POINT ( 'NONE',  ( 5.799999999999999822, 16.30000000000000071, 18.64999999999999858 ) ) ;
#5873 = UNCERTAINTY_MEASURE_WITH_UNIT (LENGTH_MEASURE( 1.000000000000000082E-05 ), #618, 'distance_accuracy_value', 'NONE');
#5874 = FACE_OUTER_BOUND ( 'NONE', #1000, .T. ) ;
#5875 = ORIENTED_EDGE ( 'NONE', *, *, #850, .T. ) ;
#5876 = ORIENTED_EDGE ( 'NONE', *, *, #506, .F. ) ;
#5877 = VECTOR ( 'NONE', #1840, 1000.000000000000000 ) ;
#5878 = LINE ( 'NONE', #6544, #7129 ) ;
#5879 = VECTOR ( 'NONE', #5828, 1000.000000000000000 ) ;
#5880 = AXIS2_PLACEMENT_3D ( 'NONE', #5306, #5998, #7733 ) ;
#5881 = DIRECTION ( 'NONE',  ( 0.2357022603955121753, 0.9428090415820651327, -0.2357022603955121753 ) ) ;
#5882 = DIRECTION ( 'NONE',  ( 0.0000000000000000000, 0.0000000000000000000, -1.000000000000000000 ) ) ;
#5883 = VERTEX_POINT ( 'NONE', #4826 ) ;
#5884 = CARTESIAN_POINT ( 'NONE',  ( 10.50000000000000000, 12.59999999999999964, 1.510000000000000897 ) ) ;
#5885 = ORIENTED_EDGE ( 'NONE', *, *, #3959, .F. ) ;
#5886 = CARTESIAN_POINT ( 'NONE',  ( 4.219230769230770228, 9.000000000000001776, 18.25059193496819887 ) ) ;
#5887 = VECTOR ( 'NONE', #2242, 1000.000000000000000 ) ;
#5888 = DIRECTION ( 'NONE',  ( 0.0000000000000000000, 0.0000000000000000000, 1.000000000000000000 ) ) ;
#5889 = VERTEX_POINT ( 'NONE', #2961 ) ;
#5890 =( GEOMETRIC_REPRESENTATION_CONTEXT ( 3 ) GLOBAL_UNCERTAINTY_ASSIGNED_CONTEXT ( ( #4301 ) ) GLOBAL_UNIT_ASSIGNED_CONTEXT ( ( #4918, #3066, #5465 ) ) REPRESENTATION_CONTEXT ( 'NONE', 'WORKASPACE' ) );
#5891 = CARTESIAN_POINT ( 'NONE',  ( 6.299999999999998046, 21.69999999999999929, 8.019999999999999574 ) ) ;
#5892 =( NAMED_UNIT ( * ) SI_UNIT ( $, .STERADIAN. ) SOLID_ANGLE_UNIT ( ) );
#5893 = CARTESIAN_POINT ( 'NONE',  ( 9.119999999999999218, 17.39999999999999858, 12.68500000000000050 ) ) ;
#5894 = ORIENTED_EDGE ( 'NONE', *, *, #1334, .F. ) ;
#5895 = PRESENTATION_STYLE_ASSIGNMENT (( #1126 ) ) ;
#5896 = CARTESIAN_POINT ( 'NONE',  ( 6.099999999999999645, 20.89999999999999147, 19.44999999999999929 ) ) ;
#5897 = VERTEX_POINT ( 'NONE', #590 ) ;
#5898 = FACE_OUTER_BOUND ( 'NONE', #2179, .T. ) ;
#5899 = CARTESIAN_POINT ( 'NONE',  ( 6.099999999999999645, 14.69999999999999929, 11.82999999999999829 ) ) ;
#5900 = DIRECTION ( 'NONE',  ( 0.0000000000000000000, 0.0000000000000000000, 1.000000000000000000 ) ) ;
#5901 = CARTESIAN_POINT ( 'NONE',  ( 6.500000000000000888, 14.69999999999999929, 6.720000000000002416 ) ) ;
#5902 =( NAMED_UNIT ( * ) SI_UNIT ( $, .STERADIAN. ) SOLID_ANGLE_UNIT ( ) );
#5903 = EDGE_CURVE ( 'NONE', #1412, #946, #6587, .T. ) ;
#5904 = FACE_BOUND ( 'NONE', #914, .T. ) ;
#5905 = PLANE ( 'NONE',  #6636 ) ;
#5906 = VERTEX_POINT ( 'NONE', #3047 ) ;
#5907 = ORIENTED_EDGE ( 'NONE', *, *, #3894, .T. ) ;
#5908 = EDGE_CURVE ( 'NONE', #543, #7649, #7094, .T. ) ;
#5909 = EDGE_CURVE ( 'NONE', #635, #1622, #5412, .T. ) ;
#5910 = STYLED_ITEM ( 'NONE', ( #6981 ), #2880 ) ;
#5911 = ADVANCED_FACE ( 'NONE', ( #1853 ), #3521, .T. ) ;
#5912 = DIRECTION ( 'NONE',  ( -0.0000000000000000000, -1.000000000000000000, 0.0000000000000000000 ) ) ;
#5913 = DIRECTION ( 'NONE',  ( 0.0000000000000000000, 1.000000000000000000, 0.0000000000000000000 ) ) ;
#5914 =( GEOMETRIC_REPRESENTATION_CONTEXT ( 3 ) GLOBAL_UNCERTAINTY_ASSIGNED_CONTEXT ( ( #5301 ) ) GLOBAL_UNIT_ASSIGNED_CONTEXT ( ( #7575, #3459, #3499 ) ) REPRESENTATION_CONTEXT ( 'NONE', 'WORKASPACE' ) );
#5915 = EDGE_LOOP ( 'NONE', ( #707, #5134, #3631, #2959 ) ) ;
#5916 = CARTESIAN_POINT ( 'NONE',  ( 6.899999999999999467, 21.69999999999999929, 19.25000000000000000 ) ) ;
#5917 = EDGE_CURVE ( 'NONE', #6306, #3587, #2923, .T. ) ;
#5918 = VECTOR ( 'NONE', #6175, 1000.000000000000000 ) ;
#5919 = VERTEX_POINT ( 'NONE', #4308 ) ;
#5920 = CARTESIAN_POINT ( 'NONE',  ( 9.800000000000000711, 15.69999999999999929, 20.53999999999999915 ) ) ;
#5921 = CARTESIAN_POINT ( 'NONE',  ( 6.299999999999998046, 21.69999999999999929, 4.009999999999999787 ) ) ;
#5922 = FILL_AREA_STYLE ('',( #3529 ) ) ;
#5923 = ORIENTED_EDGE ( 'NONE', *, *, #5468, .F. ) ;
#5924 = UNCERTAINTY_MEASURE_WITH_UNIT (LENGTH_MEASURE( 1.000000000000000082E-05 ), #7590, 'distance_accuracy_value', 'NONE');
#5925 = VECTOR ( 'NONE', #4779, 1000.000000000000000 ) ;
#5926 = CARTESIAN_POINT ( 'NONE',  ( 9.119999999999999218, 9.000000000000001776, 16.49500000000000099 ) ) ;
#5927 = VECTOR ( 'NONE', #5649, 1000.000000000000000 ) ;
#5928 = FACE_OUTER_BOUND ( 'NONE', #2005, .T. ) ;
#5929 = SURFACE_SIDE_STYLE ('',( #4763 ) ) ;
#5930 = CARTESIAN_POINT ( 'NONE',  ( 9.800000000000000711, 17.39999999999999858, 16.72999999999999687 ) ) ;
#5931 = EDGE_LOOP ( 'NONE', ( #3416, #4387, #7332, #71 ) ) ;
#5932 = DIRECTION ( 'NONE',  ( -0.9451512019217267468, 0.0000000000000000000, 0.3266331359582419491 ) ) ;
#5933 = DIRECTION ( 'NONE',  ( -1.000000000000000000, 0.0000000000000000000, 0.0000000000000000000 ) ) ;
#5934 =( LENGTH_UNIT ( ) NAMED_UNIT ( * ) SI_UNIT ( .MILLI., .METRE. ) );
#5935 = CARTESIAN_POINT ( 'NONE',  ( 6.349999999999999645, 10.10000000000000142, 20.85000000000000142 ) ) ;
#5936 = AXIS2_PLACEMENT_3D ( 'NONE', #2352, #6463, #1178 ) ;
#5937 = VECTOR ( 'NONE', #1758, 1000.000000000000114 ) ;
#5938 =( NAMED_UNIT ( * ) PLANE_ANGLE_UNIT ( ) SI_UNIT ( $, .RADIAN. ) );
#5939 = DIRECTION ( 'NONE',  ( -0.0000000000000000000, -0.0000000000000000000, 1.000000000000000000 ) ) ;
#5940 = DIRECTION ( 'NONE',  ( 1.000000000000000000, 0.0000000000000000000, 0.0000000000000000000 ) ) ;
#5941 = LINE ( 'NONE', #5971, #7068 ) ;
#5942 = DIRECTION ( 'NONE',  ( 0.0000000000000000000, 1.000000000000000000, 0.0000000000000000000 ) ) ;
#5943 = VERTEX_POINT ( 'NONE', #2048 ) ;
#5944 = VERTEX_POINT ( 'NONE', #2509 ) ;
#5945 = CARTESIAN_POINT ( 'NONE',  ( 6.899999999999999467, 18.19999999999999929, 7.220000000000000639 ) ) ;
#5946 = AXIS2_PLACEMENT_3D ( 'NONE', #2884, #7021, #1620 ) ;
#5947 = ORIENTED_EDGE ( 'NONE', *, *, #5728, .T. ) ;
#5948 = DIRECTION ( 'NONE',  ( 1.546734824340359944E-15, 0.0000000000000000000, -1.000000000000000000 ) ) ;
#5949 = AXIS2_PLACEMENT_3D ( 'NONE', #4072, #3988, #5139 ) ;
#5950 = EDGE_CURVE ( 'NONE', #7053, #3079, #97, .T. ) ;
#5951 = ORIENTED_EDGE ( 'NONE', *, *, #3600, .T. ) ;
#5952 = LINE ( 'NONE', #4632, #276 ) ;
#5953 = EDGE_CURVE ( 'NONE', #4982, #49, #2007, .T. ) ;
#5954 = ORIENTED_EDGE ( 'NONE', *, *, #5580, .T. ) ;
#5955 = DIRECTION ( 'NONE',  ( 0.0000000000000000000, 0.0000000000000000000, 1.000000000000000000 ) ) ;
#5956 = EDGE_CURVE ( 'NONE', #553, #4015, #4424, .T. ) ;
#5957 = PLANE ( 'NONE',  #2790 ) ;
#5958 = EDGE_CURVE ( 'NONE', #2291, #3680, #5640, .T. ) ;
#5959 = EDGE_LOOP ( 'NONE', ( #2513, #5215, #2060, #4756 ) ) ;
#5960 = DIRECTION ( 'NONE',  ( 0.0000000000000000000, -0.9701425001453318764, 0.2425356250363329691 ) ) ;
#5961 = PLANE ( 'NONE',  #4119 ) ;
#5962 = SURFACE_STYLE_USAGE ( .BOTH. , #7216 ) ;
#5963 = DIRECTION ( 'NONE',  ( 0.0000000000000000000, 0.0000000000000000000, -1.000000000000000000 ) ) ;
#5964 = LINE ( 'NONE', #7148, #5788 ) ;
#5965 = ORIENTED_EDGE ( 'NONE', *, *, #6142, .F. ) ;
#5966 = CARTESIAN_POINT ( 'NONE',  ( 6.299999999999998046, 21.69999999999999929, 19.44999999999999929 ) ) ;
#5967 = DIRECTION ( 'NONE',  ( 0.0000000000000000000, -1.000000000000000000, 0.0000000000000000000 ) ) ;
#5968 = CARTESIAN_POINT ( 'NONE',  ( 9.800000000000000711, 15.69999999999999929, 9.109999999999999432 ) ) ;
#5969 = FACE_BOUND ( 'NONE', #1734, .T. ) ;
#5970 = DIRECTION ( 'NONE',  ( 0.0000000000000000000, -1.000000000000000000, 0.0000000000000000000 ) ) ;
#5971 = CARTESIAN_POINT ( 'NONE',  ( 3.500000000000000000, 9.000000000000001776, 1.510000000000000897 ) ) ;
#5972 = DIRECTION ( 'NONE',  ( -1.000000000000000000, 0.0000000000000000000, 0.0000000000000000000 ) ) ;
#5973 = CARTESIAN_POINT ( 'NONE',  ( 9.119999999999999218, 15.69999999999999929, 8.875000000000001776 ) ) ;
#5974 = ORIENTED_EDGE ( 'NONE', *, *, #7281, .F. ) ;
#5975 = ORIENTED_EDGE ( 'NONE', *, *, #5573, .T. ) ;
#5976 = PRESENTATION_STYLE_ASSIGNMENT (( #6581 ) ) ;
#5977 =( GEOMETRIC_REPRESENTATION_CONTEXT ( 3 ) GLOBAL_UNCERTAINTY_ASSIGNED_CONTEXT ( ( #3338 ) ) GLOBAL_UNIT_ASSIGNED_CONTEXT ( ( #4254, #5938, #2459 ) ) REPRESENTATION_CONTEXT ( 'NONE', 'WORKASPACE' ) );
#5978 = VERTEX_POINT ( 'NONE', #4896 ) ;
#5979 = CARTESIAN_POINT ( 'NONE',  ( 5.950000000000009059, 20.30000000000001847, 4.359999999999988773 ) ) ;
#5980 = DIRECTION ( 'NONE',  ( -0.9701425001453318764, 0.2425356250363329691, 0.0000000000000000000 ) ) ;
#5981 = AXIS2_PLACEMENT_3D ( 'NONE', #1792, #3768, #4911 ) ;
#5982 = VERTEX_POINT ( 'NONE', #743 ) ;
#5983 = MECHANICAL_DESIGN_GEOMETRIC_PRESENTATION_REPRESENTATION (  '', ( #706 ), #3737 ) ;
#5984 = VERTEX_POINT ( 'NONE', #1299 ) ;
#5985 = EDGE_CURVE ( 'NONE', #3861, #3810, #1931, .T. ) ;
#5986 = DIRECTION ( 'NONE',  ( -1.000000000000000000, 0.0000000000000000000, 0.0000000000000000000 ) ) ;
#5987 = LINE ( 'NONE', #595, #7075 ) ;
#5988 = EDGE_CURVE ( 'NONE', #2628, #3889, #7400, .T. ) ;
#5989 = CARTESIAN_POINT ( 'NONE',  ( 6.500000000000000888, 14.69999999999999929, 16.14000000000000057 ) ) ;
#5990 = STYLED_ITEM ( 'NONE', ( #2469 ), #2107 ) ;
#5991 = ORIENTED_EDGE ( 'NONE', *, *, #7676, .T. ) ;
#5992 = ADVANCED_FACE ( 'NONE', ( #705 ), #3154, .F. ) ;
#5993 = ADVANCED_FACE ( 'NONE', ( #3756 ), #5680, .T. ) ;
#5994 = COLOUR_RGB ( '',1.000000000000000000, 1.000000000000000000, 1.000000000000000000 ) ;
#5995 = ORIENTED_EDGE ( 'NONE', *, *, #5723, .F. ) ;
#5996 = VECTOR ( 'NONE', #7427, 1000.000000000000000 ) ;
#5997 =( NAMED_UNIT ( * ) PLANE_ANGLE_UNIT ( ) SI_UNIT ( $, .RADIAN. ) );
#5998 = DIRECTION ( 'NONE',  ( 0.0000000000000000000, -1.000000000000000000, 0.0000000000000000000 ) ) ;
#5999 = CARTESIAN_POINT ( 'NONE',  ( 4.150000000000000355, 9.000000000000001776, 9.219999999999998863 ) ) ;
#6000 = ORIENTED_EDGE ( 'NONE', *, *, #4471, .F. ) ;
#6001 = FACE_OUTER_BOUND ( 'NONE', #4468, .T. ) ;
#6002 = CARTESIAN_POINT ( 'NONE',  ( 6.349999999999999645, 11.50000000000000000, 21.35000000000000142 ) ) ;
#6003 = UNCERTAINTY_MEASURE_WITH_UNIT (LENGTH_MEASURE( 1.000000000000000082E-05 ), #7319, 'distance_accuracy_value', 'NONE');
#6004 = VECTOR ( 'NONE', #1181, 1000.000000000000000 ) ;
#6005 = DIRECTION ( 'NONE',  ( -1.000000000000000000, 0.0000000000000000000, 0.0000000000000000000 ) ) ;
#6006 = VECTOR ( 'NONE', #7458, 1000.000000000000000 ) ;
#6007 = DIRECTION ( 'NONE',  ( 0.0000000000000000000, 0.0000000000000000000, -1.000000000000000000 ) ) ;
#6008 = FACE_OUTER_BOUND ( 'NONE', #5959, .T. ) ;
#6009 = FACE_OUTER_BOUND ( 'NONE', #2724, .T. ) ;
#6010 = SURFACE_STYLE_USAGE ( .BOTH. , #3701 ) ;
#6011 = PLANE ( 'NONE',  #636 ) ;
#6012 = CARTESIAN_POINT ( 'NONE',  ( 4.219230769230770228, 9.000000000000001776, 12.22940806503179800 ) ) ;
#6013 = LINE ( 'NONE', #5973, #5334 ) ;
#6014 = CARTESIAN_POINT ( 'NONE',  ( 8.599999999999999645, 17.39999999999999858, 13.63999999999999879 ) ) ;
#6015 = ORIENTED_EDGE ( 'NONE', *, *, #2290, .T. ) ;
#6016 = DIRECTION ( 'NONE',  ( 0.0000000000000000000, 0.2425356250363290000, 0.9701425001453328756 ) ) ;
#6017 = CARTESIAN_POINT ( 'NONE',  ( 8.599999999999999645, 15.69999999999999929, 10.73000000000000220 ) ) ;
#6018 = VERTEX_POINT ( 'NONE', #5792 ) ;
#6019 = CARTESIAN_POINT ( 'NONE',  ( 6.099999999999999645, 10.40000000000000213, 11.02999999999999936 ) ) ;
#6020 = ORIENTED_EDGE ( 'NONE', *, *, #661, .F. ) ;
#6021 = STYLED_ITEM ( 'NONE', ( #5812 ), #2686 ) ;
#6022 = ORIENTED_EDGE ( 'NONE', *, *, #2144, .T. ) ;
#6023 = SURFACE_STYLE_FILL_AREA ( #630 ) ;
#6024 = AXIS2_PLACEMENT_3D ( 'NONE', #1404, #1995, #3854 ) ;
#6025 = CARTESIAN_POINT ( 'NONE',  ( 6.299999999999999822, 10.40000000000000213, 4.209999999999998188 ) ) ;
#6026 = ORIENTED_EDGE ( 'NONE', *, *, #311, .T. ) ;
#6027 = DIRECTION ( 'NONE',  ( 0.0000000000000000000, 0.0000000000000000000, -1.000000000000000000 ) ) ;
#6028 = EDGE_CURVE ( 'NONE', #3758, #1344, #6342, .T. ) ;
#6029 = VECTOR ( 'NONE', #3137, 1000.000000000000000 ) ;
#6030 = ORIENTED_EDGE ( 'NONE', *, *, #2934, .T. ) ;
#6031 = DIRECTION ( 'NONE',  ( 0.0000000000000000000, 0.0000000000000000000, 1.000000000000000000 ) ) ;
#6032 = CARTESIAN_POINT ( 'NONE',  ( 6.099999999999999645, 18.19999999999999929, 3.409999999999999698 ) ) ;
#6033 = DIRECTION ( 'NONE',  ( 0.0000000000000000000, 0.0000000000000000000, -1.000000000000000000 ) ) ;
#6034 = ORIENTED_EDGE ( 'NONE', *, *, #4717, .T. ) ;
#6035 = DIRECTION ( 'NONE',  ( 0.0000000000000000000, 0.0000000000000000000, -1.000000000000000000 ) ) ;
#6036 = EDGE_CURVE ( 'NONE', #7484, #7632, #4834, .T. ) ;
#6037 = AXIS2_PLACEMENT_3D ( 'NONE', #3474, #5871, #2273 ) ;
#6038 = CARTESIAN_POINT ( 'NONE',  ( 3.500000000000000000, 18.19999999999999929, 21.35000000000000142 ) ) ;
#6039 = DIRECTION ( 'NONE',  ( 0.0000000000000000000, -1.000000000000000000, 0.0000000000000000000 ) ) ;
#6040 = EDGE_CURVE ( 'NONE', #4476, #1116, #6068, .T. ) ;
#6041 = LINE ( 'NONE', #3069, #1722 ) ;
#6042 = COLOUR_RGB ( '',1.000000000000000000, 1.000000000000000000, 1.000000000000000000 ) ;
#6043 = EDGE_CURVE ( 'NONE', #1465, #7640, #7591, .T. ) ;
#6044 = AXIS2_PLACEMENT_3D ( 'NONE', #4958, #2529, #4880 ) ;
#6045 = LINE ( 'NONE', #2349, #182 ) ;
#6046 = CARTESIAN_POINT ( 'NONE',  ( 6.099999999999999645, 11.19999999999999929, 14.83999999999999986 ) ) ;
#6047 = DIRECTION ( 'NONE',  ( 0.0000000000000000000, 0.0000000000000000000, -1.000000000000000000 ) ) ;
#6048 = LINE ( 'NONE', #1405, #7432 ) ;
#6049 = FACE_OUTER_BOUND ( 'NONE', #435, .T. ) ;
#6050 = ADVANCED_FACE ( 'NONE', ( #2829 ), #6376, .T. ) ;
#6051 = LINE ( 'NONE', #4374, #5455 ) ;
#6052 = EDGE_CURVE ( 'NONE', #1824, #1978, #2199, .T. ) ;
#6053 = MECHANICAL_DESIGN_GEOMETRIC_PRESENTATION_REPRESENTATION (  '', ( #1400 ), #6174 ) ;
#6054 = VECTOR ( 'NONE', #1135, 1000.000000000000000 ) ;
#6055 = ORIENTED_EDGE ( 'NONE', *, *, #4950, .T. ) ;
#6056 = DIRECTION ( 'NONE',  ( 0.0000000000000000000, 0.0000000000000000000, 1.000000000000000000 ) ) ;
#6057 = ORIENTED_EDGE ( 'NONE', *, *, #1630, .T. ) ;
#6058 = VECTOR ( 'NONE', #4599, 1000.000000000000114 ) ;
#6059 = AXIS2_PLACEMENT_3D ( 'NONE', #2939, #5421, #2892 ) ;
#6060 =( NAMED_UNIT ( * ) SI_UNIT ( $, .STERADIAN. ) SOLID_ANGLE_UNIT ( ) );
#6061 = SURFACE_SIDE_STYLE ('',( #4267 ) ) ;
#6062 = EDGE_LOOP ( 'NONE', ( #7040, #6858, #5174, #3558 ) ) ;
#6063 = STYLED_ITEM ( 'NONE', ( #6386 ), #5857 ) ;
#6064 = COLOUR_RGB ( '',1.000000000000000000, 1.000000000000000000, 1.000000000000000000 ) ;
#6065 = DIRECTION ( 'NONE',  ( 1.000000000000000000, 0.0000000000000000000, 0.0000000000000000000 ) ) ;
#6066 = ORIENTED_EDGE ( 'NONE', *, *, #7694, .F. ) ;
#6067 = CARTESIAN_POINT ( 'NONE',  ( 4.150000000000000355, 15.69999999999999929, 20.08923048454130011 ) ) ;
#6068 = CIRCLE ( 'NONE', #793, 0.4499999999999999001 ) ;
#6069 = ORIENTED_EDGE ( 'NONE', *, *, #1577, .T. ) ;
#6070 = LINE ( 'NONE', #1902, #5824 ) ;
#6071 = EDGE_LOOP ( 'NONE', ( #2078, #2688, #242, #4426 ) ) ;
#6072 = SURFACE_STYLE_FILL_AREA ( #6675 ) ;
#6073 = CARTESIAN_POINT ( 'NONE',  ( 10.50000000000000000, 12.40000000000000213, 1.510000000000000897 ) ) ;
#6074 = DIRECTION ( 'NONE',  ( 0.0000000000000000000, 0.0000000000000000000, -1.000000000000000000 ) ) ;
#6075 = VERTEX_POINT ( 'NONE', #389 ) ;
#6076 = DIRECTION ( 'NONE',  ( 0.0000000000000000000, 0.0000000000000000000, -1.000000000000000000 ) ) ;
#6077 = FILL_AREA_STYLE_COLOUR ( '', #2601 ) ;
#6078 = DIRECTION ( 'NONE',  ( 0.0000000000000000000, 0.0000000000000000000, 1.000000000000000000 ) ) ;
#6079 =( NAMED_UNIT ( * ) PLANE_ANGLE_UNIT ( ) SI_UNIT ( $, .RADIAN. ) );
#6080 = LINE ( 'NONE', #1761, #5009 ) ;
#6081 = DIRECTION ( 'NONE',  ( 0.0000000000000000000, 0.0000000000000000000, 1.000000000000000000 ) ) ;
#6082 = CARTESIAN_POINT ( 'NONE',  ( 6.349999999999999645, 11.50000000000000000, 21.35000000000000142 ) ) ;
#6083 = PRESENTATION_STYLE_ASSIGNMENT (( #6010 ) ) ;
#6084 = EDGE_CURVE ( 'NONE', #5154, #4594, #6899, .T. ) ;
#6085 = LINE ( 'NONE', #691, #6305 ) ;
#6086 = DIRECTION ( 'NONE',  ( 0.0000000000000000000, -1.000000000000000000, 0.0000000000000000000 ) ) ;
#6087 = UNCERTAINTY_MEASURE_WITH_UNIT (LENGTH_MEASURE( 1.000000000000000082E-05 ), #7465, 'distance_accuracy_value', 'NONE');
#6088 = EDGE_CURVE ( 'NONE', #33, #5805, #5101, .T. ) ;
#6089 = ORIENTED_EDGE ( 'NONE', *, *, #7112, .F. ) ;
#6090 = DIRECTION ( 'NONE',  ( 0.0000000000000000000, 0.0000000000000000000, -1.000000000000000000 ) ) ;
#6091 = FILL_AREA_STYLE_COLOUR ( '', #3102 ) ;
#6092 = EDGE_CURVE ( 'NONE', #2127, #3789, #3911, .T. ) ;
#6093 = VERTEX_POINT ( 'NONE', #3357 ) ;
#6094 = AXIS2_PLACEMENT_3D ( 'NONE', #4283, #3095, #6678 ) ;
#6095 = CARTESIAN_POINT ( 'NONE',  ( 6.327777777777790824, 23.18888888888886868, 3.637777777777788213 ) ) ;
#6096 = VECTOR ( 'NONE', #4148, 1000.000000000000000 ) ;
#6097 = ORIENTED_EDGE ( 'NONE', *, *, #6676, .T. ) ;
#6098 = FACE_OUTER_BOUND ( 'NONE', #1779, .T. ) ;
#6099 = ORIENTED_EDGE ( 'NONE', *, *, #6241, .F. ) ;
#6101 = LINE ( 'NONE', #4869, #3864 ) ;
#6100 = CIRCLE ( 'NONE', #5981, 1.500000000000000000 ) ;
#6102 = VECTOR ( 'NONE', #5087, 1000.000000000000000 ) ;
#6103 = DIRECTION ( 'NONE',  ( 0.0000000000000000000, -1.000000000000000000, 0.0000000000000000000 ) ) ;
#6104 = VERTEX_POINT ( 'NONE', #7475 ) ;
#6105 =( NAMED_UNIT ( * ) PLANE_ANGLE_UNIT ( ) SI_UNIT ( $, .RADIAN. ) );
#6106 = STYLED_ITEM ( 'NONE', ( #373 ), #655 ) ;
#6107 = ORIENTED_EDGE ( 'NONE', *, *, #5585, .T. ) ;
#6108 = DIRECTION ( 'NONE',  ( -0.9451512019217267468, 0.0000000000000000000, -0.3266331359582419491 ) ) ;
#6109 = FACE_OUTER_BOUND ( 'NONE', #4827, .T. ) ;
#6110 = CARTESIAN_POINT ( 'NONE',  ( 6.899999999999999467, 20.89999999999999147, 7.220000000000000639 ) ) ;
#6111 = CARTESIAN_POINT ( 'NONE',  ( 6.500000000000000888, 14.69999999999999929, 15.24000000000000021 ) ) ;
#6112 = VECTOR ( 'NONE', #5967, 1000.000000000000000 ) ;
#6113 = VERTEX_POINT ( 'NONE', #943 ) ;
#6114 = DIRECTION ( 'NONE',  ( 0.0000000000000000000, -1.000000000000000000, 0.0000000000000000000 ) ) ;
#6115 = LINE ( 'NONE', #6197, #1740 ) ;
#6116 = VERTEX_POINT ( 'NONE', #910 ) ;
#6117 = PLANE ( 'NONE',  #4824 ) ;
#6118 =( NAMED_UNIT ( * ) SI_UNIT ( $, .STERADIAN. ) SOLID_ANGLE_UNIT ( ) );
#6119 = FACE_OUTER_BOUND ( 'NONE', #873, .T. ) ;
#6120 = VECTOR ( 'NONE', #6891, 1000.000000000000000 ) ;
#6121 = FACE_OUTER_BOUND ( 'NONE', #7454, .T. ) ;
#6122 =( NAMED_UNIT ( * ) PLANE_ANGLE_UNIT ( ) SI_UNIT ( $, .RADIAN. ) );
#6123 = CARTESIAN_POINT ( 'NONE',  ( 4.150000000000000355, 9.000000000000001776, 12.46923048454129912 ) ) ;
#6124 = CARTESIAN_POINT ( 'NONE',  ( 6.349999999999999645, 11.50000000000000000, 20.65000000000000213 ) ) ;
#6125 = VECTOR ( 'NONE', #2125, 1000.000000000000000 ) ;
#6126 = CARTESIAN_POINT ( 'NONE',  ( 4.150000000000000355, 17.39999999999999858, 16.83999999999999631 ) ) ;
#6127 = CARTESIAN_POINT ( 'NONE',  ( 4.150000000000000355, 15.69999999999999929, 13.63999999999999879 ) ) ;
#6128 = AXIS2_PLACEMENT_3D ( 'NONE', #6651, #7741, #645 ) ;
#6129 = DIRECTION ( 'NONE',  ( 1.000000000000000000, 0.0000000000000000000, 0.0000000000000000000 ) ) ;
#6130 = ORIENTED_EDGE ( 'NONE', *, *, #6881, .T. ) ;
#6131 = LINE ( 'NONE', #5671, #5996 ) ;
#6132 = ADVANCED_FACE ( 'NONE', ( #5756 ), #3476, .T. ) ;
#6133 = FILL_AREA_STYLE ('',( #6696 ) ) ;
#6134 =( GEOMETRIC_REPRESENTATION_CONTEXT ( 3 ) GLOBAL_UNCERTAINTY_ASSIGNED_CONTEXT ( ( #4699 ) ) GLOBAL_UNIT_ASSIGNED_CONTEXT ( ( #80, #724, #1395 ) ) REPRESENTATION_CONTEXT ( 'NONE', 'WORKASPACE' ) );
#6135 = ORIENTED_EDGE ( 'NONE', *, *, #4953, .T. ) ;
#6136 = FACE_OUTER_BOUND ( 'NONE', #1297, .T. ) ;
#6137 =( NAMED_UNIT ( * ) PLANE_ANGLE_UNIT ( ) SI_UNIT ( $, .RADIAN. ) );
#6138 = ORIENTED_EDGE ( 'NONE', *, *, #7208, .T. ) ;
#6139 = EDGE_CURVE ( 'NONE', #741, #2517, #352, .T. ) ;
#6140 = ORIENTED_EDGE ( 'NONE', *, *, #2761, .F. ) ;
#6141 = EDGE_CURVE ( 'NONE', #7801, #3905, #2792, .T. ) ;
#6142 = EDGE_CURVE ( 'NONE', #2711, #543, #3323, .T. ) ;
#6143 = ORIENTED_EDGE ( 'NONE', *, *, #6239, .F. ) ;
#6144 = EDGE_CURVE ( 'NONE', #3880, #33, #1571, .T. ) ;
#6145 = ORIENTED_EDGE ( 'NONE', *, *, #1034, .T. ) ;
#6146 = EDGE_CURVE ( 'NONE', #4741, #1816, #2163, .T. ) ;
#6147 = VECTOR ( 'NONE', #3798, 1000.000000000000114 ) ;
#6148 = VERTEX_POINT ( 'NONE', #4621 ) ;
#6149 = CARTESIAN_POINT ( 'NONE',  ( 4.150000000000000355, 17.39999999999999858, 17.44999999999999929 ) ) ;
#6150 = DIRECTION ( 'NONE',  ( 0.0000000000000000000, 0.2425356250363329691, 0.9701425001453318764 ) ) ;
#6151 = DIRECTION ( 'NONE',  ( 0.0000000000000000000, 1.000000000000000000, 0.0000000000000000000 ) ) ;
#6152 = CARTESIAN_POINT ( 'NONE',  ( 6.099999999999999645, 20.89999999999999147, 18.64999999999999858 ) ) ;
#6153 = VERTEX_POINT ( 'NONE', #5833 ) ;
#6154 = FACE_BOUND ( 'NONE', #751, .T. ) ;
#6155 = FACE_OUTER_BOUND ( 'NONE', #3115, .T. ) ;
#6156 = VERTEX_POINT ( 'NONE', #5244 ) ;
#6157 = DIRECTION ( 'NONE',  ( 0.0000000000000000000, 0.0000000000000000000, -1.000000000000000000 ) ) ;
#6158 = CARTESIAN_POINT ( 'NONE',  ( 6.099999999999999645, 18.19999999999999929, 8.019999999999999574 ) ) ;
#6159 = CARTESIAN_POINT ( 'NONE',  ( 4.219230769230770228, 17.39999999999999858, 3.010591934968199990 ) ) ;
#6160 = CARTESIAN_POINT ( 'NONE',  ( 4.150000000000000355, 9.000000000000001776, 2.770769515458702870 ) ) ;
#6161 = PRESENTATION_LAYER_ASSIGNMENT (  '', '', ( #7170 ) ) ;
#6162 = PLANE ( 'NONE',  #1709 ) ;
#6163 = CARTESIAN_POINT ( 'NONE',  ( 6.349999999999999645, 10.50000000000000711, 2.210000000000003517 ) ) ;
#6164 = LINE ( 'NONE', #5088, #3788 ) ;
#6165 = PRESENTATION_STYLE_ASSIGNMENT (( #2501 ) ) ;
#6166 = CARTESIAN_POINT ( 'NONE',  ( 6.900000000000000355, 14.69999999999999929, 7.220000000000000639 ) ) ;
#6167 = DIRECTION ( 'NONE',  ( -1.000000000000000000, -0.0000000000000000000, -0.0000000000000000000 ) ) ;
#6168 = CARTESIAN_POINT ( 'NONE',  ( 10.00000000000000000, 17.69999999999999929, -9.919999999999999929 ) ) ;
#6169 = ORIENTED_EDGE ( 'NONE', *, *, #710, .F. ) ;
#6170 = VECTOR ( 'NONE', #3075, 1000.000000000000000 ) ;
#6171 = SURFACE_STYLE_FILL_AREA ( #3787 ) ;
#6172 = EDGE_LOOP ( 'NONE', ( #2756, #26, #1549, #2645 ) ) ;
#6173 = ORIENTED_EDGE ( 'NONE', *, *, #4200, .T. ) ;
#6174 =( GEOMETRIC_REPRESENTATION_CONTEXT ( 3 ) GLOBAL_UNCERTAINTY_ASSIGNED_CONTEXT ( ( #580 ) ) GLOBAL_UNIT_ASSIGNED_CONTEXT ( ( #2910, #7123, #5902 ) ) REPRESENTATION_CONTEXT ( 'NONE', 'WORKASPACE' ) );
#6175 = DIRECTION ( 'NONE',  ( -1.000000000000000000, 0.0000000000000000000, 0.0000000000000000000 ) ) ;
#6176 = PRESENTATION_LAYER_ASSIGNMENT (  '', '', ( #3549 ) ) ;
#6177 = PRESENTATION_STYLE_ASSIGNMENT (( #868 ) ) ;
#6178 = LINE ( 'NONE', #7592, #6125 ) ;
#6179 = EDGE_LOOP ( 'NONE', ( #3195, #3867, #7015, #7681, #6337, #4351, #1809, #4549, #3614, #5840, #7058, #6680, #4596, #4389, #4121, #4600 ) ) ;
#6180 = ORIENTED_EDGE ( 'NONE', *, *, #3455, .T. ) ;
#6181 = PLANE ( 'NONE',  #1885 ) ;
#6182 = STYLED_ITEM ( 'NONE', ( #1397 ), #4627 ) ;
#6183 = CARTESIAN_POINT ( 'NONE',  ( 6.099999999999999645, 20.89999999999999147, 14.83999999999999986 ) ) ;
#6184 = ADVANCED_FACE ( 'NONE', ( #7665 ), #2994, .T. ) ;
#6185 =( GEOMETRIC_REPRESENTATION_CONTEXT ( 3 ) GLOBAL_UNCERTAINTY_ASSIGNED_CONTEXT ( ( #4073 ) ) GLOBAL_UNIT_ASSIGNED_CONTEXT ( ( #7647, #7098, #364 ) ) REPRESENTATION_CONTEXT ( 'NONE', 'WORKASPACE' ) );
#6186 = VECTOR ( 'NONE', #6078, 1000.000000000000000 ) ;
#6187 = ORIENTED_EDGE ( 'NONE', *, *, #4286, .T. ) ;
#6188 = ADVANCED_FACE ( 'NONE', ( #4781 ), #4738, .T. ) ;
#6189 = AXIS2_PLACEMENT_3D ( 'NONE', #5449, #5913, #510 ) ;
#6190 = EDGE_CURVE ( 'NONE', #939, #3992, #6013, .T. ) ;
#6191 = ORIENTED_EDGE ( 'NONE', *, *, #3360, .F. ) ;
#6192 = CARTESIAN_POINT ( 'NONE',  ( 6.700000000000000178, 10.40000000000000213, 15.04000000000000092 ) ) ;
#6193 = EDGE_CURVE ( 'NONE', #2175, #565, #1768, .T. ) ;
#6194 =( NAMED_UNIT ( * ) PLANE_ANGLE_UNIT ( ) SI_UNIT ( $, .RADIAN. ) );
#6195 = CARTESIAN_POINT ( 'NONE',  ( 6.299999999999999822, 10.40000000000000213, 19.44999999999999929 ) ) ;
#6196 = ORIENTED_EDGE ( 'NONE', *, *, #903, .T. ) ;
#6197 = CARTESIAN_POINT ( 'NONE',  ( 6.500000000000000888, 14.69999999999999929, 15.63999999999999702 ) ) ;
#6198 = ORIENTED_EDGE ( 'NONE', *, *, #3712, .F. ) ;
#6199 = AXIS2_PLACEMENT_3D ( 'NONE', #6465, #5176, #2676 ) ;
#6200 = LINE ( 'NONE', #4996, #6826 ) ;
#6201 = PLANE ( 'NONE',  #5517 ) ;
#6202 = DIRECTION ( 'NONE',  ( 0.0000000000000000000, 0.0000000000000000000, 1.000000000000000000 ) ) ;
#6203 = CARTESIAN_POINT ( 'NONE',  ( 9.119999999999999218, 17.39999999999999858, 4.509999999999999787 ) ) ;
#6204 = DIRECTION ( 'NONE',  ( 0.0000000000000000000, -1.000000000000000000, 0.0000000000000000000 ) ) ;
#6205 = CARTESIAN_POINT ( 'NONE',  ( 6.500000000000000888, 14.69999999999999929, 19.95000000000000284 ) ) ;
#6206 = ORIENTED_EDGE ( 'NONE', *, *, #7151, .F. ) ;
#6207 = CARTESIAN_POINT ( 'NONE',  ( 9.119999999999999218, 15.69999999999999929, 14.54000000000000092 ) ) ;
#6208 = LINE ( 'NONE', #4414, #1547 ) ;
#6209 = EDGE_LOOP ( 'NONE', ( #606, #7754, #641, #4859 ) ) ;
#6210 = FACE_OUTER_BOUND ( 'NONE', #3492, .T. ) ;
#6211 = LINE ( 'NONE', #1370, #325 ) ;
#6212 = ORIENTED_EDGE ( 'NONE', *, *, #3271, .F. ) ;
#6213 = ORIENTED_EDGE ( 'NONE', *, *, #1091, .T. ) ;
#6214 = CARTESIAN_POINT ( 'NONE',  ( 9.800000000000000711, 15.69999999999999929, 13.74999999999999822 ) ) ;
#6215 = SURFACE_STYLE_FILL_AREA ( #7476 ) ;
#6216 = ORIENTED_EDGE ( 'NONE', *, *, #1529, .T. ) ;
#6217 = ORIENTED_EDGE ( 'NONE', *, *, #6970, .T. ) ;
#6218 = DIRECTION ( 'NONE',  ( 0.9451512019217267468, 0.0000000000000000000, 0.3266331359582419491 ) ) ;
#6219 = EDGE_CURVE ( 'NONE', #2551, #2807, #7750, .T. ) ;
#6220 = CARTESIAN_POINT ( 'NONE',  ( 10.50000000000000000, 18.19999999999999929, 21.35000000000000142 ) ) ;
#6221 = MECHANICAL_DESIGN_GEOMETRIC_PRESENTATION_REPRESENTATION (  '', ( #3615 ), #1204 ) ;
#6222 = ORIENTED_EDGE ( 'NONE', *, *, #6777, .F. ) ;
#6223 = CARTESIAN_POINT ( 'NONE',  ( 9.119999999999999218, 9.000000000000001776, 13.98500000000000121 ) ) ;
#6224 = ADVANCED_FACE ( 'NONE', ( #3663 ), #4183, .T. ) ;
#6225 = VECTOR ( 'NONE', #731, 1000.000000000000000 ) ;
#6226 = VECTOR ( 'NONE', #1158, 1000.000000000000000 ) ;
#6227 = VERTEX_POINT ( 'NONE', #4853 ) ;
#6228 = CARTESIAN_POINT ( 'NONE',  ( 6.899999999999999467, 18.19999999999999929, 3.409999999999999698 ) ) ;
#6229 = ADVANCED_FACE ( 'NONE', ( #3584, #4155, #5362, #2391, #5904, #5440 ), #2355, .T. ) ;
#6230 =( GEOMETRIC_REPRESENTATION_CONTEXT ( 3 ) GLOBAL_UNCERTAINTY_ASSIGNED_CONTEXT ( ( #1216 ) ) GLOBAL_UNIT_ASSIGNED_CONTEXT ( ( #5612, #2098, #2765 ) ) REPRESENTATION_CONTEXT ( 'NONE', 'WORKASPACE' ) );
#6231 = LINE ( 'NONE', #239, #2576 ) ;
#6232 = DIRECTION ( 'NONE',  ( 0.0000000000000000000, 1.000000000000000000, 0.0000000000000000000 ) ) ;
#6233 = SURFACE_STYLE_FILL_AREA ( #7375 ) ;
#6234 = VERTEX_POINT ( 'NONE', #6578 ) ;
#6235 = CARTESIAN_POINT ( 'NONE',  ( 8.599999999999999645, 17.39999999999999858, 6.920000000000002593 ) ) ;
#6236 = MECHANICAL_DESIGN_GEOMETRIC_PRESENTATION_REPRESENTATION (  '', ( #7239 ), #1461 ) ;
#6237 = VERTEX_POINT ( 'NONE', #2427 ) ;
#6238 = DIRECTION ( 'NONE',  ( -0.2357022603955121753, -0.9428090415820651327, -0.2357022603955121753 ) ) ;
#6239 = EDGE_CURVE ( 'NONE', #1962, #4324, #6658, .T. ) ;
#6240 = DIRECTION ( 'NONE',  ( 0.0000000000000000000, 1.000000000000000000, 0.0000000000000000000 ) ) ;
#6241 = EDGE_CURVE ( 'NONE', #39, #6597, #579, .T. ) ;
#6242 = STYLED_ITEM ( 'NONE', ( #4742 ), #1493 ) ;
#6243 = CARTESIAN_POINT ( 'NONE',  ( 8.599999999999999645, 17.39999999999999858, 3.110000000000001652 ) ) ;
#6244 =( GEOMETRIC_REPRESENTATION_CONTEXT ( 3 ) GLOBAL_UNCERTAINTY_ASSIGNED_CONTEXT ( ( #4216 ) ) GLOBAL_UNIT_ASSIGNED_CONTEXT ( ( #2183, #3649, #4 ) ) REPRESENTATION_CONTEXT ( 'NONE', 'WORKASPACE' ) );
#6245 = LINE ( 'NONE', #852, #4505 ) ;
#6246 = CARTESIAN_POINT ( 'NONE',  ( 6.900000000000000355, 11.19999999999999929, 15.63999999999999702 ) ) ;
#6247 = FACE_OUTER_BOUND ( 'NONE', #3711, .T. ) ;
#6248 = CARTESIAN_POINT ( 'NONE',  ( 5.799999999999999822, 16.30000000000000071, 7.220000000000000639 ) ) ;
#6249 = CARTESIAN_POINT ( 'NONE',  ( 9.119999999999999218, 15.69999999999999929, 6.365000000000002878 ) ) ;
#6250 = FILL_AREA_STYLE_COLOUR ( '', #2173 ) ;
#6251 = VECTOR ( 'NONE', #521, 1000.000000000000000 ) ;
#6252 = LINE ( 'NONE', #6808, #1358 ) ;
#6253 = ADVANCED_FACE ( 'NONE', ( #1807 ), #4223, .T. ) ;
#6254 = AXIS2_PLACEMENT_3D ( 'NONE', #5398, #7307, #3620 ) ;
#6255 = ORIENTED_EDGE ( 'NONE', *, *, #1866, .T. ) ;
#6256 = CARTESIAN_POINT ( 'NONE',  ( 6.099999999999999645, 21.69999999999999929, 4.209999999999998188 ) ) ;
#6257 =( NAMED_UNIT ( * ) PLANE_ANGLE_UNIT ( ) SI_UNIT ( $, .RADIAN. ) );
#6258 = VERTEX_POINT ( 'NONE', #47 ) ;
#6259 = PRESENTATION_LAYER_ASSIGNMENT (  '', '', ( #848 ) ) ;
#6260 = CARTESIAN_POINT ( 'NONE',  ( 9.119999999999999218, 9.000000000000001776, 13.98500000000000121 ) ) ;
#6261 = COLOUR_RGB ( '',1.000000000000000000, 1.000000000000000000, 1.000000000000000000 ) ;
#6262 = PLANE ( 'NONE',  #3669 ) ;
#6263 = EDGE_LOOP ( 'NONE', ( #5279, #1425, #2027, #1531 ) ) ;
#6264 = CARTESIAN_POINT ( 'NONE',  ( 6.900000000000000355, 10.40000000000000213, 15.04000000000000092 ) ) ;
#6265 = SURFACE_SIDE_STYLE ('',( #3119 ) ) ;
#6266 = PRESENTATION_STYLE_ASSIGNMENT (( #4346 ) ) ;
#6267 = ORIENTED_EDGE ( 'NONE', *, *, #901, .F. ) ;
#6268 = VECTOR ( 'NONE', #6719, 1000.000000000000000 ) ;
#6269 = VERTEX_POINT ( 'NONE', #4970 ) ;
#6270 = VECTOR ( 'NONE', #6129, 1000.000000000000000 ) ;
#6271 = VECTOR ( 'NONE', #169, 1000.000000000000000 ) ;
#6272 = CARTESIAN_POINT ( 'NONE',  ( 4.150000000000000355, 15.69999999999999929, 5.409999999999998366 ) ) ;
#6273 = ORIENTED_EDGE ( 'NONE', *, *, #6918, .F. ) ;
#6274 = CARTESIAN_POINT ( 'NONE',  ( 6.500000000000000888, 15.69999999999999929, 7.620000000000001883 ) ) ;
#6275 = ORIENTED_EDGE ( 'NONE', *, *, #7622, .T. ) ;
#6276 = VERTEX_POINT ( 'NONE', #6807 ) ;
#6277 = CARTESIAN_POINT ( 'NONE',  ( 6.500000000000000888, 14.69999999999999929, 19.05000000000000071 ) ) ;
#6278 = CARTESIAN_POINT ( 'NONE',  ( 6.899999999999999467, 18.19999999999999929, 3.409999999999999698 ) ) ;
#6279 = ORIENTED_EDGE ( 'NONE', *, *, #5479, .F. ) ;
#6280 = SURFACE_SIDE_STYLE ('',( #6911 ) ) ;
#6281 = EDGE_CURVE ( 'NONE', #1865, #2964, #779, .T. ) ;
#6282 = VERTEX_POINT ( 'NONE', #3108 ) ;
#6283 = FILL_AREA_STYLE_COLOUR ( '', #6455 ) ;
#6284 = CARTESIAN_POINT ( 'NONE',  ( 7.747222222222190702, 17.51111111111116969, 13.99277777777780862 ) ) ;
#6285 =( GEOMETRIC_REPRESENTATION_CONTEXT ( 3 ) GLOBAL_UNCERTAINTY_ASSIGNED_CONTEXT ( ( #1121 ) ) GLOBAL_UNIT_ASSIGNED_CONTEXT ( ( #2514, #3761, #6859 ) ) REPRESENTATION_CONTEXT ( 'NONE', 'WORKASPACE' ) );
#6286 = LINE ( 'NONE', #6883, #52 ) ;
#6287 = ADVANCED_FACE ( 'NONE', ( #2465 ), #4891, .T. ) ;
#6288 = DIRECTION ( 'NONE',  ( 0.0000000000000000000, 0.0000000000000000000, 1.000000000000000000 ) ) ;
#6289 = PLANE ( 'NONE',  #1349 ) ;
#6290 = LINE ( 'NONE', #2575, #3915 ) ;
#6291 = LINE ( 'NONE', #2073, #6810 ) ;
#6292 = ADVANCED_FACE ( 'NONE', ( #7351 ), #1959, .F. ) ;
#6293 = CARTESIAN_POINT ( 'NONE',  ( 6.899999999999999467, 21.69999999999999929, 7.820000000000000284 ) ) ;
#6294 = ORIENTED_EDGE ( 'NONE', *, *, #190, .T. ) ;
#6295 = ADVANCED_FACE ( 'NONE', ( #129 ), #5474, .T. ) ;
#6296 = PRESENTATION_LAYER_ASSIGNMENT (  '', '', ( #1893 ) ) ;
#6297 = ORIENTED_EDGE ( 'NONE', *, *, #7680, .T. ) ;
#6298 = EDGE_CURVE ( 'NONE', #1333, #5820, #6831, .T. ) ;
#6299 = DIRECTION ( 'NONE',  ( 0.0000000000000000000, -1.000000000000000000, 0.0000000000000000000 ) ) ;
#6300 = DIRECTION ( 'NONE',  ( 0.0000000000000000000, -1.000000000000000000, 0.0000000000000000000 ) ) ;
#6301 = VERTEX_POINT ( 'NONE', #6127 ) ;
#6302 = DIRECTION ( 'NONE',  ( 1.000000000000000000, 0.0000000000000000000, 0.0000000000000000000 ) ) ;
#6303 = CARTESIAN_POINT ( 'NONE',  ( 6.500000000000000888, 14.69999999999999929, 3.810000000000000941 ) ) ;
#6304 = VERTEX_POINT ( 'NONE', #2503 ) ;
#6305 = VECTOR ( 'NONE', #46, 1000.000000000000000 ) ;
#6306 = VERTEX_POINT ( 'NONE', #735 ) ;
#6307 = LINE ( 'NONE', #4508, #3906 ) ;
#6308 = STYLED_ITEM ( 'NONE', ( #1979 ), #4904 ) ;
#6309 =( NAMED_UNIT ( * ) SI_UNIT ( $, .STERADIAN. ) SOLID_ANGLE_UNIT ( ) );
#6310 = ORIENTED_EDGE ( 'NONE', *, *, #6735, .T. ) ;
#6311 = PRESENTATION_LAYER_ASSIGNMENT (  '', '', ( #3302 ) ) ;
#6312 =( NAMED_UNIT ( * ) SI_UNIT ( $, .STERADIAN. ) SOLID_ANGLE_UNIT ( ) );
#6313 = VECTOR ( 'NONE', #3625, 1000.000000000000114 ) ;
#6314 = ORIENTED_EDGE ( 'NONE', *, *, #5676, .F. ) ;
#6315 = ORIENTED_EDGE ( 'NONE', *, *, #6298, .T. ) ;
#6316 = VECTOR ( 'NONE', #5028, 1000.000000000000000 ) ;
#6317 =( GEOMETRIC_REPRESENTATION_CONTEXT ( 3 ) GLOBAL_UNCERTAINTY_ASSIGNED_CONTEXT ( ( #1042 ) ) GLOBAL_UNIT_ASSIGNED_CONTEXT ( ( #2808, #6403, #1591 ) ) REPRESENTATION_CONTEXT ( 'NONE', 'WORKASPACE' ) );
#6318 =( NAMED_UNIT ( * ) PLANE_ANGLE_UNIT ( ) SI_UNIT ( $, .RADIAN. ) );
#6319 = ORIENTED_EDGE ( 'NONE', *, *, #3209, .F. ) ;
#6320 = CARTESIAN_POINT ( 'NONE',  ( 8.599999999999999645, 15.69999999999999929, 16.83999999999999631 ) ) ;
#6321 = ORIENTED_EDGE ( 'NONE', *, *, #4477, .T. ) ;
#6322 = UNCERTAINTY_MEASURE_WITH_UNIT (LENGTH_MEASURE( 1.000000000000000082E-05 ), #3094, 'distance_accuracy_value', 'NONE');
#6323 = PLANE ( 'NONE',  #6059 ) ;
#6324 = DIRECTION ( 'NONE',  ( 1.000000000000000000, 0.0000000000000000000, 0.0000000000000000000 ) ) ;
#6325 = STYLED_ITEM ( 'NONE', ( #3281 ), #5993 ) ;
#6326 = CIRCLE ( 'NONE', #7558, 0.8999999999999998002 ) ;
#6327 = SURFACE_STYLE_FILL_AREA ( #2569 ) ;
#6328 = CARTESIAN_POINT ( 'NONE',  ( 4.599999999999999645, 15.69999999999999929, 12.46923048454129912 ) ) ;
#6329 = SURFACE_SIDE_STYLE ('',( #3973 ) ) ;
#6330 = DIRECTION ( 'NONE',  ( 0.0000000000000000000, 1.000000000000000000, 0.0000000000000000000 ) ) ;
#6331 = VECTOR ( 'NONE', #7195, 1000.000000000000000 ) ;
#6332 = SURFACE_SIDE_STYLE ('',( #3937 ) ) ;
#6333 = LINE ( 'NONE', #2779, #356 ) ;
#6334 = VERTEX_POINT ( 'NONE', #4300 ) ;
#6335 = DIRECTION ( 'NONE',  ( 0.0000000000000000000, 0.0000000000000000000, -1.000000000000000000 ) ) ;
#6336 = EDGE_CURVE ( 'NONE', #2050, #1355, #814, .T. ) ;
#6337 = ORIENTED_EDGE ( 'NONE', *, *, #1332, .T. ) ;
#6338 = LINE ( 'NONE', #1608, #3231 ) ;
#6339 = ORIENTED_EDGE ( 'NONE', *, *, #2610, .T. ) ;
#6340 = EDGE_CURVE ( 'NONE', #192, #5381, #3149, .T. ) ;
#6341 = SURFACE_STYLE_USAGE ( .BOTH. , #822 ) ;
#6342 = LINE ( 'NONE', #4503, #1672 ) ;
#6343 = LINE ( 'NONE', #467, #1229 ) ;
#6344 = ORIENTED_EDGE ( 'NONE', *, *, #1234, .F. ) ;
#6345 = ORIENTED_EDGE ( 'NONE', *, *, #1189, .T. ) ;
#6346 = EDGE_CURVE ( 'NONE', #3425, #6853, #213, .T. ) ;
#6347 = DIRECTION ( 'NONE',  ( 0.0000000000000000000, -1.000000000000000000, 0.0000000000000000000 ) ) ;
#6348 = DIRECTION ( 'NONE',  ( 0.0000000000000000000, 0.0000000000000000000, 1.000000000000000000 ) ) ;
#6349 = ORIENTED_EDGE ( 'NONE', *, *, #3420, .F. ) ;
#6350 = ORIENTED_EDGE ( 'NONE', *, *, #2678, .T. ) ;
#6351 = ORIENTED_EDGE ( 'NONE', *, *, #50, .F. ) ;
#6352 =( LENGTH_UNIT ( ) NAMED_UNIT ( * ) SI_UNIT ( .MILLI., .METRE. ) );
#6353 = CARTESIAN_POINT ( 'NONE',  ( 6.327777777777790824, 23.18888888888886868, 18.87777777777778709 ) ) ;
#6354 = ORIENTED_EDGE ( 'NONE', *, *, #1710, .T. ) ;
#6355 = DIRECTION ( 'NONE',  ( 0.0000000000000000000, 0.0000000000000000000, -1.000000000000000000 ) ) ;
#6356 = MECHANICAL_DESIGN_GEOMETRIC_PRESENTATION_REPRESENTATION (  '', ( #1956 ), #1579 ) ;
#6357 = SURFACE_STYLE_USAGE ( .BOTH. , #4527 ) ;
#6358 = VECTOR ( 'NONE', #6555, 1000.000000000000000 ) ;
#6359 = CARTESIAN_POINT ( 'NONE',  ( 8.599999999999999645, 17.39999999999999858, 9.830000000000000071 ) ) ;
#6360 = PRESENTATION_STYLE_ASSIGNMENT (( #3385 ) ) ;
#6361 = SURFACE_SIDE_STYLE ('',( #7034 ) ) ;
#6362 = AXIS2_PLACEMENT_3D ( 'NONE', #3895, #2851, #7574 ) ;
#6363 = VERTEX_POINT ( 'NONE', #7392 ) ;
#6364 = VECTOR ( 'NONE', #1803, 1000.000000000000000 ) ;
#6365 = DIRECTION ( 'NONE',  ( 0.0000000000000000000, -1.000000000000000000, 0.0000000000000000000 ) ) ;
#6366 = DIRECTION ( 'NONE',  ( 0.0000000000000000000, 0.0000000000000000000, -1.000000000000000000 ) ) ;
#6367 = ORIENTED_EDGE ( 'NONE', *, *, #4526, .T. ) ;
#6368 = DIRECTION ( 'NONE',  ( -0.0000000000000000000, -1.000000000000000000, -0.0000000000000000000 ) ) ;
#6369 = DIRECTION ( 'NONE',  ( 0.0000000000000000000, 0.0000000000000000000, -1.000000000000000000 ) ) ;
#6370 = VECTOR ( 'NONE', #1441, 1000.000000000000000 ) ;
#6371 = ORIENTED_EDGE ( 'NONE', *, *, #2780, .F. ) ;
#6372 = DIRECTION ( 'NONE',  ( 0.9701425001453318764, 0.2425356250363329691, 0.0000000000000000000 ) ) ;
#6373 = CARTESIAN_POINT ( 'NONE',  ( 9.800000000000000711, 9.000000000000001776, 20.53999999999999915 ) ) ;
#6374 = DIRECTION ( 'NONE',  ( 0.0000000000000000000, 0.0000000000000000000, -1.000000000000000000 ) ) ;
#6375 = PRESENTATION_STYLE_ASSIGNMENT (( #6341 ) ) ;
#6376 = PLANE ( 'NONE',  #2547 ) ;
#6377 = VECTOR ( 'NONE', #5085, 1000.000000000000000 ) ;
#6378 = LINE ( 'NONE', #2754, #4642 ) ;
#6379 = ORIENTED_EDGE ( 'NONE', *, *, #6239, .T. ) ;
#6380 = EDGE_CURVE ( 'NONE', #5067, #4524, #1998, .T. ) ;
#6381 = ORIENTED_EDGE ( 'NONE', *, *, #3081, .F. ) ;
#6382 = LINE ( 'NONE', #5520, #448 ) ;
#6383 = VECTOR ( 'NONE', #4523, 1000.000000000000000 ) ;
#6384 = MECHANICAL_DESIGN_GEOMETRIC_PRESENTATION_REPRESENTATION (  '', ( #5385 ), #5264 ) ;
#6385 = EDGE_CURVE ( 'NONE', #6276, #1622, #6051, .T. ) ;
#6386 = PRESENTATION_STYLE_ASSIGNMENT (( #3405 ) ) ;
#6387 = CIRCLE ( 'NONE', #1987, 0.4500000000000007327 ) ;
#6388 = EDGE_CURVE ( 'NONE', #6408, #7555, #279, .T. ) ;
#6389 = AXIS2_PLACEMENT_3D ( 'NONE', #3078, #5363, #1770 ) ;
#6390 = STYLED_ITEM ( 'NONE', ( #1314 ), #2480 ) ;
#6391 = EDGE_LOOP ( 'NONE', ( #2888, #5618, #3940, #7389 ) ) ;
#6392 =( NAMED_UNIT ( * ) SI_UNIT ( $, .STERADIAN. ) SOLID_ANGLE_UNIT ( ) );
#6393 = EDGE_CURVE ( 'NONE', #5642, #1622, #1407, .T. ) ;
#6394 = ORIENTED_EDGE ( 'NONE', *, *, #2681, .T. ) ;
#6395 = ORIENTED_EDGE ( 'NONE', *, *, #4232, .F. ) ;
#6396 = EDGE_CURVE ( 'NONE', #1615, #4597, #2581, .T. ) ;
#6397 = DIRECTION ( 'NONE',  ( 0.0000000000000000000, 0.0000000000000000000, -1.000000000000000000 ) ) ;
#6398 = EDGE_CURVE ( 'NONE', #6785, #2551, #6208, .T. ) ;
#6399 = DIRECTION ( 'NONE',  ( 0.0000000000000000000, -1.000000000000000000, 0.0000000000000000000 ) ) ;
#6400 = ORIENTED_EDGE ( 'NONE', *, *, #5001, .T. ) ;
#6401 = UNCERTAINTY_MEASURE_WITH_UNIT (LENGTH_MEASURE( 1.000000000000000082E-05 ), #4873, 'distance_accuracy_value', 'NONE');
#6402 = VECTOR ( 'NONE', #6366, 1000.000000000000000 ) ;
#6403 =( NAMED_UNIT ( * ) PLANE_ANGLE_UNIT ( ) SI_UNIT ( $, .RADIAN. ) );
#6404 = FILL_AREA_STYLE ('',( #1045 ) ) ;
#6405 = LINE ( 'NONE', #5197, #3483 ) ;
#6406 = DIRECTION ( 'NONE',  ( -0.2425356250363329691, -0.9701425001453318764, 0.0000000000000000000 ) ) ;
#6407 = DIRECTION ( 'NONE',  ( 0.0000000000000000000, -1.000000000000000000, 0.0000000000000000000 ) ) ;
#6408 = VERTEX_POINT ( 'NONE', #3226 ) ;
#6409 = DIRECTION ( 'NONE',  ( 0.0000000000000000000, -1.000000000000000000, 0.0000000000000000000 ) ) ;
#6410 = DIRECTION ( 'NONE',  ( 0.0000000000000000000, 1.000000000000000000, 0.0000000000000000000 ) ) ;
#6411 = LINE ( 'NONE', #3309, #4395 ) ;
#6412 = VECTOR ( 'NONE', #7404, 1000.000000000000000 ) ;
#6413 = ORIENTED_EDGE ( 'NONE', *, *, #2011, .T. ) ;
#6414 = LINE ( 'NONE', #5314, #713 ) ;
#6415 = CARTESIAN_POINT ( 'NONE',  ( 8.599999999999999645, 9.000000000000001776, -9.919999999999998153 ) ) ;
#6416 = ORIENTED_EDGE ( 'NONE', *, *, #4044, .F. ) ;
#6417 = VECTOR ( 'NONE', #5781, 1000.000000000000000 ) ;
#6418 =( NAMED_UNIT ( * ) SI_UNIT ( $, .STERADIAN. ) SOLID_ANGLE_UNIT ( ) );
#6419 = CARTESIAN_POINT ( 'NONE',  ( 9.119999999999999218, 15.69999999999999929, 6.920000000000002593 ) ) ;
#6420 = CARTESIAN_POINT ( 'NONE',  ( 6.899999999999999467, 21.69999999999999929, 4.009999999999999787 ) ) ;
#6421 = CARTESIAN_POINT ( 'NONE',  ( 9.119999999999999218, 15.69999999999999929, 4.509999999999999787 ) ) ;
#6422 = UNCERTAINTY_MEASURE_WITH_UNIT (LENGTH_MEASURE( 1.000000000000000082E-05 ), #2593, 'distance_accuracy_value', 'NONE');
#6423 = CARTESIAN_POINT ( 'NONE',  ( 9.119999999999999218, 15.69999999999999929, 16.49500000000000099 ) ) ;
#6424 = ORIENTED_EDGE ( 'NONE', *, *, #6615, .T. ) ;
#6425 = VERTEX_POINT ( 'NONE', #7314 ) ;
#6426 = DIRECTION ( 'NONE',  ( 1.000000000000000000, 0.0000000000000000000, 0.0000000000000000000 ) ) ;
#6427 = CARTESIAN_POINT ( 'NONE',  ( 7.549999999999999822, 10.00000000000000178, 1.960000000000003517 ) ) ;
#6428 = VECTOR ( 'NONE', #5755, 1000.000000000000000 ) ;
#6429 = FACE_OUTER_BOUND ( 'NONE', #2286, .T. ) ;
#6430 = EDGE_LOOP ( 'NONE', ( #2764, #3961, #7713, #5907 ) ) ;
#6431 = FACE_OUTER_BOUND ( 'NONE', #5118, .T. ) ;
#6432 = CIRCLE ( 'NONE', #7309, 0.8999999999999998002 ) ;
#6433 = ORIENTED_EDGE ( 'NONE', *, *, #4531, .F. ) ;
#6434 = EDGE_CURVE ( 'NONE', #4015, #7529, #1923, .T. ) ;
#6435 = ORIENTED_EDGE ( 'NONE', *, *, #708, .T. ) ;
#6436 = CARTESIAN_POINT ( 'NONE',  ( 6.500000000000000888, 14.69999999999999929, 11.43000000000000149 ) ) ;
#6437 =( GEOMETRIC_REPRESENTATION_CONTEXT ( 3 ) GLOBAL_UNCERTAINTY_ASSIGNED_CONTEXT ( ( #3109 ) ) GLOBAL_UNIT_ASSIGNED_CONTEXT ( ( #4182, #4695, #690 ) ) REPRESENTATION_CONTEXT ( 'NONE', 'WORKASPACE' ) );
#6438 = EDGE_CURVE ( 'NONE', #3874, #493, #6964, .T. ) ;
#6439 = VECTOR ( 'NONE', #7046, 1000.000000000000000 ) ;
#6440 = PLANE ( 'NONE',  #1600 ) ;
#6441 = VERTEX_POINT ( 'NONE', #3307 ) ;
#6442 = FILL_AREA_STYLE ('',( #5344 ) ) ;
#6443 = PLANE ( 'NONE',  #7039 ) ;
#6444 = ADVANCED_FACE ( 'NONE', ( #5128 ), #339, .F. ) ;
#6445 = VECTOR ( 'NONE', #6905, 1000.000000000000000 ) ;
#6446 = VECTOR ( 'NONE', #5471, 1000.000000000000000 ) ;
#6447 = CARTESIAN_POINT ( 'NONE',  ( 6.099999999999999645, 10.40000000000000213, 7.220000000000000639 ) ) ;
#6448 = DIRECTION ( 'NONE',  ( 0.0000000000000000000, 0.0000000000000000000, -1.000000000000000000 ) ) ;
#6449 = PLANE ( 'NONE',  #1698 ) ;
#6450 = ORIENTED_EDGE ( 'NONE', *, *, #7073, .F. ) ;
#6451 = PRESENTATION_STYLE_ASSIGNMENT (( #933 ) ) ;
#6452 =( LENGTH_UNIT ( ) NAMED_UNIT ( * ) SI_UNIT ( .MILLI., .METRE. ) );
#6453 =( GEOMETRIC_REPRESENTATION_CONTEXT ( 3 ) GLOBAL_UNCERTAINTY_ASSIGNED_CONTEXT ( ( #502 ) ) GLOBAL_UNIT_ASSIGNED_CONTEXT ( ( #1507, #994, #6309 ) ) REPRESENTATION_CONTEXT ( 'NONE', 'WORKASPACE' ) );
#6454 = LINE ( 'NONE', #6163, #6271 ) ;
#6455 = COLOUR_RGB ( '',1.000000000000000000, 1.000000000000000000, 1.000000000000000000 ) ;
#6456 = ORIENTED_EDGE ( 'NONE', *, *, #5157, .F. ) ;
#6457 = CARTESIAN_POINT ( 'NONE',  ( 4.150000000000000355, 9.000000000000001776, 6.580769515458703367 ) ) ;
#6458 = FACE_OUTER_BOUND ( 'NONE', #1418, .T. ) ;
#6459 = ORIENTED_EDGE ( 'NONE', *, *, #7017, .F. ) ;
#6460 = AXIS2_PLACEMENT_3D ( 'NONE', #5872, #7628, #988 ) ;
#6461 = CARTESIAN_POINT ( 'NONE',  ( 4.150000000000000355, 15.69999999999999929, 9.830000000000000071 ) ) ;
#6462 = FACE_OUTER_BOUND ( 'NONE', #7089, .T. ) ;
#6463 = DIRECTION ( 'NONE',  ( 0.0000000000000000000, 0.2425356250363290000, -0.9701425001453328756 ) ) ;
#6464 = PLANE ( 'NONE',  #6037 ) ;
#6465 = CARTESIAN_POINT ( 'NONE',  ( 8.599999999999999645, 17.39999999999999858, 13.02999999999999758 ) ) ;
#6466 = DIRECTION ( 'NONE',  ( -0.9451512019217267468, 0.0000000000000000000, 0.3266331359582419491 ) ) ;
#6467 = EDGE_LOOP ( 'NONE', ( #3085, #5300, #22, #6893 ) ) ;
#6468 = ORIENTED_EDGE ( 'NONE', *, *, #7481, .F. ) ;
#6469 = MECHANICAL_DESIGN_GEOMETRIC_PRESENTATION_REPRESENTATION (  '', ( #6839 ), #3829 ) ;
#6470 = PLANE ( 'NONE',  #6751 ) ;
#6471 = CARTESIAN_POINT ( 'NONE',  ( 0.0000000000000000000, 11.50000000000000000, 0.0000000000000000000 ) ) ;
#6472 = ORIENTED_EDGE ( 'NONE', *, *, #3314, .T. ) ;
#6473 = DIRECTION ( 'NONE',  ( 0.0000000000000000000, 0.0000000000000000000, 1.000000000000000000 ) ) ;
#6474 = ORIENTED_EDGE ( 'NONE', *, *, #1376, .T. ) ;
#6475 =( LENGTH_UNIT ( ) NAMED_UNIT ( * ) SI_UNIT ( .MILLI., .METRE. ) );
#6476 = SURFACE_STYLE_USAGE ( .BOTH. , #3377 ) ;
#6477 = ORIENTED_EDGE ( 'NONE', *, *, #1283, .T. ) ;
#6478 = UNCERTAINTY_MEASURE_WITH_UNIT (LENGTH_MEASURE( 1.000000000000000082E-05 ), #2149, 'distance_accuracy_value', 'NONE');
#6479 = FACE_OUTER_BOUND ( 'NONE', #7431, .T. ) ;
#6480 = EDGE_CURVE ( 'NONE', #7757, #4741, #6966, .T. ) ;
#6481 = LINE ( 'NONE', #5891, #1109 ) ;
#6482 = VECTOR ( 'NONE', #5262, 1000.000000000000000 ) ;
#6483 = EDGE_CURVE ( 'NONE', #5339, #5984, #3900, .T. ) ;
#6484 = PRESENTATION_STYLE_ASSIGNMENT (( #4095 ) ) ;
#6485 = FILL_AREA_STYLE ('',( #5851 ) ) ;
#6486 = DIRECTION ( 'NONE',  ( -1.000000000000000000, 0.0000000000000000000, 0.0000000000000000000 ) ) ;
#6487 = ORIENTED_EDGE ( 'NONE', *, *, #3850, .F. ) ;
#6488 =( NAMED_UNIT ( * ) SI_UNIT ( $, .STERADIAN. ) SOLID_ANGLE_UNIT ( ) );
#6489 = EDGE_CURVE ( 'NONE', #6558, #2787, #5821, .T. ) ;
#6490 = LINE ( 'NONE', #490, #3634 ) ;
#6491 = COLOUR_RGB ( '',1.000000000000000000, 1.000000000000000000, 1.000000000000000000 ) ;
#6492 = DIRECTION ( 'NONE',  ( 0.2357022603955148676, -0.9428090415820634673, 0.2357022603955158668 ) ) ;
#6493 = ORIENTED_EDGE ( 'NONE', *, *, #2780, .T. ) ;
#6494 = CARTESIAN_POINT ( 'NONE',  ( 9.119999999999999218, 15.69999999999999929, 15.93999999999999950 ) ) ;
#6495 = CIRCLE ( 'NONE', #5243, 1.499999999999999556 ) ;
#6496 = EDGE_CURVE ( 'NONE', #493, #1312, #5837, .T. ) ;
#6497 = COLOUR_RGB ( '',1.000000000000000000, 1.000000000000000000, 1.000000000000000000 ) ;
#6498 = FACE_OUTER_BOUND ( 'NONE', #4875, .T. ) ;
#6499 = DIRECTION ( 'NONE',  ( 0.0000000000000000000, -1.000000000000000000, 0.0000000000000000000 ) ) ;
#6500 = FILL_AREA_STYLE ('',( #6575 ) ) ;
#6501 = FILL_AREA_STYLE_COLOUR ( '', #7420 ) ;
#6502 = EDGE_CURVE ( 'NONE', #7053, #1162, #7037, .T. ) ;
#6503 = UNCERTAINTY_MEASURE_WITH_UNIT (LENGTH_MEASURE( 1.000000000000000082E-05 ), #1534, 'distance_accuracy_value', 'NONE');
#6504 = CYLINDRICAL_SURFACE ( 'NONE', #2230, 0.1999999999999987899 ) ;
#6505 = ORIENTED_EDGE ( 'NONE', *, *, #1969, .T. ) ;
#6506 = STYLED_ITEM ( 'NONE', ( #177 ), #1624 ) ;
#6507 = ORIENTED_EDGE ( 'NONE', *, *, #3462, .T. ) ;
#6508 = MECHANICAL_DESIGN_GEOMETRIC_PRESENTATION_REPRESENTATION (  '', ( #5372 ), #7498 ) ;
#6509 = LINE ( 'NONE', #6427, #4176 ) ;
#6510 = EDGE_LOOP ( 'NONE', ( #102, #295, #7325, #6135 ) ) ;
#6511 = CARTESIAN_POINT ( 'NONE',  ( 6.099999999999999645, 14.69999999999999929, 3.409999999999999698 ) ) ;
#6512 = COLOUR_RGB ( '',1.000000000000000000, 1.000000000000000000, 1.000000000000000000 ) ;
#6513 = ORIENTED_EDGE ( 'NONE', *, *, #6622, .F. ) ;
#6514 = CARTESIAN_POINT ( 'NONE',  ( 6.349999999999999645, 11.50000000000000000, 20.65000000000000213 ) ) ;
#6515 = COLOUR_RGB ( '',1.000000000000000000, 1.000000000000000000, 1.000000000000000000 ) ;
#6516 = DIRECTION ( 'NONE',  ( -1.000000000000000000, 0.0000000000000000000, 0.0000000000000000000 ) ) ;
#6517 = CIRCLE ( 'NONE', #3003, 0.9000000000000002442 ) ;
#6518 = DIRECTION ( 'NONE',  ( 0.0000000000000000000, -1.000000000000000000, 0.0000000000000000000 ) ) ;
#6519 = EDGE_LOOP ( 'NONE', ( #423, #3812, #2214, #4752 ) ) ;
#6520 = DIRECTION ( 'NONE',  ( 1.000000000000000000, 0.0000000000000000000, 0.0000000000000000000 ) ) ;
#6521 = VECTOR ( 'NONE', #7699, 1000.000000000000000 ) ;
#6522 = LINE ( 'NONE', #5562, #5171 ) ;
#6523 = DIRECTION ( 'NONE',  ( -0.9701425001453318764, 0.2425356250363329691, 0.0000000000000000000 ) ) ;
#6524 = FACE_OUTER_BOUND ( 'NONE', #6172, .T. ) ;
#6525 = ORIENTED_EDGE ( 'NONE', *, *, #1231, .T. ) ;
#6526 = VECTOR ( 'NONE', #2744, 1000.000000000000000 ) ;
#6527 = FILL_AREA_STYLE ('',( #1639 ) ) ;
#6528 = LINE ( 'NONE', #7656, #1488 ) ;
#6529 = VERTEX_POINT ( 'NONE', #5166 ) ;
#6530 = DIRECTION ( 'NONE',  ( 0.0000000000000000000, 0.0000000000000000000, 1.000000000000000000 ) ) ;
#6531 = FACE_OUTER_BOUND ( 'NONE', #2611, .T. ) ;
#6532 =( GEOMETRIC_REPRESENTATION_CONTEXT ( 3 ) GLOBAL_UNCERTAINTY_ASSIGNED_CONTEXT ( ( #3438 ) ) GLOBAL_UNIT_ASSIGNED_CONTEXT ( ( #1486, #291, #5162 ) ) REPRESENTATION_CONTEXT ( 'NONE', 'WORKASPACE' ) );
#6533 = ADVANCED_FACE ( 'NONE', ( #2115 ), #2815, .T. ) ;
#6534 = CARTESIAN_POINT ( 'NONE',  ( 9.119999999999999218, 9.000000000000001776, 10.17500000000000249 ) ) ;
#6535 = CARTESIAN_POINT ( 'NONE',  ( 9.119999999999999218, 9.000000000000001776, 17.79500000000000171 ) ) ;
#6536 = DIRECTION ( 'NONE',  ( 0.0000000000000000000, -1.000000000000000000, 0.0000000000000000000 ) ) ;
#6537 = EDGE_CURVE ( 'NONE', #5154, #4687, #2985, .T. ) ;
#6538 = LINE ( 'NONE', #5321, #3800 ) ;
#6539 = SURFACE_STYLE_FILL_AREA ( #1138 ) ;
#6540 = EDGE_CURVE ( 'NONE', #7016, #5776, #451, .T. ) ;
#6541 = DIRECTION ( 'NONE',  ( 0.0000000000000000000, 0.0000000000000000000, -1.000000000000000000 ) ) ;
#6542 = ORIENTED_EDGE ( 'NONE', *, *, #311, .F. ) ;
#6543 = EDGE_LOOP ( 'NONE', ( #6030, #6507, #786, #6468 ) ) ;
#6544 = CARTESIAN_POINT ( 'NONE',  ( 6.900000000000000355, 16.30000000000000071, 19.44999999999999929 ) ) ;
#6545 = EDGE_CURVE ( 'NONE', #7623, #7016, #1090, .T. ) ;
#6546 = EDGE_LOOP ( 'NONE', ( #7805, #5605, #747, #7007 ) ) ;
#6547 = ADVANCED_FACE ( 'NONE', ( #4728 ), #4215, .F. ) ;
#6548 = DIRECTION ( 'NONE',  ( 0.0000000000000000000, -1.000000000000000000, 0.0000000000000000000 ) ) ;
#6549 = DIRECTION ( 'NONE',  ( -0.2425356250363329691, -0.9701425001453318764, 0.0000000000000000000 ) ) ;
#6550 = AXIS2_PLACEMENT_3D ( 'NONE', #4764, #1874, #6074 ) ;
#6551 = VERTEX_POINT ( 'NONE', #3023 ) ;
#6552 = LINE ( 'NONE', #7678, #1155 ) ;
#6553 = VECTOR ( 'NONE', #4266, 1000.000000000000000 ) ;
#6554 = EDGE_LOOP ( 'NONE', ( #880, #385, #5528, #7109 ) ) ;
#6555 = DIRECTION ( 'NONE',  ( 0.0000000000000000000, 0.0000000000000000000, 1.000000000000000000 ) ) ;
#6556 = DIRECTION ( 'NONE',  ( -1.000000000000000000, 0.0000000000000000000, 0.0000000000000000000 ) ) ;
#6557 = CARTESIAN_POINT ( 'NONE',  ( 8.599999999999999645, 9.000000000000001776, 2.209999999999999964 ) ) ;
#6558 = VERTEX_POINT ( 'NONE', #1641 ) ;
#6559 = UNCERTAINTY_MEASURE_WITH_UNIT (LENGTH_MEASURE( 1.000000000000000082E-05 ), #5353, 'distance_accuracy_value', 'NONE');
#6560 = PLANE ( 'NONE',  #1790 ) ;
#6561 = FILL_AREA_STYLE_COLOUR ( '', #2586 ) ;
#6562 = VECTOR ( 'NONE', #3836, 1000.000000000000000 ) ;
#6563 = STYLED_ITEM ( 'NONE', ( #6965 ), #4035 ) ;
#6564 = LINE ( 'NONE', #638, #2845 ) ;
#6565 = DIRECTION ( 'NONE',  ( 1.000000000000000000, 0.0000000000000000000, 0.0000000000000000000 ) ) ;
#6566 = VERTEX_POINT ( 'NONE', #5311 ) ;
#6567 = DIRECTION ( 'NONE',  ( 1.000000000000000000, 0.0000000000000000000, 0.0000000000000000000 ) ) ;
#6568 = DIRECTION ( 'NONE',  ( 0.0000000000000000000, -1.000000000000000000, 0.0000000000000000000 ) ) ;
#6569 = LINE ( 'NONE', #6604, #5937 ) ;
#6570 = VECTOR ( 'NONE', #1834, 1000.000000000000000 ) ;
#6571 = CARTESIAN_POINT ( 'NONE',  ( 6.099999999999999645, 18.19999999999999929, 18.64999999999999858 ) ) ;
#6572 = LINE ( 'NONE', #3070, #4615 ) ;
#6573 = LINE ( 'NONE', #4151, #4363 ) ;
#6574 = DIRECTION ( 'NONE',  ( 0.0000000000000000000, -1.000000000000000000, 0.0000000000000000000 ) ) ;
#6575 = FILL_AREA_STYLE_COLOUR ( '', #5068 ) ;
#6576 = DIRECTION ( 'NONE',  ( -0.9701425001453318764, 0.2425356250363329691, 0.0000000000000000000 ) ) ;
#6577 = AXIS2_PLACEMENT_3D ( 'NONE', #5466, #2028, #6157 ) ;
#6578 = CARTESIAN_POINT ( 'NONE',  ( 6.899999999999999467, 20.89999999999999147, 19.44999999999999929 ) ) ;
#6579 = ORIENTED_EDGE ( 'NONE', *, *, #1369, .T. ) ;
#6580 = ORIENTED_EDGE ( 'NONE', *, *, #50, .T. ) ;
#6581 = SURFACE_STYLE_USAGE ( .BOTH. , #2430 ) ;
#6582 = ADVANCED_FACE ( 'NONE', ( #567 ), #1681, .T. ) ;
#6583 = DIRECTION ( 'NONE',  ( -1.000000000000000000, 0.0000000000000000000, 0.0000000000000000000 ) ) ;
#6584 = ORIENTED_EDGE ( 'NONE', *, *, #6052, .F. ) ;
#6585 = EDGE_CURVE ( 'NONE', #2359, #670, #1797, .T. ) ;
#6586 = CARTESIAN_POINT ( 'NONE',  ( 7.747222222222190702, 17.51111111111116969, 10.18277777777780990 ) ) ;
#6587 = LINE ( 'NONE', #7718, #4203 ) ;
#6588 = VECTOR ( 'NONE', #5212, 1000.000000000000000 ) ;
#6589 = EDGE_CURVE ( 'NONE', #553, #5599, #6387, .T. ) ;
#6590 = ORIENTED_EDGE ( 'NONE', *, *, #5053, .T. ) ;
#6591 = EDGE_CURVE ( 'NONE', #4076, #6963, #5275, .T. ) ;
#6592 = ORIENTED_EDGE ( 'NONE', *, *, #6502, .F. ) ;
#6593 = LINE ( 'NONE', #2330, #6226 ) ;
#6594 =( NAMED_UNIT ( * ) PLANE_ANGLE_UNIT ( ) SI_UNIT ( $, .RADIAN. ) );
#6595 = DIRECTION ( 'NONE',  ( 0.0000000000000000000, -0.9701425001453318764, -0.2425356250363329691 ) ) ;
#6596 = ORIENTED_EDGE ( 'NONE', *, *, #7680, .F. ) ;
#6597 = VERTEX_POINT ( 'NONE', #1757 ) ;
#6598 = FILL_AREA_STYLE ('',( #6561 ) ) ;
#6599 = CARTESIAN_POINT ( 'NONE',  ( 8.599999999999999645, 15.69999999999999929, 5.409999999999998366 ) ) ;
#6600 = CARTESIAN_POINT ( 'NONE',  ( 4.599999999999999645, 17.39999999999999858, 6.580769515458703367 ) ) ;
#6601 = ORIENTED_EDGE ( 'NONE', *, *, #4582, .T. ) ;
#6602 = DIRECTION ( 'NONE',  ( -1.000000000000000000, 0.0000000000000000000, 0.0000000000000000000 ) ) ;
#6603 = FILL_AREA_STYLE ('',( #3575 ) ) ;
#6604 = CARTESIAN_POINT ( 'NONE',  ( 5.950000000000009059, 20.30000000000001847, 15.78999999999998849 ) ) ;
#6605 = CYLINDRICAL_SURFACE ( 'NONE', #3371, 1.499999999999999556 ) ;
#6606 = CARTESIAN_POINT ( 'NONE',  ( 10.50000000000000000, 9.000000000000001776, 21.35000000000000142 ) ) ;
#6607 = LINE ( 'NONE', #538, #3363 ) ;
#6608 = CARTESIAN_POINT ( 'NONE',  ( 6.500000000000000888, 15.69999999999999929, 18.14999999999999858 ) ) ;
#6609 = COLOUR_RGB ( '',1.000000000000000000, 1.000000000000000000, 1.000000000000000000 ) ;
#6610 = CARTESIAN_POINT ( 'NONE',  ( 8.599999999999999645, 9.000000000000001776, 13.02999999999999758 ) ) ;
#6611 = CARTESIAN_POINT ( 'NONE',  ( 6.099999999999999645, 20.89999999999999147, 15.63999999999999702 ) ) ;
#6612 = DIRECTION ( 'NONE',  ( 0.0000000000000000000, 0.0000000000000000000, -1.000000000000000000 ) ) ;
#6613 =( NAMED_UNIT ( * ) SI_UNIT ( $, .STERADIAN. ) SOLID_ANGLE_UNIT ( ) );
#6614 =( GEOMETRIC_REPRESENTATION_CONTEXT ( 3 ) GLOBAL_UNCERTAINTY_ASSIGNED_CONTEXT ( ( #5245 ) ) GLOBAL_UNIT_ASSIGNED_CONTEXT ( ( #2812, #486, #2226 ) ) REPRESENTATION_CONTEXT ( 'NONE', 'WORKASPACE' ) );
#6615 = EDGE_CURVE ( 'NONE', #3588, #722, #2417, .T. ) ;
#6616 = ORIENTED_EDGE ( 'NONE', *, *, #3209, .T. ) ;
#6617 = LINE ( 'NONE', #1888, #2860 ) ;
#6618 = PRESENTATION_STYLE_ASSIGNMENT (( #7199 ) ) ;
#6619 = EDGE_LOOP ( 'NONE', ( #4679, #414, #5097, #5650 ) ) ;
#6620 = LINE ( 'NONE', #6095, #5799 ) ;
#6621 = PLANE ( 'NONE',  #1037 ) ;
#6622 = EDGE_CURVE ( 'NONE', #5446, #6750, #6490, .T. ) ;
#6623 =( GEOMETRIC_REPRESENTATION_CONTEXT ( 3 ) GLOBAL_UNCERTAINTY_ASSIGNED_CONTEXT ( ( #328 ) ) GLOBAL_UNIT_ASSIGNED_CONTEXT ( ( #3609, #5997, #5892 ) ) REPRESENTATION_CONTEXT ( 'NONE', 'WORKASPACE' ) );
#6624 = VECTOR ( 'NONE', #6299, 1000.000000000000000 ) ;
#6625 = ORIENTED_EDGE ( 'NONE', *, *, #108, .T. ) ;
#6626 = AXIS2_PLACEMENT_3D ( 'NONE', #7469, #3272, #817 ) ;
#6627 = EDGE_CURVE ( 'NONE', #1168, #1824, #2901, .T. ) ;
#6628 = ORIENTED_EDGE ( 'NONE', *, *, #3994, .T. ) ;
#6629 = PRESENTATION_STYLE_ASSIGNMENT (( #2840 ) ) ;
#6630 = CARTESIAN_POINT ( 'NONE',  ( 6.899999999999999467, 20.89999999999999147, 8.019999999999999574 ) ) ;
#6631 = EDGE_CURVE ( 'NONE', #7354, #3484, #6528, .T. ) ;
#6632 = COLOUR_RGB ( '',1.000000000000000000, 1.000000000000000000, 1.000000000000000000 ) ;
#6633 = EDGE_LOOP ( 'NONE', ( #7232, #4285, #738, #6349 ) ) ;
#6634 = CARTESIAN_POINT ( 'NONE',  ( 2.950000000000000178, 9.000000000000001776, 15.24000000000000021 ) ) ;
#6635 = EDGE_CURVE ( 'NONE', #99, #3827, #199, .T. ) ;
#6636 = AXIS2_PLACEMENT_3D ( 'NONE', #6659, #4262, #3547 ) ;
#6637 = ADVANCED_FACE ( 'NONE', ( #6155 ), #1947, .F. ) ;
#6638 = ORIENTED_EDGE ( 'NONE', *, *, #6589, .F. ) ;
#6639 = COLOUR_RGB ( '',1.000000000000000000, 1.000000000000000000, 1.000000000000000000 ) ;
#6640 = FILL_AREA_STYLE ('',( #526 ) ) ;
#6641 = EDGE_CURVE ( 'NONE', #6660, #1465, #7303, .T. ) ;
#6642 = PRESENTATION_STYLE_ASSIGNMENT (( #5350 ) ) ;
#6643 = DIRECTION ( 'NONE',  ( 0.0000000000000000000, -0.0000000000000000000, 1.000000000000000000 ) ) ;
#6644 = LINE ( 'NONE', #2980, #2762 ) ;
#6645 = ORIENTED_EDGE ( 'NONE', *, *, #2669, .F. ) ;
#6646 = DIRECTION ( 'NONE',  ( 0.0000000000000000000, 0.0000000000000000000, 1.000000000000000000 ) ) ;
#6647 = COLOUR_RGB ( '',1.000000000000000000, 1.000000000000000000, 1.000000000000000000 ) ;
#6648 = UNCERTAINTY_MEASURE_WITH_UNIT (LENGTH_MEASURE( 1.000000000000000082E-05 ), #7660, 'distance_accuracy_value', 'NONE');
#6649 = MECHANICAL_DESIGN_GEOMETRIC_PRESENTATION_REPRESENTATION (  '', ( #7773 ), #1741 ) ;
#6650 = CARTESIAN_POINT ( 'NONE',  ( 6.083333333333330373, 11.26666666666669947, 11.01333333333329989 ) ) ;
#6651 = CARTESIAN_POINT ( 'NONE',  ( 6.900000000000000355, 16.30000000000000071, 8.019999999999999574 ) ) ;
#6652 = CARTESIAN_POINT ( 'NONE',  ( 9.119999999999999218, 17.39999999999999858, 15.93999999999999950 ) ) ;
#6653 = DIRECTION ( 'NONE',  ( -0.0000000000000000000, -1.000000000000000000, -0.0000000000000000000 ) ) ;
#6654 = CARTESIAN_POINT ( 'NONE',  ( 6.099999999999999645, 21.69999999999999929, 3.609999999999998543 ) ) ;
#6655 = CARTESIAN_POINT ( 'NONE',  ( 6.855555555555549851, 11.02222222222220083, 18.69444444444449971 ) ) ;
#6656 = PRESENTATION_STYLE_ASSIGNMENT (( #1321 ) ) ;
#6657 = CARTESIAN_POINT ( 'NONE',  ( 9.119999999999999218, 9.000000000000001776, 19.75000000000000000 ) ) ;
#6658 = LINE ( 'NONE', #3512, #3067 ) ;
#6659 = CARTESIAN_POINT ( 'NONE',  ( 8.599999999999999645, 17.39999999999999858, 9.830000000000000071 ) ) ;
#6660 = VERTEX_POINT ( 'NONE', #5582 ) ;
#6661 = LINE ( 'NONE', #662, #5750 ) ;
#6662 = VERTEX_POINT ( 'NONE', #766 ) ;
#6663 = LINE ( 'NONE', #3713, #2140 ) ;
#6664 =( NAMED_UNIT ( * ) PLANE_ANGLE_UNIT ( ) SI_UNIT ( $, .RADIAN. ) );
#6665 = ORIENTED_EDGE ( 'NONE', *, *, #164, .F. ) ;
#6666 = COLOUR_RGB ( '',1.000000000000000000, 1.000000000000000000, 1.000000000000000000 ) ;
#6667 = CARTESIAN_POINT ( 'NONE',  ( 6.700000000000001066, 21.69999999999999929, 7.820000000000000284 ) ) ;
#6668 = ORIENTED_EDGE ( 'NONE', *, *, #2772, .T. ) ;
#6669 = SURFACE_SIDE_STYLE ('',( #6023 ) ) ;
#6670 = AXIS2_PLACEMENT_3D ( 'NONE', #2738, #6486, #375 ) ;
#6671 = EDGE_LOOP ( 'NONE', ( #716, #4905, #3159, #7565 ) ) ;
#6672 = DIRECTION ( 'NONE',  ( -1.000000000000000000, 0.0000000000000000000, 0.0000000000000000000 ) ) ;
#6673 = EDGE_CURVE ( 'NONE', #1455, #2807, #6115, .T. ) ;
#6674 = VERTEX_POINT ( 'NONE', #3730 ) ;
#6675 = FILL_AREA_STYLE ('',( #4281 ) ) ;
#6676 = EDGE_CURVE ( 'NONE', #821, #1962, #7377, .T. ) ;
#6677 = DIRECTION ( 'NONE',  ( 0.0000000000000000000, 0.8944271909999177428, 0.4472135954999542640 ) ) ;
#6678 = DIRECTION ( 'NONE',  ( 0.0000000000000000000, -0.9701425001453318764, -0.2425356250363329691 ) ) ;
#6679 = DIRECTION ( 'NONE',  ( 0.0000000000000000000, 0.0000000000000000000, -1.000000000000000000 ) ) ;
#6680 = ORIENTED_EDGE ( 'NONE', *, *, #214, .F. ) ;
#6681 = FACE_BOUND ( 'NONE', #2171, .T. ) ;
#6682 = AXIS2_PLACEMENT_3D ( 'NONE', #4586, #6854, #2708 ) ;
#6683 = EDGE_CURVE ( 'NONE', #6282, #3484, #4881, .T. ) ;
#6684 = DIRECTION ( 'NONE',  ( -1.000000000000000000, 0.0000000000000000000, 0.0000000000000000000 ) ) ;
#6685 =( GEOMETRIC_REPRESENTATION_CONTEXT ( 3 ) GLOBAL_UNCERTAINTY_ASSIGNED_CONTEXT ( ( #7650 ) ) GLOBAL_UNIT_ASSIGNED_CONTEXT ( ( #5802, #3962, #6312 ) ) REPRESENTATION_CONTEXT ( 'NONE', 'WORKASPACE' ) );
#6686 = MECHANICAL_DESIGN_GEOMETRIC_PRESENTATION_REPRESENTATION (  '', ( #634 ), #4817 ) ;
#6687 = CARTESIAN_POINT ( 'NONE',  ( 4.219230769230759570, 15.69999999999999929, 6.820591934968200931 ) ) ;
#6688 = CARTESIAN_POINT ( 'NONE',  ( 6.299999999999999822, 10.40000000000000213, 3.610000000000002096 ) ) ;
#6689 = CARTESIAN_POINT ( 'NONE',  ( 4.219230769230770228, 17.39999999999999858, 8.419408065031799282 ) ) ;
#6690 =( NAMED_UNIT ( * ) SI_UNIT ( $, .STERADIAN. ) SOLID_ANGLE_UNIT ( ) );
#6691 = DIRECTION ( 'NONE',  ( 1.000000000000000000, 0.0000000000000000000, 0.0000000000000000000 ) ) ;
#6692 = CARTESIAN_POINT ( 'NONE',  ( 6.349999999999999645, 10.00000000000000178, 20.89999999999999858 ) ) ;
#6693 = CARTESIAN_POINT ( 'NONE',  ( 4.599999999999999645, 17.39999999999999858, 4.849230484541299013 ) ) ;
#6694 = PRESENTATION_LAYER_ASSIGNMENT (  '', '', ( #6182 ) ) ;
#6695 = ORIENTED_EDGE ( 'NONE', *, *, #2110, .F. ) ;
#6696 = FILL_AREA_STYLE_COLOUR ( '', #2217 ) ;
#6697 = ORIENTED_EDGE ( 'NONE', *, *, #506, .T. ) ;
#6698 = AXIS2_PLACEMENT_3D ( 'NONE', #210, #6516, #4006 ) ;
#6699 = COLOUR_RGB ( '',1.000000000000000000, 1.000000000000000000, 1.000000000000000000 ) ;
#6700 = LINE ( 'NONE', #1221, #2266 ) ;
#6701 = CARTESIAN_POINT ( 'NONE',  ( 4.219230769230770228, 17.39999999999999858, 18.25059193496819887 ) ) ;
#6702 = ORIENTED_EDGE ( 'NONE', *, *, #6144, .T. ) ;
#6703 = VECTOR ( 'NONE', #1032, 1000.000000000000000 ) ;
#6704 = FACE_OUTER_BOUND ( 'NONE', #1263, .T. ) ;
#6705 = ORIENTED_EDGE ( 'NONE', *, *, #7685, .F. ) ;
#6706 = CARTESIAN_POINT ( 'NONE',  ( 4.150000000000000355, 15.69999999999999929, 9.830000000000000071 ) ) ;
#6707 = AXIS2_PLACEMENT_3D ( 'NONE', #4650, #6410, #975 ) ;
#6708 = SURFACE_SIDE_STYLE ('',( #3601 ) ) ;
#6709 = EDGE_LOOP ( 'NONE', ( #2361, #6505, #1542, #7594 ) ) ;
#6710 = SURFACE_SIDE_STYLE ('',( #4394 ) ) ;
#6711 = ADVANCED_FACE ( 'NONE', ( #3691 ), #3213, .F. ) ;
#6712 = ORIENTED_EDGE ( 'NONE', *, *, #1627, .T. ) ;
#6713 = LINE ( 'NONE', #800, #699 ) ;
#6714 = FACE_OUTER_BOUND ( 'NONE', #2767, .T. ) ;
#6715 = SURFACE_STYLE_USAGE ( .BOTH. , #37 ) ;
#6716 = CARTESIAN_POINT ( 'NONE',  ( 8.599999999999999645, 15.69999999999999929, 9.219999999999998863 ) ) ;
#6717 = ORIENTED_EDGE ( 'NONE', *, *, #2200, .T. ) ;
#6718 = CARTESIAN_POINT ( 'NONE',  ( 8.599999999999999645, 17.39999999999999858, 19.75000000000000000 ) ) ;
#6719 = DIRECTION ( 'NONE',  ( -1.000000000000000000, 0.0000000000000000000, 0.0000000000000000000 ) ) ;
#6720 = ADVANCED_FACE ( 'NONE', ( #324 ), #1550, .T. ) ;
#6721 = ORIENTED_EDGE ( 'NONE', *, *, #7676, .F. ) ;
#6722 = DIRECTION ( 'NONE',  ( 0.0000000000000000000, 0.2425356250363290000, -0.9701425001453328756 ) ) ;
#6723 = EDGE_CURVE ( 'NONE', #1771, #4065, #3966, .T. ) ;
#6724 = FACE_OUTER_BOUND ( 'NONE', #3190, .T. ) ;
#6725 = SURFACE_STYLE_USAGE ( .BOTH. , #3103 ) ;
#6726 = ADVANCED_FACE ( 'NONE', ( #3379 ), #5192, .T. ) ;
#6727 = FILL_AREA_STYLE_COLOUR ( '', #4943 ) ;
#6728 = EDGE_CURVE ( 'NONE', #5494, #6566, #7496, .T. ) ;
#6729 = CARTESIAN_POINT ( 'NONE',  ( 6.349999999999999645, 15.69999999999999929, 2.209999999999999964 ) ) ;
#6730 = DIRECTION ( 'NONE',  ( 0.0000000000000000000, -1.000000000000000000, 0.0000000000000000000 ) ) ;
#6731 = UNCERTAINTY_MEASURE_WITH_UNIT (LENGTH_MEASURE( 1.000000000000000082E-05 ), #7394, 'distance_accuracy_value', 'NONE');
#6732 = PRESENTATION_STYLE_ASSIGNMENT (( #4971 ) ) ;
#6733 = VERTEX_POINT ( 'NONE', #6320 ) ;
#6734 =( NAMED_UNIT ( * ) SI_UNIT ( $, .STERADIAN. ) SOLID_ANGLE_UNIT ( ) );
#6735 = EDGE_CURVE ( 'NONE', #4057, #4855, #4447, .T. ) ;
#6736 =( NAMED_UNIT ( * ) PLANE_ANGLE_UNIT ( ) SI_UNIT ( $, .RADIAN. ) );
#6737 = ORIENTED_EDGE ( 'NONE', *, *, #3958, .F. ) ;
#6738 = EDGE_CURVE ( 'NONE', #6234, #2233, #1435, .T. ) ;
#6739 = CARTESIAN_POINT ( 'NONE',  ( 3.500000000000000000, 18.19999999999999929, 1.510000000000000897 ) ) ;
#6740 = DIRECTION ( 'NONE',  ( 1.000000000000000000, 0.0000000000000000000, 0.0000000000000000000 ) ) ;
#6741 = FILL_AREA_STYLE_COLOUR ( '', #73 ) ;
#6742 = ORIENTED_EDGE ( 'NONE', *, *, #447, .F. ) ;
#6743 = AXIS2_PLACEMENT_3D ( 'NONE', #205, #1361, #810 ) ;
#6744 = VERTEX_POINT ( 'NONE', #1587 ) ;
#6745 = SURFACE_STYLE_USAGE ( .BOTH. , #1895 ) ;
#6746 = ORIENTED_EDGE ( 'NONE', *, *, #3899, .F. ) ;
#6747 = VECTOR ( 'NONE', #289, 1000.000000000000000 ) ;
#6748 = VECTOR ( 'NONE', #1247, 1000.000000000000000 ) ;
#6749 = DIRECTION ( 'NONE',  ( -1.000000000000000000, 0.0000000000000000000, 0.0000000000000000000 ) ) ;
#6750 = VERTEX_POINT ( 'NONE', #4008 ) ;
#6751 = AXIS2_PLACEMENT_3D ( 'NONE', #7164, #5288, #6426 ) ;
#6752 = MECHANICAL_DESIGN_GEOMETRIC_PRESENTATION_REPRESENTATION (  '', ( #7131 ), #3365 ) ;
#6753 = VERTEX_POINT ( 'NONE', #962 ) ;
#6754 = DIRECTION ( 'NONE',  ( 0.0000000000000000000, 0.0000000000000000000, 1.000000000000000000 ) ) ;
#6755 = DIRECTION ( 'NONE',  ( 0.0000000000000000000, 0.0000000000000000000, -1.000000000000000000 ) ) ;
#6756 = FILL_AREA_STYLE ('',( #157 ) ) ;
#6757 =( GEOMETRIC_REPRESENTATION_CONTEXT ( 3 ) GLOBAL_UNCERTAINTY_ASSIGNED_CONTEXT ( ( #7264 ) ) GLOBAL_UNIT_ASSIGNED_CONTEXT ( ( #3893, #2614, #5660 ) ) REPRESENTATION_CONTEXT ( 'NONE', 'WORKASPACE' ) );
#6758 = VERTEX_POINT ( 'NONE', #843 ) ;
#6759 = LINE ( 'NONE', #4360, #772 ) ;
#6760 = PRESENTATION_STYLE_ASSIGNMENT (( #2609 ) ) ;
#6761 = EDGE_LOOP ( 'NONE', ( #3269, #6953, #2865, #3362 ) ) ;
#6762 = CARTESIAN_POINT ( 'NONE',  ( 6.099999999999999645, 21.69999999999999929, 11.82999999999999829 ) ) ;
#6763 =( LENGTH_UNIT ( ) NAMED_UNIT ( * ) SI_UNIT ( .MILLI., .METRE. ) );
#6764 = DIRECTION ( 'NONE',  ( 1.000000000000000000, 0.0000000000000000000, -0.0000000000000000000 ) ) ;
#6765 = VECTOR ( 'NONE', #7659, 1000.000000000000000 ) ;
#6766 = LINE ( 'NONE', #3776, #313 ) ;
#6767 = LINE ( 'NONE', #3777, #6102 ) ;
#6768 = CARTESIAN_POINT ( 'NONE',  ( 6.500000000000000888, 15.69999999999999929, 11.43000000000000149 ) ) ;
#6769 = DIRECTION ( 'NONE',  ( -1.000000000000000000, -0.0000000000000000000, -0.0000000000000000000 ) ) ;
#6770 = EDGE_CURVE ( 'NONE', #4864, #1985, #5014, .T. ) ;
#6771 = VECTOR ( 'NONE', #1068, 1000.000000000000000 ) ;
#6772 = DIRECTION ( 'NONE',  ( 1.000000000000000000, 0.0000000000000000000, 0.0000000000000000000 ) ) ;
#6773 = DIRECTION ( 'NONE',  ( -1.000000000000000000, 0.0000000000000000000, 0.0000000000000000000 ) ) ;
#6774 = DIRECTION ( 'NONE',  ( 0.0000000000000000000, -1.000000000000000000, 0.0000000000000000000 ) ) ;
#6775 = EDGE_LOOP ( 'NONE', ( #1183, #7035, #5054, #345 ) ) ;
#6776 = PRESENTATION_STYLE_ASSIGNMENT (( #3270 ) ) ;
#6777 = EDGE_CURVE ( 'NONE', #2964, #4145, #285, .T. ) ;
#6778 = EDGE_LOOP ( 'NONE', ( #7697, #7324, #1311, #4944 ) ) ;
#6779 = VERTEX_POINT ( 'NONE', #6873 ) ;
#6780 = EDGE_CURVE ( 'NONE', #6551, #2219, #5775, .T. ) ;
#6781 = DIRECTION ( 'NONE',  ( 0.0000000000000000000, 0.0000000000000000000, 1.000000000000000000 ) ) ;
#6782 = SURFACE_SIDE_STYLE ('',( #4976 ) ) ;
#6783 = DIRECTION ( 'NONE',  ( 0.0000000000000000000, -0.0000000000000000000, 1.000000000000000000 ) ) ;
#6784 = ORIENTED_EDGE ( 'NONE', *, *, #5825, .F. ) ;
#6785 = VERTEX_POINT ( 'NONE', #2766 ) ;
#6786 = ADVANCED_FACE ( 'NONE', ( #4481 ), #3888, .T. ) ;
#6787 = LINE ( 'NONE', #5303, #100 ) ;
#6788 = SURFACE_STYLE_USAGE ( .BOTH. , #3243 ) ;
#6789 = STYLED_ITEM ( 'NONE', ( #4310 ), #2823 ) ;
#6790 = VERTEX_POINT ( 'NONE', #5153 ) ;
#6791 = FACE_OUTER_BOUND ( 'NONE', #152, .T. ) ;
#6792 = EDGE_CURVE ( 'NONE', #6408, #6529, #7528, .T. ) ;
#6793 = VECTOR ( 'NONE', #4212, 1000.000000000000000 ) ;
#6794 = ORIENTED_EDGE ( 'NONE', *, *, #5525, .T. ) ;
#6795 = CARTESIAN_POINT ( 'NONE',  ( 8.599999999999999645, 9.000000000000001776, 4.509999999999999787 ) ) ;
#6796 = VERTEX_POINT ( 'NONE', #1704 ) ;
#6797 = EDGE_LOOP ( 'NONE', ( #3392, #4384, #1462, #1573, #2252, #7130, #6456, #4482, #2552, #1061, #942, #1415, #7571, #7451, #4205, #4228, #3082, #680, #5991, #4822 ) ) ;
#6798 = FILL_AREA_STYLE_COLOUR ( '', #6699 ) ;
#6799 = CARTESIAN_POINT ( 'NONE',  ( 9.119999999999999218, 17.39999999999999858, 19.75000000000000000 ) ) ;
#6800 = CARTESIAN_POINT ( 'NONE',  ( 9.119999999999999218, 15.69999999999999929, 12.13000000000000078 ) ) ;
#6801 = LINE ( 'NONE', #3261, #4743 ) ;
#6802 =( GEOMETRIC_REPRESENTATION_CONTEXT ( 3 ) GLOBAL_UNCERTAINTY_ASSIGNED_CONTEXT ( ( #2768 ) ) GLOBAL_UNIT_ASSIGNED_CONTEXT ( ( #5331, #3005, #7055 ) ) REPRESENTATION_CONTEXT ( 'NONE', 'WORKASPACE' ) );
#6803 = CYLINDRICAL_SURFACE ( 'NONE', #7006, 0.4500000000000007327 ) ;
#6804 = DIRECTION ( 'NONE',  ( 0.0000000000000000000, 0.0000000000000000000, -1.000000000000000000 ) ) ;
#6805 = CARTESIAN_POINT ( 'NONE',  ( 9.119999999999999218, 17.39999999999999858, 18.35000000000000142 ) ) ;
#6806 =( NAMED_UNIT ( * ) SI_UNIT ( $, .STERADIAN. ) SOLID_ANGLE_UNIT ( ) );
#6807 = CARTESIAN_POINT ( 'NONE',  ( 6.700000000000000178, 10.40000000000000213, 11.62999999999999901 ) ) ;
#6808 = CARTESIAN_POINT ( 'NONE',  ( 8.599999999999999645, 17.39999999999999858, 10.73000000000000220 ) ) ;
#6809 = EDGE_LOOP ( 'NONE', ( #6099, #6267, #6143, #6901, #4242, #2438, #6275, #2148, #7255, #5565, #7813, #5110, #7144, #2636, #1705, #7760, #7206, #5554, #5692, #1367 ) ) ;
#6810 = VECTOR ( 'NONE', #3266, 1000.000000000000000 ) ;
#6811 = SURFACE_STYLE_FILL_AREA ( #5672 ) ;
#6812 = EDGE_CURVE ( 'NONE', #4558, #6269, #7626, .T. ) ;
#6813 = ORIENTED_EDGE ( 'NONE', *, *, #6631, .F. ) ;
#6814 = EDGE_LOOP ( 'NONE', ( #1460, #3949 ) ) ;
#6815 = AXIS2_PLACEMENT_3D ( 'NONE', #2081, #2750, #6932 ) ;
#6816 = CARTESIAN_POINT ( 'NONE',  ( 7.549999999999999822, 11.50000000000000000, 1.510000000000000897 ) ) ;
#6817 = VECTOR ( 'NONE', #6499, 1000.000000000000000 ) ;
#6818 = DIRECTION ( 'NONE',  ( 0.0000000000000000000, 0.0000000000000000000, 1.000000000000000000 ) ) ;
#6819 = DIRECTION ( 'NONE',  ( -1.000000000000000000, 0.0000000000000000000, 0.0000000000000000000 ) ) ;
#6820 = ORIENTED_EDGE ( 'NONE', *, *, #6480, .T. ) ;
#6821 = EDGE_CURVE ( 'NONE', #3680, #4577, #7769, .T. ) ;
#6822 = VERTEX_POINT ( 'NONE', #441 ) ;
#6823 = DIRECTION ( 'NONE',  ( -0.0000000000000000000, -1.000000000000000000, 0.0000000000000000000 ) ) ;
#6824 = COLOUR_RGB ( '',1.000000000000000000, 1.000000000000000000, 1.000000000000000000 ) ;
#6825 = EDGE_CURVE ( 'NONE', #3500, #2402, #3490, .T. ) ;
#6826 = VECTOR ( 'NONE', #5038, 1000.000000000000000 ) ;
#6827 = EDGE_CURVE ( 'NONE', #1182, #6334, #5265, .T. ) ;
#6828 = CYLINDRICAL_SURFACE ( 'NONE', #2167, 0.9000000000000014655 ) ;
#6829 = ORIENTED_EDGE ( 'NONE', *, *, #1673, .T. ) ;
#6830 = CARTESIAN_POINT ( 'NONE',  ( 8.599999999999999645, 17.39999999999999858, 4.509999999999999787 ) ) ;
#6831 = CIRCLE ( 'NONE', #3956, 0.8999999999999998002 ) ;
#6832 = EDGE_LOOP ( 'NONE', ( #2297, #2086, #5854, #5049 ) ) ;
#6833 = DIRECTION ( 'NONE',  ( -1.000000000000000000, 0.0000000000000000000, 0.0000000000000000000 ) ) ;
#6834 = LINE ( 'NONE', #4478, #3987 ) ;
#6835 = CARTESIAN_POINT ( 'NONE',  ( 9.119999999999999218, 15.69999999999999929, 19.75000000000000000 ) ) ;
#6836 = EDGE_LOOP ( 'NONE', ( #7299, #270, #1744, #4744 ) ) ;
#6837 = PRESENTATION_STYLE_ASSIGNMENT (( #881 ) ) ;
#6838 = ORIENTED_EDGE ( 'NONE', *, *, #164, .T. ) ;
#6839 = STYLED_ITEM ( 'NONE', ( #4607 ), #6444 ) ;
#6840 = FACE_OUTER_BOUND ( 'NONE', #5735, .T. ) ;
#6841 = CARTESIAN_POINT ( 'NONE',  ( 6.899999999999999467, 18.19999999999999929, 18.64999999999999858 ) ) ;
#6842 = DIRECTION ( 'NONE',  ( 0.0000000000000000000, 0.0000000000000000000, 1.000000000000000000 ) ) ;
#6843 = LINE ( 'NONE', #3817, #2079 ) ;
#6844 =( NAMED_UNIT ( * ) SI_UNIT ( $, .STERADIAN. ) SOLID_ANGLE_UNIT ( ) );
#6845 = DIRECTION ( 'NONE',  ( 0.0000000000000000000, -1.000000000000000000, 0.0000000000000000000 ) ) ;
#6846 = FACE_OUTER_BOUND ( 'NONE', #5931, .T. ) ;
#6847 = CARTESIAN_POINT ( 'NONE',  ( 9.119999999999999218, 15.69999999999999929, 12.13000000000000078 ) ) ;
#6848 = EDGE_LOOP ( 'NONE', ( #5947, #2703, #5143, #4786 ) ) ;
#6849 = DIRECTION ( 'NONE',  ( 0.0000000000000000000, -1.000000000000000000, 0.0000000000000000000 ) ) ;
#6850 = SURFACE_STYLE_USAGE ( .BOTH. , #5051 ) ;
#6851 = ORIENTED_EDGE ( 'NONE', *, *, #7388, .T. ) ;
#6852 = CARTESIAN_POINT ( 'NONE',  ( 6.349999999999999645, 11.50000000000000000, 20.65000000000000213 ) ) ;
#6853 = VERTEX_POINT ( 'NONE', #5299 ) ;
#6854 = DIRECTION ( 'NONE',  ( -1.000000000000000000, 0.0000000000000000000, 0.0000000000000000000 ) ) ;
#6855 = CARTESIAN_POINT ( 'NONE',  ( 4.150000000000000355, 17.39999999999999858, 2.209999999999999964 ) ) ;
#6856 = CARTESIAN_POINT ( 'NONE',  ( 6.700000000000001066, 21.69999999999999929, 3.409999999999999698 ) ) ;
#6857 = ORIENTED_EDGE ( 'NONE', *, *, #3610, .F. ) ;
#6858 = ORIENTED_EDGE ( 'NONE', *, *, #644, .F. ) ;
#6859 =( NAMED_UNIT ( * ) SI_UNIT ( $, .STERADIAN. ) SOLID_ANGLE_UNIT ( ) );
#6860 = ADVANCED_FACE ( 'NONE', ( #3566 ), #2971, .T. ) ;
#6861 = FILL_AREA_STYLE_COLOUR ( '', #1280 ) ;
#6862 = VECTOR ( 'NONE', #677, 1000.000000000000000 ) ;
#6863 = EDGE_LOOP ( 'NONE', ( #695, #7236, #2915, #990 ) ) ;
#6864 = CARTESIAN_POINT ( 'NONE',  ( 6.099999999999999645, 21.69999999999999929, 7.220000000000000639 ) ) ;
#6865 = EDGE_CURVE ( 'NONE', #5712, #3790, #1747, .T. ) ;
#6866 = MECHANICAL_DESIGN_GEOMETRIC_PRESENTATION_REPRESENTATION (  '', ( #1330 ), #6623 ) ;
#6867 = ORIENTED_EDGE ( 'NONE', *, *, #5427, .T. ) ;
#6868 = EDGE_CURVE ( 'NONE', #1733, #2328, #7173, .T. ) ;
#6869 = ORIENTED_EDGE ( 'NONE', *, *, #4200, .F. ) ;
#6870 =( NAMED_UNIT ( * ) PLANE_ANGLE_UNIT ( ) SI_UNIT ( $, .RADIAN. ) );
#6871 = ORIENTED_EDGE ( 'NONE', *, *, #4380, .T. ) ;
#6872 = ADVANCED_FACE ( 'NONE', ( #1194 ), #6440, .T. ) ;
#6873 = CARTESIAN_POINT ( 'NONE',  ( 6.099999999999999645, 18.19999999999999929, 11.83000000000000185 ) ) ;
#6874 =( GEOMETRIC_REPRESENTATION_CONTEXT ( 3 ) GLOBAL_UNCERTAINTY_ASSIGNED_CONTEXT ( ( #1833 ) ) GLOBAL_UNIT_ASSIGNED_CONTEXT ( ( #297, #6892, #3313 ) ) REPRESENTATION_CONTEXT ( 'NONE', 'WORKASPACE' ) );
#6875 = AXIS2_PLACEMENT_3D ( 'NONE', #2824, #3984, #940 ) ;
#6876 = ORIENTED_EDGE ( 'NONE', *, *, #6868, .F. ) ;
#6877 = CARTESIAN_POINT ( 'NONE',  ( 6.099999999999999645, 20.89999999999999147, 11.82999999999999829 ) ) ;
#6878 = FACE_OUTER_BOUND ( 'NONE', #477, .T. ) ;
#6879 = EDGE_CURVE ( 'NONE', #4868, #1236, #7099, .T. ) ;
#6880 = CARTESIAN_POINT ( 'NONE',  ( 6.700000000000000178, 10.40000000000000213, 18.85000000000000142 ) ) ;
#6881 = EDGE_CURVE ( 'NONE', #1106, #5944, #2936, .T. ) ;
#6882 = VECTOR ( 'NONE', #2348, 1000.000000000000000 ) ;
#6883 = CARTESIAN_POINT ( 'NONE',  ( 7.549999999999999822, 10.00000000000000178, 2.210000000000003517 ) ) ;
#6884 = STYLED_ITEM ( 'NONE', ( #6642 ), #697 ) ;
#6885 =( LENGTH_UNIT ( ) NAMED_UNIT ( * ) SI_UNIT ( .MILLI., .METRE. ) );
#6886 = LINE ( 'NONE', #7506, #3422 ) ;
#6887 = DIRECTION ( 'NONE',  ( 0.0000000000000000000, -1.000000000000000000, 0.0000000000000000000 ) ) ;
#6888 = LINE ( 'NONE', #6293, #3008 ) ;
#6889 =( GEOMETRIC_REPRESENTATION_CONTEXT ( 3 ) GLOBAL_UNCERTAINTY_ASSIGNED_CONTEXT ( ( #406 ) ) GLOBAL_UNIT_ASSIGNED_CONTEXT ( ( #1527, #898, #2625 ) ) REPRESENTATION_CONTEXT ( 'NONE', 'WORKASPACE' ) );
#6890 = ORIENTED_EDGE ( 'NONE', *, *, #4573, .T. ) ;
#6891 = DIRECTION ( 'NONE',  ( -1.000000000000000000, 0.0000000000000000000, 0.0000000000000000000 ) ) ;
#6892 =( NAMED_UNIT ( * ) PLANE_ANGLE_UNIT ( ) SI_UNIT ( $, .RADIAN. ) );
#6893 = ORIENTED_EDGE ( 'NONE', *, *, #3462, .F. ) ;
#6894 = LINE ( 'NONE', #4464, #829 ) ;
#6895 = VECTOR ( 'NONE', #3301, 1000.000000000000000 ) ;
#6896 = LINE ( 'NONE', #5717, #1786 ) ;
#6897 = ORIENTED_EDGE ( 'NONE', *, *, #1673, .F. ) ;
#6898 = FILL_AREA_STYLE ('',( #2084 ) ) ;
#6899 = LINE ( 'NONE', #1021, #5089 ) ;
#6900 = DIRECTION ( 'NONE',  ( 0.0000000000000000000, 0.0000000000000000000, -1.000000000000000000 ) ) ;
#6901 = ORIENTED_EDGE ( 'NONE', *, *, #6676, .F. ) ;
#6902 = ORIENTED_EDGE ( 'NONE', *, *, #231, .F. ) ;
#6903 = COLOUR_RGB ( '',1.000000000000000000, 1.000000000000000000, 1.000000000000000000 ) ;
#6904 = DIRECTION ( 'NONE',  ( 0.0000000000000000000, 0.0000000000000000000, 1.000000000000000000 ) ) ;
#6905 = DIRECTION ( 'NONE',  ( 0.0000000000000000000, 0.0000000000000000000, 1.000000000000000000 ) ) ;
#6906 = ORIENTED_EDGE ( 'NONE', *, *, #6545, .T. ) ;
#6907 = ORIENTED_EDGE ( 'NONE', *, *, #2336, .T. ) ;
#6908 = VERTEX_POINT ( 'NONE', #4167 ) ;
#6909 = LINE ( 'NONE', #6195, #2583 ) ;
#6910 = ORIENTED_EDGE ( 'NONE', *, *, #2721, .F. ) ;
#6911 = SURFACE_STYLE_FILL_AREA ( #6952 ) ;
#6912 = VERTEX_POINT ( 'NONE', #5989 ) ;
#6913 = DIRECTION ( 'NONE',  ( -1.000000000000000000, 0.0000000000000000000, 0.0000000000000000000 ) ) ;
#6914 = ADVANCED_FACE ( 'NONE', ( #2806 ), #7602, .T. ) ;
#6915 = FACE_OUTER_BOUND ( 'NONE', #7774, .T. ) ;
#6916 = PRESENTATION_LAYER_ASSIGNMENT (  '', '', ( #5910 ) ) ;
#6917 = CARTESIAN_POINT ( 'NONE',  ( 10.50000000000000000, 12.00000000000000000, -9.919999999999999929 ) ) ;
#6918 = EDGE_CURVE ( 'NONE', #6912, #7632, #5641, .T. ) ;
#6919 = FACE_OUTER_BOUND ( 'NONE', #1476, .T. ) ;
#6920 =( LENGTH_UNIT ( ) NAMED_UNIT ( * ) SI_UNIT ( .MILLI., .METRE. ) );
#6921 = SURFACE_STYLE_FILL_AREA ( #3343 ) ;
#6922 = DIRECTION ( 'NONE',  ( 0.0000000000000000000, -1.000000000000000000, 0.0000000000000000000 ) ) ;
#6923 = DIRECTION ( 'NONE',  ( -1.000000000000000000, 0.0000000000000000000, 0.0000000000000000000 ) ) ;
#6924 = EDGE_CURVE ( 'NONE', #2495, #2279, #2602, .T. ) ;
#6925 = VECTOR ( 'NONE', #1558, 1000.000000000000000 ) ;
#6926 = SURFACE_STYLE_FILL_AREA ( #2701 ) ;
#6927 = CARTESIAN_POINT ( 'NONE',  ( 9.800000000000000711, 9.000000000000001776, 9.109999999999999432 ) ) ;
#6928 = EDGE_LOOP ( 'NONE', ( #3488, #237, #3112, #4277, #5294, #1024, #2578, #106, #1494, #2410, #2891, #488, #2508, #2374, #5407, #1436 ) ) ;
#6929 = CARTESIAN_POINT ( 'NONE',  ( 7.549999999999999822, 11.50000000000000000, 2.209999999999999964 ) ) ;
#6930 =( GEOMETRIC_REPRESENTATION_CONTEXT ( 3 ) GLOBAL_UNCERTAINTY_ASSIGNED_CONTEXT ( ( #4048 ) ) GLOBAL_UNIT_ASSIGNED_CONTEXT ( ( #1852, #3755, #6060 ) ) REPRESENTATION_CONTEXT ( 'NONE', 'WORKASPACE' ) );
#6931 = ORIENTED_EDGE ( 'NONE', *, *, #6346, .F. ) ;
#6932 = DIRECTION ( 'NONE',  ( -1.000000000000000000, 0.0000000000000000000, 0.0000000000000000000 ) ) ;
#6933 = ORIENTED_EDGE ( 'NONE', *, *, #69, .T. ) ;
#6934 = PLANE ( 'NONE',  #3920 ) ;
#6935 = CARTESIAN_POINT ( 'NONE',  ( 9.119999999999999218, 17.39999999999999858, 2.555000000000001492 ) ) ;
#6936 = CARTESIAN_POINT ( 'NONE',  ( 7.549999999999999822, 9.000000000000001776, 1.960000000000003517 ) ) ;
#6937 = ORIENTED_EDGE ( 'NONE', *, *, #1663, .T. ) ;
#6938 = PRESENTATION_LAYER_ASSIGNMENT (  '', '', ( #3289 ) ) ;
#6939 = ORIENTED_EDGE ( 'NONE', *, *, #3116, .T. ) ;
#6940 = DIRECTION ( 'NONE',  ( 0.0000000000000000000, 0.0000000000000000000, -1.000000000000000000 ) ) ;
#6941 = AXIS2_PLACEMENT_3D ( 'NONE', #5259, #5336, #1115 ) ;
#6942 = MECHANICAL_DESIGN_GEOMETRIC_PRESENTATION_REPRESENTATION (  '', ( #3671 ), #4053 ) ;
#6943 = CARTESIAN_POINT ( 'NONE',  ( 9.119999999999999218, 9.000000000000001776, 5.065000000000000391 ) ) ;
#6944 = ORIENTED_EDGE ( 'NONE', *, *, #7730, .F. ) ;
#6945 = MECHANICAL_DESIGN_GEOMETRIC_PRESENTATION_REPRESENTATION (  '', ( #4690 ), #130 ) ;
#6946 = DIRECTION ( 'NONE',  ( 0.0000000000000000000, 0.0000000000000000000, 1.000000000000000000 ) ) ;
#6947 = VECTOR ( 'NONE', #5868, 1000.000000000000114 ) ;
#6948 = ORIENTED_EDGE ( 'NONE', *, *, #3351, .F. ) ;
#6949 = EDGE_LOOP ( 'NONE', ( #5485, #2937, #1945, #3204 ) ) ;
#6950 = MECHANICAL_DESIGN_GEOMETRIC_PRESENTATION_REPRESENTATION (  '', ( #2664 ), #6185 ) ;
#6951 = AXIS2_PLACEMENT_3D ( 'NONE', #7689, #7651, #5960 ) ;
#6952 = FILL_AREA_STYLE ('',( #5078 ) ) ;
#6953 = ORIENTED_EDGE ( 'NONE', *, *, #7633, .T. ) ;
#6954 = UNCERTAINTY_MEASURE_WITH_UNIT (LENGTH_MEASURE( 1.000000000000000082E-05 ), #987, 'distance_accuracy_value', 'NONE');
#6955 = FACE_OUTER_BOUND ( 'NONE', #3642, .T. ) ;
#6956 = DIRECTION ( 'NONE',  ( 0.9451512019217267468, 0.0000000000000000000, 0.3266331359582419491 ) ) ;
#6957 = VECTOR ( 'NONE', #7434, 1000.000000000000000 ) ;
#6958 = FILL_AREA_STYLE_COLOUR ( '', #6632 ) ;
#6959 = SURFACE_STYLE_FILL_AREA ( #6485 ) ;
#6960 = SURFACE_STYLE_FILL_AREA ( #1442 ) ;
#6961 = DIRECTION ( 'NONE',  ( 1.000000000000000000, 0.0000000000000000000, 0.0000000000000000000 ) ) ;
#6962 = EDGE_CURVE ( 'NONE', #4868, #6301, #1459, .T. ) ;
#6963 = VERTEX_POINT ( 'NONE', #2008 ) ;
#6964 = CIRCLE ( 'NONE', #6707, 1.499999999999999556 ) ;
#6965 = PRESENTATION_STYLE_ASSIGNMENT (( #856 ) ) ;
#6966 = LINE ( 'NONE', #2743, #7091 ) ;
#6967 = EDGE_CURVE ( 'NONE', #806, #2763, #4939, .T. ) ;
#6968 = DIRECTION ( 'NONE',  ( 0.0000000000000000000, -1.000000000000000000, 0.0000000000000000000 ) ) ;
#6969 = ORIENTED_EDGE ( 'NONE', *, *, #3113, .T. ) ;
#6970 = EDGE_CURVE ( 'NONE', #3790, #2745, #268, .T. ) ;
#6971 = EDGE_LOOP ( 'NONE', ( #795, #158 ) ) ;
#6972 = EDGE_CURVE ( 'NONE', #4647, #5193, #3830, .T. ) ;
#6973 = SURFACE_STYLE_FILL_AREA ( #5172 ) ;
#6974 = CARTESIAN_POINT ( 'NONE',  ( 6.899999999999999467, 18.19999999999999929, 11.02999999999999936 ) ) ;
#6975 = FILL_AREA_STYLE_COLOUR ( '', #509 ) ;
#6976 = DIRECTION ( 'NONE',  ( 0.0000000000000000000, 0.0000000000000000000, -1.000000000000000000 ) ) ;
#6977 = EDGE_CURVE ( 'NONE', #6796, #453, #5419, .T. ) ;
#6978 = DIRECTION ( 'NONE',  ( 0.0000000000000000000, 1.000000000000000000, 0.0000000000000000000 ) ) ;
#6979 = EDGE_LOOP ( 'NONE', ( #4186, #7355, #1925, #7654 ) ) ;
#6980 = ORIENTED_EDGE ( 'NONE', *, *, #5150, .F. ) ;
#6981 = PRESENTATION_STYLE_ASSIGNMENT (( #5726 ) ) ;
#6982 = ADVANCED_FACE ( 'NONE', ( #3872 ), #1340, .T. ) ;
#6983 = SURFACE_STYLE_FILL_AREA ( #7675 ) ;
#6984 = ORIENTED_EDGE ( 'NONE', *, *, #4333, .F. ) ;
#6985 = SURFACE_STYLE_USAGE ( .BOTH. , #2058 ) ;
#6986 = EDGE_LOOP ( 'NONE', ( #6140, #2135, #4972, #7564 ) ) ;
#6987 = ORIENTED_EDGE ( 'NONE', *, *, #2011, .F. ) ;
#6988 = DIRECTION ( 'NONE',  ( 0.0000000000000000000, 0.0000000000000000000, 1.000000000000000000 ) ) ;
#6989 = DIRECTION ( 'NONE',  ( 0.0000000000000000000, 0.0000000000000000000, 1.000000000000000000 ) ) ;
#6990 = ORIENTED_EDGE ( 'NONE', *, *, #5290, .F. ) ;
#6991 = COLOUR_RGB ( '',1.000000000000000000, 1.000000000000000000, 1.000000000000000000 ) ;
#6992 =( NAMED_UNIT ( * ) PLANE_ANGLE_UNIT ( ) SI_UNIT ( $, .RADIAN. ) );
#6993 = CARTESIAN_POINT ( 'NONE',  ( 6.327777777777790824, 23.18888888888886868, 7.447777777777789154 ) ) ;
#6994 = DIRECTION ( 'NONE',  ( -0.0000000000000000000, -1.000000000000000000, -0.0000000000000000000 ) ) ;
#6995 = PLANE ( 'NONE',  #1382 ) ;
#6996 = VECTOR ( 'NONE', #4724, 1000.000000000000000 ) ;
#6997 = ORIENTED_EDGE ( 'NONE', *, *, #1245, .T. ) ;
#6998 = PRESENTATION_LAYER_ASSIGNMENT (  '', '', ( #3993 ) ) ;
#6999 = PLANE ( 'NONE',  #2156 ) ;
#7000 =( NAMED_UNIT ( * ) PLANE_ANGLE_UNIT ( ) SI_UNIT ( $, .RADIAN. ) );
#7001 = CARTESIAN_POINT ( 'NONE',  ( 4.599999999999999645, 15.69999999999999929, 6.580769515458703367 ) ) ;
#7002 = ORIENTED_EDGE ( 'NONE', *, *, #2864, .F. ) ;
#7003 = CARTESIAN_POINT ( 'NONE',  ( 9.119999999999999218, 9.000000000000001776, 20.30499999999999972 ) ) ;
#7004 = FILL_AREA_STYLE ('',( #4020 ) ) ;
#7005 = STYLED_ITEM ( 'NONE', ( #783 ), #1667 ) ;
#7006 = AXIS2_PLACEMENT_3D ( 'NONE', #3740, #811, #7346 ) ;
#7007 = ORIENTED_EDGE ( 'NONE', *, *, #3604, .F. ) ;
#7008 =( LENGTH_UNIT ( ) NAMED_UNIT ( * ) SI_UNIT ( .MILLI., .METRE. ) );
#7009 = CARTESIAN_POINT ( 'NONE',  ( 9.800000000000000711, 17.39999999999999858, 9.939999999999999503 ) ) ;
#7010 = CARTESIAN_POINT ( 'NONE',  ( 10.50000000000000000, 12.00000000000000000, 1.510000000000000897 ) ) ;
#7011 = DIRECTION ( 'NONE',  ( 0.0000000000000000000, 0.0000000000000000000, 1.000000000000000000 ) ) ;
#7012 = CARTESIAN_POINT ( 'NONE',  ( 8.599999999999999645, 9.000000000000001776, 19.75000000000000000 ) ) ;
#7013 = VECTOR ( 'NONE', #6007, 1000.000000000000000 ) ;
#7014 = DIRECTION ( 'NONE',  ( 0.0000000000000000000, -1.000000000000000000, 0.0000000000000000000 ) ) ;
#7015 = ORIENTED_EDGE ( 'NONE', *, *, #2249, .F. ) ;
#7016 = VERTEX_POINT ( 'NONE', #3793 ) ;
#7017 = EDGE_CURVE ( 'NONE', #863, #7801, #6178, .T. ) ;
#7018 =( NAMED_UNIT ( * ) SI_UNIT ( $, .STERADIAN. ) SOLID_ANGLE_UNIT ( ) );
#7019 = AXIS2_PLACEMENT_3D ( 'NONE', #7041, #2313, #5205 ) ;
#7020 = ADVANCED_FACE ( 'NONE', ( #5793, #1022 ), #3989, .T. ) ;
#7021 = DIRECTION ( 'NONE',  ( 0.0000000000000000000, 0.2425356250363290000, -0.9701425001453328756 ) ) ;
#7022 = EDGE_CURVE ( 'NONE', #5494, #143, #4511, .T. ) ;
#7023 = VECTOR ( 'NONE', #7417, 1000.000000000000000 ) ;
#7024 = VERTEX_POINT ( 'NONE', #4074 ) ;
#7025 = DIRECTION ( 'NONE',  ( 0.0000000000000000000, 1.000000000000000000, 0.0000000000000000000 ) ) ;
#7026 = ORIENTED_EDGE ( 'NONE', *, *, #6084, .T. ) ;
#7027 = ORIENTED_EDGE ( 'NONE', *, *, #6496, .T. ) ;
#7028 = FACE_OUTER_BOUND ( 'NONE', #4989, .T. ) ;
#7029 = FILL_AREA_STYLE ('',( #4638 ) ) ;
#7030 = ORIENTED_EDGE ( 'NONE', *, *, #6193, .T. ) ;
#7031 = UNCERTAINTY_MEASURE_WITH_UNIT (LENGTH_MEASURE( 1.000000000000000082E-05 ), #5934, 'distance_accuracy_value', 'NONE');
#7032 = CARTESIAN_POINT ( 'NONE',  ( 6.900000000000000355, 11.19999999999999929, 15.63999999999999702 ) ) ;
#7033 = DIRECTION ( 'NONE',  ( -0.0000000000000000000, 1.000000000000000000, -0.0000000000000000000 ) ) ;
#7034 = SURFACE_STYLE_FILL_AREA ( #7539 ) ;
#7035 = ORIENTED_EDGE ( 'NONE', *, *, #3891, .T. ) ;
#7036 = DIRECTION ( 'NONE',  ( 0.0000000000000000000, 0.0000000000000000000, -1.000000000000000000 ) ) ;
#7037 = LINE ( 'NONE', #7507, #3698 ) ;
#7038 = CARTESIAN_POINT ( 'NONE',  ( 6.700000000000001066, 21.69999999999999929, 18.64999999999999858 ) ) ;
#7039 = AXIS2_PLACEMENT_3D ( 'NONE', #5268, #1671, #4093 ) ;
#7040 = ORIENTED_EDGE ( 'NONE', *, *, #4326, .F. ) ;
#7041 = CARTESIAN_POINT ( 'NONE',  ( 6.500000000000000888, 14.69999999999999929, 11.43000000000000149 ) ) ;
#7042 = PLANE ( 'NONE',  #3876 ) ;
#7043 = ORIENTED_EDGE ( 'NONE', *, *, #1577, .F. ) ;
#7044 = VECTOR ( 'NONE', #1637, 1000.000000000000000 ) ;
#7045 = CARTESIAN_POINT ( 'NONE',  ( 6.900000000000000355, 14.69999999999999929, 4.209999999999998188 ) ) ;
#7046 = DIRECTION ( 'NONE',  ( 0.0000000000000000000, 0.0000000000000000000, 1.000000000000000000 ) ) ;
#7047 = DIRECTION ( 'NONE',  ( -0.0000000000000000000, -1.000000000000000000, -0.0000000000000000000 ) ) ;
#7048 = CARTESIAN_POINT ( 'NONE',  ( 6.099999999999999645, 10.40000000000000213, 4.009999999999999787 ) ) ;
#7049 = DIRECTION ( 'NONE',  ( 0.0000000000000000000, 0.0000000000000000000, -1.000000000000000000 ) ) ;
#7050 = UNCERTAINTY_MEASURE_WITH_UNIT (LENGTH_MEASURE( 1.000000000000000082E-05 ), #654, 'distance_accuracy_value', 'NONE');
#7051 = CARTESIAN_POINT ( 'NONE',  ( 9.800000000000000711, 9.000000000000001776, 17.55999999999999872 ) ) ;
#7052 = VERTEX_POINT ( 'NONE', #6936 ) ;
#7053 = VERTEX_POINT ( 'NONE', #944 ) ;
#7054 =( GEOMETRIC_REPRESENTATION_CONTEXT ( 3 ) GLOBAL_UNCERTAINTY_ASSIGNED_CONTEXT ( ( #3417 ) ) GLOBAL_UNIT_ASSIGNED_CONTEXT ( ( #4479, #6870, #1392 ) ) REPRESENTATION_CONTEXT ( 'NONE', 'WORKASPACE' ) );
#7055 =( NAMED_UNIT ( * ) SI_UNIT ( $, .STERADIAN. ) SOLID_ANGLE_UNIT ( ) );
#7056 = AXIS2_PLACEMENT_3D ( 'NONE', #7664, #1728, #1179 ) ;
#7057 = EDGE_CURVE ( 'NONE', #3229, #224, #1652, .T. ) ;
#7058 = ORIENTED_EDGE ( 'NONE', *, *, #1223, .F. ) ;
#7059 = CARTESIAN_POINT ( 'NONE',  ( 8.599999999999999645, 17.39999999999999858, 12.13000000000000078 ) ) ;
#7060 = ADVANCED_FACE ( 'NONE', ( #5874 ), #3953, .T. ) ;
#7061 = MECHANICAL_DESIGN_GEOMETRIC_PRESENTATION_REPRESENTATION (  '', ( #3165 ), #6685 ) ;
#7062 = VECTOR ( 'NONE', #3977, 1000.000000000000114 ) ;
#7063 = EDGE_CURVE ( 'NONE', #4687, #6282, #6378, .T. ) ;
#7064 = ORIENTED_EDGE ( 'NONE', *, *, #7289, .T. ) ;
#7065 = CARTESIAN_POINT ( 'NONE',  ( 6.349999999999999645, 9.000000000000001776, 20.89999999999999858 ) ) ;
#7066 = EDGE_CURVE ( 'NONE', #1933, #859, #6343, .T. ) ;
#7067 = CARTESIAN_POINT ( 'NONE',  ( 7.549999999999999822, 18.19999999999999929, 21.35000000000000142 ) ) ;
#7068 = VECTOR ( 'NONE', #1136, 1000.000000000000000 ) ;
#7069 = AXIS2_PLACEMENT_3D ( 'NONE', #7152, #2268, #2986 ) ;
#7070 = SURFACE_STYLE_USAGE ( .BOTH. , #4678 ) ;
#7071 = ORIENTED_EDGE ( 'NONE', *, *, #5287, .F. ) ;
#7072 =( LENGTH_UNIT ( ) NAMED_UNIT ( * ) SI_UNIT ( .MILLI., .METRE. ) );
#7073 = EDGE_CURVE ( 'NONE', #5718, #5579, #989, .T. ) ;
#7074 = CARTESIAN_POINT ( 'NONE',  ( 9.119999999999999218, 15.69999999999999929, 13.98500000000000121 ) ) ;
#7075 = VECTOR ( 'NONE', #672, 1000.000000000000000 ) ;
#7076 = PRESENTATION_LAYER_ASSIGNMENT (  '', '', ( #2797 ) ) ;
#7077 = EDGE_CURVE ( 'NONE', #6269, #1116, #5177, .T. ) ;
#7078 = FACE_OUTER_BOUND ( 'NONE', #5454, .T. ) ;
#7079 = ORIENTED_EDGE ( 'NONE', *, *, #2882, .F. ) ;
#7080 = CARTESIAN_POINT ( 'NONE',  ( 6.500000000000000888, 14.69999999999999929, 3.810000000000000941 ) ) ;
#7081 = SURFACE_SIDE_STYLE ('',( #1170 ) ) ;
#7082 = VECTOR ( 'NONE', #2367, 1000.000000000000000 ) ;
#7083 = ORIENTED_EDGE ( 'NONE', *, *, #7437, .F. ) ;
#7084 = PLANE ( 'NONE',  #4133 ) ;
#7085 = LINE ( 'NONE', #7548, #5879 ) ;
#7086 = AXIS2_PLACEMENT_3D ( 'NONE', #5323, #7161, #3037 ) ;
#7087 = CARTESIAN_POINT ( 'NONE',  ( 10.50000000000000000, 17.69999999999999929, -9.919999999999999929 ) ) ;
#7088 = DIRECTION ( 'NONE',  ( -1.000000000000000000, 0.0000000000000000000, 0.0000000000000000000 ) ) ;
#7089 = EDGE_LOOP ( 'NONE', ( #1939, #183, #4082, #2632 ) ) ;
#7090 = ORIENTED_EDGE ( 'NONE', *, *, #7066, .F. ) ;
#7091 = VECTOR ( 'NONE', #894, 1000.000000000000000 ) ;
#7092 = PLANE ( 'NONE',  #7497 ) ;
#7093 = PLANE ( 'NONE',  #247 ) ;
#7094 = LINE ( 'NONE', #2324, #2671 ) ;
#7095 = ORIENTED_EDGE ( 'NONE', *, *, #113, .T. ) ;
#7096 = CARTESIAN_POINT ( 'NONE',  ( 9.119999999999999218, 17.39999999999999858, 14.54000000000000092 ) ) ;
#7097 = VERTEX_POINT ( 'NONE', #6423 ) ;
#7098 =( NAMED_UNIT ( * ) PLANE_ANGLE_UNIT ( ) SI_UNIT ( $, .RADIAN. ) );
#7099 = LINE ( 'NONE', #3602, #5384 ) ;
#7100 = ORIENTED_EDGE ( 'NONE', *, *, #7350, .T. ) ;
#7101 = UNCERTAINTY_MEASURE_WITH_UNIT (LENGTH_MEASURE( 1.000000000000000082E-05 ), #967, 'distance_accuracy_value', 'NONE');
#7102 = CARTESIAN_POINT ( 'NONE',  ( 6.899999999999999467, 21.69999999999999929, 11.82999999999999829 ) ) ;
#7103 = EDGE_CURVE ( 'NONE', #468, #7169, #5834, .T. ) ;
#7104 = FILL_AREA_STYLE_COLOUR ( '', #6666 ) ;
#7105 = EDGE_CURVE ( 'NONE', #4899, #4076, #7667, .T. ) ;
#7106 = EDGE_CURVE ( 'NONE', #7550, #3234, #3439, .T. ) ;
#7107 = CARTESIAN_POINT ( 'NONE',  ( 6.349999999999999645, 11.50000000000000000, 2.209999999999999964 ) ) ;
#7108 = CARTESIAN_POINT ( 'NONE',  ( 6.900000000000000355, 11.19999999999999929, 4.209999999999998188 ) ) ;
#7109 = ORIENTED_EDGE ( 'NONE', *, *, #3751, .T. ) ;
#7110 = DIRECTION ( 'NONE',  ( 0.0000000000000000000, 0.0000000000000000000, 1.000000000000000000 ) ) ;
#7111 = CARTESIAN_POINT ( 'NONE',  ( 9.800000000000000711, 17.39999999999999858, 9.939999999999999503 ) ) ;
#7112 = EDGE_CURVE ( 'NONE', #7024, #3874, #4700, .T. ) ;
#7113 = ORIENTED_EDGE ( 'NONE', *, *, #3839, .T. ) ;
#7114 = SURFACE_STYLE_FILL_AREA ( #7704 ) ;
#7115 = EDGE_CURVE ( 'NONE', #66, #6282, #2830, .T. ) ;
#7116 = MECHANICAL_DESIGN_GEOMETRIC_PRESENTATION_REPRESENTATION (  '', ( #4494 ), #703 ) ;
#7117 = FACE_OUTER_BOUND ( 'NONE', #7339, .T. ) ;
#7118 =( GEOMETRIC_REPRESENTATION_CONTEXT ( 3 ) GLOBAL_UNCERTAINTY_ASSIGNED_CONTEXT ( ( #4844 ) ) GLOBAL_UNIT_ASSIGNED_CONTEXT ( ( #484, #5460, #4134 ) ) REPRESENTATION_CONTEXT ( 'NONE', 'WORKASPACE' ) );
#7119 = SURFACE_STYLE_USAGE ( .BOTH. , #5358 ) ;
#7120 = AXIS2_PLACEMENT_3D ( 'NONE', #613, #7158, #1212 ) ;
#7121 = FACE_OUTER_BOUND ( 'NONE', #2019, .T. ) ;
#7122 = DIRECTION ( 'NONE',  ( 0.0000000000000000000, 0.0000000000000000000, 1.000000000000000000 ) ) ;
#7123 =( NAMED_UNIT ( * ) PLANE_ANGLE_UNIT ( ) SI_UNIT ( $, .RADIAN. ) );
#7124 = CARTESIAN_POINT ( 'NONE',  ( 6.900000000000000355, 11.19999999999999929, 19.44999999999999929 ) ) ;
#7125 = DIRECTION ( 'NONE',  ( 0.9701425001453328756, 0.2425356250363290000, 0.0000000000000000000 ) ) ;
#7126 = PRODUCT_DEFINITION_CONTEXT ( 'detailed design', #1937, 'design' ) ;
#7127 = CARTESIAN_POINT ( 'NONE',  ( 6.700000000000001066, 21.69999999999999929, 14.83999999999999986 ) ) ;
#7128 = VERTEX_POINT ( 'NONE', #5213 ) ;
#7129 = VECTOR ( 'NONE', #470, 1000.000000000000000 ) ;
#7130 = ORIENTED_EDGE ( 'NONE', *, *, #3414, .F. ) ;
#7131 = STYLED_ITEM ( 'NONE', ( #5388 ), #746 ) ;
#7132 = CARTESIAN_POINT ( 'NONE',  ( 9.800000000000000711, 17.39999999999999858, 20.53999999999999915 ) ) ;
#7133 = VERTEX_POINT ( 'NONE', #1690 ) ;
#7134 = VECTOR ( 'NONE', #649, 1000.000000000000000 ) ;
#7135 = LINE ( 'NONE', #5979, #2512 ) ;
#7136 = DIRECTION ( 'NONE',  ( 0.0000000000000000000, -1.000000000000000000, 0.0000000000000000000 ) ) ;
#7137 = VERTEX_POINT ( 'NONE', #2201 ) ;
#7138 = CYLINDRICAL_SURFACE ( 'NONE', #3296, 0.8999999999999998002 ) ;
#7139 = ORIENTED_EDGE ( 'NONE', *, *, #2337, .F. ) ;
#7140 = CARTESIAN_POINT ( 'NONE',  ( 6.500000000000000888, 14.69999999999999929, 3.810000000000000941 ) ) ;
#7141 =( GEOMETRIC_REPRESENTATION_CONTEXT ( 3 ) GLOBAL_UNCERTAINTY_ASSIGNED_CONTEXT ( ( #1294 ) ) GLOBAL_UNIT_ASSIGNED_CONTEXT ( ( #4569, #7462, #6844 ) ) REPRESENTATION_CONTEXT ( 'NONE', 'WORKASPACE' ) );
#7142 =( NAMED_UNIT ( * ) SI_UNIT ( $, .STERADIAN. ) SOLID_ANGLE_UNIT ( ) );
#7143 = DIRECTION ( 'NONE',  ( 1.546734824340359944E-15, 0.0000000000000000000, -1.000000000000000000 ) ) ;
#7144 = ORIENTED_EDGE ( 'NONE', *, *, #1034, .F. ) ;
#7145 = PLANE ( 'NONE',  #6951 ) ;
#7146 = VECTOR ( 'NONE', #6568, 1000.000000000000000 ) ;
#7147 = PRESENTATION_LAYER_ASSIGNMENT (  '', '', ( #7773 ) ) ;
#7148 = CARTESIAN_POINT ( 'NONE',  ( 6.099999999999999645, 21.69999999999999929, 19.44999999999999929 ) ) ;
#7149 = ORIENTED_EDGE ( 'NONE', *, *, #6977, .T. ) ;
#7150 = CARTESIAN_POINT ( 'NONE',  ( 6.500000000000000888, 15.69999999999999929, 11.43000000000000149 ) ) ;
#7151 = EDGE_CURVE ( 'NONE', #6744, #5193, #7630, .T. ) ;
#7152 = CARTESIAN_POINT ( 'NONE',  ( 6.900000000000000355, 10.40000000000000213, 15.43999999999999950 ) ) ;
#7153 =( NAMED_UNIT ( * ) SI_UNIT ( $, .STERADIAN. ) SOLID_ANGLE_UNIT ( ) );
#7154 = EDGE_CURVE ( 'NONE', #4524, #5919, #4660, .T. ) ;
#7155 = DIRECTION ( 'NONE',  ( 0.0000000000000000000, 0.0000000000000000000, -1.000000000000000000 ) ) ;
#7156 = CARTESIAN_POINT ( 'NONE',  ( 6.099999999999999645, 11.19999999999999929, 4.209999999999998188 ) ) ;
#7157 = EDGE_CURVE ( 'NONE', #5889, #1788, #7513, .T. ) ;
#7158 = DIRECTION ( 'NONE',  ( -1.000000000000000000, -0.0000000000000000000, -0.0000000000000000000 ) ) ;
#7159 = EDGE_CURVE ( 'NONE', #6822, #2670, #4548, .T. ) ;
#7160 = CARTESIAN_POINT ( 'NONE',  ( 6.899999999999999467, 20.89999999999999147, 11.02999999999999936 ) ) ;
#7161 = DIRECTION ( 'NONE',  ( 0.0000000000000000000, 0.0000000000000000000, 1.000000000000000000 ) ) ;
#7162 = EDGE_LOOP ( 'NONE', ( #6721, #5326, #6169, #7327 ) ) ;
#7163 = VERTEX_POINT ( 'NONE', #1808 ) ;
#7164 = CARTESIAN_POINT ( 'NONE',  ( 10.50000000000000000, 12.40000000000000213, 21.35000000000000142 ) ) ;
#7165 = VECTOR ( 'NONE', #6823, 1000.000000000000000 ) ;
#7166 = ORIENTED_EDGE ( 'NONE', *, *, #5958, .F. ) ;
#7167 = CARTESIAN_POINT ( 'NONE',  ( 9.800000000000000711, 9.000000000000001776, 5.299999999999998934 ) ) ;
#7168 = COLOUR_RGB ( '',1.000000000000000000, 1.000000000000000000, 1.000000000000000000 ) ;
#7169 = VERTEX_POINT ( 'NONE', #4185 ) ;
#7170 = STYLED_ITEM ( 'NONE', ( #7413 ), #3329 ) ;
#7171 = ORIENTED_EDGE ( 'NONE', *, *, #6139, .T. ) ;
#7172 = FACE_OUTER_BOUND ( 'NONE', #6709, .T. ) ;
#7173 = LINE ( 'NONE', #7687, #6251 ) ;
#7174 = ORIENTED_EDGE ( 'NONE', *, *, #2439, .T. ) ;
#7175 = FACE_OUTER_BOUND ( 'NONE', #4669, .T. ) ;
#7176 =( GEOMETRIC_REPRESENTATION_CONTEXT ( 3 ) GLOBAL_UNCERTAINTY_ASSIGNED_CONTEXT ( ( #6954 ) ) GLOBAL_UNIT_ASSIGNED_CONTEXT ( ( #987, #3356, #4110 ) ) REPRESENTATION_CONTEXT ( 'NONE', 'WORKASPACE' ) );
#7177 = ORIENTED_EDGE ( 'NONE', *, *, #5580, .F. ) ;
#7178 = AXIS2_PLACEMENT_3D ( 'NONE', #1876, #7262, #2416 ) ;
#7179 = CARTESIAN_POINT ( 'NONE',  ( 6.900000000000000355, 16.30000000000000071, 11.82999999999999829 ) ) ;
#7180 = FILL_AREA_STYLE ('',( #1272 ) ) ;
#7181 = LINE ( 'NONE', #3688, #1763 ) ;
#7182 = ORIENTED_EDGE ( 'NONE', *, *, #4418, .T. ) ;
#7183 = EDGE_CURVE ( 'NONE', #6529, #1574, #4854, .T. ) ;
#7184 = DIRECTION ( 'NONE',  ( 1.000000000000000000, 0.0000000000000000000, 0.0000000000000000000 ) ) ;
#7185 = AXIS2_PLACEMENT_3D ( 'NONE', #7367, #1938, #232 ) ;
#7186 = PLANE ( 'NONE',  #3111 ) ;
#7187 = EDGE_CURVE ( 'NONE', #4162, #6237, #21, .T. ) ;
#7188 = DIRECTION ( 'NONE',  ( 0.0000000000000000000, 0.0000000000000000000, -1.000000000000000000 ) ) ;
#7189 = LINE ( 'NONE', #2990, #6364 ) ;
#7190 = CARTESIAN_POINT ( 'NONE',  ( 8.599999999999999645, 17.39999999999999858, 9.219999999999998863 ) ) ;
#7191 = FACE_OUTER_BOUND ( 'NONE', #1296, .T. ) ;
#7192 = VECTOR ( 'NONE', #1073, 1000.000000000000000 ) ;
#7193 = CYLINDRICAL_SURFACE ( 'NONE', #1777, 0.4500000000000007327 ) ;
#7194 = VECTOR ( 'NONE', #2973, 1000.000000000000000 ) ;
#7195 = DIRECTION ( 'NONE',  ( -0.0000000000000000000, -0.0000000000000000000, -1.000000000000000000 ) ) ;
#7196 = ORIENTED_EDGE ( 'NONE', *, *, #4768, .T. ) ;
#7197 = FILL_AREA_STYLE ('',( #584 ) ) ;
#7198 = ADVANCED_FACE ( 'NONE', ( #4739 ), #6504, .T. ) ;
#7199 = SURFACE_STYLE_USAGE ( .BOTH. , #7799 ) ;
#7200 = ADVANCED_FACE ( 'NONE', ( #5324 ), #2996, .T. ) ;
#7201 = STYLED_ITEM ( 'NONE', ( #1222 ), #5866 ) ;
#7202 = ORIENTED_EDGE ( 'NONE', *, *, #4585, .T. ) ;
#7203 = EDGE_CURVE ( 'NONE', #1855, #859, #2392, .T. ) ;
#7204 = DIRECTION ( 'NONE',  ( 0.0000000000000000000, -1.000000000000000000, 0.0000000000000000000 ) ) ;
#7205 = VECTOR ( 'NONE', #1446, 1000.000000000000000 ) ;
#7206 = ORIENTED_EDGE ( 'NONE', *, *, #798, .F. ) ;
#7207 = EDGE_CURVE ( 'NONE', #2415, #3597, #4816, .T. ) ;
#7208 = EDGE_CURVE ( 'NONE', #5810, #2495, #4390, .T. ) ;
#7209 = EDGE_LOOP ( 'NONE', ( #5859, #7285, #3517, #4935 ) ) ;
#7210 = DIRECTION ( 'NONE',  ( 0.0000000000000000000, -1.000000000000000000, 0.0000000000000000000 ) ) ;
#7211 = DIRECTION ( 'NONE',  ( -1.000000000000000000, 0.0000000000000000000, 0.0000000000000000000 ) ) ;
#7212 = ORIENTED_EDGE ( 'NONE', *, *, #6591, .F. ) ;
#7213 = SURFACE_STYLE_FILL_AREA ( #1706 ) ;
#7214 = ORIENTED_EDGE ( 'NONE', *, *, #5427, .F. ) ;
#7215 = DIRECTION ( 'NONE',  ( 0.0000000000000000000, 0.0000000000000000000, 1.000000000000000000 ) ) ;
#7216 = SURFACE_SIDE_STYLE ('',( #2305 ) ) ;
#7217 = LINE ( 'NONE', #5999, #4986 ) ;
#7218 = DIRECTION ( 'NONE',  ( 0.0000000000000000000, -1.000000000000000000, 0.0000000000000000000 ) ) ;
#7219 = ORIENTED_EDGE ( 'NONE', *, *, #6336, .F. ) ;
#7220 = DIRECTION ( 'NONE',  ( 0.0000000000000000000, 0.0000000000000000000, -1.000000000000000000 ) ) ;
#7221 =( NAMED_UNIT ( * ) PLANE_ANGLE_UNIT ( ) SI_UNIT ( $, .RADIAN. ) );
#7222 = CARTESIAN_POINT ( 'NONE',  ( 6.899999999999999467, 21.69999999999999929, 14.83999999999999986 ) ) ;
#7223 = VECTOR ( 'NONE', #2253, 1000.000000000000000 ) ;
#7224 = DIRECTION ( 'NONE',  ( -1.000000000000000000, 0.0000000000000000000, 0.0000000000000000000 ) ) ;
#7225 = CARTESIAN_POINT ( 'NONE',  ( 7.099999999999999645, 15.69999999999999929, 2.209999999999999964 ) ) ;
#7226 = LINE ( 'NONE', #6082, #4993 ) ;
#7227 = LINE ( 'NONE', #6655, #3555 ) ;
#7228 = CIRCLE ( 'NONE', #689, 1.499999999999999556 ) ;
#7229 = CARTESIAN_POINT ( 'NONE',  ( 4.150000000000000355, 17.39999999999999858, 16.27923048454129784 ) ) ;
#7230 = CARTESIAN_POINT ( 'NONE',  ( 9.800000000000000711, 9.000000000000001776, 16.72999999999999687 ) ) ;
#7231 = DIRECTION ( 'NONE',  ( -1.000000000000000000, 0.0000000000000000000, 0.0000000000000000000 ) ) ;
#7232 = ORIENTED_EDGE ( 'NONE', *, *, #6388, .F. ) ;
#7233 = FACE_OUTER_BOUND ( 'NONE', #6633, .T. ) ;
#7234 = DIRECTION ( 'NONE',  ( 0.0000000000000000000, 0.0000000000000000000, 1.000000000000000000 ) ) ;
#7235 =( GEOMETRIC_REPRESENTATION_CONTEXT ( 3 ) GLOBAL_UNCERTAINTY_ASSIGNED_CONTEXT ( ( #3181 ) ) GLOBAL_UNIT_ASSIGNED_CONTEXT ( ( #6475, #3489, #4903 ) ) REPRESENTATION_CONTEXT ( 'NONE', 'WORKASPACE' ) );
#7236 = ORIENTED_EDGE ( 'NONE', *, *, #2580, .T. ) ;
#7237 = SURFACE_STYLE_USAGE ( .BOTH. , #27 ) ;
#7238 = SURFACE_STYLE_FILL_AREA ( #1256 ) ;
#7239 = STYLED_ITEM ( 'NONE', ( #1617 ), #1469 ) ;
#7240 = STYLED_ITEM ( 'NONE', ( #7662 ), #271 ) ;
#7241 = ADVANCED_FACE ( 'NONE', ( #1139 ), #5905, .T. ) ;
#7242 = ORIENTED_EDGE ( 'NONE', *, *, #4293, .F. ) ;
#7243 = LINE ( 'NONE', #7363, #3782 ) ;
#7244 = EDGE_CURVE ( 'NONE', #437, #922, #3586, .T. ) ;
#7245 = VECTOR ( 'NONE', #4974, 1000.000000000000000 ) ;
#7246 = STYLED_ITEM ( 'NONE', ( #1008 ), #559 ) ;
#7247 = ORIENTED_EDGE ( 'NONE', *, *, #560, .F. ) ;
#7248 = DIRECTION ( 'NONE',  ( 0.0000000000000000000, 0.0000000000000000000, -1.000000000000000000 ) ) ;
#7249 = ADVANCED_FACE ( 'NONE', ( #542 ), #3630, .T. ) ;
#7250 = FILL_AREA_STYLE_COLOUR ( '', #1789 ) ;
#7251 = ADVANCED_FACE ( 'NONE', ( #5475 ), #48, .F. ) ;
#7252 = VECTOR ( 'NONE', #121, 1000.000000000000000 ) ;
#7253 = ORIENTED_EDGE ( 'NONE', *, *, #1431, .T. ) ;
#7254 = VECTOR ( 'NONE', #5102, 1000.000000000000000 ) ;
#7255 = ORIENTED_EDGE ( 'NONE', *, *, #2721, .T. ) ;
#7256 = STYLED_ITEM ( 'NONE', ( #5976 ), #2152 ) ;
#7257 = CARTESIAN_POINT ( 'NONE',  ( 10.50000000000000000, 9.000000000000001776, 1.510000000000000897 ) ) ;
#7258 =( LENGTH_UNIT ( ) NAMED_UNIT ( * ) SI_UNIT ( .MILLI., .METRE. ) );
#7259 = CYLINDRICAL_SURFACE ( 'NONE', #7732, 1.499999999999999556 ) ;
#7260 = PLANE ( 'NONE',  #2507 ) ;
#7261 = ORIENTED_EDGE ( 'NONE', *, *, #6792, .T. ) ;
#7262 = DIRECTION ( 'NONE',  ( 1.000000000000000000, 0.0000000000000000000, 0.0000000000000000000 ) ) ;
#7263 = DIRECTION ( 'NONE',  ( 0.0000000000000000000, -1.000000000000000000, 0.0000000000000000000 ) ) ;
#7264 = UNCERTAINTY_MEASURE_WITH_UNIT (LENGTH_MEASURE( 1.000000000000000082E-05 ), #3893, 'distance_accuracy_value', 'NONE');
#7265 = SURFACE_STYLE_USAGE ( .BOTH. , #7701 ) ;
#7266 = DIRECTION ( 'NONE',  ( 0.0000000000000000000, -1.000000000000000000, 0.0000000000000000000 ) ) ;
#7267 = CARTESIAN_POINT ( 'NONE',  ( 9.119999999999999218, 17.39999999999999858, 6.920000000000002593 ) ) ;
#7268 = DIRECTION ( 'NONE',  ( -1.000000000000000000, -0.0000000000000000000, -0.0000000000000000000 ) ) ;
#7269 = STYLED_ITEM ( 'NONE', ( #2035 ), #7525 ) ;
#7270 = LINE ( 'NONE', #688, #5877 ) ;
#7271 = DIRECTION ( 'NONE',  ( 0.0000000000000000000, 0.0000000000000000000, 1.000000000000000000 ) ) ;
#7272 = CARTESIAN_POINT ( 'NONE',  ( 6.327777777777790824, 23.18888888888886868, 15.06777777777778837 ) ) ;
#7273 = CARTESIAN_POINT ( 'NONE',  ( 4.599999999999999645, 17.39999999999999858, 14.20076951545870259 ) ) ;
#7274 = DIRECTION ( 'NONE',  ( 0.0000000000000000000, 0.0000000000000000000, -1.000000000000000000 ) ) ;
#7275 = UNCERTAINTY_MEASURE_WITH_UNIT (LENGTH_MEASURE( 1.000000000000000082E-05 ), #1778, 'distance_accuracy_value', 'NONE');
#7276 = FILL_AREA_STYLE_COLOUR ( '', #2365 ) ;
#7277 = ORIENTED_EDGE ( 'NONE', *, *, #5529, .F. ) ;
#7278 = EDGE_LOOP ( 'NONE', ( #4158, #5782, #2554, #3913 ) ) ;
#7279 = CARTESIAN_POINT ( 'NONE',  ( 8.599999999999999645, 9.000000000000001776, 6.920000000000002593 ) ) ;
#7280 = CARTESIAN_POINT ( 'NONE',  ( 4.150000000000000355, 15.69999999999999929, 9.219999999999998863 ) ) ;
#7281 = EDGE_CURVE ( 'NONE', #5258, #7757, #3110, .T. ) ;
#7282 = ORIENTED_EDGE ( 'NONE', *, *, #309, .T. ) ;
#7283 = AXIS2_PLACEMENT_3D ( 'NONE', #5646, #2596, #5106 ) ;
#7284 = CARTESIAN_POINT ( 'NONE',  ( 0.0000000000000000000, 10.00000000000000178, 20.89999999999999858 ) ) ;
#7285 = ORIENTED_EDGE ( 'NONE', *, *, #3475, .F. ) ;
#7286 = EDGE_CURVE ( 'NONE', #2787, #2670, #5048, .T. ) ;
#7287 = AXIS2_PLACEMENT_3D ( 'NONE', #6768, #3224, #5627 ) ;
#7288 = FILL_AREA_STYLE_COLOUR ( '', #6824 ) ;
#7289 = EDGE_CURVE ( 'NONE', #2745, #7169, #858, .T. ) ;
#7290 = ORIENTED_EDGE ( 'NONE', *, *, #2433, .F. ) ;
#7291 = EDGE_CURVE ( 'NONE', #1563, #1978, #6252, .T. ) ;
#7292 = AXIS2_PLACEMENT_3D ( 'NONE', #4033, #7717, #3445 ) ;
#7293 = ADVANCED_FACE ( 'NONE', ( #4930 ), #2665, .T. ) ;
#7294 = ORIENTED_EDGE ( 'NONE', *, *, #4538, .T. ) ;
#7295 = DIRECTION ( 'NONE',  ( 0.0000000000000000000, 0.0000000000000000000, 1.000000000000000000 ) ) ;
#7296 = FACE_OUTER_BOUND ( 'NONE', #1860, .T. ) ;
#7297 = DIRECTION ( 'NONE',  ( 0.0000000000000000000, 1.000000000000000000, 0.0000000000000000000 ) ) ;
#7298 = CARTESIAN_POINT ( 'NONE',  ( 4.150000000000000355, 9.000000000000001776, 13.02999999999999758 ) ) ;
#7299 = ORIENTED_EDGE ( 'NONE', *, *, #5333, .F. ) ;
#7300 = ADVANCED_FACE ( 'NONE', ( #5092 ), #4376, .F. ) ;
#7301 = PLANE ( 'NONE',  #7178 ) ;
#7302 = AXIS2_PLACEMENT_3D ( 'NONE', #5628, #2579, #5090 ) ;
#7303 = LINE ( 'NONE', #1912, #5022 ) ;
#7304 = ORIENTED_EDGE ( 'NONE', *, *, #4713, .T. ) ;
#7305 = DIRECTION ( 'NONE',  ( 0.0000000000000000000, 0.0000000000000000000, 1.000000000000000000 ) ) ;
#7306 = ADVANCED_FACE ( 'NONE', ( #7315 ), #815, .T. ) ;
#7307 = DIRECTION ( 'NONE',  ( 0.0000000000000000000, 0.0000000000000000000, 1.000000000000000000 ) ) ;
#7308 =( GEOMETRIC_REPRESENTATION_CONTEXT ( 3 ) GLOBAL_UNCERTAINTY_ASSIGNED_CONTEXT ( ( #5847 ) ) GLOBAL_UNIT_ASSIGNED_CONTEXT ( ( #5030, #6105, #5571 ) ) REPRESENTATION_CONTEXT ( 'NONE', 'WORKASPACE' ) );
#7309 = AXIS2_PLACEMENT_3D ( 'NONE', #7150, #4139, #3389 ) ;
#7310 = PLANE ( 'NONE',  #958 ) ;
#7311 = SURFACE_STYLE_USAGE ( .BOTH. , #3145 ) ;
#7312 = LINE ( 'NONE', #3072, #4312 ) ;
#7313 = LINE ( 'NONE', #6611, #765 ) ;
#7314 = CARTESIAN_POINT ( 'NONE',  ( 4.219230769230770228, 9.000000000000001776, 16.03940806503179672 ) ) ;
#7315 = FACE_OUTER_BOUND ( 'NONE', #1035, .T. ) ;
#7316 = AXIS2_PLACEMENT_3D ( 'NONE', #4067, #2239, #5280 ) ;
#7317 = EDGE_LOOP ( 'NONE', ( #6034, #1910, #2831, #4263 ) ) ;
#7318 = PRESENTATION_STYLE_ASSIGNMENT (( #4303 ) ) ;
#7319 =( LENGTH_UNIT ( ) NAMED_UNIT ( * ) SI_UNIT ( .MILLI., .METRE. ) );
#7320 = VERTEX_POINT ( 'NONE', #5631 ) ;
#7321 = PRESENTATION_LAYER_ASSIGNMENT (  '', '', ( #785 ) ) ;
#7322 = CARTESIAN_POINT ( 'NONE',  ( 6.900000000000000355, 10.40000000000000213, 7.420000000000002593 ) ) ;
#7323 =( LENGTH_UNIT ( ) NAMED_UNIT ( * ) SI_UNIT ( .MILLI., .METRE. ) );
#7324 = ORIENTED_EDGE ( 'NONE', *, *, #2882, .T. ) ;
#7325 = ORIENTED_EDGE ( 'NONE', *, *, #3899, .T. ) ;
#7326 = PRESENTATION_LAYER_ASSIGNMENT (  '', '', ( #6325 ) ) ;
#7327 = ORIENTED_EDGE ( 'NONE', *, *, #3411, .T. ) ;
#7328 = VECTOR ( 'NONE', #1365, 1000.000000000000000 ) ;
#7329 = ORIENTED_EDGE ( 'NONE', *, *, #466, .F. ) ;
#7330 = DIRECTION ( 'NONE',  ( 0.9451512019217267468, 0.0000000000000000000, 0.3266331359582419491 ) ) ;
#7331 = VECTOR ( 'NONE', #7110, 1000.000000000000000 ) ;
#7332 = ORIENTED_EDGE ( 'NONE', *, *, #2718, .F. ) ;
#7333 = DIRECTION ( 'NONE',  ( 0.0000000000000000000, 0.0000000000000000000, -1.000000000000000000 ) ) ;
#7334 = DIRECTION ( 'NONE',  ( 0.0000000000000000000, 0.0000000000000000000, 1.000000000000000000 ) ) ;
#7335 = CARTESIAN_POINT ( 'NONE',  ( 6.099999999999999645, 18.19999999999999929, 19.44999999999999929 ) ) ;
#7336 = CARTESIAN_POINT ( 'NONE',  ( 9.800000000000000711, 9.000000000000001776, 6.129999999999999893 ) ) ;
#7337 = ORIENTED_EDGE ( 'NONE', *, *, #3376, .F. ) ;
#7338 = PLANE ( 'NONE',  #4187 ) ;
#7339 = EDGE_LOOP ( 'NONE', ( #4022, #996, #2052, #7166 ) ) ;
#7340 = FILL_AREA_STYLE ('',( #6798 ) ) ;
#7341 = EDGE_CURVE ( 'NONE', #3803, #3326, #5823, .T. ) ;
#7342 = DIRECTION ( 'NONE',  ( 0.0000000000000000000, 0.0000000000000000000, -1.000000000000000000 ) ) ;
#7343 = CARTESIAN_POINT ( 'NONE',  ( 6.500000000000000888, 14.69999999999999929, 11.02999999999999936 ) ) ;
#7344 = EDGE_CURVE ( 'NONE', #6116, #7688, #6333, .T. ) ;
#7345 = PLANE ( 'NONE',  #4116 ) ;
#7346 = DIRECTION ( 'NONE',  ( 0.0000000000000000000, 0.0000000000000000000, -1.000000000000000000 ) ) ;
#7347 = CARTESIAN_POINT ( 'NONE',  ( 10.50000000000000000, 9.000000000000001776, -9.919999999999999929 ) ) ;
#7348 = EDGE_LOOP ( 'NONE', ( #5266, #6138, #229, #5285 ) ) ;
#7349 = DIRECTION ( 'NONE',  ( 0.0000000000000000000, -1.000000000000000000, 0.0000000000000000000 ) ) ;
#7350 = EDGE_CURVE ( 'NONE', #1232, #4162, #6411, .T. ) ;
#7351 = FACE_OUTER_BOUND ( 'NONE', #1070, .T. ) ;
#7352 = ADVANCED_FACE ( 'NONE', ( #7508 ), #1055, .T. ) ;
#7353 = DIRECTION ( 'NONE',  ( -0.9701425001453328756, 0.2425356250363290000, 0.0000000000000000000 ) ) ;
#7354 = VERTEX_POINT ( 'NONE', #5203 ) ;
#7355 = ORIENTED_EDGE ( 'NONE', *, *, #6489, .T. ) ;
#7356 = CARTESIAN_POINT ( 'NONE',  ( 7.549999999999999822, 10.00000000000000178, 2.210000000000003517 ) ) ;
#7357 = EDGE_CURVE ( 'NONE', #3810, #4940, #3939, .T. ) ;
#7358 = FILL_AREA_STYLE ('',( #5524 ) ) ;
#7359 = VERTEX_POINT ( 'NONE', #1492 ) ;
#7360 = VECTOR ( 'NONE', #86, 1000.000000000000114 ) ;
#7361 = VERTEX_POINT ( 'NONE', #5711 ) ;
#7362 = VECTOR ( 'NONE', #5416, 1000.000000000000000 ) ;
#7363 = CARTESIAN_POINT ( 'NONE',  ( 4.150000000000000355, 17.39999999999999858, 6.580769515458703367 ) ) ;
#7364 = ORIENTED_EDGE ( 'NONE', *, *, #3116, .F. ) ;
#7365 = PRESENTATION_LAYER_ASSIGNMENT (  '', '', ( #1330 ) ) ;
#7366 = VECTOR ( 'NONE', #3541, 1000.000000000000000 ) ;
#7367 = CARTESIAN_POINT ( 'NONE',  ( 6.099999999999999645, 10.40000000000000213, 4.209999999999998188 ) ) ;
#7368 = ORIENTED_EDGE ( 'NONE', *, *, #4897, .T. ) ;
#7369 = SURFACE_STYLE_USAGE ( .BOTH. , #6710 ) ;
#7370 = AXIS2_PLACEMENT_3D ( 'NONE', #900, #5095, #344 ) ;
#7371 = ORIENTED_EDGE ( 'NONE', *, *, #7073, .T. ) ;
#7372 = CARTESIAN_POINT ( 'NONE',  ( 6.500000000000000888, 14.69999999999999929, 7.620000000000001883 ) ) ;
#7373 = DIRECTION ( 'NONE',  ( 0.0000000000000000000, -1.000000000000000000, 0.0000000000000000000 ) ) ;
#7374 = SURFACE_STYLE_FILL_AREA ( #156 ) ;
#7375 = FILL_AREA_STYLE ('',( #2648 ) ) ;
#7376 = ORIENTED_EDGE ( 'NONE', *, *, #5725, .T. ) ;
#7377 = LINE ( 'NONE', #4327, #6268 ) ;
#7378 = ORIENTED_EDGE ( 'NONE', *, *, #1473, .F. ) ;
#7379 = CARTESIAN_POINT ( 'NONE',  ( 5.950000000000009059, 20.30000000000001847, 7.070000000000010054 ) ) ;
#7380 = PLANE ( 'NONE',  #3636 ) ;
#7381 = VECTOR ( 'NONE', #7143, 1000.000000000000000 ) ;
#7382 = SURFACE_SIDE_STYLE ('',( #6327 ) ) ;
#7383 = PRESENTATION_LAYER_ASSIGNMENT (  '', '', ( #1602 ) ) ;
#7384 = CARTESIAN_POINT ( 'NONE',  ( 6.700000000000000178, 10.40000000000000213, 4.209999999999998188 ) ) ;
#7385 = CARTESIAN_POINT ( 'NONE',  ( 4.219230769230770228, 9.000000000000001776, 10.63059193496819965 ) ) ;
#7386 = DIRECTION ( 'NONE',  ( 0.0000000000000000000, 0.0000000000000000000, -1.000000000000000000 ) ) ;
#7387 = CARTESIAN_POINT ( 'NONE',  ( 6.099999999999999645, 14.69999999999999929, 18.64999999999999858 ) ) ;
#7388 = EDGE_CURVE ( 'NONE', #1162, #1226, #5858, .T. ) ;
#7389 = ORIENTED_EDGE ( 'NONE', *, *, #1334, .T. ) ;
#7390 = VECTOR ( 'NONE', #6978, 1000.000000000000000 ) ;
#7391 = CARTESIAN_POINT ( 'NONE',  ( 4.150000000000000355, 15.69999999999999929, 20.64999999999999858 ) ) ;
#7392 = CARTESIAN_POINT ( 'NONE',  ( 6.099999999999999645, 18.19999999999999929, 15.64000000000000057 ) ) ;
#7393 = EDGE_CURVE ( 'NONE', #670, #3550, #4059, .T. ) ;
#7394 =( LENGTH_UNIT ( ) NAMED_UNIT ( * ) SI_UNIT ( .MILLI., .METRE. ) );
#7395 = ORIENTED_EDGE ( 'NONE', *, *, #407, .F. ) ;
#7396 = MECHANICAL_DESIGN_GEOMETRIC_PRESENTATION_REPRESENTATION (  '', ( #4516 ), #600 ) ;
#7397 = EDGE_CURVE ( 'NONE', #2233, #7623, #977, .T. ) ;
#7398 = ORIENTED_EDGE ( 'NONE', *, *, #258, .F. ) ;
#7399 = VERTEX_POINT ( 'NONE', #1013 ) ;
#7400 = LINE ( 'NONE', #3714, #2932 ) ;
#7401 = CARTESIAN_POINT ( 'NONE',  ( 4.150000000000000355, 15.69999999999999929, 13.63999999999999879 ) ) ;
#7402 = ORIENTED_EDGE ( 'NONE', *, *, #4276, .F. ) ;
#7403 = ORIENTED_EDGE ( 'NONE', *, *, #5104, .F. ) ;
#7404 = DIRECTION ( 'NONE',  ( 0.9451512019217267468, 0.0000000000000000000, 0.3266331359582419491 ) ) ;
#7405 = FACE_OUTER_BOUND ( 'NONE', #3923, .T. ) ;
#7406 = VECTOR ( 'NONE', #5592, 1000.000000000000000 ) ;
#7407 = ORIENTED_EDGE ( 'NONE', *, *, #5152, .T. ) ;
#7408 = DIRECTION ( 'NONE',  ( -0.0000000000000000000, -0.0000000000000000000, -1.000000000000000000 ) ) ;
#7409 = STYLED_ITEM ( 'NONE', ( #2618 ), #3022 ) ;
#7410 = ORIENTED_EDGE ( 'NONE', *, *, #3509, .T. ) ;
#7411 = CARTESIAN_POINT ( 'NONE',  ( 6.500000000000000888, 15.69999999999999929, 6.720000000000002416 ) ) ;
#7412 = DIRECTION ( 'NONE',  ( 0.0000000000000000000, 0.0000000000000000000, -1.000000000000000000 ) ) ;
#7413 = PRESENTATION_STYLE_ASSIGNMENT (( #879 ) ) ;
#7414 = ORIENTED_EDGE ( 'NONE', *, *, #750, .T. ) ;
#7415 = ORIENTED_EDGE ( 'NONE', *, *, #949, .T. ) ;
#7416 = COLOUR_RGB ( '',1.000000000000000000, 1.000000000000000000, 1.000000000000000000 ) ;
#7417 = DIRECTION ( 'NONE',  ( 0.0000000000000000000, 0.0000000000000000000, 1.000000000000000000 ) ) ;
#7418 = CARTESIAN_POINT ( 'NONE',  ( 8.599999999999999645, 9.000000000000001776, 10.73000000000000220 ) ) ;
#7419 = FACE_OUTER_BOUND ( 'NONE', #391, .T. ) ;
#7420 = COLOUR_RGB ( '',1.000000000000000000, 1.000000000000000000, 1.000000000000000000 ) ;
#7421 = DIRECTION ( 'NONE',  ( 0.3266331359582419491, 0.0000000000000000000, 0.9451512019217267468 ) ) ;
#7422 = CARTESIAN_POINT ( 'NONE',  ( 5.799999999999999822, 16.30000000000000071, 4.209999999999998188 ) ) ;
#7423 = LINE ( 'NONE', #4088, #7691 ) ;
#7424 = CARTESIAN_POINT ( 'NONE',  ( 8.599999999999999645, 15.69999999999999929, 4.509999999999999787 ) ) ;
#7425 = CARTESIAN_POINT ( 'NONE',  ( 6.099999999999999645, 14.69999999999999929, 19.05000000000000071 ) ) ;
#7426 = ORIENTED_EDGE ( 'NONE', *, *, #3216, .T. ) ;
#7427 = DIRECTION ( 'NONE',  ( -1.000000000000000000, 0.0000000000000000000, 0.0000000000000000000 ) ) ;
#7428 = VECTOR ( 'NONE', #6923, 1000.000000000000000 ) ;
#7429 = ORIENTED_EDGE ( 'NONE', *, *, #3699, .F. ) ;
#7430 = CARTESIAN_POINT ( 'NONE',  ( 6.349999999999999645, 9.000000000000001776, 2.210000000000003517 ) ) ;
#7431 = EDGE_LOOP ( 'NONE', ( #3838, #7294, #5596, #1715 ) ) ;
#7432 = VECTOR ( 'NONE', #4298, 1000.000000000000000 ) ;
#7433 = VECTOR ( 'NONE', #6047, 1000.000000000000000 ) ;
#7434 = DIRECTION ( 'NONE',  ( 1.000000000000000000, 0.0000000000000000000, 0.0000000000000000000 ) ) ;
#7435 = DIRECTION ( 'NONE',  ( 1.546734824340359944E-15, 0.0000000000000000000, -1.000000000000000000 ) ) ;
#7436 = ORIENTED_EDGE ( 'NONE', *, *, #5676, .T. ) ;
#7437 = EDGE_CURVE ( 'NONE', #286, #5579, #3427, .T. ) ;
#7438 = ORIENTED_EDGE ( 'NONE', *, *, #3163, .T. ) ;
#7439 = ADVANCED_FACE ( 'NONE', ( #4017 ), #2074, .T. ) ;
#7440 =( NAMED_UNIT ( * ) PLANE_ANGLE_UNIT ( ) SI_UNIT ( $, .RADIAN. ) );
#7441 = VECTOR ( 'NONE', #4166, 1000.000000000000000 ) ;
#7442 = VECTOR ( 'NONE', #728, 1000.000000000000000 ) ;
#7443 = EDGE_CURVE ( 'NONE', #1934, #2009, #2817, .T. ) ;
#7444 = LINE ( 'NONE', #6183, #2287 ) ;
#7445 =( GEOMETRIC_REPRESENTATION_CONTEXT ( 3 ) GLOBAL_UNCERTAINTY_ASSIGNED_CONTEXT ( ( #7275 ) ) GLOBAL_UNIT_ASSIGNED_CONTEXT ( ( #1778, #6664, #549 ) ) REPRESENTATION_CONTEXT ( 'NONE', 'WORKASPACE' ) );
#7446 = EDGE_CURVE ( 'NONE', #3767, #2711, #6888, .T. ) ;
#7447 = VERTEX_POINT ( 'NONE', #5747 ) ;
#7448 = EDGE_CURVE ( 'NONE', #1057, #2495, #7580, .T. ) ;
#7449 = AXIS2_PLACEMENT_3D ( 'NONE', #1292, #3706, #1886 ) ;
#7450 = ORIENTED_EDGE ( 'NONE', *, *, #4953, .F. ) ;
#7451 = ORIENTED_EDGE ( 'NONE', *, *, #5345, .T. ) ;
#7452 = DIRECTION ( 'NONE',  ( 0.0000000000000000000, -1.000000000000000000, 0.0000000000000000000 ) ) ;
#7453 = SURFACE_SIDE_STYLE ('',( #6233 ) ) ;
#7454 = EDGE_LOOP ( 'NONE', ( #2558, #3299, #1821, #1240 ) ) ;
#7455 =( NAMED_UNIT ( * ) PLANE_ANGLE_UNIT ( ) SI_UNIT ( $, .RADIAN. ) );
#7456 = VERTEX_POINT ( 'NONE', #2188 ) ;
#7457 = FACE_OUTER_BOUND ( 'NONE', #3466, .T. ) ;
#7458 = DIRECTION ( 'NONE',  ( -1.000000000000000000, 0.0000000000000000000, 0.0000000000000000000 ) ) ;
#7459 = LINE ( 'NONE', #4998, #7252 ) ;
#7460 = CARTESIAN_POINT ( 'NONE',  ( 9.119999999999999218, 9.000000000000001776, 4.509999999999999787 ) ) ;
#7461 = DIRECTION ( 'NONE',  ( 0.2357022603955148676, -0.9428090415820634673, 0.2357022603955158668 ) ) ;
#7462 =( NAMED_UNIT ( * ) PLANE_ANGLE_UNIT ( ) SI_UNIT ( $, .RADIAN. ) );
#7463 = DIRECTION ( 'NONE',  ( -0.0000000000000000000, -1.000000000000000000, -0.0000000000000000000 ) ) ;
#7464 = FILL_AREA_STYLE_COLOUR ( '', #3168 ) ;
#7465 =( LENGTH_UNIT ( ) NAMED_UNIT ( * ) SI_UNIT ( .MILLI., .METRE. ) );
#7466 = DIRECTION ( 'NONE',  ( 0.0000000000000000000, 0.0000000000000000000, 1.000000000000000000 ) ) ;
#7467 = ORIENTED_EDGE ( 'NONE', *, *, #3994, .F. ) ;
#7468 = CARTESIAN_POINT ( 'NONE',  ( 6.299999999999999822, 10.40000000000000213, 19.25000000000000000 ) ) ;
#7469 = CARTESIAN_POINT ( 'NONE',  ( 6.700000000000001066, 21.69999999999999929, -3.810000000000000053 ) ) ;
#7470 = VERTEX_POINT ( 'NONE', #7543 ) ;
#7471 = LINE ( 'NONE', #6260, #5251 ) ;
#7472 = DIRECTION ( 'NONE',  ( 1.000000000000000000, 0.0000000000000000000, 0.0000000000000000000 ) ) ;
#7473 = EDGE_LOOP ( 'NONE', ( #4562, #2100, #5535, #7027 ) ) ;
#7474 = FACE_OUTER_BOUND ( 'NONE', #5684, .T. ) ;
#7475 = CARTESIAN_POINT ( 'NONE',  ( 7.549999999999999822, 15.69999999999999929, 2.209999999999999964 ) ) ;
#7476 = FILL_AREA_STYLE ('',( #6741 ) ) ;
#7477 = VERTEX_POINT ( 'NONE', #5129 ) ;
#7478 = ORIENTED_EDGE ( 'NONE', *, *, #3077, .F. ) ;
#7479 = CARTESIAN_POINT ( 'NONE',  ( 9.800000000000000711, 15.69999999999999929, 6.129999999999999893 ) ) ;
#7480 = PRESENTATION_LAYER_ASSIGNMENT (  '', '', ( #1825 ) ) ;
#7481 = EDGE_CURVE ( 'NONE', #7097, #3944, #2153, .T. ) ;
#7482 = COLOUR_RGB ( '',1.000000000000000000, 1.000000000000000000, 1.000000000000000000 ) ;
#7483 = AXIS2_PLACEMENT_3D ( 'NONE', #300, #4544, #3866 ) ;
#7484 = VERTEX_POINT ( 'NONE', #2116 ) ;
#7485 = LINE ( 'NONE', #3246, #3546 ) ;
#7486 = EDGE_CURVE ( 'NONE', #1057, #1106, #4021, .T. ) ;
#7487 = VECTOR ( 'NONE', #1166, 1000.000000000000000 ) ;
#7488 = PRESENTATION_LAYER_ASSIGNMENT (  '', '', ( #2712 ) ) ;
#7489 = VECTOR ( 'NONE', #4655, 1000.000000000000000 ) ;
#7490 = ADVANCED_FACE ( 'NONE', ( #5784 ), #2231, .T. ) ;
#7491 = EDGE_LOOP ( 'NONE', ( #7644, #6474, #5037, #4440 ) ) ;
#7492 = EDGE_LOOP ( 'NONE', ( #504, #5675, #442, #7495 ) ) ;
#7493 = EDGE_CURVE ( 'NONE', #4609, #3748, #6454, .T. ) ;
#7494 = LINE ( 'NONE', #1474, #5368 ) ;
#7495 = ORIENTED_EDGE ( 'NONE', *, *, #2783, .T. ) ;
#7496 = LINE ( 'NONE', #1477, #3387 ) ;
#7497 = AXIS2_PLACEMENT_3D ( 'NONE', #7132, #2918, #7715 ) ;
#7498 =( GEOMETRIC_REPRESENTATION_CONTEXT ( 3 ) GLOBAL_UNCERTAINTY_ASSIGNED_CONTEXT ( ( #3257 ) ) GLOBAL_UNIT_ASSIGNED_CONTEXT ( ( #3052, #3718, #1898 ) ) REPRESENTATION_CONTEXT ( 'NONE', 'WORKASPACE' ) );
#7499 = ORIENTED_EDGE ( 'NONE', *, *, #3456, .F. ) ;
#7500 = CARTESIAN_POINT ( 'NONE',  ( 4.150000000000000355, 9.000000000000001776, 20.64999999999999858 ) ) ;
#7501 = DIRECTION ( 'NONE',  ( 0.0000000000000000000, 0.0000000000000000000, -1.000000000000000000 ) ) ;
#7502 = MECHANICAL_DESIGN_GEOMETRIC_PRESENTATION_REPRESENTATION (  '', ( #3491 ), #2722 ) ;
#7503 = DIRECTION ( 'NONE',  ( 0.0000000000000000000, -1.000000000000000000, 0.0000000000000000000 ) ) ;
#7504 = LINE ( 'NONE', #2112, #834 ) ;
#7505 = DIRECTION ( 'NONE',  ( 0.0000000000000000000, 0.0000000000000000000, 1.000000000000000000 ) ) ;
#7506 = CARTESIAN_POINT ( 'NONE',  ( 6.900000000000000355, 11.19999999999999929, 11.82999999999999829 ) ) ;
#7507 = CARTESIAN_POINT ( 'NONE',  ( 8.599999999999999645, 17.39999999999999858, 15.93999999999999950 ) ) ;
#7508 = FACE_OUTER_BOUND ( 'NONE', #1105, .T. ) ;
#7509 = VECTOR ( 'NONE', #2782, 1000.000000000000000 ) ;
#7510 = ORIENTED_EDGE ( 'NONE', *, *, #1147, .F. ) ;
#7511 = DIRECTION ( 'NONE',  ( 0.0000000000000000000, 0.0000000000000000000, -1.000000000000000000 ) ) ;
#7512 = EDGE_LOOP ( 'NONE', ( #269, #3369, #6216, #3333 ) ) ;
#7513 = CIRCLE ( 'NONE', #3381, 0.9000000000000002442 ) ;
#7514 = MECHANICAL_DESIGN_GEOMETRIC_PRESENTATION_REPRESENTATION (  '', ( #3244 ), #1737 ) ;
#7515 = ORIENTED_EDGE ( 'NONE', *, *, #6865, .T. ) ;
#7516 = CARTESIAN_POINT ( 'NONE',  ( 4.150000000000000355, 15.69999999999999929, 20.64999999999999858 ) ) ;
#7517 = CARTESIAN_POINT ( 'NONE',  ( 8.599999999999999645, 17.39999999999999858, 5.409999999999998366 ) ) ;
#7518 = DIRECTION ( 'NONE',  ( 0.0000000000000000000, 0.0000000000000000000, -1.000000000000000000 ) ) ;
#7519 = VERTEX_POINT ( 'NONE', #6246 ) ;
#7520 = ORIENTED_EDGE ( 'NONE', *, *, #7437, .T. ) ;
#7521 = DIRECTION ( 'NONE',  ( 0.0000000000000000000, 0.0000000000000000000, 1.000000000000000000 ) ) ;
#7522 = EDGE_LOOP ( 'NONE', ( #3715, #1559, #178, #602, #6717 ) ) ;
#7523 = PLANE ( 'NONE',  #4319 ) ;
#7524 = AXIS2_PLACEMENT_3D ( 'NONE', #3934, #6330, #1994 ) ;
#7525 = ADVANCED_FACE ( 'NONE', ( #930 ), #5124, .T. ) ;
#7526 = ORIENTED_EDGE ( 'NONE', *, *, #2053, .F. ) ;
#7527 = VERTEX_POINT ( 'NONE', #5591 ) ;
#7528 = LINE ( 'NONE', #2136, #340 ) ;
#7529 = VERTEX_POINT ( 'NONE', #251 ) ;
#7530 = PRESENTATION_STYLE_ASSIGNMENT (( #2731 ) ) ;
#7531 = EDGE_CURVE ( 'NONE', #3200, #4396, #335, .T. ) ;
#7532 = LINE ( 'NONE', #444, #4791 ) ;
#7533 = EDGE_CURVE ( 'NONE', #1535, #7137, #7538, .T. ) ;
#7534 = VECTOR ( 'NONE', #7521, 1000.000000000000000 ) ;
#7535 = CARTESIAN_POINT ( 'NONE',  ( 4.150000000000000355, 17.39999999999999858, 10.39076951545870209 ) ) ;
#7536 = CARTESIAN_POINT ( 'NONE',  ( 9.119999999999999218, 15.69999999999999929, 10.73000000000000220 ) ) ;
#7537 = ADVANCED_FACE ( 'NONE', ( #2072 ), #6289, .F. ) ;
#7538 = LINE ( 'NONE', #5707, #4027 ) ;
#7539 = FILL_AREA_STYLE ('',( #2307 ) ) ;
#7540 = VERTEX_POINT ( 'NONE', #4533 ) ;
#7541 = CIRCLE ( 'NONE', #4170, 0.4499999999999990119 ) ;
#7542 = DIRECTION ( 'NONE',  ( 0.0000000000000000000, -1.000000000000000000, 0.0000000000000000000 ) ) ;
#7543 = CARTESIAN_POINT ( 'NONE',  ( 8.599999999999999645, 15.69999999999999929, 9.830000000000000071 ) ) ;
#7544 = ADVANCED_FACE ( 'NONE', ( #5626 ), #208, .T. ) ;
#7545 = VERTEX_POINT ( 'NONE', #3853 ) ;
#7546 =( LENGTH_UNIT ( ) NAMED_UNIT ( * ) SI_UNIT ( .MILLI., .METRE. ) );
#7547 = ADVANCED_FACE ( 'NONE', ( #2853 ), #1596, .T. ) ;
#7548 = CARTESIAN_POINT ( 'NONE',  ( 10.50000000000000000, 12.59999999999999964, -9.919999999999999929 ) ) ;
#7549 = MECHANICAL_DESIGN_GEOMETRIC_PRESENTATION_REPRESENTATION (  '', ( #3286 ), #6802 ) ;
#7550 = VERTEX_POINT ( 'NONE', #5780 ) ;
#7551 = CARTESIAN_POINT ( 'NONE',  ( 6.099999999999999645, 11.19999999999999929, 8.019999999999999574 ) ) ;
#7552 = DIRECTION ( 'NONE',  ( -0.9451512019217267468, 0.0000000000000000000, 0.3266331359582419491 ) ) ;
#7553 = CARTESIAN_POINT ( 'NONE',  ( 4.599999999999999645, 9.000000000000001776, 2.770769515458702870 ) ) ;
#7554 = CARTESIAN_POINT ( 'NONE',  ( 4.150000000000000355, 17.39999999999999858, 2.770769515458702870 ) ) ;
#7555 = VERTEX_POINT ( 'NONE', #4055 ) ;
#7556 = ORIENTED_EDGE ( 'NONE', *, *, #4863, .F. ) ;
#7557 = FILL_AREA_STYLE_COLOUR ( '', #1508 ) ;
#7558 = AXIS2_PLACEMENT_3D ( 'NONE', #6274, #3332, #5690 ) ;
#7559 = CARTESIAN_POINT ( 'NONE',  ( 4.599999999999999645, 17.39999999999999858, 2.770769515458702870 ) ) ;
#7560 = ORIENTED_EDGE ( 'NONE', *, *, #560, .T. ) ;
#7561 = VECTOR ( 'NONE', #4068, 1000.000000000000000 ) ;
#7562 = FILL_AREA_STYLE_COLOUR ( '', #6064 ) ;
#7563 = AXIS2_PLACEMENT_3D ( 'NONE', #7009, #2272, #539 ) ;
#7564 = ORIENTED_EDGE ( 'NONE', *, *, #6924, .T. ) ;
#7565 = ORIENTED_EDGE ( 'NONE', *, *, #6735, .F. ) ;
#7566 = PRESENTATION_LAYER_ASSIGNMENT (  '', '', ( #2664 ) ) ;
#7567 = VECTOR ( 'NONE', #6238, 1000.000000000000114 ) ;
#7568 =( NAMED_UNIT ( * ) PLANE_ANGLE_UNIT ( ) SI_UNIT ( $, .RADIAN. ) );
#7569 = DIRECTION ( 'NONE',  ( 0.0000000000000000000, 0.0000000000000000000, -1.000000000000000000 ) ) ;
#7570 =( NAMED_UNIT ( * ) SI_UNIT ( $, .STERADIAN. ) SOLID_ANGLE_UNIT ( ) );
#7571 = ORIENTED_EDGE ( 'NONE', *, *, #3378, .T. ) ;
#7572 = UNCERTAINTY_MEASURE_WITH_UNIT (LENGTH_MEASURE( 1.000000000000000082E-05 ), #487, 'distance_accuracy_value', 'NONE');
#7573 = PRESENTATION_STYLE_ASSIGNMENT (( #2654 ) ) ;
#7574 = DIRECTION ( 'NONE',  ( 1.546734824340359944E-15, 0.0000000000000000000, -1.000000000000000000 ) ) ;
#7575 =( LENGTH_UNIT ( ) NAMED_UNIT ( * ) SI_UNIT ( .MILLI., .METRE. ) );
#7576 = ORIENTED_EDGE ( 'NONE', *, *, #6281, .T. ) ;
#7577 = AXIS2_PLACEMENT_3D ( 'NONE', #1251, #1844, #2954 ) ;
#7578 = FACE_OUTER_BOUND ( 'NONE', #4499, .T. ) ;
#7579 = EDGE_CURVE ( 'NONE', #1625, #7163, #374, .T. ) ;
#7580 = LINE ( 'NONE', #5232, #6526 ) ;
#7581 = ORIENTED_EDGE ( 'NONE', *, *, #7585, .F. ) ;
#7582 = CARTESIAN_POINT ( 'NONE',  ( 4.150000000000000355, 15.69999999999999929, 13.02999999999999758 ) ) ;
#7583 = ADVANCED_FACE ( 'NONE', ( #6524 ), #4098, .T. ) ;
#7584 = ORIENTED_EDGE ( 'NONE', *, *, #4780, .F. ) ;
#7585 = EDGE_CURVE ( 'NONE', #722, #6963, #3424, .T. ) ;
#7586 = LINE ( 'NONE', #5867, #700 ) ;
#7587 = LINE ( 'NONE', #6689, #6446 ) ;
#7588 = SURFACE_STYLE_USAGE ( .BOTH. , #5791 ) ;
#7589 = EDGE_CURVE ( 'NONE', #1388, #5258, #5307, .T. ) ;
#7590 =( LENGTH_UNIT ( ) NAMED_UNIT ( * ) SI_UNIT ( .MILLI., .METRE. ) );
#7591 = LINE ( 'NONE', #427, #4831 ) ;
#7592 = CARTESIAN_POINT ( 'NONE',  ( 10.50000000000000000, 9.000000000000001776, 21.35000000000000142 ) ) ;
#7593 = ORIENTED_EDGE ( 'NONE', *, *, #6683, .F. ) ;
#7594 = ORIENTED_EDGE ( 'NONE', *, *, #5005, .T. ) ;
#7595 = DIRECTION ( 'NONE',  ( 0.0000000000000000000, 0.0000000000000000000, -1.000000000000000000 ) ) ;
#7596 =( NAMED_UNIT ( * ) PLANE_ANGLE_UNIT ( ) SI_UNIT ( $, .RADIAN. ) );
#7597 = ORIENTED_EDGE ( 'NONE', *, *, #552, .F. ) ;
#7598 = CARTESIAN_POINT ( 'NONE',  ( 6.700000000000000178, 10.40000000000000213, 4.009999999999999787 ) ) ;
#7599 = ORIENTED_EDGE ( 'NONE', *, *, #5015, .T. ) ;
#7600 = ORIENTED_EDGE ( 'NONE', *, *, #2056, .F. ) ;
#7601 = COLOUR_RGB ( '',1.000000000000000000, 1.000000000000000000, 1.000000000000000000 ) ;
#7602 = PLANE ( 'NONE',  #7636 ) ;
#7603 = ORIENTED_EDGE ( 'NONE', *, *, #6139, .F. ) ;
#7604 = PLANE ( 'NONE',  #3184 ) ;
#7605 = CIRCLE ( 'NONE', #5737, 0.4500000000000007327 ) ;
#7606 = DIRECTION ( 'NONE',  ( 0.0000000000000000000, -1.000000000000000000, 0.0000000000000000000 ) ) ;
#7607 = VECTOR ( 'NONE', #7645, 1000.000000000000000 ) ;
#7608 = VECTOR ( 'NONE', #1354, 1000.000000000000000 ) ;
#7609 = DIRECTION ( 'NONE',  ( 0.0000000000000000000, -1.000000000000000000, 0.0000000000000000000 ) ) ;
#7610 = DIRECTION ( 'NONE',  ( -0.2357022603955121753, 0.9428090415820651327, -0.2357022603955121753 ) ) ;
#7611 = PLANE ( 'NONE',  #4413 ) ;
#7612 = VECTOR ( 'NONE', #1982, 1000.000000000000000 ) ;
#7613 = ORIENTED_EDGE ( 'NONE', *, *, #101, .T. ) ;
#7614 = ADVANCED_FACE ( 'NONE', ( #1084 ), #6449, .F. ) ;
#7615 = VECTOR ( 'NONE', #3233, 1000.000000000000000 ) ;
#7616 = DIRECTION ( 'NONE',  ( 0.2357022603955121753, 0.9428090415820651327, -0.2357022603955121753 ) ) ;
#7617 = CARTESIAN_POINT ( 'NONE',  ( 9.119999999999999218, 17.39999999999999858, 16.49500000000000099 ) ) ;
#7618 = ORIENTED_EDGE ( 'NONE', *, *, #3959, .T. ) ;
#7619 = CARTESIAN_POINT ( 'NONE',  ( 4.150000000000000355, 15.69999999999999929, 20.64999999999999858 ) ) ;
#7620 = CARTESIAN_POINT ( 'NONE',  ( 6.299999999999998046, 21.69999999999999929, 11.82999999999999829 ) ) ;
#7621 = AXIS2_PLACEMENT_3D ( 'NONE', #2280, #1144, #3480 ) ;
#7622 = EDGE_CURVE ( 'NONE', #3789, #2341, #1713, .T. ) ;
#7623 = VERTEX_POINT ( 'NONE', #678 ) ;
#7624 = LINE ( 'NONE', #2909, #4439 ) ;
#7625 = LINE ( 'NONE', #3319, #5441 ) ;
#7626 = CIRCLE ( 'NONE', #2849, 0.4499999999999999001 ) ;
#7627 = ADVANCED_FACE ( 'NONE', ( #4838 ), #3650, .T. ) ;
#7628 = DIRECTION ( 'NONE',  ( 0.0000000000000000000, 0.0000000000000000000, -1.000000000000000000 ) ) ;
#7629 = VECTOR ( 'NONE', #3220, 1000.000000000000000 ) ;
#7630 = LINE ( 'NONE', #2710, #5887 ) ;
#7631 = ORIENTED_EDGE ( 'NONE', *, *, #2345, .F. ) ;
#7632 = VERTEX_POINT ( 'NONE', #5537 ) ;
#7633 = EDGE_CURVE ( 'NONE', #3500, #7320, #3726, .T. ) ;
#7634 =( NAMED_UNIT ( * ) PLANE_ANGLE_UNIT ( ) SI_UNIT ( $, .RADIAN. ) );
#7635 = EDGE_CURVE ( 'NONE', #3234, #4855, #5501, .T. ) ;
#7636 = AXIS2_PLACEMENT_3D ( 'NONE', #1503, #2510, #5559 ) ;
#7637 = COLOUR_RGB ( '',1.000000000000000000, 1.000000000000000000, 1.000000000000000000 ) ;
#7638 = LINE ( 'NONE', #7759, #4041 ) ;
#7639 = PLANE ( 'NONE',  #3682 ) ;
#7640 = VERTEX_POINT ( 'NONE', #6032 ) ;
#7641 = LINE ( 'NONE', #5916, #4936 ) ;
#7642 = EDGE_CURVE ( 'NONE', #2279, #7810, #4323, .T. ) ;
#7643 = VECTOR ( 'NONE', #3391, 1000.000000000000000 ) ;
#7644 = ORIENTED_EDGE ( 'NONE', *, *, #1428, .T. ) ;
#7645 = DIRECTION ( 'NONE',  ( 0.0000000000000000000, 0.0000000000000000000, -1.000000000000000000 ) ) ;
#7646 = FILL_AREA_STYLE ('',( #1702 ) ) ;
#7647 =( LENGTH_UNIT ( ) NAMED_UNIT ( * ) SI_UNIT ( .MILLI., .METRE. ) );
#7648 =( NAMED_UNIT ( * ) PLANE_ANGLE_UNIT ( ) SI_UNIT ( $, .RADIAN. ) );
#7649 = VERTEX_POINT ( 'NONE', #6110 ) ;
#7650 = UNCERTAINTY_MEASURE_WITH_UNIT (LENGTH_MEASURE( 1.000000000000000082E-05 ), #5802, 'distance_accuracy_value', 'NONE');
#7651 = DIRECTION ( 'NONE',  ( 0.0000000000000000000, 0.2425356250363329691, 0.9701425001453318764 ) ) ;
#7652 = DIRECTION ( 'NONE',  ( -0.9701425001453318764, 0.2425356250363329691, 0.0000000000000000000 ) ) ;
#7653 = SURFACE_STYLE_FILL_AREA ( #1123 ) ;
#7654 = ORIENTED_EDGE ( 'NONE', *, *, #3279, .T. ) ;
#7655 = SURFACE_STYLE_FILL_AREA ( #6527 ) ;
#7656 = CARTESIAN_POINT ( 'NONE',  ( 3.500000000000000000, 9.000000000000001776, -9.919999999999999929 ) ) ;
#7657 = CARTESIAN_POINT ( 'NONE',  ( 9.800000000000000711, 15.69999999999999929, 6.129999999999999893 ) ) ;
#7658 = ORIENTED_EDGE ( 'NONE', *, *, #5673, .F. ) ;
#7659 = DIRECTION ( 'NONE',  ( 0.0000000000000000000, 1.000000000000000000, 0.0000000000000000000 ) ) ;
#7660 =( LENGTH_UNIT ( ) NAMED_UNIT ( * ) SI_UNIT ( .MILLI., .METRE. ) );
#7661 = VECTOR ( 'NONE', #529, 1000.000000000000000 ) ;
#7662 = PRESENTATION_STYLE_ASSIGNMENT (( #2867 ) ) ;
#7663 = DIRECTION ( 'NONE',  ( 1.000000000000000000, 0.0000000000000000000, 0.0000000000000000000 ) ) ;
#7664 = CARTESIAN_POINT ( 'NONE',  ( 6.500000000000000888, 14.69999999999999929, 7.620000000000001883 ) ) ;
#7665 = FACE_OUTER_BOUND ( 'NONE', #1638, .T. ) ;
#7666 = UNCERTAINTY_MEASURE_WITH_UNIT (LENGTH_MEASURE( 1.000000000000000082E-05 ), #6452, 'distance_accuracy_value', 'NONE');
#7667 = LINE ( 'NONE', #3401, #1108 ) ;
#7668 = ORIENTED_EDGE ( 'NONE', *, *, #4897, .F. ) ;
#7669 = ADVANCED_FACE ( 'NONE', ( #5389 ), #7259, .T. ) ;
#7670 = ORIENTED_EDGE ( 'NONE', *, *, #6585, .F. ) ;
#7671 = VECTOR ( 'NONE', #2283, 1000.000000000000000 ) ;
#7672 = DIRECTION ( 'NONE',  ( 0.0000000000000000000, 1.000000000000000000, 0.0000000000000000000 ) ) ;
#7673 = EDGE_CURVE ( 'NONE', #7540, #7133, #3350, .T. ) ;
#7674 = MECHANICAL_DESIGN_GEOMETRIC_PRESENTATION_REPRESENTATION (  '', ( #4933 ), #1646 ) ;
#7675 = FILL_AREA_STYLE ('',( #2169 ) ) ;
#7676 = EDGE_CURVE ( 'NONE', #2044, #7052, #1753, .T. ) ;
#7677 = ORIENTED_EDGE ( 'NONE', *, *, #3271, .T. ) ;
#7678 = CARTESIAN_POINT ( 'NONE',  ( 6.099999999999999645, 10.40000000000000213, 11.82999999999999829 ) ) ;
#7679 = VECTOR ( 'NONE', #5374, 1000.000000000000114 ) ;
#7680 = EDGE_CURVE ( 'NONE', #7753, #7529, #7217, .T. ) ;
#7681 = ORIENTED_EDGE ( 'NONE', *, *, #6028, .T. ) ;
#7682 = CARTESIAN_POINT ( 'NONE',  ( 3.500000000000000000, 18.19999999999999929, 1.510000000000000897 ) ) ;
#7683 = ADVANCED_FACE ( 'NONE', ( #7776 ), #3571, .T. ) ;
#7684 = DIRECTION ( 'NONE',  ( 0.0000000000000000000, -1.000000000000000000, 0.0000000000000000000 ) ) ;
#7685 = EDGE_CURVE ( 'NONE', #468, #5450, #4914, .T. ) ;
#7686 = VECTOR ( 'NONE', #4694, 1000.000000000000000 ) ;
#7687 = CARTESIAN_POINT ( 'NONE',  ( 8.599999999999999645, 17.39999999999999858, 6.020000000000001350 ) ) ;
#7688 = VERTEX_POINT ( 'NONE', #1908 ) ;
#7689 = CARTESIAN_POINT ( 'NONE',  ( 5.799999999999999822, 11.19999999999999929, 3.409999999999999698 ) ) ;
#7690 = CARTESIAN_POINT ( 'NONE',  ( 0.0000000000000000000, 11.50000000000000000, 22.86000000000000298 ) ) ;
#7691 = VECTOR ( 'NONE', #6845, 1000.000000000000000 ) ;
#7692 = MECHANICAL_DESIGN_GEOMETRIC_PRESENTATION_REPRESENTATION (  '', ( #2168 ), #6317 ) ;
#7693 = CYLINDRICAL_SURFACE ( 'NONE', #5742, 0.9000000000000014655 ) ;
#7694 = EDGE_CURVE ( 'NONE', #7688, #6234, #5, .T. ) ;
#7695 = LINE ( 'NONE', #1165, #2716 ) ;
#7696 = CARTESIAN_POINT ( 'NONE',  ( 9.119999999999999218, 15.69999999999999929, 15.93999999999999950 ) ) ;
#7697 = ORIENTED_EDGE ( 'NONE', *, *, #601, .F. ) ;
#7698 = CARTESIAN_POINT ( 'NONE',  ( 9.800000000000000711, 15.69999999999999929, 2.319999999999998952 ) ) ;
#7699 = DIRECTION ( 'NONE',  ( 1.000000000000000000, 0.0000000000000000000, 0.0000000000000000000 ) ) ;
#7700 =( GEOMETRIC_REPRESENTATION_CONTEXT ( 3 ) GLOBAL_UNCERTAINTY_ASSIGNED_CONTEXT ( ( #1067 ) ) GLOBAL_UNIT_ASSIGNED_CONTEXT ( ( #7323, #5558, #1892 ) ) REPRESENTATION_CONTEXT ( 'NONE', 'WORKASPACE' ) );
#7701 = SURFACE_SIDE_STYLE ('',( #5312 ) ) ;
#7702 = PRESENTATION_LAYER_ASSIGNMENT (  '', '', ( #4705 ) ) ;
#7703 = ORIENTED_EDGE ( 'NONE', *, *, #5468, .T. ) ;
#7704 = FILL_AREA_STYLE ('',( #5278 ) ) ;
#7705 = LINE ( 'NONE', #7267, #1593 ) ;
#7706 = CARTESIAN_POINT ( 'NONE',  ( 6.099999999999999645, 11.19999999999999929, 11.02999999999999936 ) ) ;
#7707 = CARTESIAN_POINT ( 'NONE',  ( 6.299999999999999822, 10.40000000000000213, 4.209999999999998188 ) ) ;
#7708 = CARTESIAN_POINT ( 'NONE',  ( 8.599999999999999645, 15.69999999999999929, 17.44999999999999929 ) ) ;
#7709 = CYLINDRICAL_SURFACE ( 'NONE', #5190, 0.4499999999999990119 ) ;
#7710 = LINE ( 'NONE', #1611, #4556 ) ;
#7711 = SURFACE_SIDE_STYLE ('',( #6539 ) ) ;
#7712 = DIRECTION ( 'NONE',  ( 0.0000000000000000000, -1.000000000000000000, 0.0000000000000000000 ) ) ;
#7713 = ORIENTED_EDGE ( 'NONE', *, *, #4276, .T. ) ;
#7714 = ORIENTED_EDGE ( 'NONE', *, *, #5159, .F. ) ;
#7715 = DIRECTION ( 'NONE',  ( 0.0000000000000000000, 0.0000000000000000000, 1.000000000000000000 ) ) ;
#7716 = VERTEX_POINT ( 'NONE', #1239 ) ;
#7717 = DIRECTION ( 'NONE',  ( 0.0000000000000000000, 0.2425356250363329691, 0.9701425001453318764 ) ) ;
#7718 = CARTESIAN_POINT ( 'NONE',  ( 6.700000000000000178, 10.40000000000000213, 15.63999999999999702 ) ) ;
#7719 = ORIENTED_EDGE ( 'NONE', *, *, #3945, .T. ) ;
#7720 = CARTESIAN_POINT ( 'NONE',  ( 9.800000000000000711, 15.69999999999999929, 17.55999999999999872 ) ) ;
#7721 = ORIENTED_EDGE ( 'NONE', *, *, #7115, .T. ) ;
#7722 = EDGE_CURVE ( 'NONE', #2213, #74, #6909, .T. ) ;
#7723 = LINE ( 'NONE', #480, #1205 ) ;
#7724 = DIRECTION ( 'NONE',  ( -1.000000000000000000, 0.0000000000000000000, 0.0000000000000000000 ) ) ;
#7725 = ADVANCED_FACE ( 'NONE', ( #839 ), #4399, .T. ) ;
#7726 = CARTESIAN_POINT ( 'NONE',  ( 4.150000000000000355, 15.69999999999999929, 6.020000000000001350 ) ) ;
#7727 = ORIENTED_EDGE ( 'NONE', *, *, #5527, .T. ) ;
#7728 = UNCERTAINTY_MEASURE_WITH_UNIT (LENGTH_MEASURE( 1.000000000000000082E-05 ), #83, 'distance_accuracy_value', 'NONE');
#7729 = SURFACE_SIDE_STYLE ('',( #3014 ) ) ;
#7730 = EDGE_CURVE ( 'NONE', #1865, #3785, #2607, .T. ) ;
#7731 = EDGE_CURVE ( 'NONE', #565, #4957, #6834, .T. ) ;
#7732 = AXIS2_PLACEMENT_3D ( 'NONE', #114, #4211, #1873 ) ;
#7733 = DIRECTION ( 'NONE',  ( 0.0000000000000000000, 0.0000000000000000000, -1.000000000000000000 ) ) ;
#7734 = SURFACE_SIDE_STYLE ('',( #7653 ) ) ;
#7735 = CARTESIAN_POINT ( 'NONE',  ( 6.099999999999999645, 14.69999999999999929, 4.209999999999998188 ) ) ;
#7736 = EDGE_LOOP ( 'NONE', ( #7677, #5975, #1471, #6645 ) ) ;
#7737 = LINE ( 'NONE', #5274, #2916 ) ;
#7738 = PRESENTATION_STYLE_ASSIGNMENT (( #4058 ) ) ;
#7739 = CIRCLE ( 'NONE', #4353, 0.4499999999999990119 ) ;
#7740 = LINE ( 'NONE', #7111, #1033 ) ;
#7741 = DIRECTION ( 'NONE',  ( 1.000000000000000000, 0.0000000000000000000, 0.0000000000000000000 ) ) ;
#7742 = LINE ( 'NONE', #6652, #7134 ) ;
#7743 = VECTOR ( 'NONE', #2145, 1000.000000000000000 ) ;
#7744 = DIRECTION ( 'NONE',  ( -1.000000000000000000, 0.0000000000000000000, 0.0000000000000000000 ) ) ;
#7745 = AXIS2_PLACEMENT_3D ( 'NONE', #3105, #575, #5511 ) ;
#7746 = CARTESIAN_POINT ( 'NONE',  ( 9.119999999999999218, 17.39999999999999858, 3.110000000000001652 ) ) ;
#7747 = LINE ( 'NONE', #3397, #2658 ) ;
#7748 = LINE ( 'NONE', #615, #1269 ) ;
#7749 = CARTESIAN_POINT ( 'NONE',  ( 4.150000000000000355, 9.000000000000001776, 2.209999999999999964 ) ) ;
#7750 = LINE ( 'NONE', #1180, #4207 ) ;
#7751 = UNCERTAINTY_MEASURE_WITH_UNIT (LENGTH_MEASURE( 1.000000000000000082E-05 ), #3877, 'distance_accuracy_value', 'NONE');
#7752 = FILL_AREA_STYLE ('',( #1845 ) ) ;
#7753 = VERTEX_POINT ( 'NONE', #195 ) ;
#7754 = ORIENTED_EDGE ( 'NONE', *, *, #7357, .T. ) ;
#7755 = CARTESIAN_POINT ( 'NONE',  ( 0.0000000000000000000, 21.69999999999999929, -7.620000000000000107 ) ) ;
#7756 =( LENGTH_UNIT ( ) NAMED_UNIT ( * ) SI_UNIT ( .MILLI., .METRE. ) );
#7757 = VERTEX_POINT ( 'NONE', #923 ) ;
#7758 = VECTOR ( 'NONE', #1951, 1000.000000000000000 ) ;
#7759 = CARTESIAN_POINT ( 'NONE',  ( 4.219230769230770228, 17.39999999999999858, 16.03940806503179672 ) ) ;
#7760 = ORIENTED_EDGE ( 'NONE', *, *, #3267, .F. ) ;
#7761 = CARTESIAN_POINT ( 'NONE',  ( 6.099999999999999645, 20.89999999999999147, 3.409999999999999698 ) ) ;
#7762 =( GEOMETRIC_REPRESENTATION_CONTEXT ( 3 ) GLOBAL_UNCERTAINTY_ASSIGNED_CONTEXT ( ( #4929 ) ) GLOBAL_UNIT_ASSIGNED_CONTEXT ( ( #1119, #7648, #557 ) ) REPRESENTATION_CONTEXT ( 'NONE', 'WORKASPACE' ) );
#7763 = ORIENTED_EDGE ( 'NONE', *, *, #1098, .F. ) ;
#7764 = FACE_BOUND ( 'NONE', #5222, .T. ) ;
#7765 = COLOUR_RGB ( '',1.000000000000000000, 1.000000000000000000, 1.000000000000000000 ) ;
#7766 = VECTOR ( 'NONE', #1732, 1000.000000000000000 ) ;
#7767 = LINE ( 'NONE', #6025, #7441 ) ;
#7768 = MECHANICAL_DESIGN_GEOMETRIC_PRESENTATION_REPRESENTATION (  '', ( #6390 ), #3762 ) ;
#7769 = LINE ( 'NONE', #6557, #3375 ) ;
#7770 = ORIENTED_EDGE ( 'NONE', *, *, #1815, .T. ) ;
#7771 = CARTESIAN_POINT ( 'NONE',  ( 8.599999999999999645, 9.000000000000001776, 6.920000000000002593 ) ) ;
#7772 = ADVANCED_FACE ( 'NONE', ( #1391 ), #2727, .T. ) ;
#7773 = STYLED_ITEM ( 'NONE', ( #737 ), #7251 ) ;
#7774 = EDGE_LOOP ( 'NONE', ( #1606, #5560, #6584, #5733 ) ) ;
#7775 = CARTESIAN_POINT ( 'NONE',  ( 6.099999999999999645, 10.40000000000000213, 8.019999999999999574 ) ) ;
#7776 = FACE_OUTER_BOUND ( 'NONE', #6510, .T. ) ;
#7777 = DIRECTION ( 'NONE',  ( 0.9701425001453318764, 0.2425356250363329691, 0.0000000000000000000 ) ) ;
#7778 = ORIENTED_EDGE ( 'NONE', *, *, #6141, .T. ) ;
#7779 = CARTESIAN_POINT ( 'NONE',  ( 9.119999999999999218, 9.000000000000001776, 12.68500000000000050 ) ) ;
#7780 = EDGE_CURVE ( 'NONE', #5883, #3395, #5653, .T. ) ;
#7781 = DIRECTION ( 'NONE',  ( 0.0000000000000000000, -1.000000000000000000, 0.0000000000000000000 ) ) ;
#7782 = EDGE_CURVE ( 'NONE', #2402, #1465, #240, .T. ) ;
#7783 = LINE ( 'NONE', #6650, #1539 ) ;
#7784 = CARTESIAN_POINT ( 'NONE',  ( 6.900000000000000355, 14.69999999999999929, 3.810000000000000941 ) ) ;
#7785 = LINE ( 'NONE', #1174, #5140 ) ;
#7786 = VECTOR ( 'NONE', #7505, 1000.000000000000000 ) ;
#7787 = EDGE_CURVE ( 'NONE', #3563, #3587, #3886, .T. ) ;
#7788 = CARTESIAN_POINT ( 'NONE',  ( 6.700000000000000178, 10.40000000000000213, 15.43999999999999950 ) ) ;
#7789 = CARTESIAN_POINT ( 'NONE',  ( 5.950000000000009059, 20.30000000000001847, 3.260000000000009557 ) ) ;
#7790 = DIRECTION ( 'NONE',  ( 0.0000000000000000000, 0.0000000000000000000, -1.000000000000000000 ) ) ;
#7791 = DIRECTION ( 'NONE',  ( 0.0000000000000000000, 0.0000000000000000000, 1.000000000000000000 ) ) ;
#7792 = LINE ( 'NONE', #657, #6170 ) ;
#7793 = EDGE_CURVE ( 'NONE', #5599, #1057, #6495, .T. ) ;
#7794 = VECTOR ( 'NONE', #3241, 1000.000000000000000 ) ;
#7795 = ADVANCED_FACE ( 'NONE', ( #761 ), #1475, .T. ) ;
#7796 = DIRECTION ( 'NONE',  ( 1.000000000000000000, 0.0000000000000000000, 0.0000000000000000000 ) ) ;
#7797 = ORIENTED_EDGE ( 'NONE', *, *, #5686, .F. ) ;
#7798 = DIRECTION ( 'NONE',  ( 0.0000000000000000000, -1.000000000000000000, 0.0000000000000000000 ) ) ;
#7799 = SURFACE_SIDE_STYLE ('',( #586 ) ) ;
#7800 = COLOUR_RGB ( '',1.000000000000000000, 1.000000000000000000, 1.000000000000000000 ) ;
#7801 = VERTEX_POINT ( 'NONE', #283 ) ;
#7802 = CARTESIAN_POINT ( 'NONE',  ( 6.899999999999999467, 18.19999999999999929, 19.44999999999999929 ) ) ;
#7803 = FILL_AREA_STYLE_COLOUR ( '', #4078 ) ;
#7804 = MECHANICAL_DESIGN_GEOMETRIC_PRESENTATION_REPRESENTATION (  '', ( #3795 ), #7054 ) ;
#7805 = ORIENTED_EDGE ( 'NONE', *, *, #6673, .F. ) ;
#7806 = AXIS2_PLACEMENT_3D ( 'NONE', #2354, #4696, #1065 ) ;
#7807 = ORIENTED_EDGE ( 'NONE', *, *, #3681, .F. ) ;
#7808 = PLANE ( 'NONE',  #4616 ) ;
#7809 = CARTESIAN_POINT ( 'NONE',  ( 7.099999999999999645, 15.69999999999999929, 13.63999999999999879 ) ) ;
#7810 = VERTEX_POINT ( 'NONE', #3211 ) ;
#7811 = SURFACE_STYLE_USAGE ( .BOTH. , #7729 ) ;
#7812 = VECTOR ( 'NONE', #4337, 1000.000000000000000 ) ;
#7813 = ORIENTED_EDGE ( 'NONE', *, *, #407, .T. ) ;
ENDSEC;
END-ISO-10303-21;
