ISO-10303-21;
HEADER;
FILE_DESCRIPTION (( 'STEP AP214' ),
    '1' );
FILE_NAME ('CUI_DEVICES_TBP02P1-381-05BE.step',
    '2019-10-22T03:06:29',
    ( '' ),
    ( '' ),
    'SwSTEP 2.0',
    'SolidWorks 2019',
    '' );
FILE_SCHEMA (( 'AUTOMOTIVE_DESIGN' ));
ENDSEC;

DATA;
#1 = CARTESIAN_POINT ( 'NONE',  ( 11.19999999999999929, 6.523844591211636512, -1.805663841773167633 ) ) ;
#2 = DIRECTION ( 'NONE',  ( 0.0000000000000000000, -0.0000000000000000000, -1.000000000000000000 ) ) ;
#3 = CARTESIAN_POINT ( 'NONE',  ( 10.19999999999999929, 4.276481181967474399, 3.219406771101680054 ) ) ;
#4 =( BOUNDED_CURVE ( )  B_SPLINE_CURVE ( 3, ( #6538, #2118, #1442, #2886 ),
 .UNSPECIFIED., .F., .T. ) 
 B_SPLINE_CURVE_WITH_KNOTS ( ( 4, 4 ),
 ( 0.0000000000000000000, 1.000000000000000000 ),
 .UNSPECIFIED. ) 
 CURVE ( )  GEOMETRIC_REPRESENTATION_ITEM ( )  RATIONAL_B_SPLINE_CURVE ( ( 1.000000000000000000, 0.8047378541243670469, 0.8047378541243670469, 1.000000000000000000 ) ) 
 REPRESENTATION_ITEM ( '' )  );
#5 = CARTESIAN_POINT ( 'NONE',  ( 9.650000000000002132, 13.20000000000007567, 3.610000000000004317 ) ) ;
#6 = ORIENTED_EDGE ( 'NONE', *, *, #4991, .F. ) ;
#7 = EDGE_LOOP ( 'NONE', ( #3059, #6386 ) ) ;
#8 = DIRECTION ( 'NONE',  ( 0.0000000000000000000, 1.000000000000000000, 0.0000000000000000000 ) ) ;
#9 = EDGE_CURVE ( 'NONE', #2827, #1168, #5324, .T. ) ;
#10 =( NAMED_UNIT ( * ) PLANE_ANGLE_UNIT ( ) SI_UNIT ( $, .RADIAN. ) );
#11 = CARTESIAN_POINT ( 'NONE',  ( 4.515384615384593125, 15.50000000000000000, -4.795936613539179660 ) ) ;
#12 = EDGE_LOOP ( 'NONE', ( #2055, #9336, #1327, #3895, #8917, #1551 ) ) ;
#13 = CARTESIAN_POINT ( 'NONE',  ( 11.19999999999999751, 7.500000000000000000, 9.220000000000000639 ) ) ;
#14 = B_SPLINE_CURVE_WITH_KNOTS ( 'NONE', 3,
 ( #5908, #8825, #5198, #3674, #6864, #1824, #8775, #9556, #934, #7729, #10358, #10413 ),
 .UNSPECIFIED., .F., .F.,
 ( 4, 2, 2, 2, 2, 4 ),
 ( 0.0000000000000000000, 0.2499999999999907851, 0.3749999999999900635, 0.4374999999999868439, 0.4999999999999836797, 1.000000000000000000 ),
 .UNSPECIFIED. ) ;
#15 = DIRECTION ( 'NONE',  ( -0.0000000000000000000, -0.0000000000000000000, 1.000000000000000000 ) ) ;
#16 = CARTESIAN_POINT ( 'NONE',  ( 8.299999999999997158, 15.50000000000000000, 5.160000000000000142 ) ) ;
#17 = LINE ( 'NONE', #1705, #6692 ) ;
#18 = CARTESIAN_POINT ( 'NONE',  ( 5.999239064358687479, 14.49999999999999645, 3.427010491025927585 ) ) ;
#19 = EDGE_LOOP ( 'NONE', ( #4447, #6535, #478, #7387 ) ) ;
#20 = DIRECTION ( 'NONE',  ( 1.000000000000000000, 1.412560544723970047E-16, -0.0000000000000000000 ) ) ;
#21 = DIRECTION ( 'NONE',  ( 0.0000000000000000000, 0.0000000000000000000, -1.000000000000000000 ) ) ;
#22 = EDGE_CURVE ( 'NONE', #6884, #4677, #7855, .T. ) ;
#23 = EDGE_CURVE ( 'NONE', #3831, #1529, #7699, .T. ) ;
#24 = UNCERTAINTY_MEASURE_WITH_UNIT (LENGTH_MEASURE( 1.000000000000000082E-05 ), #5429, 'distance_accuracy_value', 'NONE');
#25 = CARTESIAN_POINT ( 'NONE',  ( 11.14342998793242145, 6.633293174793204905, -5.881368658057864351 ) ) ;
#26 =( LENGTH_UNIT ( ) NAMED_UNIT ( * ) SI_UNIT ( .MILLI., .METRE. ) );
#27 = DIRECTION ( 'NONE',  ( 0.8682431421244601877, 0.4961389383568320377, 0.0000000000000000000 ) ) ;
#28 = VERTEX_POINT ( 'NONE', #5428 ) ;
#29 = CARTESIAN_POINT ( 'NONE',  ( 4.381965328900976786, 15.37173446289486733, -2.458334213803828661 ) ) ;
#30 = ORIENTED_EDGE ( 'NONE', *, *, #8075, .T. ) ;
#31 = ORIENTED_EDGE ( 'NONE', *, *, #6832, .F. ) ;
#32 = CARTESIAN_POINT ( 'NONE',  ( 8.418034671099023925, 15.37173446289487444, 2.458334213803828217 ) ) ;
#33 = DIRECTION ( 'NONE',  ( 0.0000000000000000000, 0.0000000000000000000, 1.000000000000000000 ) ) ;
#34 = CARTESIAN_POINT ( 'NONE',  ( 4.505159402822683568, 15.50000000000000000, 1.002229857909097799 ) ) ;
#35 = DIRECTION ( 'NONE',  ( 0.0000000000000000000, 0.0000000000000000000, 1.000000000000000000 ) ) ;
#36 = VERTEX_POINT ( 'NONE', #7909 ) ;
#37 = LINE ( 'NONE', #8729, #1697 ) ;
#38 = ORIENTED_EDGE ( 'NONE', *, *, #3037, .F. ) ;
#39 = DIRECTION ( 'NONE',  ( -0.0000000000000000000, -0.0000000000000000000, -1.000000000000000000 ) ) ;
#40 = VERTEX_POINT ( 'NONE', #10484 ) ;
#41 = LINE ( 'NONE', #2620, #4782 ) ;
#42 = CARTESIAN_POINT ( 'NONE',  ( 4.298896448480517662, 15.41930204271695537, 2.542814544770485075 ) ) ;
#43 = ORIENTED_EDGE ( 'NONE', *, *, #10173, .F. ) ;
#44 = B_SPLINE_CURVE_WITH_KNOTS ( 'NONE', 3,
 ( #4542, #222, #5390, #9482, #7970, #56, #6056, #170, #2797, #3593, #10330, #8749, #1074, #3536 ),
 .UNSPECIFIED., .F., .F.,
 ( 4, 2, 2, 2, 2, 2, 4 ),
 ( 0.0000000000000000000, 0.1249999999999999722, 0.2499999999999999445, 0.4999999999999998890, 0.7500000000000002220, 0.8750000000000001110, 1.000000000000000000 ),
 .UNSPECIFIED. ) ;
#45 = CARTESIAN_POINT ( 'NONE',  ( 4.382196266961285502, 15.50259483730812882, -1.266103730624432933 ) ) ;
#46 = CYLINDRICAL_SURFACE ( 'NONE', #10373, 0.1999999999999996503 ) ;
#47 = PLANE ( 'NONE',  #579 ) ;
#48 = CARTESIAN_POINT ( 'NONE',  ( 4.500000000000000000, 15.50000000000000000, -2.360000000000000320 ) ) ;
#49 = EDGE_CURVE ( 'NONE', #10493, #3962, #7163, .T. ) ;
#50 = CARTESIAN_POINT ( 'NONE',  ( 4.599999999999959677, 15.30000000000000071, -2.770769515458670007 ) ) ;
#51 = EDGE_CURVE ( 'NONE', #10138, #7652, #210, .T. ) ;
#52 = VERTEX_POINT ( 'NONE', #2784 ) ;
#53 = STYLED_ITEM ( 'NONE', ( #9501 ), #1368 ) ;
#54 = CARTESIAN_POINT ( 'NONE',  ( 8.706350832689631503, 15.20000000000007567, -3.560000000000000497 ) ) ;
#55 = CARTESIAN_POINT ( 'NONE',  ( -8.599999999999999645, 6.757765876465089860, 5.615000000000000213 ) ) ;
#56 = CARTESIAN_POINT ( 'NONE',  ( 11.20000000000000284, 7.312747791839875333, -4.468806992352774898 ) ) ;
#57 = ORIENTED_EDGE ( 'NONE', *, *, #7869, .F. ) ;
#58 = ORIENTED_EDGE ( 'NONE', *, *, #2418, .T. ) ;
#59 = FACE_OUTER_BOUND ( 'NONE', #8696, .T. ) ;
#60 = VECTOR ( 'NONE', #216, 1000.000000000000000 ) ;
#61 = CARTESIAN_POINT ( 'NONE',  ( 4.447640122440169819, 9.000432863930482696, 1.434409962806102667 ) ) ;
#62 = CARTESIAN_POINT ( 'NONE',  ( 1.474999999999999867, 2.099999999999999645, 4.709999999999999964 ) ) ;
#63 = CARTESIAN_POINT ( 'NONE',  ( 9.650000000000000355, 13.20000000000007567, 7.819999999999996732 ) ) ;
#64 = EDGE_LOOP ( 'NONE', ( #1840, #4146, #923, #6598 ) ) ;
#65 = VECTOR ( 'NONE', #3227, 1000.000000000000000 ) ;
#66 = CARTESIAN_POINT ( 'NONE',  ( 4.515384615381074163, 15.50000000000000000, 8.605936613546161240 ) ) ;
#67 = DIRECTION ( 'NONE',  ( -0.4815434123430763491, 0.8427009716003845963, -0.2407717061715387019 ) ) ;
#68 = CARTESIAN_POINT ( 'NONE',  ( 4.694285714285667765, 15.30000000000000071, -3.483384704858431213 ) ) ;
#69 = ORIENTED_EDGE ( 'NONE', *, *, #4346, .T. ) ;
#70 = CYLINDRICAL_SURFACE ( 'NONE', #4878, 0.2999999999999999334 ) ;
#71 = EDGE_LOOP ( 'NONE', ( #974, #4761, #3136, #10886 ) ) ;
#72 = EDGE_LOOP ( 'NONE', ( #5849, #4755, #6755, #2608 ) ) ;
#73 = CYLINDRICAL_SURFACE ( 'NONE', #689, 0.2000000000000005107 ) ;
#74 =( GEOMETRIC_REPRESENTATION_CONTEXT ( 3 ) GLOBAL_UNCERTAINTY_ASSIGNED_CONTEXT ( ( #9001 ) ) GLOBAL_UNIT_ASSIGNED_CONTEXT ( ( #5355, #7087, #3880 ) ) REPRESENTATION_CONTEXT ( 'NONE', 'WORKASPACE' ) );
#75 =( BOUNDED_SURFACE ( )  B_SPLINE_SURFACE ( 3, 3, ( 
 ( #8183, #6445, #9874, #6281 ),
 ( #1181, #8023, #3763, #506 ),
 ( #7342, #10765, #3067, #10871 ),
 ( #1613, #7616, #5035, #3348 ) ),
 .UNSPECIFIED., .F., .F., .F. ) 
 B_SPLINE_SURFACE_WITH_KNOTS ( ( 4, 4 ),
 ( 4, 4 ),
 ( 0.0000000000000000000, 1.000000000000000000 ),
 ( 0.0000000000000000000, 1.000000000000000000 ),
 .UNSPECIFIED. ) 
 GEOMETRIC_REPRESENTATION_ITEM ( )  RATIONAL_B_SPLINE_SURFACE ( (
 ( 1.000000000000000000, 0.9738459485536802296, 0.9738459485536802296, 1.000000000000000000),
 ( 0.8047378541243445094, 0.7836906988867754498, 0.7836906988867754498, 0.8047378541243445094),
 ( 0.8047378541243445094, 0.7836906988867754498, 0.7836906988867754498, 0.8047378541243445094),
 ( 1.000000000000000000, 0.9738459485536802296, 0.9738459485536802296, 1.000000000000000000) ) ) 
 REPRESENTATION_ITEM ( '' )  SURFACE ( )  );
#76 = CARTESIAN_POINT ( 'NONE',  ( 4.299999999999999822, 15.50000000000000000, 4.962580537057889707 ) ) ;
#77 = CARTESIAN_POINT ( 'NONE',  ( 4.416251525940052325, 15.50000000000000533, 6.696501040144174688 ) ) ;
#78 = EDGE_CURVE ( 'NONE', #7709, #3907, #1169, .T. ) ;
#79 = PLANE ( 'NONE',  #9757 ) ;
#80 = CARTESIAN_POINT ( 'NONE',  ( 5.890793016933882242, 14.50000000000000000, 3.647761698817805875 ) ) ;
#81 = LINE ( 'NONE', #9504, #3493 ) ;
#82 = VECTOR ( 'NONE', #9806, 1000.000000000000000 ) ;
#83 = COLOUR_RGB ( '',1.000000000000000000, 1.000000000000000000, 1.000000000000000000 ) ;
#84 = CARTESIAN_POINT ( 'NONE',  ( 4.499999999999999112, 15.50000000000000000, 2.657419462942109956 ) ) ;
#85 = FACE_BOUND ( 'NONE', #11046, .T. ) ;
#86 = FACE_OUTER_BOUND ( 'NONE', #7637, .T. ) ;
#87 = CARTESIAN_POINT ( 'NONE',  ( 10.20000000000000107, 5.200000000000001066, -5.126269301653442412 ) ) ;
#88 = ORIENTED_EDGE ( 'NONE', *, *, #9096, .F. ) ;
#89 = CARTESIAN_POINT ( 'NONE',  ( 8.299999999999997158, 15.30259718358290044, 2.457436327059514092 ) ) ;
#90 = AXIS2_PLACEMENT_3D ( 'NONE', #3134, #3987, #7399 ) ;
#91 = EDGE_CURVE ( 'NONE', #10848, #1010, #8014, .T. ) ;
#92 = AXIS2_PLACEMENT_3D ( 'NONE', #1082, #2031, #8758 ) ;
#93 = EDGE_CURVE ( 'NONE', #8989, #3119, #7250, .T. ) ;
#94 = CARTESIAN_POINT ( 'NONE',  ( 9.350000000000001421, 7.431252834067805679, 8.724206261037657839 ) ) ;
#95 = CARTESIAN_POINT ( 'NONE',  ( 5.476721059974254402, 15.50000000000000533, 4.083505913229332762 ) ) ;
#96 = VERTEX_POINT ( 'NONE', #3523 ) ;
#97 = DIRECTION ( 'NONE',  ( -0.4815434123430763491, 0.8427009716003845963, -0.2407717061715387019 ) ) ;
#98 = ORIENTED_EDGE ( 'NONE', *, *, #4771, .F. ) ;
#99 = DIRECTION ( 'NONE',  ( -1.000000000000000000, 0.0000000000000000000, 0.0000000000000000000 ) ) ;
#100 = EDGE_LOOP ( 'NONE', ( #9319, #808, #895, #3413 ) ) ;
#101 = CARTESIAN_POINT ( 'NONE',  ( 7.399999999999999467, 13.19999999999999929, -8.999870129870130242 ) ) ;
#102 = VECTOR ( 'NONE', #8112, 1000.000000000000114 ) ;
#103 = LINE ( 'NONE', #6211, #5100 ) ;
#104 = DIRECTION ( 'NONE',  ( 1.000000000000000000, 0.0000000000000000000, -0.0000000000000000000 ) ) ;
#105 =( NAMED_UNIT ( * ) PLANE_ANGLE_UNIT ( ) SI_UNIT ( $, .RADIAN. ) );
#106 = ORIENTED_EDGE ( 'NONE', *, *, #10755, .T. ) ;
#107 = FACE_OUTER_BOUND ( 'NONE', #347, .T. ) ;
#108 = CARTESIAN_POINT ( 'NONE',  ( 8.404397331752658573, 9.000585821344337489, 5.222851539416721423 ) ) ;
#109 = EDGE_CURVE ( 'NONE', #9858, #9071, #4425, .T. ) ;
#110 = CARTESIAN_POINT ( 'NONE',  ( 11.19999999999999929, 6.523844591211636512, -5.615663841773168130 ) ) ;
#111 = CARTESIAN_POINT ( 'NONE',  ( 11.06170179029221323, 6.724212694780890232, 5.597733242289376854 ) ) ;
#112 = VECTOR ( 'NONE', #8396, 1000.000000000000000 ) ;
#113 = ORIENTED_EDGE ( 'NONE', *, *, #4781, .T. ) ;
#114 = CARTESIAN_POINT ( 'NONE',  ( 11.07573593128806699, 6.585611271177850057, 5.706508905719283931 ) ) ;
#115 = LINE ( 'NONE', #5226, #3691 ) ;
#116 = ORIENTED_EDGE ( 'NONE', *, *, #2240, .F. ) ;
#117 = EDGE_CURVE ( 'NONE', #8573, #10111, #10430, .T. ) ;
#118 = EDGE_CURVE ( 'NONE', #938, #7583, #8453, .T. ) ;
#119 = AXIS2_PLACEMENT_3D ( 'NONE', #9961, #3899, #1481 ) ;
#120 = LINE ( 'NONE', #6001, #6046 ) ;
#121 = CARTESIAN_POINT ( 'NONE',  ( 9.650000000000005684, 15.19999999999999929, -8.019999999999999574 ) ) ;
#122 = CARTESIAN_POINT ( 'NONE',  ( 10.19999999999999751, 5.200000000000000178, 6.303730698346558192 ) ) ;
#123 = CARTESIAN_POINT ( 'NONE',  ( 7.399999999999998579, 11.70000000000000107, -9.019350649350649007 ) ) ;
#124 = CIRCLE ( 'NONE', #3709, 1.049999999999999822 ) ;
#125 = ORIENTED_EDGE ( 'NONE', *, *, #1943, .F. ) ;
#126 = DIRECTION ( 'NONE',  ( -0.0000000000000000000, -0.0000000000000000000, 1.000000000000000000 ) ) ;
#127 = LINE ( 'NONE', #7770, #3293 ) ;
#128 = EDGE_CURVE ( 'NONE', #3764, #9169, #3373, .T. ) ;
#129 = EDGE_CURVE ( 'NONE', #1668, #6375, #8048, .T. ) ;
#130 = CARTESIAN_POINT ( 'NONE',  ( 4.500000000000000000, 15.29999999999999893, 8.772580537057889316 ) ) ;
#131 = CARTESIAN_POINT ( 'NONE',  ( 9.018600732609503012, 15.20000000000007567, -8.019999999999999574 ) ) ;
#132 = ORIENTED_EDGE ( 'NONE', *, *, #5112, .T. ) ;
#133 = ORIENTED_EDGE ( 'NONE', *, *, #2029, .F. ) ;
#134 = CARTESIAN_POINT ( 'NONE',  ( 4.300008882578204350, 15.41711772838280226, 6.470825559039873554 ) ) ;
#135 = CIRCLE ( 'NONE', #7662, 0.2000000000000005107 ) ;
#136 = CARTESIAN_POINT ( 'NONE',  ( 9.600000000000001421, 5.500000000000000000, 6.270008330676609454 ) ) ;
#137 = DIRECTION ( 'NONE',  ( 0.0000000000000000000, 0.0000000000000000000, -1.000000000000000000 ) ) ;
#138 = CARTESIAN_POINT ( 'NONE',  ( 2.949999999999960210, 9.000000000000000000, 7.620000000000000107 ) ) ;
#139 = LINE ( 'NONE', #1932, #10116 ) ;
#140 = AXIS2_PLACEMENT_3D ( 'NONE', #9185, #1515, #4939 ) ;
#141 = CARTESIAN_POINT ( 'NONE',  ( 11.12295292819353243, 6.658563998647692550, -5.867541179674702789 ) ) ;
#142 = CARTESIAN_POINT ( 'NONE',  ( 8.706350832689631503, 13.20000000000007567, 7.870000000000000107 ) ) ;
#143 = CARTESIAN_POINT ( 'NONE',  ( 9.650000000000002132, 13.20000000000010054, -3.557640122440171471 ) ) ;
#144 = PLANE ( 'NONE',  #4642 ) ;
#145 = VERTEX_POINT ( 'NONE', #10753 ) ;
#146 = DIRECTION ( 'NONE',  ( 0.0000000000000000000, -0.0000000000000000000, 1.000000000000000000 ) ) ;
#147 = AXIS2_PLACEMENT_3D ( 'NONE', #10234, #1035, #5955 ) ;
#148 = CARTESIAN_POINT ( 'NONE',  ( 4.500000000000026645, 15.50000000000000000, -8.659230484541357242 ) ) ;
#149 = DIRECTION ( 'NONE',  ( 0.0000000000000000000, 0.0000000000000000000, 1.000000000000000000 ) ) ;
#150 = CARTESIAN_POINT ( 'NONE',  ( 8.299999999999998934, 15.29999999999999893, -4.962580537057888819 ) ) ;
#151 = DIRECTION ( 'NONE',  ( 0.0000000000000000000, 0.0000000000000000000, -1.000000000000000000 ) ) ;
#152 = CARTESIAN_POINT ( 'NONE',  ( 8.706350832689590646, 15.20000000000010054, -3.360000000000000320 ) ) ;
#153 = ORIENTED_EDGE ( 'NONE', *, *, #6683, .F. ) ;
#154 = LINE ( 'NONE', #8732, #1199 ) ;
#155 = VECTOR ( 'NONE', #3711, 1000.000000000000000 ) ;
#156 = EDGE_CURVE ( 'NONE', #2704, #3209, #3166, .T. ) ;
#157 = CARTESIAN_POINT ( 'NONE',  ( 4.500000000000000888, 15.49994977653715722, 2.661901299924999797 ) ) ;
#158 = ORIENTED_EDGE ( 'NONE', *, *, #9134, .T. ) ;
#159 = CARTESIAN_POINT ( 'NONE',  ( 8.899999999999998579, 15.19999999999999929, 4.209999999999999964 ) ) ;
#160 = CARTESIAN_POINT ( 'NONE',  ( 4.300000000000000711, 15.35235987755982912, -6.580769515458698926 ) ) ;
#161 = ORIENTED_EDGE ( 'NONE', *, *, #3023, .T. ) ;
#162 = CARTESIAN_POINT ( 'NONE',  ( 9.350000000000001421, 7.284637115138931307, -1.335614608578811202 ) ) ;
#163 = CARTESIAN_POINT ( 'NONE',  ( 7.417020928625902343, 15.50000000000000533, 4.340104318593076549 ) ) ;
#164 = CARTESIAN_POINT ( 'NONE',  ( 11.19999999999999574, 6.965034458301987641, -1.221138732347808231 ) ) ;
#165 = CARTESIAN_POINT ( 'NONE',  ( 9.502359877559829471, 13.20000000000010054, 7.219999999999998863 ) ) ;
#166 = VECTOR ( 'NONE', #4019, 1000.000000000000000 ) ;
#167 = VERTEX_POINT ( 'NONE', #8223 ) ;
#168 = SURFACE_STYLE_FILL_AREA ( #2737 ) ;
#169 = CARTESIAN_POINT ( 'NONE',  ( 10.89999999999999858, 6.663683665882842000, 9.487040526008332364 ) ) ;
#170 = CARTESIAN_POINT ( 'NONE',  ( 11.19999999999999929, 7.400083713354963066, -3.478717765692001862 ) ) ;
#171 = ADVANCED_FACE ( 'NONE', ( #1284 ), #8270, .F. ) ;
#172 = EDGE_CURVE ( 'NONE', #8919, #1178, #8604, .T. ) ;
#173 = VERTEX_POINT ( 'NONE', #6591 ) ;
#174 = AXIS2_PLACEMENT_3D ( 'NONE', #3098, #6418, #8209 ) ;
#175 = VECTOR ( 'NONE', #9209, 1000.000000000000000 ) ;
#176 = CARTESIAN_POINT ( 'NONE',  ( 4.499999999999952927, 15.30000000000001137, 1.039230484541330268 ) ) ;
#177 = LINE ( 'NONE', #970, #3375 ) ;
#178 = CARTESIAN_POINT ( 'NONE',  ( 1.399999999999999689, 8.699999999999999289, -9.919999999999999929 ) ) ;
#179 = EDGE_CURVE ( 'NONE', #8881, #8936, #7434, .T. ) ;
#180 = CARTESIAN_POINT ( 'NONE',  ( 9.018600732609510118, 13.20000000000020002, -7.419999999999999929 ) ) ;
#181 = PLANE ( 'NONE',  #6711 ) ;
#182 = DIRECTION ( 'NONE',  ( 0.0000000000000000000, 0.0000000000000000000, -1.000000000000000000 ) ) ;
#183 = CYLINDRICAL_SURFACE ( 'NONE', #8553, 0.2000000000000005107 ) ;
#184 = CARTESIAN_POINT ( 'NONE',  ( 8.404397331752656797, 9.000585821344337489, 2.397148460583272467 ) ) ;
#185 = ORIENTED_EDGE ( 'NONE', *, *, #7534, .T. ) ;
#186 = CARTESIAN_POINT ( 'NONE',  ( 1.275000000000001910, -2.393375078017628291E-16, 1.499999999999998668 ) ) ;
#187 = CARTESIAN_POINT ( 'NONE',  ( 8.299999999999997158, 15.42062190192916482, -5.161030884390533480 ) ) ;
#189 = ADVANCED_FACE ( 'NONE', ( #10640 ), #1788, .T. ) ;
#188 = DIRECTION ( 'NONE',  ( 0.0000000000000000000, -1.000000000000000000, 0.0000000000000000000 ) ) ;
#190 = CARTESIAN_POINT ( 'NONE',  ( 6.500000000000000888, 14.49999999999890754, 3.184999999984140295 ) ) ;
#191 = EDGE_CURVE ( 'NONE', #2315, #9103, #6378, .T. ) ;
#192 = LINE ( 'NONE', #7028, #6701 ) ;
#193 = CARTESIAN_POINT ( 'NONE',  ( 4.300000000000000711, 9.000247077141525054, -1.286759803029771998 ) ) ;
#194 = CYLINDRICAL_SURFACE ( 'NONE', #10115, 0.2999999999999999334 ) ;
#195 = CARTESIAN_POINT ( 'NONE',  ( 7.399999999999999467, 12.19999999999999929, -9.399999999999998579 ) ) ;
#196 = ORIENTED_EDGE ( 'NONE', *, *, #6257, .F. ) ;
#197 = DIRECTION ( 'NONE',  ( -0.0000000000000000000, 1.000000000000000000, 0.0000000000000000000 ) ) ;
#198 = PRESENTATION_STYLE_ASSIGNMENT (( #7098 ) ) ;
#199 = FACE_OUTER_BOUND ( 'NONE', #8147, .T. ) ;
#200 = CARTESIAN_POINT ( 'NONE',  ( 6.500000000000000888, 15.50000000000000000, 2.760000000000000231 ) ) ;
#201 = ORIENTED_EDGE ( 'NONE', *, *, #10638, .F. ) ;
#202 = CARTESIAN_POINT ( 'NONE',  ( 6.500000000000000888, 14.60000000001571152, -7.620000000000000107 ) ) ;
#203 = VERTEX_POINT ( 'NONE', #8117 ) ;
#204 = CYLINDRICAL_SURFACE ( 'NONE', #10663, 0.2000000000000005107 ) ;
#205 = ORIENTED_EDGE ( 'NONE', *, *, #6808, .F. ) ;
#206 = LINE ( 'NONE', #7955, #7106 ) ;
#207 =( BOUNDED_CURVE ( )  B_SPLINE_CURVE ( 3, ( #10510, #9545, #6241, #4453 ),
 .UNSPECIFIED., .F., .T. ) 
 B_SPLINE_CURVE_WITH_KNOTS ( ( 4, 4 ),
 ( 0.0000000000000000000, 1.000000000000000000 ),
 .UNSPECIFIED. ) 
 CURVE ( )  GEOMETRIC_REPRESENTATION_ITEM ( )  RATIONAL_B_SPLINE_CURVE ( ( 1.000000000000000000, 0.7538355050901511811, 0.7538355050901511811, 1.000000000000000000 ) ) 
 REPRESENTATION_ITEM ( '' )  );
#208 = DIRECTION ( 'NONE',  ( 0.0000000000000000000, -0.0000000000000000000, 1.000000000000000000 ) ) ;
#209 = ORIENTED_EDGE ( 'NONE', *, *, #716, .F. ) ;
#210 = LINE ( 'NONE', #9751, #1774 ) ;
#211 = CARTESIAN_POINT ( 'NONE',  ( 9.599999999999999645, 5.799999999999999822, -1.810000000000020037 ) ) ;
#212 = ORIENTED_EDGE ( 'NONE', *, *, #1324, .T. ) ;
#213 = SURFACE_STYLE_FILL_AREA ( #8844 ) ;
#214 = CARTESIAN_POINT ( 'NONE',  ( 6.773456294159265312, 15.50000000000000178, 2.786928037089402288 ) ) ;
#215 = CARTESIAN_POINT ( 'NONE',  ( 8.299999999999982947, 8.999999999999996447, -1.434415584415590139 ) ) ;
#216 = DIRECTION ( 'NONE',  ( 0.0000000000000000000, 0.0000000000000000000, -1.000000000000000000 ) ) ;
#217 = ADVANCED_FACE ( 'NONE', ( #9973 ), #496, .T. ) ;
#218 = FACE_OUTER_BOUND ( 'NONE', #2740, .T. ) ;
#219 = VERTEX_POINT ( 'NONE', #6754 ) ;
#220 = CARTESIAN_POINT ( 'NONE',  ( 9.650000000000000355, 13.19999999999999929, -7.219999999999999751 ) ) ;
#221 = AXIS2_PLACEMENT_3D ( 'NONE', #2490, #11082, #10023 ) ;
#222 = CARTESIAN_POINT ( 'NONE',  ( 11.20000000000000107, 6.601698818757336440, -5.366605991483610616 ) ) ;
#223 = ORIENTED_EDGE ( 'NONE', *, *, #5607, .F. ) ;
#224 = VERTEX_POINT ( 'NONE', #5911 ) ;
#225 = CARTESIAN_POINT ( 'NONE',  ( 8.402453464732646538, 9.000000000000000000, -6.205517704930785250 ) ) ;
#226 = PRODUCT_RELATED_PRODUCT_CATEGORY ( 'part', '', ( #5012 ) ) ;
#227 = FACE_OUTER_BOUND ( 'NONE', #955, .T. ) ;
#228 = VECTOR ( 'NONE', #2125, 1000.000000000000000 ) ;
#229 = DIRECTION ( 'NONE',  ( 0.0000000000000000000, 1.000000000000000000, 0.0000000000000000000 ) ) ;
#230 = ADVANCED_FACE ( 'NONE', ( #7549 ), #7886, .T. ) ;
#231 = EDGE_CURVE ( 'NONE', #8103, #10885, #3336, .T. ) ;
#232 = DIRECTION ( 'NONE',  ( -0.0000000000000000000, 0.9999156794129789860, 0.01298591791445430008 ) ) ;
#233 = CARTESIAN_POINT ( 'NONE',  ( 4.599999999999980105, 15.30000000000000071, 6.580769515458699814 ) ) ;
#234 = CARTESIAN_POINT ( 'NONE',  ( 4.694285714285673095, 15.41715728752538084, 7.293384704858459244 ) ) ;
#235 = AXIS2_PLACEMENT_3D ( 'NONE', #8345, #783, #9131 ) ;
#236 = PLANE ( 'NONE',  #9379 ) ;
#237 = LINE ( 'NONE', #7079, #5154 ) ;
#238 = LINE ( 'NONE', #9496, #8106 ) ;
#239 = EDGE_CURVE ( 'NONE', #3574, #7095, #5083, .T. ) ;
#240 = ORIENTED_EDGE ( 'NONE', *, *, #4240, .T. ) ;
#241 = CARTESIAN_POINT ( 'NONE',  ( 11.19999999999999574, 6.437573370562686748, -5.967439509484838034 ) ) ;
#242 = DIRECTION ( 'NONE',  ( 1.000000000000000000, 0.0000000000000000000, -0.0000000000000000000 ) ) ;
#243 = AXIS2_PLACEMENT_3D ( 'NONE', #1177, #8178, #6278 ) ;
#244 = CARTESIAN_POINT ( 'NONE',  ( 8.706350832689592423, 13.19999999999999929, 3.560000000000000053 ) ) ;
#245 = CARTESIAN_POINT ( 'NONE',  ( 4.499999999999998224, 15.50000000000000000, 8.970000000000000639 ) ) ;
#246 = VERTEX_POINT ( 'NONE', #4179 ) ;
#247 = CARTESIAN_POINT ( 'NONE',  ( 4.346153846171230128, 9.000000000000000000, -6.740651128499481892 ) ) ;
#248 = CARTESIAN_POINT ( 'NONE',  ( -0.9999999999999997780, 9.000000000000000000, -6.185584415584419737 ) ) ;
#249 = SURFACE_STYLE_FILL_AREA ( #6085 ) ;
#250 = AXIS2_PLACEMENT_3D ( 'NONE', #5830, #9258, #11003 ) ;
#251 = VECTOR ( 'NONE', #2127, 1000.000000000000000 ) ;
#252 = CARTESIAN_POINT ( 'NONE',  ( 9.599999999999999645, 5.601324057744217377, 5.159989388875506400 ) ) ;
#253 = EDGE_CURVE ( 'NONE', #10037, #4409, #10303, .T. ) ;
#254 = ORIENTED_EDGE ( 'NONE', *, *, #2766, .F. ) ;
#255 = ADVANCED_FACE ( 'NONE', ( #2435 ), #9395, .T. ) ;
#256 = FACE_OUTER_BOUND ( 'NONE', #8903, .T. ) ;
#257 = PLANE ( 'NONE',  #2987 ) ;
#258 = CARTESIAN_POINT ( 'NONE',  ( -0.9999999999999997780, 15.29999999999999893, -1.152580537057890098 ) ) ;
#259 = DIRECTION ( 'NONE',  ( 0.0000000000000000000, 0.0000000000000000000, 1.000000000000000000 ) ) ;
#260 = VECTOR ( 'NONE', #9864, 1000.000000000000000 ) ;
#261 = CARTESIAN_POINT ( 'NONE',  ( 5.583158362638901195, 15.50000000000000178, 0.5301526454856627657 ) ) ;
#262 = EDGE_LOOP ( 'NONE', ( #6989, #641, #7476, #1895 ) ) ;
#263 = CYLINDRICAL_SURFACE ( 'NONE', #11027, 0.2000000000000001499 ) ;
#264 = EDGE_LOOP ( 'NONE', ( #302, #7188, #575, #2545 ) ) ;
#265 = UNCERTAINTY_MEASURE_WITH_UNIT (LENGTH_MEASURE( 1.000000000000000082E-05 ), #5075, 'distance_accuracy_value', 'NONE');
#266 = DIRECTION ( 'NONE',  ( -1.000000000000000000, -0.0000000000000000000, -0.0000000000000000000 ) ) ;
#267 = FACE_BOUND ( 'NONE', #9370, .T. ) ;
#268 = VERTEX_POINT ( 'NONE', #8380 ) ;
#269 = DIRECTION ( 'NONE',  ( 0.0000000000000000000, 0.0000000000000000000, -1.000000000000000000 ) ) ;
#270 = ADVANCED_FACE ( 'NONE', ( #9334 ), #1653, .T. ) ;
#271 = CONICAL_SURFACE ( 'NONE', #6529, 1.049999999976589660, 1.339705659597135723 ) ;
#272 = FILL_AREA_STYLE_COLOUR ( '', #5852 ) ;
#273 = CIRCLE ( 'NONE', #9201, 1.350000000000019629 ) ;
#274 = ORIENTED_EDGE ( 'NONE', *, *, #1108, .F. ) ;
#275 = PRESENTATION_STYLE_ASSIGNMENT (( #7961 ) ) ;
#276 = CARTESIAN_POINT ( 'NONE',  ( 8.862475782649553935, 15.20000000000013962, 7.294999999999999929 ) ) ;
#277 = CARTESIAN_POINT ( 'NONE',  ( 6.824270606616451573, 14.50000000000000178, 7.060529408647372662 ) ) ;
#278 = DIRECTION ( 'NONE',  ( -1.000000000000000000, -0.0000000000000000000, 0.0000000000000000000 ) ) ;
#279 = ORIENTED_EDGE ( 'NONE', *, *, #2020, .T. ) ;
#280 = CARTESIAN_POINT ( 'NONE',  ( 9.650000000000000355, 13.20000000000009877, -4.062359877559829968 ) ) ;
#281 = ORIENTED_EDGE ( 'NONE', *, *, #6456, .F. ) ;
#282 = CARTESIAN_POINT ( 'NONE',  ( 11.07573593128806877, 8.250260842368403402, 8.498163252473176499 ) ) ;
#283 = CIRCLE ( 'NONE', #9954, 0.2000000000000000944 ) ;
#284 = AXIS2_PLACEMENT_3D ( 'NONE', #3504, #1041, #7725 ) ;
#285 = CARTESIAN_POINT ( 'NONE',  ( 8.706350832689592423, 15.20000000000007390, -7.370000000000000107 ) ) ;
#286 = ORIENTED_EDGE ( 'NONE', *, *, #4159, .F. ) ;
#287 = ORIENTED_EDGE ( 'NONE', *, *, #10547, .T. ) ;
#288 = EDGE_CURVE ( 'NONE', #5009, #9902, #3278, .T. ) ;
#289 = CARTESIAN_POINT ( 'NONE',  ( 6.500000000000000888, 14.49999999999890754, -8.244999999990564987 ) ) ;
#290 = DIRECTION ( 'NONE',  ( 1.000000000000000000, 1.445602896647339903E-15, 0.0000000000000000000 ) ) ;
#291 = B_SPLINE_CURVE_WITH_KNOTS ( 'NONE', 3,
 ( #4975, #2279, #4758, #6643 ),
 .UNSPECIFIED., .F., .F.,
 ( 4, 4 ),
 ( 0.0000000000000000000, 1.000000000000000000 ),
 .UNSPECIFIED. ) ;
#292 = STYLED_ITEM ( 'NONE', ( #8285 ), #6942 ) ;
#293 = DIRECTION ( 'NONE',  ( -0.0000000000000000000, -1.000000000000000000, -0.0000000000000000000 ) ) ;
#294 = LINE ( 'NONE', #6290, #6665 ) ;
#295 = CARTESIAN_POINT ( 'NONE',  ( 9.650000000000002132, 13.20000000000007567, -7.420000000000003482 ) ) ;
#296 = DIRECTION ( 'NONE',  ( 0.0000000000000000000, -1.000000000000000000, 0.0000000000000000000 ) ) ;
#297 = DIRECTION ( 'NONE',  ( 0.0000000000000000000, -0.0000000000000000000, -1.000000000000000000 ) ) ;
#298 = VECTOR ( 'NONE', #5907, 1000.000000000000000 ) ;
#299 = EDGE_CURVE ( 'NONE', #3350, #4052, #5880, .T. ) ;
#300 = CARTESIAN_POINT ( 'NONE',  ( 6.175729393384878030, 14.50000000000000178, 8.179470591353821263 ) ) ;
#301 = CARTESIAN_POINT ( 'NONE',  ( 9.650000000000000355, 13.19999999999999929, -7.820000000000000284 ) ) ;
#302 = ORIENTED_EDGE ( 'NONE', *, *, #3421, .T. ) ;
#303 = EDGE_LOOP ( 'NONE', ( #5994, #10247, #8785, #6249 ) ) ;
#304 = LINE ( 'NONE', #7139, #341 ) ;
#305 =( LENGTH_UNIT ( ) NAMED_UNIT ( * ) SI_UNIT ( .MILLI., .METRE. ) );
#306 = LINE ( 'NONE', #10517, #5373 ) ;
#307 = VERTEX_POINT ( 'NONE', #6697 ) ;
#308 = CARTESIAN_POINT ( 'NONE',  ( 8.417152084231535270, 15.49994977653715544, 4.958098700075001197 ) ) ;
#309 = DIRECTION ( 'NONE',  ( 0.0000000000000000000, 0.9999156794129788750, -0.01298591791445430008 ) ) ;
#310 =( BOUNDED_SURFACE ( )  B_SPLINE_SURFACE ( 3, 3, ( 
 ( #7085, #7247, #8767, #241 ),
 ( #4673, #5458, #4505, #8877 ),
 ( #4561, #3662, #5407, #5505 ),
 ( #9673, #8148, #3723, #7987 ) ),
 .UNSPECIFIED., .F., .F., .F. ) 
 B_SPLINE_SURFACE_WITH_KNOTS ( ( 4, 4 ),
 ( 4, 4 ),
 ( 0.0000000000000000000, 1.000000000000000000 ),
 ( 0.0000000000000000000, 1.000000000000000000 ),
 .UNSPECIFIED. ) 
 GEOMETRIC_REPRESENTATION_ITEM ( )  RATIONAL_B_SPLINE_SURFACE ( (
 ( 1.000000000000000000, 0.6742082598766430124, 0.6742082598766430124, 1.000000000000000000),
 ( 0.8047378541243663808, 0.5425609082860528565, 0.5425609082860528565, 0.8047378541243663808),
 ( 0.8047378541243663808, 0.5425609082860528565, 0.5425609082860528565, 0.8047378541243663808),
 ( 1.000000000000000000, 0.6742082598766430124, 0.6742082598766430124, 1.000000000000000000) ) ) 
 REPRESENTATION_ITEM ( '' )  SURFACE ( )  );
#311 = ORIENTED_EDGE ( 'NONE', *, *, #10562, .T. ) ;
#312 = COLOUR_RGB ( '',1.000000000000000000, 1.000000000000000000, 1.000000000000000000 ) ;
#313 = ADVANCED_FACE ( 'NONE', ( #4237 ), #9014, .T. ) ;
#314 = ADVANCED_FACE ( 'NONE', ( #10360 ), #144, .F. ) ;
#315 = CARTESIAN_POINT ( 'NONE',  ( 9.600000000000001421, 5.799999999999998046, 5.126236820298943009 ) ) ;
#316 = VERTEX_POINT ( 'NONE', #5252 ) ;
#317 = DIRECTION ( 'NONE',  ( 0.0000000000000000000, 0.0000000000000000000, 1.000000000000000000 ) ) ;
#318 = CARTESIAN_POINT ( 'NONE',  ( 4.395606856450871902, 15.47844707036062673, 2.658005325211171499 ) ) ;
#319 = CARTESIAN_POINT ( 'NONE',  ( 5.450075247295673719, 15.50000000000000000, 7.758850468481139906 ) ) ;
#320 = FACE_OUTER_BOUND ( 'NONE', #6519, .T. ) ;
#321 = CARTESIAN_POINT ( 'NONE',  ( 10.98160625614943164, 6.757307097672057061, 5.814680312293228681 ) ) ;
#322 = EDGE_CURVE ( 'NONE', #5493, #3173, #1069, .T. ) ;
#323 = VERTEX_POINT ( 'NONE', #8665 ) ;
#324 = CARTESIAN_POINT ( 'NONE',  ( 10.19999999999999751, 5.950251550523156574, 2.528427607790495912 ) ) ;
#325 = ORIENTED_EDGE ( 'NONE', *, *, #22, .T. ) ;
#326 = CARTESIAN_POINT ( 'NONE',  ( 4.321554619278038523, 15.40439733175266213, -6.467419462942110897 ) ) ;
#327 = ORIENTED_EDGE ( 'NONE', *, *, #172, .T. ) ;
#328 = VECTOR ( 'NONE', #4873, 1000.000000000000000 ) ;
#329 = DIRECTION ( 'NONE',  ( 1.000000000000000000, 0.0000000000000000000, -0.0000000000000000000 ) ) ;
#330 = ORIENTED_EDGE ( 'NONE', *, *, #945, .T. ) ;
#331 = CARTESIAN_POINT ( 'NONE',  ( 9.350000000000001421, 7.363259897002508936, 1.173455870749388064 ) ) ;
#332 = DIRECTION ( 'NONE',  ( -0.0000000000000000000, -1.000000000000000000, -0.0000000000000000000 ) ) ;
#333 = CARTESIAN_POINT ( 'NONE',  ( 9.350000000000001421, 7.613962490431090302, 4.514645564666472488 ) ) ;
#334 = CARTESIAN_POINT ( 'NONE',  ( 4.447644537455778924, 15.50000000000000178, -2.657852339039450396 ) ) ;
#335 = ORIENTED_EDGE ( 'NONE', *, *, #5248, .T. ) ;
#336 = CARTESIAN_POINT ( 'NONE',  ( 8.706350832689631503, 13.20000000000007567, -7.870000000000000107 ) ) ;
#337 = EDGE_CURVE ( 'NONE', #2711, #5194, #8613, .T. ) ;
#338 = ORIENTED_EDGE ( 'NONE', *, *, #4948, .T. ) ;
#339 = CARTESIAN_POINT ( 'NONE',  ( 10.19999999999999929, 4.175208133239175723, 7.921228457032284176 ) ) ;
#340 = ORIENTED_EDGE ( 'NONE', *, *, #1959, .F. ) ;
#341 = VECTOR ( 'NONE', #10570, 1000.000000000000000 ) ;
#342 = EDGE_CURVE ( 'NONE', #7144, #1379, #10566, .T. ) ;
#343 = LINE ( 'NONE', #10604, #4226 ) ;
#344 = VERTEX_POINT ( 'NONE', #5309 ) ;
#345 = ORIENTED_EDGE ( 'NONE', *, *, #8204, .T. ) ;
#346 = CARTESIAN_POINT ( 'NONE',  ( 7.124999999982374099, 14.49999999999818279, -7.783624617369855336 ) ) ;
#347 = EDGE_LOOP ( 'NONE', ( #3581, #9762, #9657, #4034 ) ) ;
#348 = VECTOR ( 'NONE', #3582, 1000.000000000000000 ) ;
#349 = CARTESIAN_POINT ( 'NONE',  ( 6.500000000000000888, 14.60000000001571152, 7.620000000000000107 ) ) ;
#350 = AXIS2_PLACEMENT_3D ( 'NONE', #2339, #564, #8342 ) ;
#351 = DIRECTION ( 'NONE',  ( 0.0000000000000000000, -0.01298591791445111512, 0.9999156794129788750 ) ) ;
#352 = CARTESIAN_POINT ( 'NONE',  ( 5.999239064358688367, 14.50000000000000355, -0.3829895089740717462 ) ) ;
#353 = DIRECTION ( 'NONE',  ( 0.0000000000000000000, 0.0000000000000000000, -1.000000000000000000 ) ) ;
#354 = DIRECTION ( 'NONE',  ( 0.0000000000000000000, 1.000000000000000000, 0.0000000000000000000 ) ) ;
#355 =( GEOMETRIC_REPRESENTATION_CONTEXT ( 3 ) GLOBAL_UNCERTAINTY_ASSIGNED_CONTEXT ( ( #10908 ) ) GLOBAL_UNIT_ASSIGNED_CONTEXT ( ( #2314, #10117, #7649 ) ) REPRESENTATION_CONTEXT ( 'NONE', 'WORKASPACE' ) );
#356 = AXIS2_PLACEMENT_3D ( 'NONE', #4756, #3862, #5588 ) ;
#357 = DIRECTION ( 'NONE',  ( -0.0000000000000000000, -1.000000000000000000, -0.0000000000000000000 ) ) ;
#358 =( NAMED_UNIT ( * ) PLANE_ANGLE_UNIT ( ) SI_UNIT ( $, .RADIAN. ) );
#359 = ORIENTED_EDGE ( 'NONE', *, *, #2085, .T. ) ;
#360 = DIRECTION ( 'NONE',  ( -1.000000000000000000, -0.0000000000000000000, -0.0000000000000000000 ) ) ;
#361 = CARTESIAN_POINT ( 'NONE',  ( 9.599999999999999645, 5.799999999999998046, 8.936236820298944394 ) ) ;
#362 = ORIENTED_EDGE ( 'NONE', *, *, #10096, .F. ) ;
#363 =( NAMED_UNIT ( * ) SI_UNIT ( $, .STERADIAN. ) SOLID_ANGLE_UNIT ( ) );
#364 = ADVANCED_FACE ( 'NONE', ( #8720 ), #7895, .F. ) ;
#365 = ORIENTED_EDGE ( 'NONE', *, *, #609, .T. ) ;
#366 = CARTESIAN_POINT ( 'NONE',  ( 11.20000000000000284, 6.500075950062549346, -1.665152096698510498 ) ) ;
#367 = CARTESIAN_POINT ( 'NONE',  ( 1.699999999999999956, 8.699999999999999289, -9.919999999999999929 ) ) ;
#368 = VERTEX_POINT ( 'NONE', #195 ) ;
#369 = CARTESIAN_POINT ( 'NONE',  ( 9.600000000000001421, 5.799999999999998046, -1.316232908051130801 ) ) ;
#370 = EDGE_LOOP ( 'NONE', ( #1908, #2864, #1758, #10552, #5495, #1737, #10533, #3552, #10390, #4922, #445, #889 ) ) ;
#371 = CARTESIAN_POINT ( 'NONE',  ( 8.862475782649550382, 13.20000000000020002, -0.3250000000000001776 ) ) ;
#372 = CARTESIAN_POINT ( 'NONE',  ( 5.476879472618506384, 15.50000000000000178, 7.346494556683789590 ) ) ;
#373 = DIRECTION ( 'NONE',  ( 1.000000000000000000, -0.0000000000000000000, -0.0000000000000000000 ) ) ;
#374 = ADVANCED_FACE ( 'NONE', ( #992 ), #1992, .F. ) ;
#375 = ORIENTED_EDGE ( 'NONE', *, *, #10545, .F. ) ;
#376 = EDGE_CURVE ( 'NONE', #5052, #3545, #3562, .T. ) ;
#377 = CARTESIAN_POINT ( 'NONE',  ( 11.14599797265535130, 6.629634952229785938, 5.883087616414964138 ) ) ;
#378 =( BOUNDED_SURFACE ( )  B_SPLINE_SURFACE ( 3, 3, ( 
 ( #4784, #3364, #6723, #3424 ),
 ( #1, #7823, #10220, #2460 ),
 ( #10394, #7702, #10162, #5230 ),
 ( #5115, #6785, #5051, #6838 ) ),
 .UNSPECIFIED., .F., .F., .T. ) 
 B_SPLINE_SURFACE_WITH_KNOTS ( ( 4, 4 ),
 ( 4, 4 ),
 ( 0.0000000000000000000, 1.000000000000000000 ),
 ( 0.0000000000000000000, 1.000000000000000000 ),
 .UNSPECIFIED. ) 
 GEOMETRIC_REPRESENTATION_ITEM ( )  RATIONAL_B_SPLINE_SURFACE ( (
 ( 1.000000000000000000, 0.6621627622213605013, 0.6621627622213605013, 1.000000000000000000),
 ( 0.8047378541243649375, 0.5328674403510798019, 0.5328674403510798019, 0.8047378541243649375),
 ( 0.8047378541243649375, 0.5328674403510798019, 0.5328674403510798019, 0.8047378541243649375),
 ( 1.000000000000000000, 0.6621627622213605013, 0.6621627622213605013, 1.000000000000000000) ) ) 
 REPRESENTATION_ITEM ( '' )  SURFACE ( )  );
#379 = CARTESIAN_POINT ( 'NONE',  ( 10.19999999999999929, 6.347787413311805516, 2.748383154411821572 ) ) ;
#380 = ORIENTED_EDGE ( 'NONE', *, *, #5722, .T. ) ;
#381 = CARTESIAN_POINT ( 'NONE',  ( 8.499999999999998224, 15.30000000000000249, -2.657419462942113064 ) ) ;
#382 = ORIENTED_EDGE ( 'NONE', *, *, #10011, .F. ) ;
#383 = DIRECTION ( 'NONE',  ( 0.0000000000000000000, 1.000000000000000000, 0.0000000000000000000 ) ) ;
#384 = DIRECTION ( 'NONE',  ( 0.0000000000000000000, -0.9999156794129788750, 0.01298591791445429834 ) ) ;
#385 = ORIENTED_EDGE ( 'NONE', *, *, #1763, .F. ) ;
#386 = CARTESIAN_POINT ( 'NONE',  ( 9.349999999999999645, 7.700040180165416359, -0.1769460228877937635 ) ) ;
#387 = LINE ( 'NONE', #8846, #10618 ) ;
#388 = CARTESIAN_POINT ( 'NONE',  ( 8.499999999999998224, 9.000247077141517948, -1.286759803029775773 ) ) ;
#389 = CARTESIAN_POINT ( 'NONE',  ( 4.395606856450871902, 15.47844707036062850, -2.658005325211172387 ) ) ;
#390 = ORIENTED_EDGE ( 'NONE', *, *, #5508, .F. ) ;
#391 = PLANE ( 'NONE',  #4013 ) ;
#392 = VERTEX_POINT ( 'NONE', #7845 ) ;
#393 = CARTESIAN_POINT ( 'NONE',  ( 4.416251525940023015, 15.49999999999999822, 0.9234989598558479562 ) ) ;
#394 = ORIENTED_EDGE ( 'NONE', *, *, #2020, .F. ) ;
#395 = DIRECTION ( 'NONE',  ( -0.0000000000000000000, -0.0000000000000000000, -1.000000000000000000 ) ) ;
#396 = EDGE_LOOP ( 'NONE', ( #3871, #7405, #6633, #6763 ) ) ;
#397 = ORIENTED_EDGE ( 'NONE', *, *, #6295, .T. ) ;
#398 = CARTESIAN_POINT ( 'NONE',  ( 9.650000000000000355, 13.20000000000009877, -0.2523598775598299704 ) ) ;
#399 = ADVANCED_FACE ( 'NONE', ( #1151 ), #9627, .T. ) ;
#400 = DIRECTION ( 'NONE',  ( 1.000000000000000000, 1.445602896647339903E-15, 0.0000000000000000000 ) ) ;
#401 = EDGE_CURVE ( 'NONE', #721, #2591, #446, .T. ) ;
#402 = CARTESIAN_POINT ( 'NONE',  ( 6.500000000000000888, 14.59999999998728981, 0.0000000000000000000 ) ) ;
#403 = CARTESIAN_POINT ( 'NONE',  ( 8.706350832689590646, 15.20000000000010054, 7.870000000000000107 ) ) ;
#404 = DIRECTION ( 'NONE',  ( -0.09119215051751136669, -0.9575175804338614816, -0.2735764515525326290 ) ) ;
#405 = DIRECTION ( 'NONE',  ( 1.000000000000000000, 0.0000000000000000000, 0.0000000000000000000 ) ) ;
#406 = CARTESIAN_POINT ( 'NONE',  ( 11.20000000000000284, 5.500000000000000000, 2.459999999999979980 ) ) ;
#407 = B_SPLINE_CURVE_WITH_KNOTS ( 'NONE', 3,
 ( #8083, #398, #7230, #10659, #2962, #9535 ),
 .UNSPECIFIED., .F., .F.,
 ( 4, 2, 4 ),
 ( 0.0000000000000000000, 0.5000000000000000000, 1.000000000000000000 ),
 .UNSPECIFIED. ) ;
#408 = CARTESIAN_POINT ( 'NONE',  ( 5.874931721987220357, 14.50000000000000000, 7.536761067240988154 ) ) ;
#409 = AXIS2_PLACEMENT_3D ( 'NONE', #3530, #6049, #9526 ) ;
#410 = ORIENTED_EDGE ( 'NONE', *, *, #9544, .F. ) ;
#411 = CARTESIAN_POINT ( 'NONE',  ( 9.018600732609510118, 13.20000000000007567, 7.220000000000000639 ) ) ;
#412 = EDGE_CURVE ( 'NONE', #8777, #9968, #885, .T. ) ;
#413 = FILL_AREA_STYLE_COLOUR ( '', #1129 ) ;
#414 = ORIENTED_EDGE ( 'NONE', *, *, #4509, .T. ) ;
#415 = ORIENTED_EDGE ( 'NONE', *, *, #129, .F. ) ;
#416 = VECTOR ( 'NONE', #2754, 1000.000000000000000 ) ;
#417 = FACE_OUTER_BOUND ( 'NONE', #6146, .T. ) ;
#418 = DIRECTION ( 'NONE',  ( -0.0000000000000000000, -0.0000000000000000000, 1.000000000000000000 ) ) ;
#419 = ORIENTED_EDGE ( 'NONE', *, *, #6912, .F. ) ;
#420 = B_SPLINE_CURVE_WITH_KNOTS ( 'NONE', 3,
 ( #6104, #5164, #8739, #8577 ),
 .UNSPECIFIED., .F., .F.,
 ( 4, 4 ),
 ( 0.0000000000000000000, 1.000000000000000000 ),
 .UNSPECIFIED. ) ;
#421 = CYLINDRICAL_SURFACE ( 'NONE', #174, 0.2000000000000005107 ) ;
#422 = EDGE_LOOP ( 'NONE', ( #9704, #4822, #201, #4868, #10862, #5057, #3315, #9224 ) ) ;
#423 = EDGE_CURVE ( 'NONE', #9359, #5835, #9921, .T. ) ;
#424 = AXIS2_PLACEMENT_3D ( 'NONE', #7828, #8590, #3542 ) ;
#425 = CYLINDRICAL_SURFACE ( 'NONE', #4421, 1.350000000000019629 ) ;
#426 = CARTESIAN_POINT ( 'NONE',  ( 7.399999999999999467, 13.19999999999999929, 8.999870129870130242 ) ) ;
#427 = CARTESIAN_POINT ( 'NONE',  ( 9.650000000000005684, 15.20000000000007567, -0.1999999999999957645 ) ) ;
#428 = ORIENTED_EDGE ( 'NONE', *, *, #4412, .F. ) ;
#429 = DIRECTION ( 'NONE',  ( -1.000000000000000000, -0.0000000000000000000, -0.0000000000000000000 ) ) ;
#430 = ORIENTED_EDGE ( 'NONE', *, *, #746, .T. ) ;
#431 = DIRECTION ( 'NONE',  ( 0.0000000000000000000, -0.3714946188439269825, -0.9284351071399689070 ) ) ;
#432 = AXIS2_PLACEMENT_3D ( 'NONE', #4304, #2614, #149 ) ;
#433 = CARTESIAN_POINT ( 'NONE',  ( 4.299999999999978506, 15.41715728752535419, -4.792270736744523418 ) ) ;
#434 = VERTEX_POINT ( 'NONE', #4736 ) ;
#435 = CARTESIAN_POINT ( 'NONE',  ( 4.346153846153806732, 15.50000000000009948, -8.499348871534968097 ) ) ;
#436 = EDGE_CURVE ( 'NONE', #1062, #3461, #1270, .T. ) ;
#437 = CARTESIAN_POINT ( 'NONE',  ( 4.499999999999996447, 15.30259718358289334, 1.352563672940485517 ) ) ;
#438 = ADVANCED_FACE ( 'NONE', ( #8885 ), #8159, .T. ) ;
#439 = FACE_OUTER_BOUND ( 'NONE', #9546, .T. ) ;
#440 = VECTOR ( 'NONE', #4513, 1000.000000000000000 ) ;
#441 = LINE ( 'NONE', #3863, #9005 ) ;
#442 = CARTESIAN_POINT ( 'NONE',  ( 7.000760935640900406, 14.49999999999999822, 8.002989508974478028 ) ) ;
#443 =( BOUNDED_CURVE ( )  B_SPLINE_CURVE ( 3, ( #66, #7646, #6963, #4331 ),
 .UNSPECIFIED., .F., .T. ) 
 B_SPLINE_CURVE_WITH_KNOTS ( ( 4, 4 ),
 ( 0.0000000000000000000, 1.000000000000000000 ),
 .UNSPECIFIED. ) 
 CURVE ( )  GEOMETRIC_REPRESENTATION_ITEM ( )  RATIONAL_B_SPLINE_CURVE ( ( 1.000000000000000000, 0.8974358974359006869, 0.8974358974359006869, 1.000000000000000000 ) ) 
 REPRESENTATION_ITEM ( '' )  );
#444 = CARTESIAN_POINT ( 'NONE',  ( 8.770205957768220983, 15.20000000000010054, 4.060408290565554523 ) ) ;
#445 = ORIENTED_EDGE ( 'NONE', *, *, #7143, .T. ) ;
#446 = B_SPLINE_CURVE_WITH_KNOTS ( 'NONE', 3,
 ( #315, #10414, #252, #1881 ),
 .UNSPECIFIED., .F., .F.,
 ( 4, 4 ),
 ( 0.0000000000000000000, 1.000000000000000000 ),
 .UNSPECIFIED. ) ;
#447 = CARTESIAN_POINT ( 'NONE',  ( 10.19999999999999929, 5.799999999999999822, -7.620000000000000107 ) ) ;
#448 = ORIENTED_EDGE ( 'NONE', *, *, #6685, .F. ) ;
#449 = CARTESIAN_POINT ( 'NONE',  ( 10.19999999999999929, 4.540238430996567764, 8.581825646931088514 ) ) ;
#450 = VERTEX_POINT ( 'NONE', #8258 ) ;
#451 = CARTESIAN_POINT ( 'NONE',  ( 1.475000000000000089, 2.099999999999999645, -4.710000000000002629 ) ) ;
#452 = EDGE_CURVE ( 'NONE', #6799, #3280, #7313, .T. ) ;
#453 = AXIS2_PLACEMENT_3D ( 'NONE', #4298, #9559, #5361 ) ;
#454 = VECTOR ( 'NONE', #6025, 1000.000000000000227 ) ;
#455 = ORIENTED_EDGE ( 'NONE', *, *, #8995, .T. ) ;
#456 = ADVANCED_FACE ( 'NONE', ( #484 ), #10737, .T. ) ;
#457 = DIRECTION ( 'NONE',  ( 1.000000000000000000, -0.0000000000000000000, -0.0000000000000000000 ) ) ;
#458 = EDGE_CURVE ( 'NONE', #10652, #2436, #8944, .T. ) ;
#459 = DIRECTION ( 'NONE',  ( 0.0000000000000000000, 0.0000000000000000000, 1.000000000000000000 ) ) ;
#460 = CARTESIAN_POINT ( 'NONE',  ( 9.449999999999999289, 13.19999999999999929, -7.820000000000000284 ) ) ;
#461 = DIRECTION ( 'NONE',  ( 0.0000000000000000000, 1.000000000000000000, 0.0000000000000000000 ) ) ;
#462 = CIRCLE ( 'NONE', #90, 0.2000000000000001499 ) ;
#463 = CARTESIAN_POINT ( 'NONE',  ( 5.875147500400177414, 14.49999999999999822, -3.643565715287238049 ) ) ;
#464 = CARTESIAN_POINT ( 'NONE',  ( 6.500000000000000888, 14.49999999999890754, 0.6250000000107445164 ) ) ;
#465 = CARTESIAN_POINT ( 'NONE',  ( 9.349999999999997868, 6.757765876465089860, -5.615000000000001101 ) ) ;
#466 = EDGE_CURVE ( 'NONE', #434, #7709, #9485, .T. ) ;
#467 = EDGE_CURVE ( 'NONE', #7117, #8881, #8594, .T. ) ;
#468 = FACE_OUTER_BOUND ( 'NONE', #10952, .T. ) ;
#469 = STYLED_ITEM ( 'NONE', ( #5843 ), #6219 ) ;
#470 = ORIENTED_EDGE ( 'NONE', *, *, #9198, .T. ) ;
#471 = ORIENTED_EDGE ( 'NONE', *, *, #7746, .F. ) ;
#472 = DIRECTION ( 'NONE',  ( 0.0000000000000000000, 0.0000000000000000000, -1.000000000000000000 ) ) ;
#473 = CARTESIAN_POINT ( 'NONE',  ( 8.352359877559827339, 15.50000000000000178, 2.657419462942109956 ) ) ;
#474 = ORIENTED_EDGE ( 'NONE', *, *, #10096, .T. ) ;
#475 = B_SPLINE_CURVE_WITH_KNOTS ( 'NONE', 3,
 ( #3908, #7325, #5422, #4524 ),
 .UNSPECIFIED., .F., .F.,
 ( 4, 4 ),
 ( 0.0000000000000000000, 1.000000000000000000 ),
 .UNSPECIFIED. ) ;
#476 = DIRECTION ( 'NONE',  ( -0.0000000000000000000, 1.000000000000000000, -0.0000000000000000000 ) ) ;
#477 = VECTOR ( 'NONE', #10707, 1000.000000000000000 ) ;
#478 = ORIENTED_EDGE ( 'NONE', *, *, #541, .T. ) ;
#479 = CARTESIAN_POINT ( 'NONE',  ( 4.905714285714235956, 15.50000000000000000, -7.986205027885999286 ) ) ;
#480 = ADVANCED_FACE ( 'NONE', ( #582 ), #421, .T. ) ;
#481 = ADVANCED_FACE ( 'NONE', ( #4002 ), #2159, .T. ) ;
#482 = DIRECTION ( 'NONE',  ( 0.0000000000000000000, 0.9999156794129788750, -0.01298591791445429834 ) ) ;
#483 = EDGE_LOOP ( 'NONE', ( #69, #1385, #7064, #4978 ) ) ;
#484 = FACE_OUTER_BOUND ( 'NONE', #9656, .T. ) ;
#485 = VERTEX_POINT ( 'NONE', #5570 ) ;
#486 = CARTESIAN_POINT ( 'NONE',  ( 4.500000000000000000, 15.50000000000000000, 4.962580537057889707 ) ) ;
#487 = LINE ( 'NONE', #10583, #2568 ) ;
#488 = CARTESIAN_POINT ( 'NONE',  ( 1.474999999999999867, 2.099999999999999645, -6.719999999999999751 ) ) ;
#489 = ORIENTED_EDGE ( 'NONE', *, *, #9135, .F. ) ;
#490 = CARTESIAN_POINT ( 'NONE',  ( 8.899999999999998579, 13.19999999999999929, -8.019999999999999574 ) ) ;
#491 = LINE ( 'NONE', #3052, #102 ) ;
#492 = AXIS2_PLACEMENT_3D ( 'NONE', #4717, #8602, #8136 ) ;
#493 = CARTESIAN_POINT ( 'NONE',  ( 4.346153846171226576, 9.000000000000000000, -0.8793488715005247647 ) ) ;
#494 = CARTESIAN_POINT ( 'NONE',  ( 8.352359877559830892, 15.50000000000000533, -2.657419462942110400 ) ) ;
#495 = ORIENTED_EDGE ( 'NONE', *, *, #10731, .T. ) ;
#496 = PLANE ( 'NONE',  #3192 ) ;
#497 = ORIENTED_EDGE ( 'NONE', *, *, #436, .T. ) ;
#498 = CARTESIAN_POINT ( 'NONE',  ( 8.299999999999997158, 15.50000000000000000, -8.970000000000000639 ) ) ;
#499 =( GEOMETRIC_REPRESENTATION_CONTEXT ( 3 ) GLOBAL_UNCERTAINTY_ASSIGNED_CONTEXT ( ( #10356 ) ) GLOBAL_UNIT_ASSIGNED_CONTEXT ( ( #7038, #7947, #2771 ) ) REPRESENTATION_CONTEXT ( 'NONE', 'WORKASPACE' ) );
#500 = DIRECTION ( 'NONE',  ( 0.0000000000000000000, -0.9615239476408231623, 0.2747211278973781257 ) ) ;
#501 = DIRECTION ( 'NONE',  ( 0.0000000000000000000, 0.0000000000000000000, 1.000000000000000000 ) ) ;
#502 = FACE_OUTER_BOUND ( 'NONE', #3429, .T. ) ;
#503 = B_SPLINE_CURVE_WITH_KNOTS ( 'NONE', 3,
 ( #3406, #10869, #6762, #4979, #6706, #8503 ),
 .UNSPECIFIED., .F., .F.,
 ( 4, 2, 4 ),
 ( 0.0000000000000000000, 0.5000000000000000000, 1.000000000000000000 ),
 .UNSPECIFIED. ) ;
#504 = CARTESIAN_POINT ( 'NONE',  ( 0.0000000000000000000, 0.0000000000000000000, 9.919999999999999929 ) ) ;
#505 = ORIENTED_EDGE ( 'NONE', *, *, #577, .T. ) ;
#506 = CARTESIAN_POINT ( 'NONE',  ( 4.346153846153814726, 15.41715728752538794, -2.930651128465038280 ) ) ;
#507 = ADVANCED_FACE ( 'NONE', ( #10846 ), #3044, .T. ) ;
#508 = FACE_OUTER_BOUND ( 'NONE', #7266, .T. ) ;
#509 = STYLED_ITEM ( 'NONE', ( #686 ), #8576 ) ;
#510 = ORIENTED_EDGE ( 'NONE', *, *, #9447, .F. ) ;
#511 = VERTEX_POINT ( 'NONE', #9734 ) ;
#512 = CARTESIAN_POINT ( 'NONE',  ( 2.949999999999960210, 15.50000000000009948, -7.620000000000000107 ) ) ;
#513 = DIRECTION ( 'NONE',  ( 1.000000000000000000, 0.0000000000000000000, 0.0000000000000000000 ) ) ;
#514 = CARTESIAN_POINT ( 'NONE',  ( 8.958889746352323158, 15.20000000000010054, -0.3999999999999995781 ) ) ;
#515 = VECTOR ( 'NONE', #753, 1000.000000000000000 ) ;
#516 = CARTESIAN_POINT ( 'NONE',  ( 4.447644537455780700, 15.50000000000000178, -1.152147660960550324 ) ) ;
#517 = AXIS2_PLACEMENT_3D ( 'NONE', #2351, #1371, #6508 ) ;
#518 = CARTESIAN_POINT ( 'NONE',  ( 8.299999999999998934, 15.30259718358289689, -2.457436327059514980 ) ) ;
#519 = CYLINDRICAL_SURFACE ( 'NONE', #4201, 0.1999999999999996503 ) ;
#520 = EDGE_CURVE ( 'NONE', #7126, #5194, #2926, .T. ) ;
#521 = EDGE_CURVE ( 'NONE', #3545, #7526, #11107, .T. ) ;
#522 = CARTESIAN_POINT ( 'NONE',  ( 6.500000000000000888, 14.59999999999999964, 1.050000000030608449 ) ) ;
#523 = CARTESIAN_POINT ( 'NONE',  ( 7.059646634423479838, 14.49999999999999822, -4.134374556496902109 ) ) ;
#524 = AXIS2_PLACEMENT_3D ( 'NONE', #8974, #6229, #2081 ) ;
#525 = PLANE ( 'NONE',  #9442 ) ;
#526 = B_SPLINE_CURVE_WITH_KNOTS ( 'NONE', 3,
 ( #2569, #5993, #5165, #7001, #3474, #4319, #7754, #6051, #9476, #7814, #111, #6950, #10436 ),
 .UNSPECIFIED., .F., .F.,
 ( 4, 2, 2, 1, 2, 2, 4 ),
 ( 0.0000000000000000000, 0.2499999999999938938, 0.3749999999999901190, 0.4374999999999870104, 0.4687499999999854561, 0.4999999999999839018, 1.000000000000000000 ),
 .UNSPECIFIED. ) ;
#527 = ORIENTED_EDGE ( 'NONE', *, *, #2445, .F. ) ;
#528 = CARTESIAN_POINT ( 'NONE',  ( 4.321554619278037634, 9.000489967319666107, 1.338798491003406532 ) ) ;
#529 = EDGE_CURVE ( 'NONE', #7559, #246, #5469, .T. ) ;
#530 = CARTESIAN_POINT ( 'NONE',  ( 4.299999999999979394, 15.41715728752535597, -0.9822707367445221438 ) ) ;
#531 = AXIS2_PLACEMENT_3D ( 'NONE', #6086, #6981, #3509 ) ;
#532 = FACE_OUTER_BOUND ( 'NONE', #7651, .T. ) ;
#533 = CARTESIAN_POINT ( 'NONE',  ( 4.299999999999977618, 15.41715728752535775, 2.827729263255476244 ) ) ;
#534 = VERTEX_POINT ( 'NONE', #6522 ) ;
#535 = DIRECTION ( 'NONE',  ( 0.0000000000000000000, -0.01298591791445111512, 0.9999156794129788750 ) ) ;
#536 = MECHANICAL_DESIGN_GEOMETRIC_PRESENTATION_REPRESENTATION (  '', ( #1970 ), #355 ) ;
#537 = ORIENTED_EDGE ( 'NONE', *, *, #10989, .F. ) ;
#538 = AXIS2_PLACEMENT_3D ( 'NONE', #9845, #9727, #9894 ) ;
#539 = EDGE_CURVE ( 'NONE', #9259, #7477, #3090, .T. ) ;
#540 = CARTESIAN_POINT ( 'NONE',  ( 4.299999999999997158, 15.35236108383767828, 4.962333435582859664 ) ) ;
#541 = EDGE_CURVE ( 'NONE', #2050, #8350, #3030, .T. ) ;
#542 = CARTESIAN_POINT ( 'NONE',  ( 7.144158946280201761, 15.50000000000000000, -4.650635418993415371 ) ) ;
#543 = LINE ( 'NONE', #4799, #5006 ) ;
#544 = ORIENTED_EDGE ( 'NONE', *, *, #2750, .T. ) ;
#545 = CARTESIAN_POINT ( 'NONE',  ( 11.12637783952807879, 6.654901203253452913, 5.869525084087507061 ) ) ;
#546 = FACE_OUTER_BOUND ( 'NONE', #8210, .T. ) ;
#547 =( NAMED_UNIT ( * ) SI_UNIT ( $, .STERADIAN. ) SOLID_ANGLE_UNIT ( ) );
#548 = B_SPLINE_CURVE_WITH_KNOTS ( 'NONE', 3,
 ( #9814, #1116, #4486, #4595, #6328, #8848 ),
 .UNSPECIFIED., .F., .F.,
 ( 4, 2, 4 ),
 ( 0.0000000000000000000, 0.5000000000000000000, 1.000000000000000000 ),
 .UNSPECIFIED. ) ;
#549 = DIRECTION ( 'NONE',  ( -1.000000000000000000, 0.0000000000000000000, 0.0000000000000000000 ) ) ;
#550 = ORIENTED_EDGE ( 'NONE', *, *, #5423, .F. ) ;
#551 = DIRECTION ( 'NONE',  ( 0.0000000000000000000, 0.0000000000000000000, 1.000000000000000000 ) ) ;
#552 = ORIENTED_EDGE ( 'NONE', *, *, #1256, .F. ) ;
#553 =( NAMED_UNIT ( * ) SI_UNIT ( $, .STERADIAN. ) SOLID_ANGLE_UNIT ( ) );
#554 = CARTESIAN_POINT ( 'NONE',  ( 1.474999999999999867, 2.099999999999999645, -8.519999999999999574 ) ) ;
#555 = FACE_OUTER_BOUND ( 'NONE', #2883, .T. ) ;
#556 = CARTESIAN_POINT ( 'NONE',  ( 10.19999999999999929, 5.799999999999997158, 6.303730699165117635 ) ) ;
#557 = VERTEX_POINT ( 'NONE', #7196 ) ;
#558 = CARTESIAN_POINT ( 'NONE',  ( 4.299999999999999822, 15.30000000000000071, -9.070000000000000284 ) ) ;
#559 = ORIENTED_EDGE ( 'NONE', *, *, #49, .F. ) ;
#560 = FACE_OUTER_BOUND ( 'NONE', #3944, .T. ) ;
#561 = DIRECTION ( 'NONE',  ( 0.0000000000000000000, -0.9999156794129789860, 0.01298591791445430008 ) ) ;
#562 = ORIENTED_EDGE ( 'NONE', *, *, #5114, .F. ) ;
#563 = DIRECTION ( 'NONE',  ( 0.8682431421244601877, 0.4961389383568320377, -0.0000000000000000000 ) ) ;
#564 = DIRECTION ( 'NONE',  ( 3.880602260699040389E-17, -0.2747211278973781257, 0.9615239476408231623 ) ) ;
#565 = ADVANCED_FACE ( 'NONE', ( #10063 ), #1476, .T. ) ;
#566 = CYLINDRICAL_SURFACE ( 'NONE', #6216, 0.2000000000000005107 ) ;
#567 = CARTESIAN_POINT ( 'NONE',  ( 6.500000000000000000, 14.59999999999999964, 3.810000000000000053 ) ) ;
#568 = CARTESIAN_POINT ( 'NONE',  ( 8.862475782649553935, 15.20000000000013962, 7.294999999999999929 ) ) ;
#569 = LINE ( 'NONE', #8195, #1518 ) ;
#570 = CARTESIAN_POINT ( 'NONE',  ( 4.505265930546663355, 15.50000000000000355, 8.622002183430625522 ) ) ;
#571 = EDGE_LOOP ( 'NONE', ( #7536, #3905, #773, #5867 ) ) ;
#572 = CARTESIAN_POINT ( 'NONE',  ( 4.299999999999999822, 9.000000000000000000, 1.449999999999999956 ) ) ;
#573 =( BOUNDED_SURFACE ( )  B_SPLINE_SURFACE ( 3, 3, ( 
 ( #8710, #6301, #1037, #4399 ),
 ( #187, #4563, #10456, #2039 ),
 ( #7838, #5462, #8878, #4620 ),
 ( #3667, #4457, #7885, #9614 ) ),
 .UNSPECIFIED., .F., .F., .F. ) 
 B_SPLINE_SURFACE_WITH_KNOTS ( ( 4, 4 ),
 ( 4, 4 ),
 ( 0.0000000000000000000, 1.000000000000000000 ),
 ( 0.0000000000000000000, 1.000000000000000000 ),
 .UNSPECIFIED. ) 
 GEOMETRIC_REPRESENTATION_ITEM ( )  RATIONAL_B_SPLINE_SURFACE ( (
 ( 1.000000000000000000, 0.8047378541243540573, 0.8047378541243540573, 1.000000000000000000),
 ( 0.8025111867385901210, 0.6458111303268018188, 0.6458111303268018188, 0.8025111867385901210),
 ( 0.8025111867385901210, 0.6458111303268018188, 0.6458111303268018188, 0.8025111867385901210),
 ( 1.000000000000000000, 0.8047378541243540573, 0.8047378541243540573, 1.000000000000000000) ) ) 
 REPRESENTATION_ITEM ( '' )  SURFACE ( )  );
#574 = FACE_OUTER_BOUND ( 'NONE', #5223, .T. ) ;
#575 = ORIENTED_EDGE ( 'NONE', *, *, #2838, .F. ) ;
#576 = CARTESIAN_POINT ( 'NONE',  ( 9.650000000000005684, 15.19999999999999929, 4.209999999999999964 ) ) ;
#577 = EDGE_CURVE ( 'NONE', #10591, #6417, #4295, .T. ) ;
#578 = SURFACE_STYLE_FILL_AREA ( #3834 ) ;
#579 = AXIS2_PLACEMENT_3D ( 'NONE', #1012, #5329, #4430 ) ;
#580 = LINE ( 'NONE', #10950, #9755 ) ;
#581 = ORIENTED_EDGE ( 'NONE', *, *, #8660, .T. ) ;
#582 = FACE_OUTER_BOUND ( 'NONE', #1835, .T. ) ;
#583 = ORIENTED_EDGE ( 'NONE', *, *, #4628, .F. ) ;
#584 = ORIENTED_EDGE ( 'NONE', *, *, #888, .F. ) ;
#585 = CARTESIAN_POINT ( 'NONE',  ( 10.89999999999999858, 6.757765876465089860, -2.004999999999999893 ) ) ;
#586 = MECHANICAL_DESIGN_GEOMETRIC_PRESENTATION_REPRESENTATION (  '', ( #53 ), #7036 ) ;
#587 = CARTESIAN_POINT ( 'NONE',  ( 10.89999999999999858, 7.500000000000000000, -9.919999999999999929 ) ) ;
#588 = CARTESIAN_POINT ( 'NONE',  ( 10.89999999999999858, 6.585137115330399027, 1.896239973002775026 ) ) ;
#589 = EDGE_LOOP ( 'NONE', ( #9725, #2469, #9377, #10554 ) ) ;
#590 = DIRECTION ( 'NONE',  ( -0.4961389383568320377, 0.8682431421244601877, 0.0000000000000000000 ) ) ;
#591 = DIRECTION ( 'NONE',  ( 0.0000000000000000000, -0.0000000000000000000, -1.000000000000000000 ) ) ;
#592 = ADVANCED_FACE ( 'NONE', ( #11066, #6578 ), #3380, .T. ) ;
#593 = EDGE_CURVE ( 'NONE', #5550, #9397, #6797, .T. ) ;
#594 = CARTESIAN_POINT ( 'NONE',  ( 9.350000000000001421, 7.409390995531705215, -2.713644416299676898 ) ) ;
#595 = ORIENTED_EDGE ( 'NONE', *, *, #6078, .T. ) ;
#596 = AXIS2_PLACEMENT_3D ( 'NONE', #7457, #10155, #10095 ) ;
#597 = CARTESIAN_POINT ( 'NONE',  ( 4.447640122440168930, 9.000432863930484473, 2.375590037193902937 ) ) ;
#598 = CARTESIAN_POINT ( 'NONE',  ( 1.474999999999999867, 2.099999999999999645, -4.709999999999999964 ) ) ;
#599 = LINE ( 'NONE', #927, #8822 ) ;
#600 = FACE_OUTER_BOUND ( 'NONE', #6431, .T. ) ;
#601 = CARTESIAN_POINT ( 'NONE',  ( 8.958889746352317829, 13.20000000000010054, -0.3999999999999995226 ) ) ;
#602 = CARTESIAN_POINT ( 'NONE',  ( 6.500000000000000888, 15.50000000000000000, 4.859999999999999432 ) ) ;
#603 = ORIENTED_EDGE ( 'NONE', *, *, #10863, .F. ) ;
#604 = AXIS2_PLACEMENT_3D ( 'NONE', #6933, #3456, #5312 ) ;
#605 = CARTESIAN_POINT ( 'NONE',  ( 4.499999999999977796, 15.50000000000000000, 4.849230484541130259 ) ) ;
#606 = ORIENTED_EDGE ( 'NONE', *, *, #679, .T. ) ;
#607 = CARTESIAN_POINT ( 'NONE',  ( 4.298896448480522103, 15.41930204271695715, -8.887185455229516862 ) ) ;
#608 = DIRECTION ( 'NONE',  ( 1.000000000000000000, -0.0000000000000000000, -0.0000000000000000000 ) ) ;
#609 = EDGE_CURVE ( 'NONE', #6420, #368, #10012, .T. ) ;
#610 = ORIENTED_EDGE ( 'NONE', *, *, #4521, .F. ) ;
#611 = VECTOR ( 'NONE', #8157, 1000.000000000000000 ) ;
#612 = CARTESIAN_POINT ( 'NONE',  ( 4.299999999999999822, 15.30000000000000249, -4.962580537057887042 ) ) ;
#613 = AXIS2_PLACEMENT_3D ( 'NONE', #9446, #7839, #137 ) ;
#614 = CARTESIAN_POINT ( 'NONE',  ( 9.349999999999997868, 7.009966887054303264, 9.219999999999933138 ) ) ;
#615 = LINE ( 'NONE', #9242, #9249 ) ;
#616 = DIRECTION ( 'NONE',  ( -1.531342102931250010E-16, 0.0000000000000000000, 1.000000000000000000 ) ) ;
#617 = CARTESIAN_POINT ( 'NONE',  ( 5.940353365576807043, 14.50000000000000355, -3.485625443503148624 ) ) ;
#618 = CARTESIAN_POINT ( 'NONE',  ( 7.030002569766028664, 15.49999999999999822, 6.702905680879972294 ) ) ;
#619 = VECTOR ( 'NONE', #3522, 1000.000000000000000 ) ;
#620 = STYLED_ITEM ( 'NONE', ( #1484 ), #3482 ) ;
#621 = FACE_OUTER_BOUND ( 'NONE', #9012, .T. ) ;
#622 = ORIENTED_EDGE ( 'NONE', *, *, #5122, .T. ) ;
#623 = EDGE_CURVE ( 'NONE', #52, #8884, #8312, .T. ) ;
#624 = B_SPLINE_CURVE_WITH_KNOTS ( 'NONE', 3,
 ( #6403, #9833, #5451, #7979 ),
 .UNSPECIFIED., .F., .F.,
 ( 4, 4 ),
 ( 0.0000000000000000000, 1.000000000000000000 ),
 .UNSPECIFIED. ) ;
#625 = FACE_OUTER_BOUND ( 'NONE', #10634, .T. ) ;
#626 = VERTEX_POINT ( 'NONE', #8420 ) ;
#627 = DIRECTION ( 'NONE',  ( -2.556434596176350141E-15, -1.000000000000000000, -0.0000000000000000000 ) ) ;
#628 = AXIS2_PLACEMENT_3D ( 'NONE', #9763, #3812, #4817 ) ;
#629 = FILL_AREA_STYLE ('',( #5945 ) ) ;
#630 = CARTESIAN_POINT ( 'NONE',  ( 0.0000000000000000000, 0.0000000000000000000, 0.0000000000000000000 ) ) ;
#631 = FACE_OUTER_BOUND ( 'NONE', #3224, .T. ) ;
#632 = VERTEX_POINT ( 'NONE', #4056 ) ;
#633 = CARTESIAN_POINT ( 'NONE',  ( 8.404397331752653244, 15.47844538072196130, -1.152580537057889876 ) ) ;
#634 = VECTOR ( 'NONE', #9183, 1000.000000000000000 ) ;
#635 = EDGE_CURVE ( 'NONE', #4437, #8383, #5113, .T. ) ;
#636 = AXIS2_PLACEMENT_3D ( 'NONE', #5667, #5865, #1365 ) ;
#637 = CARTESIAN_POINT ( 'NONE',  ( -0.9999999999999997780, 15.30259718358288978, 6.267436327059522583 ) ) ;
#638 = ORIENTED_EDGE ( 'NONE', *, *, #999, .F. ) ;
#639 = CARTESIAN_POINT ( 'NONE',  ( 6.499999999999998224, 15.50000000000000000, 8.970000000000000639 ) ) ;
#640 = ORIENTED_EDGE ( 'NONE', *, *, #1193, .F. ) ;
#641 = ORIENTED_EDGE ( 'NONE', *, *, #467, .T. ) ;
#642 = CARTESIAN_POINT ( 'NONE',  ( 4.430856890500434631, 15.42062190192915949, 1.351030884390530096 ) ) ;
#643 = CARTESIAN_POINT ( 'NONE',  ( 5.274999999999995026, -1.169172603250133504E-15, -6.119999999999976126 ) ) ;
#644 = CIRCLE ( 'NONE', #1015, 0.1999999999999901301 ) ;
#645 = CARTESIAN_POINT ( 'NONE',  ( 8.299999999999998934, 15.29999999999999893, 6.467419462942110009 ) ) ;
#646 = CARTESIAN_POINT ( 'NONE',  ( 8.499999999999994671, 15.35235987755982912, 6.467419462942110009 ) ) ;
#647 = ORIENTED_EDGE ( 'NONE', *, *, #2274, .F. ) ;
#648 = DIRECTION ( 'NONE',  ( -0.5329387100211778749, 0.0000000000000000000, 0.8461538461538559153 ) ) ;
#649 = ORIENTED_EDGE ( 'NONE', *, *, #8524, .F. ) ;
#650 = CARTESIAN_POINT ( 'NONE',  ( 20.10000000000000142, 5.500000000000000000, 8.970000000000020179 ) ) ;
#651 = ADVANCED_FACE ( 'NONE', ( #9202 ), #4951, .T. ) ;
#652 = EDGE_CURVE ( 'NONE', #7782, #2332, #1923, .T. ) ;
#653 = LINE ( 'NONE', #10075, #8534 ) ;
#654 =( NAMED_UNIT ( * ) PLANE_ANGLE_UNIT ( ) SI_UNIT ( $, .RADIAN. ) );
#655 = AXIS2_PLACEMENT_3D ( 'NONE', #2051, #9685, #1994 ) ;
#656 = FACE_OUTER_BOUND ( 'NONE', #6482, .T. ) ;
#657 = ORIENTED_EDGE ( 'NONE', *, *, #7925, .T. ) ;
#658 = CARTESIAN_POINT ( 'NONE',  ( 8.418034671099022148, 15.30259718358289511, 6.267436327059514589 ) ) ;
#659 = ORIENTED_EDGE ( 'NONE', *, *, #2310, .F. ) ;
#660 = CARTESIAN_POINT ( 'NONE',  ( 5.476721059974254402, 15.50000000000000533, -3.536494086770666012 ) ) ;
#661 = CARTESIAN_POINT ( 'NONE',  ( 4.499999999999998224, 15.30259718358289867, 8.972563672940482959 ) ) ;
#662 = EDGE_CURVE ( 'NONE', #3085, #2462, #6181, .T. ) ;
#663 = LINE ( 'NONE', #4080, #9371 ) ;
#664 = CARTESIAN_POINT ( 'NONE',  ( 8.706350832689590646, 13.20000000000010054, -8.070000000000000284 ) ) ;
#665 = VECTOR ( 'NONE', #1251, 1000.000000000000000 ) ;
#666 = ORIENTED_EDGE ( 'NONE', *, *, #7495, .T. ) ;
#667 = PRESENTATION_STYLE_ASSIGNMENT (( #2331 ) ) ;
#668 = ORIENTED_EDGE ( 'NONE', *, *, #6592, .F. ) ;
#669 = DIRECTION ( 'NONE',  ( 0.0000000000000000000, 0.0000000000000000000, 1.000000000000000000 ) ) ;
#670 = ORIENTED_EDGE ( 'NONE', *, *, #2040, .T. ) ;
#671 = DIRECTION ( 'NONE',  ( 0.0000000000000000000, 0.0000000000000000000, -1.000000000000000000 ) ) ;
#672 = ORIENTED_EDGE ( 'NONE', *, *, #7012, .T. ) ;
#673 = AXIS2_PLACEMENT_3D ( 'NONE', #2438, #7611, #33 ) ;
#674 = FACE_OUTER_BOUND ( 'NONE', #5650, .T. ) ;
#675 = CARTESIAN_POINT ( 'NONE',  ( 8.500000000000000000, 9.000000000000000000, 2.575601281123929276 ) ) ;
#676 = DIRECTION ( 'NONE',  ( 0.0000000000000000000, 0.0000000000000000000, 1.000000000000000000 ) ) ;
#677 = EDGE_CURVE ( 'NONE', #6930, #10980, #7510, .T. ) ;
#678 = DIRECTION ( 'NONE',  ( 1.000000000000000000, 0.0000000000000000000, 0.0000000000000000000 ) ) ;
#679 = EDGE_CURVE ( 'NONE', #6576, #8282, #7772, .T. ) ;
#680 = ORIENTED_EDGE ( 'NONE', *, *, #10278, .F. ) ;
#681 = CARTESIAN_POINT ( 'NONE',  ( 4.299999999999981171, 15.30000000000000426, -6.637729263255477186 ) ) ;
#682 = CARTESIAN_POINT ( 'NONE',  ( 4.500000000000000000, 15.30259718358289867, -5.162563672940487791 ) ) ;
#683 = VECTOR ( 'NONE', #2338, 1000.000000000000000 ) ;
#684 = CARTESIAN_POINT ( 'NONE',  ( 9.599999999999999645, 5.799999999999998046, 8.936236820298944394 ) ) ;
#685 = B_SPLINE_CURVE_WITH_KNOTS ( 'NONE', 3,
 ( #5205, #10364, #4182, #8500, #5151, #2666, #6874, #830, #8564, #6702, #11031, #6091 ),
 .UNSPECIFIED., .F., .F.,
 ( 4, 2, 2, 2, 2, 4 ),
 ( 0.0000000000000000000, 0.2499999999999992784, 0.3749999999999993339, 0.4999999999999994449, 0.7499999999999996669, 1.000000000000000000 ),
 .UNSPECIFIED. ) ;
#686 = PRESENTATION_STYLE_ASSIGNMENT (( #7464 ) ) ;
#687 = ORIENTED_EDGE ( 'NONE', *, *, #8610, .F. ) ;
#688 = CARTESIAN_POINT ( 'NONE',  ( 4.395602668247343914, 9.000585821344344595, 6.207148460583276517 ) ) ;
#689 = AXIS2_PLACEMENT_3D ( 'NONE', #924, #3497, #4398 ) ;
#690 = PLANE ( 'NONE',  #10088 ) ;
#691 = DIRECTION ( 'NONE',  ( 1.000000000000000000, 0.0000000000000000000, 0.0000000000000000000 ) ) ;
#692 = ORIENTED_EDGE ( 'NONE', *, *, #2690, .T. ) ;
#693 = CARTESIAN_POINT ( 'NONE',  ( 2.949999999999960210, 15.50000000000009948, -3.810000000000000053 ) ) ;
#694 = CIRCLE ( 'NONE', #2471, 0.2000000000000001499 ) ;
#695 = CARTESIAN_POINT ( 'NONE',  ( 4.346153846153849365, 15.30000000000000249, 2.930651128465091126 ) ) ;
#696 = ORIENTED_EDGE ( 'NONE', *, *, #5507, .T. ) ;
#697 = SURFACE_STYLE_USAGE ( .BOTH. , #1528 ) ;
#698 = EDGE_LOOP ( 'NONE', ( #4933, #474, #3929 ) ) ;
#699 = ORIENTED_EDGE ( 'NONE', *, *, #10815, .F. ) ;
#700 = CARTESIAN_POINT ( 'NONE',  ( 1.700000000000000178, 9.000000000000000000, 9.919999999999999929 ) ) ;
#701 = LINE ( 'NONE', #5133, #6738 ) ;
#702 =( GEOMETRIC_REPRESENTATION_CONTEXT ( 3 ) GLOBAL_UNCERTAINTY_ASSIGNED_CONTEXT ( ( #4512 ) ) GLOBAL_UNIT_ASSIGNED_CONTEXT ( ( #1174, #7165, #553 ) ) REPRESENTATION_CONTEXT ( 'NONE', 'WORKASPACE' ) );
#703 = EDGE_CURVE ( 'NONE', #6884, #10958, #238, .T. ) ;
#704 = CARTESIAN_POINT ( 'NONE',  ( 6.640175143999629270, 15.50000000000000178, -2.760395336239986008 ) ) ;
#705 = CARTESIAN_POINT ( 'NONE',  ( 5.275000000000000355, 1.915630352757239914E-16, 2.299999999999999822 ) ) ;
#706 = CARTESIAN_POINT ( 'NONE',  ( 9.552451963829955872, 13.20000000000010054, -7.239934511574300124 ) ) ;
#707 = CARTESIAN_POINT ( 'NONE',  ( 7.399999999999999467, 12.00000000000000000, -9.399999999999998579 ) ) ;
#708 = DIRECTION ( 'NONE',  ( 0.0000000000000000000, 0.9999156794129789860, -0.01298591791445430008 ) ) ;
#709 = AXIS2_PLACEMENT_3D ( 'NONE', #7153, #9798, #10631 ) ;
#710 = CARTESIAN_POINT ( 'NONE',  ( 10.90000000000000036, 6.757765876465089860, -5.814999999999999503 ) ) ;
#711 = VERTEX_POINT ( 'NONE', #9671 ) ;
#712 = DIRECTION ( 'NONE',  ( 0.0000000000000000000, 0.01298591791445111512, -0.9999156794129788750 ) ) ;
#713 = ORIENTED_EDGE ( 'NONE', *, *, #7317, .F. ) ;
#714 = DIRECTION ( 'NONE',  ( 1.000000000000000000, 0.0000000000000000000, -0.0000000000000000000 ) ) ;
#715 = ADVANCED_FACE ( 'NONE', ( #1087 ), #70, .T. ) ;
#716 = EDGE_CURVE ( 'NONE', #10591, #4669, #10056, .T. ) ;
#717 = DIRECTION ( 'NONE',  ( 0.0000000000000000000, 1.000000000000000000, -0.0000000000000000000 ) ) ;
#718 = DIRECTION ( 'NONE',  ( -0.09119215051751136669, -0.9575175804338617036, -0.2735764515525318519 ) ) ;
#719 = ORIENTED_EDGE ( 'NONE', *, *, #4311, .F. ) ;
#720 = CARTESIAN_POINT ( 'NONE',  ( 8.500000000000000000, 9.000000000000000000, 6.110000000000000320 ) ) ;
#721 = VERTEX_POINT ( 'NONE', #1864 ) ;
#722 = CARTESIAN_POINT ( 'NONE',  ( 4.075000000000001954, 2.099999999999996980, -0.9000000000000387690 ) ) ;
#723 = EDGE_LOOP ( 'NONE', ( #3518, #2381, #2220, #380 ) ) ;
#724 = SURFACE_SIDE_STYLE ('',( #4871 ) ) ;
#725 = ORIENTED_EDGE ( 'NONE', *, *, #6885, .T. ) ;
#726 = EDGE_CURVE ( 'NONE', #4439, #10958, #5240, .T. ) ;
#727 = CARTESIAN_POINT ( 'NONE',  ( 1.275000000000001910, -1.851273991774876074E-16, 9.119999999999999218 ) ) ;
#728 = CYLINDRICAL_SURFACE ( 'NONE', #1071, 0.2000000000000000111 ) ;
#729 = DIRECTION ( 'NONE',  ( 0.0000000000000000000, 0.0000000000000000000, -1.000000000000000000 ) ) ;
#730 = CYLINDRICAL_SURFACE ( 'NONE', #2379, 0.2000000000000005107 ) ;
#731 = ORIENTED_EDGE ( 'NONE', *, *, #1493, .F. ) ;
#732 = CARTESIAN_POINT ( 'NONE',  ( 11.10595605830405219, 6.891018939180512781, 9.219999999999997087 ) ) ;
#733 = DIRECTION ( 'NONE',  ( 0.0000000000000000000, 1.000000000000000000, 0.0000000000000000000 ) ) ;
#734 = LINE ( 'NONE', #1623, #6553 ) ;
#735 = EDGE_CURVE ( 'NONE', #8158, #4950, #2949, .T. ) ;
#736 = EDGE_CURVE ( 'NONE', #4164, #219, #7763, .T. ) ;
#737 = DIRECTION ( 'NONE',  ( -0.0000000000000000000, -0.0000000000000000000, 1.000000000000000000 ) ) ;
#738 = EDGE_LOOP ( 'NONE', ( #4503, #10511, #4117, #1716 ) ) ;
#739 = CARTESIAN_POINT ( 'NONE',  ( 8.958889746352317829, 13.20000000000010054, 3.410000000000000142 ) ) ;
#740 = DIRECTION ( 'NONE',  ( 0.0000000000000000000, 0.0000000000000000000, -1.000000000000000000 ) ) ;
#741 = DIRECTION ( 'NONE',  ( 0.0000000000000000000, 0.9284351071399689070, 0.3714946188439269825 ) ) ;
#742 = ORIENTED_EDGE ( 'NONE', *, *, #4051, .F. ) ;
#743 = ORIENTED_EDGE ( 'NONE', *, *, #4627, .F. ) ;
#744 = FACE_OUTER_BOUND ( 'NONE', #5393, .T. ) ;
#745 = LINE ( 'NONE', #637, #4904 ) ;
#746 = EDGE_CURVE ( 'NONE', #534, #11112, #207, .T. ) ;
#747 = FILL_AREA_STYLE ('',( #6734 ) ) ;
#748 = EDGE_LOOP ( 'NONE', ( #1065, #1540, #7805, #5616, #5094, #5027 ) ) ;
#749 = ORIENTED_EDGE ( 'NONE', *, *, #4332, .F. ) ;
#750 = LINE ( 'NONE', #5015, #2294 ) ;
#751 = FILL_AREA_STYLE ('',( #4957 ) ) ;
#752 = CARTESIAN_POINT ( 'NONE',  ( 7.550068476083016122, 15.50000000000000533, -3.671173537929320219 ) ) ;
#753 = DIRECTION ( 'NONE',  ( -1.000000000000000000, -0.0000000000000000000, -0.0000000000000000000 ) ) ;
#754 = ORIENTED_EDGE ( 'NONE', *, *, #9257, .T. ) ;
#755 = CARTESIAN_POINT ( 'NONE',  ( 9.649582555232010250, 13.20000000000009877, -7.363991285085210059 ) ) ;
#756 = ORIENTED_EDGE ( 'NONE', *, *, #5531, .T. ) ;
#757 = CARTESIAN_POINT ( 'NONE',  ( 8.418034671099025701, 15.30259718358289334, -8.972563672940488289 ) ) ;
#758 = CARTESIAN_POINT ( 'NONE',  ( 8.300000000000014921, 8.999999999999998224, 9.054415584415581364 ) ) ;
#759 = DIRECTION ( 'NONE',  ( 1.000000000000000000, -0.0000000000000000000, 0.0000000000000000000 ) ) ;
#760 = EDGE_CURVE ( 'NONE', #9998, #8766, #1625, .T. ) ;
#761 = CARTESIAN_POINT ( 'NONE',  ( 9.552806802665910979, 15.20000000000010054, -7.240286181935572607 ) ) ;
#762 = ORIENTED_EDGE ( 'NONE', *, *, #7935, .T. ) ;
#763 = CARTESIAN_POINT ( 'NONE',  ( 8.501103551519479495, 15.41930204271696070, 6.352814544770482463 ) ) ;
#764 = ORIENTED_EDGE ( 'NONE', *, *, #10239, .T. ) ;
#765 = B_SPLINE_CURVE_WITH_KNOTS ( 'NONE', 3,
 ( #9622, #6809, #5306, #7029, #10242, #2544 ),
 .UNSPECIFIED., .F., .F.,
 ( 4, 2, 4 ),
 ( 0.0000000000000000000, 0.5000000000000000000, 1.000000000000000000 ),
 .UNSPECIFIED. ) ;
#766 = PRESENTATION_LAYER_ASSIGNMENT (  '', '', ( #3257 ) ) ;
#767 = CARTESIAN_POINT ( 'NONE',  ( 8.299999999999997158, 15.49994977653715722, 2.661901299924995801 ) ) ;
#768 = CARTESIAN_POINT ( 'NONE',  ( 9.018600732609503012, 15.20000000000007567, 4.209999999999999964 ) ) ;
#769 = CARTESIAN_POINT ( 'NONE',  ( 1.475000000000000089, 2.099999999999999645, -6.720000000000002416 ) ) ;
#770 = CARTESIAN_POINT ( 'NONE',  ( 9.018600732609510118, 13.20000000000020002, 3.609999999999999876 ) ) ;
#771 = CARTESIAN_POINT ( 'NONE',  ( 6.499999999999999112, 12.00000000000000000, -9.399999999999998579 ) ) ;
#772 = CARTESIAN_POINT ( 'NONE',  ( 6.500000000000000888, 14.49999999999890754, 4.435000000010744792 ) ) ;
#773 = ORIENTED_EDGE ( 'NONE', *, *, #4159, .T. ) ;
#774 = AXIS2_PLACEMENT_3D ( 'NONE', #5408, #242, #3725 ) ;
#775 = EDGE_CURVE ( 'NONE', #7615, #8526, #1140, .T. ) ;
#776 = CARTESIAN_POINT ( 'NONE',  ( 9.018600732609513670, 15.20000000000007567, -7.220000000000000639 ) ) ;
#777 = EDGE_CURVE ( 'NONE', #10632, #10424, #1097, .T. ) ;
#778 = ORIENTED_EDGE ( 'NONE', *, *, #2211, .T. ) ;
#779 = LINE ( 'NONE', #9294, #10709 ) ;
#780 = CARTESIAN_POINT ( 'NONE',  ( 8.299999999999998934, 15.49610433412370014, 1.150033727523810168 ) ) ;
#781 =( GEOMETRIC_REPRESENTATION_CONTEXT ( 3 ) GLOBAL_UNCERTAINTY_ASSIGNED_CONTEXT ( ( #1594 ) ) GLOBAL_UNIT_ASSIGNED_CONTEXT ( ( #2141, #8923, #4718 ) ) REPRESENTATION_CONTEXT ( 'NONE', 'WORKASPACE' ) );
#782 = CARTESIAN_POINT ( 'NONE',  ( 11.20000000000000284, 6.732126113257712596, 1.455723666877954514 ) ) ;
#783 = DIRECTION ( 'NONE',  ( -1.000000000000000000, -0.0000000000000000000, -0.0000000000000000000 ) ) ;
#784 = ORIENTED_EDGE ( 'NONE', *, *, #6411, .T. ) ;
#785 = CARTESIAN_POINT ( 'NONE',  ( 8.958889746352308947, 13.20000000000010054, -3.410000000000000586 ) ) ;
#786 = CARTESIAN_POINT ( 'NONE',  ( 8.478445380721959523, 9.000489967319662554, 1.338798491003398983 ) ) ;
#787 = CARTESIAN_POINT ( 'NONE',  ( 8.766061818946811357, 15.20000000000010054, -7.870000000000012541 ) ) ;
#788 = ORIENTED_EDGE ( 'NONE', *, *, #1904, .F. ) ;
#789 = EDGE_CURVE ( 'NONE', #316, #7533, #3604, .T. ) ;
#790 = VECTOR ( 'NONE', #1448, 1000.000000000000000 ) ;
#791 = EDGE_CURVE ( 'NONE', #4687, #907, #4616, .T. ) ;
#792 = DIRECTION ( 'NONE',  ( -0.0000000000000000000, -0.0000000000000000000, 1.000000000000000000 ) ) ;
#793 = ORIENTED_EDGE ( 'NONE', *, *, #8066, .F. ) ;
#794 = FACE_OUTER_BOUND ( 'NONE', #7910, .T. ) ;
#795 = B_SPLINE_CURVE_WITH_KNOTS ( 'NONE', 3,
 ( #9121, #4024, #2280, #6760 ),
 .UNSPECIFIED., .F., .F.,
 ( 4, 4 ),
 ( 0.0000000000000000000, 1.000000000000000000 ),
 .UNSPECIFIED. ) ;
#796 = CARTESIAN_POINT ( 'NONE',  ( 6.500000000000000000, 15.50000000000000000, 0.0000000000000000000 ) ) ;
#797 = VECTOR ( 'NONE', #8789, 1000.000000000000000 ) ;
#798 = VECTOR ( 'NONE', #2265, 1000.000000000000000 ) ;
#799 = EDGE_CURVE ( 'NONE', #3576, #1912, #7137, .T. ) ;
#800 = CARTESIAN_POINT ( 'NONE',  ( 9.554397331752653599, 13.20000000000010054, 3.431554619278037066 ) ) ;
#801 = ORIENTED_EDGE ( 'NONE', *, *, #9283, .T. ) ;
#802 = EDGE_LOOP ( 'NONE', ( #6621, #5525, #638, #9822 ) ) ;
#803 = CYLINDRICAL_SURFACE ( 'NONE', #2945, 0.2999999999999990452 ) ;
#804 = FACE_OUTER_BOUND ( 'NONE', #8465, .T. ) ;
#805 = LINE ( 'NONE', #5293, #6226 ) ;
#806 = PRESENTATION_LAYER_ASSIGNMENT (  '', '', ( #4203 ) ) ;
#807 = VERTEX_POINT ( 'NONE', #9724 ) ;
#808 = ORIENTED_EDGE ( 'NONE', *, *, #7102, .T. ) ;
#809 = CARTESIAN_POINT ( 'NONE',  ( 8.499999999999998224, 15.30000000000000249, -4.962580537057889707 ) ) ;
#810 = DIRECTION ( 'NONE',  ( 0.0000000000000000000, 0.2290393337273615437, 0.9734171683331489522 ) ) ;
#811 = FACE_OUTER_BOUND ( 'NONE', #3976, .T. ) ;
#813 = ADVANCED_FACE ( 'NONE', ( #1201 ), #10568, .F. ) ;
#812 = CARTESIAN_POINT ( 'NONE',  ( 7.144202832697096994, 15.50000000000000533, 0.8407995993489826292 ) ) ;
#814 = CARTESIAN_POINT ( 'NONE',  ( 10.90000000000000036, 8.261222984375919509, 2.846611471688455630 ) ) ;
#815 = EDGE_CURVE ( 'NONE', #3255, #10921, #9331, .T. ) ;
#816 = VECTOR ( 'NONE', #9637, 1000.000000000000000 ) ;
#817 = ORIENTED_EDGE ( 'NONE', *, *, #7781, .T. ) ;
#818 =( GEOMETRIC_REPRESENTATION_CONTEXT ( 3 ) GLOBAL_UNCERTAINTY_ASSIGNED_CONTEXT ( ( #2938 ) ) GLOBAL_UNIT_ASSIGNED_CONTEXT ( ( #10448, #9493, #3546 ) ) REPRESENTATION_CONTEXT ( 'NONE', 'WORKASPACE' ) );
#819 = CARTESIAN_POINT ( 'NONE',  ( 8.500000000000000000, 15.20000000000004192, 4.059999999999999609 ) ) ;
#820 = CARTESIAN_POINT ( 'NONE',  ( 10.19999999999999751, 5.200000000000000178, -6.303730698346558192 ) ) ;
#821 = LINE ( 'NONE', #6537, #2799 ) ;
#822 = SURFACE_SIDE_STYLE ('',( #4233 ) ) ;
#823 = CARTESIAN_POINT ( 'NONE',  ( 6.500000000000000888, 14.59999999998728981, 2.760000000023410394 ) ) ;
#824 = ORIENTED_EDGE ( 'NONE', *, *, #736, .T. ) ;
#825 = CARTESIAN_POINT ( 'NONE',  ( 8.299999999999995381, 15.30259718358290044, 6.267436327059515477 ) ) ;
#826 = ORIENTED_EDGE ( 'NONE', *, *, #3578, .F. ) ;
#827 = AXIS2_PLACEMENT_3D ( 'NONE', #8235, #561, #9074 ) ;
#828 = EDGE_LOOP ( 'NONE', ( #9625, #6261, #3035, #10723 ) ) ;
#829 = CARTESIAN_POINT ( 'NONE',  ( 9.599999999999999645, 5.398675942255759530, 8.969989388875504233 ) ) ;
#830 = CARTESIAN_POINT ( 'NONE',  ( 7.124852499599955813, 14.49999999999999822, -0.1664342847116568047 ) ) ;
#831 = CYLINDRICAL_SURFACE ( 'NONE', #432, 0.2999999999999981570 ) ;
#832 = CARTESIAN_POINT ( 'NONE',  ( 9.650000000000005684, 15.20000000000007390, -7.819999999999996732 ) ) ;
#833 = CARTESIAN_POINT ( 'NONE',  ( 8.862475782649550382, 13.20000000000013785, -4.134999999999999787 ) ) ;
#834 = CARTESIAN_POINT ( 'NONE',  ( 10.20000000000000107, 5.799999999999997158, 8.936269301653442909 ) ) ;
#835 = VERTEX_POINT ( 'NONE', #1650 ) ;
#836 = AXIS2_PLACEMENT_3D ( 'NONE', #9345, #1666, #671 ) ;
#837 = DIRECTION ( 'NONE',  ( 1.000000000000000000, 0.0000000000000000000, 0.0000000000000000000 ) ) ;
#838 = CARTESIAN_POINT ( 'NONE',  ( 11.19999999999999751, 6.457765876465027866, 1.640940134763995584 ) ) ;
#839 = ORIENTED_EDGE ( 'NONE', *, *, #9077, .T. ) ;
#840 = DIRECTION ( 'NONE',  ( 0.0000000000000000000, 0.0000000000000000000, -1.000000000000000000 ) ) ;
#841 = DIRECTION ( 'NONE',  ( -1.000000000000000000, 0.0000000000000000000, 0.0000000000000000000 ) ) ;
#842 = VECTOR ( 'NONE', #4478, 1000.000000000000000 ) ;
#843 = DIRECTION ( 'NONE',  ( 0.0000000000000000000, -0.0000000000000000000, -1.000000000000000000 ) ) ;
#844 = SURFACE_STYLE_USAGE ( .BOTH. , #8516 ) ;
#845 = CARTESIAN_POINT ( 'NONE',  ( 8.706350832689631503, 15.20000000000007567, 0.2499999999999993616 ) ) ;
#846 = ADVANCED_FACE ( 'NONE', ( #4070 ), #7665, .F. ) ;
#847 = ORIENTED_EDGE ( 'NONE', *, *, #6530, .T. ) ;
#848 = CARTESIAN_POINT ( 'NONE',  ( 4.346153846153830713, 15.41715728752538972, -6.740651128465059649 ) ) ;
#849 = CARTESIAN_POINT ( 'NONE',  ( 4.381965328900975010, 15.37173446289487622, -5.161665786196172334 ) ) ;
#850 = CARTESIAN_POINT ( 'NONE',  ( 8.299999999999997158, 15.50000000000000000, 8.970000000000000639 ) ) ;
#851 = ORIENTED_EDGE ( 'NONE', *, *, #7713, .F. ) ;
#852 = AXIS2_PLACEMENT_3D ( 'NONE', #5870, #6105, #9299 ) ;
#853 = ORIENTED_EDGE ( 'NONE', *, *, #7428, .F. ) ;
#854 = CARTESIAN_POINT ( 'NONE',  ( 8.299999999999998934, 15.50000000000000000, 2.657419462942109956 ) ) ;
#855 = ORIENTED_EDGE ( 'NONE', *, *, #10057, .F. ) ;
#856 = DIRECTION ( 'NONE',  ( -1.000000000000000000, -0.0000000000000000000, -0.0000000000000000000 ) ) ;
#857 = LINE ( 'NONE', #2354, #2548 ) ;
#858 = VECTOR ( 'NONE', #1068, 1000.000000000000000 ) ;
#859 = ADVANCED_FACE ( 'NONE', ( #5143 ), #3395, .F. ) ;
#860 = EDGE_CURVE ( 'NONE', #5816, #4052, #10910, .T. ) ;
#861 = CARTESIAN_POINT ( 'NONE',  ( 9.349999999999994316, 7.246839629513495140, -8.996456251525367875 ) ) ;
#862 = ORIENTED_EDGE ( 'NONE', *, *, #6221, .F. ) ;
#863 = ORIENTED_EDGE ( 'NONE', *, *, #3664, .T. ) ;
#864 = CARTESIAN_POINT ( 'NONE',  ( 8.500000000000000000, 13.19999999999999929, 9.070000000000000284 ) ) ;
#865 = DIRECTION ( 'NONE',  ( 0.0000000000000000000, -0.01298591791445111512, -0.9999156794129788750 ) ) ;
#866 = VECTOR ( 'NONE', #9428, 1000.000000000000000 ) ;
#867 = CARTESIAN_POINT ( 'NONE',  ( 4.346153846153806732, 15.30000000000000071, -2.930651128465032063 ) ) ;
#868 = EDGE_CURVE ( 'NONE', #3071, #10168, #1597, .T. ) ;
#869 = EDGE_LOOP ( 'NONE', ( #6870, #3999, #8557, #5214 ) ) ;
#870 = ORIENTED_EDGE ( 'NONE', *, *, #22, .F. ) ;
#871 = FACE_OUTER_BOUND ( 'NONE', #5576, .T. ) ;
#872 =( BOUNDED_SURFACE ( )  B_SPLINE_SURFACE ( 3, 3, ( 
 ( #10508, #6176, #2974, #8143 ),
 ( #9607, #5403, #6349, #2807 ),
 ( #7928, #6237, #9669, #1980 ),
 ( #8928, #8813, #1257, #2861 ) ),
 .UNSPECIFIED., .F., .F., .F. ) 
 B_SPLINE_SURFACE_WITH_KNOTS ( ( 4, 4 ),
 ( 4, 4 ),
 ( 0.0000000000000000000, 1.000000000000000000 ),
 ( 0.0000000000000000000, 1.000000000000000000 ),
 .UNSPECIFIED. ) 
 GEOMETRIC_REPRESENTATION_ITEM ( )  RATIONAL_B_SPLINE_SURFACE ( (
 ( 1.000000000000000000, 0.8047378541243528360, 0.8047378541243528360, 1.000000000000000000),
 ( 0.8025111867385925635, 0.6458111303268028180, 0.6458111303268028180, 0.8025111867385925635),
 ( 0.8025111867385925635, 0.6458111303268028180, 0.6458111303268028180, 0.8025111867385925635),
 ( 1.000000000000000000, 0.8047378541243528360, 0.8047378541243528360, 1.000000000000000000) ) ) 
 REPRESENTATION_ITEM ( '' )  SURFACE ( )  );
#873 = CARTESIAN_POINT ( 'NONE',  ( 8.404397331752658573, 9.000585821344337489, -2.397148460583278240 ) ) ;
#874 = CARTESIAN_POINT ( 'NONE',  ( 8.706350832689592423, 13.19999999999999929, -0.2499999999999997780 ) ) ;
#875 = LINE ( 'NONE', #928, #3843 ) ;
#876 = PLANE ( 'NONE',  #10210 ) ;
#877 = VECTOR ( 'NONE', #5836, 1000.000000000000000 ) ;
#878 = ORIENTED_EDGE ( 'NONE', *, *, #322, .F. ) ;
#879 = CARTESIAN_POINT ( 'NONE',  ( 8.958889746352308947, 13.20000000000010054, 0.3999999999999990785 ) ) ;
#880 = CARTESIAN_POINT ( 'NONE',  ( 9.449999999999999289, 13.19999999999999929, -3.409999999999999698 ) ) ;
#881 = DIRECTION ( 'NONE',  ( 0.0000000000000000000, 0.0000000000000000000, -1.000000000000000000 ) ) ;
#882 = CARTESIAN_POINT ( 'NONE',  ( 4.075000000000000178, 2.099999999999999645, -84.34799999999999898 ) ) ;
#883 = ORIENTED_EDGE ( 'NONE', *, *, #1942, .T. ) ;
#884 = CARTESIAN_POINT ( 'NONE',  ( 4.499999999999999112, 15.30259718358289689, -2.457436327059514536 ) ) ;
#885 = CIRCLE ( 'NONE', #6068, 0.2000000000000000944 ) ;
#886 = ADVANCED_FACE ( 'NONE', ( #5790 ), #5078, .T. ) ;
#887 = ORIENTED_EDGE ( 'NONE', *, *, #760, .T. ) ;
#888 = EDGE_CURVE ( 'NONE', #5044, #8676, #7487, .T. ) ;
#889 = ORIENTED_EDGE ( 'NONE', *, *, #777, .F. ) ;
#890 = DIRECTION ( 'NONE',  ( 0.0000000000000000000, 1.000000000000000000, 0.0000000000000000000 ) ) ;
#891 = CARTESIAN_POINT ( 'NONE',  ( 9.350000000000001421, 7.669627708953576928, 7.127559387370241417 ) ) ;
#892 = DIRECTION ( 'NONE',  ( 0.0000000000000000000, 0.0000000000000000000, 1.000000000000000000 ) ) ;
#893 = CARTESIAN_POINT ( 'NONE',  ( 20.10000000000000142, 5.500000000000000000, 0.0000000000000000000 ) ) ;
#894 = FACE_BOUND ( 'NONE', #2037, .T. ) ;
#895 = ORIENTED_EDGE ( 'NONE', *, *, #5114, .T. ) ;
#896 = FACE_OUTER_BOUND ( 'NONE', #9303, .T. ) ;
#897 = VECTOR ( 'NONE', #6438, 1000.000000000000114 ) ;
#898 = CARTESIAN_POINT ( 'NONE',  ( 8.862475782649553935, 15.20000000000013962, -7.294999999999999929 ) ) ;
#899 = CARTESIAN_POINT ( 'NONE',  ( 7.125068278012847145, 14.50000000000000000, -3.726761067241151526 ) ) ;
#900 = ORIENTED_EDGE ( 'NONE', *, *, #3717, .F. ) ;
#901 = B_SPLINE_CURVE_WITH_KNOTS ( 'NONE', 3,
 ( #832, #2555, #1498, #5917, #6597, #9341 ),
 .UNSPECIFIED., .F., .F.,
 ( 4, 2, 4 ),
 ( 0.0000000000000000000, 0.5000000000000000000, 1.000000000000000000 ),
 .UNSPECIFIED. ) ;
#902 = ADVANCED_FACE ( 'NONE', ( #1488 ), #9391, .T. ) ;
#903 = LINE ( 'NONE', #3414, #6945 ) ;
#904 = CARTESIAN_POINT ( 'NONE',  ( 7.523120527381448319, 15.50000000000000178, 4.083505443316368222 ) ) ;
#905 = CARTESIAN_POINT ( 'NONE',  ( 11.19999999999999929, 7.312426885322152792, 0.6589853532536378289 ) ) ;
#906 = CARTESIAN_POINT ( 'NONE',  ( 9.650000000000000355, 13.20000000000009877, 7.367640122440166195 ) ) ;
#907 = VERTEX_POINT ( 'NONE', #1712 ) ;
#908 = CARTESIAN_POINT ( 'NONE',  ( 4.499999999999991118, 15.49999999999999645, -6.599756098057613762 ) ) ;
#909 = FACE_OUTER_BOUND ( 'NONE', #10304, .T. ) ;
#910 = CARTESIAN_POINT ( 'NONE',  ( -8.599999999999999645, 6.757765876465089860, -5.615000000000000213 ) ) ;
#911 = ORIENTED_EDGE ( 'NONE', *, *, #593, .T. ) ;
#912 = EDGE_CURVE ( 'NONE', #7526, #173, #1538, .T. ) ;
#913 = CARTESIAN_POINT ( 'NONE',  ( 4.346153846153807621, 15.41715728752538084, -2.930651128465032063 ) ) ;
#914 = CARTESIAN_POINT ( 'NONE',  ( 8.706350832689631503, 13.20000000000007567, 4.059999999999999609 ) ) ;
#915 = CARTESIAN_POINT ( 'NONE',  ( 8.706350832689640384, 13.19999999999999929, 7.870000000000000107 ) ) ;
#916 = CARTESIAN_POINT ( 'NONE',  ( 2.949999999999960210, 9.000000000000000000, 0.0000000000000000000 ) ) ;
#917 = VERTEX_POINT ( 'NONE', #4176 ) ;
#918 = CARTESIAN_POINT ( 'NONE',  ( 11.16915886945139924, 6.591411660520494209, 2.093810931427907196 ) ) ;
#919 = CARTESIAN_POINT ( 'NONE',  ( 1.700000000000000178, 9.000000000000000000, -9.919999999999999929 ) ) ;
#920 = EDGE_CURVE ( 'NONE', #6339, #9288, #7017, .T. ) ;
#921 = CARTESIAN_POINT ( 'NONE',  ( 8.958889746352314276, 15.20000000000010054, -3.410000000000000586 ) ) ;
#922 = ORIENTED_EDGE ( 'NONE', *, *, #4282, .F. ) ;
#923 = ORIENTED_EDGE ( 'NONE', *, *, #6726, .T. ) ;
#924 = CARTESIAN_POINT ( 'NONE',  ( 9.018600732609499460, 13.20000000000010054, 0.1999999999999996503 ) ) ;
#925 = B_SPLINE_CURVE_WITH_KNOTS ( 'NONE', 3,
 ( #7959, #6996, #5486, #1955, #3584, #5379 ),
 .UNSPECIFIED., .F., .F.,
 ( 4, 2, 4 ),
 ( 0.0000000000000000000, 0.5000000000000000000, 1.000000000000000000 ),
 .UNSPECIFIED. ) ;
#926 = DIRECTION ( 'NONE',  ( 2.556434596176350141E-15, 1.000000000000000000, 0.0000000000000000000 ) ) ;
#927 = CARTESIAN_POINT ( 'NONE',  ( 8.706350832689590646, 13.20000000000010054, -3.560000000000000497 ) ) ;
#928 = CARTESIAN_POINT ( 'NONE',  ( 1.474999999999999867, 2.099999999999999645, 8.519999999999999574 ) ) ;
#929 = CARTESIAN_POINT ( 'NONE',  ( 9.018600732609503012, 15.20000000000007567, 8.019999999999999574 ) ) ;
#930 = ORIENTED_EDGE ( 'NONE', *, *, #8474, .F. ) ;
#931 = DIRECTION ( 'NONE',  ( 1.000000000000000000, 0.0000000000000000000, -0.0000000000000000000 ) ) ;
#932 = LINE ( 'NONE', #4345, #10501 ) ;
#933 = PLANE ( 'NONE',  #10106 ) ;
#934 = CARTESIAN_POINT ( 'NONE',  ( 11.12637783952698989, 6.654901203254108388, -5.560474915913450999 ) ) ;
#935 = CARTESIAN_POINT ( 'NONE',  ( 9.628445380721959879, 13.20000000000010054, -3.505602668247342901 ) ) ;
#936 = CARTESIAN_POINT ( 'NONE',  ( 10.19999999999999929, 4.149942555633471919, -3.656705638450854945 ) ) ;
#937 =( BOUNDED_SURFACE ( )  B_SPLINE_SURFACE ( 3, 3, ( 
 ( #1927, #6077, #10514, #9892 ),
 ( #7407, #2979, #530, #1261 ),
 ( #5509, #1468, #3142, #6410 ),
 ( #3039, #6571, #8983, #4674 ) ),
 .UNSPECIFIED., .F., .F., .F. ) 
 B_SPLINE_SURFACE_WITH_KNOTS ( ( 4, 4 ),
 ( 4, 4 ),
 ( 0.0000000000000000000, 1.000000000000000000 ),
 ( 0.0000000000000000000, 1.000000000000000000 ),
 .UNSPECIFIED. ) 
 GEOMETRIC_REPRESENTATION_ITEM ( )  RATIONAL_B_SPLINE_SURFACE ( (
 ( 1.000000000000000000, 0.9738459485536656857, 0.9738459485536656857, 1.000000000000000000),
 ( 0.8047378541244123440, 0.7836906988868297397, 0.7836906988868297397, 0.8047378541244123440),
 ( 0.8047378541244123440, 0.7836906988868297397, 0.7836906988868297397, 0.8047378541244123440),
 ( 1.000000000000000000, 0.9738459485536656857, 0.9738459485536656857, 1.000000000000000000) ) ) 
 REPRESENTATION_ITEM ( '' )  SURFACE ( )  );
#938 = VERTEX_POINT ( 'NONE', #11022 ) ;
#939 = CARTESIAN_POINT ( 'NONE',  ( 8.418034671099022148, 15.30259718358289511, 2.457436327059514092 ) ) ;
#940 = CARTESIAN_POINT ( 'NONE',  ( 9.349999999999997868, 7.009966887054303264, 9.219999999999933138 ) ) ;
#941 = FILL_AREA_STYLE_COLOUR ( '', #5274 ) ;
#942 = CARTESIAN_POINT ( 'NONE',  ( 10.90000000000000036, 7.246839629513499581, -8.996456251525367875 ) ) ;
#943 = VERTEX_POINT ( 'NONE', #3332 ) ;
#944 = CARTESIAN_POINT ( 'NONE',  ( 8.862475782649553935, 15.20000000000009877, 0.3250000000000015099 ) ) ;
#945 = EDGE_CURVE ( 'NONE', #5283, #3545, #14, .T. ) ;
#946 = ORIENTED_EDGE ( 'NONE', *, *, #10655, .F. ) ;
#947 = CARTESIAN_POINT ( 'NONE',  ( 8.706350832689590646, 13.20000000000010054, -3.360000000000000320 ) ) ;
#948 = ORIENTED_EDGE ( 'NONE', *, *, #10571, .F. ) ;
#949 = ADVANCED_FACE ( 'NONE', ( #10301, #1879, #9506, #2818, #85, #2605 ), #6133, .F. ) ;
#950 =( NAMED_UNIT ( * ) SI_UNIT ( $, .STERADIAN. ) SOLID_ANGLE_UNIT ( ) );
#951 = CARTESIAN_POINT ( 'NONE',  ( 6.225164721422755676, 15.50000000000000178, -6.597328689498268339 ) ) ;
#952 = STYLED_ITEM ( 'NONE', ( #9455 ), #986 ) ;
#953 = VERTEX_POINT ( 'NONE', #8718 ) ;
#954 = CARTESIAN_POINT ( 'NONE',  ( 9.449999999999999289, 13.19999999999999929, 3.609999999999999876 ) ) ;
#955 = EDGE_LOOP ( 'NONE', ( #7062, #495, #9203, #4913 ) ) ;
#956 = CARTESIAN_POINT ( 'NONE',  ( 1.474999999999999867, 2.099999999999999645, -0.8999999999999998002 ) ) ;
#957 = CARTESIAN_POINT ( 'NONE',  ( 8.352359877559830892, 9.000432863930479144, 5.244409962806095393 ) ) ;
#958 = CARTESIAN_POINT ( 'NONE',  ( 11.19999999999999751, 6.457765876465027866, 1.640940134763995584 ) ) ;
#959 = CARTESIAN_POINT ( 'NONE',  ( 9.018600732609497683, 13.20000000000010054, 4.209999999999999076 ) ) ;
#960 = ORIENTED_EDGE ( 'NONE', *, *, #1904, .T. ) ;
#961 = CARTESIAN_POINT ( 'NONE',  ( 9.449999999999999289, 13.20000000000005258, -8.019999999999999574 ) ) ;
#962 = EDGE_CURVE ( 'NONE', #632, #835, #9623, .T. ) ;
#963 = PLANE ( 'NONE',  #1359 ) ;
#964 = ADVANCED_FACE ( 'NONE', ( #1096 ), #5307, .T. ) ;
#965 = DIRECTION ( 'NONE',  ( -1.000000000000000000, -4.336808689942017736E-16, -0.0000000000000000000 ) ) ;
#966 = EDGE_LOOP ( 'NONE', ( #8801, #5850, #10648, #10499 ) ) ;
#967 = ORIENTED_EDGE ( 'NONE', *, *, #7758, .F. ) ;
#968 = CARTESIAN_POINT ( 'NONE',  ( 8.478445380721959523, 15.40439733175265857, 4.962580537057889707 ) ) ;
#969 = CIRCLE ( 'NONE', #7943, 1.049999999999999822 ) ;
#970 = CARTESIAN_POINT ( 'NONE',  ( 4.299999999999999822, 15.50000000000000000, -8.772580537057889316 ) ) ;
#971 = B_SPLINE_CURVE_WITH_KNOTS ( 'NONE', 3,
 ( #6089, #1828, #8667, #994 ),
 .UNSPECIFIED., .F., .F.,
 ( 4, 4 ),
 ( 0.0000000000000000000, 1.000000000000000000 ),
 .UNSPECIFIED. ) ;
#972 = CARTESIAN_POINT ( 'NONE',  ( -0.9999999999999997780, 15.50000000000000000, -8.970000000000000639 ) ) ;
#973 = CARTESIAN_POINT ( 'NONE',  ( 9.650000000000002132, 13.20000000000010054, 7.872359877559829577 ) ) ;
#974 = ORIENTED_EDGE ( 'NONE', *, *, #6570, .T. ) ;
#975 = VECTOR ( 'NONE', #9924, 1000.000000000000000 ) ;
#976 = FILL_AREA_STYLE ('',( #4276 ) ) ;
#977 = DIRECTION ( 'NONE',  ( 1.000000000000000000, 0.0000000000000000000, 0.0000000000000000000 ) ) ;
#978 = CARTESIAN_POINT ( 'NONE',  ( 9.599999999999999645, 5.601264653248205327, -5.159965361580809429 ) ) ;
#979 = ORIENTED_EDGE ( 'NONE', *, *, #7458, .T. ) ;
#980 = CARTESIAN_POINT ( 'NONE',  ( 9.650000000000002132, 13.20000000000007567, 3.610000000000004317 ) ) ;
#981 = VECTOR ( 'NONE', #10450, 1000.000000000000000 ) ;
#982 = VECTOR ( 'NONE', #5491, 1000.000000000000114 ) ;
#983 =( NAMED_UNIT ( * ) PLANE_ANGLE_UNIT ( ) SI_UNIT ( $, .RADIAN. ) );
#984 = CYLINDRICAL_SURFACE ( 'NONE', #3665, 0.2000000000000005107 ) ;
#985 = LINE ( 'NONE', #7840, #6766 ) ;
#986 = ADVANCED_FACE ( 'NONE', ( #1044 ), #10523, .T. ) ;
#987 = ORIENTED_EDGE ( 'NONE', *, *, #1405, .T. ) ;
#988 = CARTESIAN_POINT ( 'NONE',  ( 9.599999999999999645, 5.701264653248194314, 6.281288698636970480 ) ) ;
#989 = CIRCLE ( 'NONE', #1350, 0.5000000000000004441 ) ;
#990 = CARTESIAN_POINT ( 'NONE',  ( 4.346153846150550670, 9.000000000000000000, 4.689348871541406005 ) ) ;
#991 =( NAMED_UNIT ( * ) PLANE_ANGLE_UNIT ( ) SI_UNIT ( $, .RADIAN. ) );
#992 = FACE_OUTER_BOUND ( 'NONE', #4135, .T. ) ;
#993 = ORIENTED_EDGE ( 'NONE', *, *, #9554, .T. ) ;
#994 = CARTESIAN_POINT ( 'NONE',  ( 8.706350832689631503, 13.20000000000007567, 0.2499999999999993616 ) ) ;
#995 = CIRCLE ( 'NONE', #4393, 0.2000000000000003164 ) ;
#996 = AXIS2_PLACEMENT_3D ( 'NONE', #2859, #8037, #7185 ) ;
#997 =( LENGTH_UNIT ( ) NAMED_UNIT ( * ) SI_UNIT ( .MILLI., .METRE. ) );
#998 = CARTESIAN_POINT ( 'NONE',  ( 9.599999999999999645, 5.398735346751791120, 2.460034638419191566 ) ) ;
#999 = EDGE_CURVE ( 'NONE', #2502, #557, #1486, .T. ) ;
#1000 = ADVANCED_FACE ( 'NONE', ( #1771 ), #2763, .F. ) ;
#1001 = CARTESIAN_POINT ( 'NONE',  ( 6.500000000000000888, 15.50000000000000000, -1.049999999999999822 ) ) ;
#1002 = VERTEX_POINT ( 'NONE', #6979 ) ;
#1003 = DIRECTION ( 'NONE',  ( 0.0000000000000000000, -1.000000000000000000, 0.0000000000000000000 ) ) ;
#1004 = VERTEX_POINT ( 'NONE', #2708 ) ;
#1005 = DIRECTION ( 'NONE',  ( -1.000000000000000000, 0.0000000000000000000, 0.0000000000000000000 ) ) ;
#1006 = AXIS2_PLACEMENT_3D ( 'NONE', #3029, #2088, #6454 ) ;
#1007 = CARTESIAN_POINT ( 'NONE',  ( 10.50000000000000000, 1.299999999999999822, -9.919999999999999929 ) ) ;
#1008 = CARTESIAN_POINT ( 'NONE',  ( 8.706350832689631503, 13.20000000000007567, -7.870000000000000107 ) ) ;
#1009 =( NAMED_UNIT ( * ) SI_UNIT ( $, .STERADIAN. ) SOLID_ANGLE_UNIT ( ) );
#1010 = VERTEX_POINT ( 'NONE', #6889 ) ;
#1011 = DIRECTION ( 'NONE',  ( -0.0000000000000000000, -0.0000000000000000000, -1.000000000000000000 ) ) ;
#1012 = CARTESIAN_POINT ( 'NONE',  ( 0.7749999999999999112, -4.440892098500626162E-16, 1.499999999999999556 ) ) ;
#1013 = CARTESIAN_POINT ( 'NONE',  ( 10.89999999999999858, 6.585137115330581103, -1.896239973002878942 ) ) ;
#1014 = CARTESIAN_POINT ( 'NONE',  ( 0.7749999999999999112, -4.440892098500626162E-16, 5.309999999999999609 ) ) ;
#1015 = AXIS2_PLACEMENT_3D ( 'NONE', #9986, #3979, #2285 ) ;
#1016 = EDGE_LOOP ( 'NONE', ( #7020, #9369, #8807, #10953 ) ) ;
#1017 = CARTESIAN_POINT ( 'NONE',  ( 9.650000000000005684, 15.20000000000007390, 0.1999999999999953204 ) ) ;
#1018 = CARTESIAN_POINT ( 'NONE',  ( 11.19999999999999751, 7.875225272954531341, 8.378413718045013781 ) ) ;
#1019 = CARTESIAN_POINT ( 'NONE',  ( 9.450000000000001066, 13.19999999999999929, 7.219999999999999751 ) ) ;
#1020 = VERTEX_POINT ( 'NONE', #7752 ) ;
#1021 = ORIENTED_EDGE ( 'NONE', *, *, #337, .T. ) ;
#1022 = VECTOR ( 'NONE', #1050, 1000.000000000000000 ) ;
#1023 = CARTESIAN_POINT ( 'NONE',  ( 6.500000000000000000, 15.50000000000000000, -7.620000000000000107 ) ) ;
#1024 = ADVANCED_FACE ( 'NONE', ( #4370 ), #47, .F. ) ;
#1025 = CARTESIAN_POINT ( 'NONE',  ( 4.500000000000010658, 9.000000000000000000, 1.434415584415587697 ) ) ;
#1026 = EDGE_CURVE ( 'NONE', #10958, #1812, #420, .T. ) ;
#1027 = FACE_BOUND ( 'NONE', #6045, .T. ) ;
#1028 = CARTESIAN_POINT ( 'NONE',  ( 4.515384615384575362, 15.50000000000000000, 4.795936613539206306 ) ) ;
#1029 = VECTOR ( 'NONE', #9130, 1000.000000000000000 ) ;
#1030 = CARTESIAN_POINT ( 'NONE',  ( 4.500000000000010658, 9.000000000000000000, 5.244415584415587972 ) ) ;
#1031 = LINE ( 'NONE', #3602, #6691 ) ;
#1032 = CARTESIAN_POINT ( 'NONE',  ( 11.16330486981892989, 6.772005793557915432, -9.219998151808418640 ) ) ;
#1033 = DIRECTION ( 'NONE',  ( 0.0000000000000000000, 1.000000000000000000, 0.0000000000000000000 ) ) ;
#1034 = EDGE_LOOP ( 'NONE', ( #7698, #8100, #7289, #10437 ) ) ;
#1035 = DIRECTION ( 'NONE',  ( 2.556434596176350141E-15, 1.000000000000000000, 0.0000000000000000000 ) ) ;
#1036 = VECTOR ( 'NONE', #6932, 1000.000000000000000 ) ;
#1037 = CARTESIAN_POINT ( 'NONE',  ( 8.299999999999995381, 15.30259718358290222, -5.162563672940486903 ) ) ;
#1038 = DIRECTION ( 'NONE',  ( 1.000000000000000000, 1.412560544723970047E-16, 0.0000000000000000000 ) ) ;
#1039 = CARTESIAN_POINT ( 'NONE',  ( 4.346153846153822720, 15.50000000000009948, 6.740651128465057873 ) ) ;
#1040 = VERTEX_POINT ( 'NONE', #2788 ) ;
#1041 = DIRECTION ( 'NONE',  ( 1.000000000000000000, 0.0000000000000000000, 0.0000000000000000000 ) ) ;
#1042 = STYLED_ITEM ( 'NONE', ( #9696 ), #9162 ) ;
#1043 = FACE_OUTER_BOUND ( 'NONE', #5981, .T. ) ;
#1044 = FACE_OUTER_BOUND ( 'NONE', #10432, .T. ) ;
#1045 = DIRECTION ( 'NONE',  ( 0.0000000000000000000, 0.0000000000000000000, -1.000000000000000000 ) ) ;
#1046 = CARTESIAN_POINT ( 'NONE',  ( 4.515384615384593125, 15.29999999999999893, 2.824063386460821778 ) ) ;
#1047 = ORIENTED_EDGE ( 'NONE', *, *, #7019, .T. ) ;
#1048 = EDGE_CURVE ( 'NONE', #173, #4894, #1067, .T. ) ;
#1049 = VECTOR ( 'NONE', #10409, 1000.000000000000000 ) ;
#1050 = DIRECTION ( 'NONE',  ( 1.000000000000000000, -0.0000000000000000000, 0.0000000000000000000 ) ) ;
#1051 = VECTOR ( 'NONE', #627, 1000.000000000000000 ) ;
#1052 = CARTESIAN_POINT ( 'NONE',  ( 4.500000000000010658, 9.000000000000000000, 5.244415584415587972 ) ) ;
#1053 = CARTESIAN_POINT ( 'NONE',  ( 10.89999999999999858, 7.572597067020652162, -6.813512615486454926 ) ) ;
#1054 = EDGE_LOOP ( 'NONE', ( #3557, #1748, #993, #5977 ) ) ;
#1055 = LINE ( 'NONE', #9405, #9582 ) ;
#1056 = CARTESIAN_POINT ( 'NONE',  ( -0.9999999999999997780, 15.30259718358290044, -2.457436327059517644 ) ) ;
#1057 = PLANE ( 'NONE',  #5482 ) ;
#1058 = AXIS2_PLACEMENT_3D ( 'NONE', #3876, #4929, #5709 ) ;
#1059 = CARTESIAN_POINT ( 'NONE',  ( 4.500000000000000000, 15.50000000000000000, 4.962580537057889707 ) ) ;
#1060 = ORIENTED_EDGE ( 'NONE', *, *, #4738, .T. ) ;
#1061 = B_SPLINE_CURVE_WITH_KNOTS ( 'NONE', 3,
 ( #5276, #906, #1117, #8634, #165, #3589 ),
 .UNSPECIFIED., .F., .F.,
 ( 4, 2, 4 ),
 ( 0.0000000000000000000, 0.5000000000000000000, 1.000000000000000000 ),
 .UNSPECIFIED. ) ;
#1062 = VERTEX_POINT ( 'NONE', #7912 ) ;
#1063 = ADVANCED_FACE ( 'NONE', ( #5102 ), #2625, .F. ) ;
#1064 = EDGE_CURVE ( 'NONE', #11095, #8222, #9367, .T. ) ;
#1065 = ORIENTED_EDGE ( 'NONE', *, *, #10638, .T. ) ;
#1066 = CARTESIAN_POINT ( 'NONE',  ( 8.825156416238806756, 13.20000000000020002, -7.341611873707319269 ) ) ;
#1067 = LINE ( 'NONE', #4485, #4708 ) ;
#1068 = DIRECTION ( 'NONE',  ( 0.0000000000000000000, 1.000000000000000000, 0.0000000000000000000 ) ) ;
#1069 = CIRCLE ( 'NONE', #7327, 0.2000000000000000944 ) ;
#1070 = DIRECTION ( 'NONE',  ( 0.0000000000000000000, -1.000000000000000000, 0.0000000000000000000 ) ) ;
#1071 = AXIS2_PLACEMENT_3D ( 'NONE', #780, #5218, #5869 ) ;
#1072 = CARTESIAN_POINT ( 'NONE',  ( 9.554397331752653599, 13.20000000000010054, -4.188445380721962152 ) ) ;
#1073 = CARTESIAN_POINT ( 'NONE',  ( 8.501103551519474166, 15.30150824295815859, 1.268715244836776002 ) ) ;
#1074 = CARTESIAN_POINT ( 'NONE',  ( 11.20000000000000107, 6.602014929506932361, -2.253579201446522795 ) ) ;
#1075 = ADVANCED_FACE ( 'NONE', ( #6828 ), #10323, .T. ) ;
#1076 = ORIENTED_EDGE ( 'NONE', *, *, #8186, .T. ) ;
#1077 = ORIENTED_EDGE ( 'NONE', *, *, #7879, .T. ) ;
#1078 = FACE_OUTER_BOUND ( 'NONE', #6555, .T. ) ;
#1079 = SURFACE_STYLE_USAGE ( .BOTH. , #8754 ) ;
#1080 = CARTESIAN_POINT ( 'NONE',  ( 6.500000000000000888, 14.59999999999999964, -1.050000000030608449 ) ) ;
#1081 = CARTESIAN_POINT ( 'NONE',  ( 8.706350832689590646, 15.20000000000010054, -3.560000000000000497 ) ) ;
#1082 = CARTESIAN_POINT ( 'NONE',  ( 8.706350832689590646, 13.20000000000010054, 4.259999999999999787 ) ) ;
#1083 = ADVANCED_FACE ( 'NONE', ( #10265, #3587 ), #10434, .T. ) ;
#1084 = ADVANCED_FACE ( 'NONE', ( #5991 ), #1735, .T. ) ;
#1085 = CARTESIAN_POINT ( 'NONE',  ( 1.474999999999999867, 2.099999999999999645, -0.8999999999999998002 ) ) ;
#1086 = LINE ( 'NONE', #4501, #3538 ) ;
#1087 = FACE_OUTER_BOUND ( 'NONE', #4325, .T. ) ;
#1088 = EDGE_LOOP ( 'NONE', ( #3405, #9421, #764, #1637 ) ) ;
#1089 = ORIENTED_EDGE ( 'NONE', *, *, #539, .F. ) ;
#1090 = CARTESIAN_POINT ( 'NONE',  ( 10.89999999999999858, 5.500000000000000000, 0.0000000000000000000 ) ) ;
#1091 = LINE ( 'NONE', #9384, #3941 ) ;
#1092 = ORIENTED_EDGE ( 'NONE', *, *, #6740, .T. ) ;
#1093 = LINE ( 'NONE', #3391, #8511 ) ;
#1094 = EDGE_CURVE ( 'NONE', #7830, #8103, #9473, .T. ) ;
#1095 = CARTESIAN_POINT ( 'NONE',  ( 11.16614236241979263, 6.597481745826105026, -5.901152689261150996 ) ) ;
#1096 = FACE_OUTER_BOUND ( 'NONE', #2933, .T. ) ;
#1097 = B_SPLINE_CURVE_WITH_KNOTS ( 'NONE', 3,
 ( #6849, #921, #7018, #2751 ),
 .UNSPECIFIED., .F., .F.,
 ( 4, 4 ),
 ( 0.0000000000000000000, 1.000000000000000000 ),
 .UNSPECIFIED. ) ;
#1098 = CARTESIAN_POINT ( 'NONE',  ( 10.19999999999999929, 4.910851546925825595, -5.033996747325983456 ) ) ;
#1099 = EDGE_LOOP ( 'NONE', ( #9706, #7680, #6269, #7573 ) ) ;
#1100 = PLANE ( 'NONE',  #2089 ) ;
#1101 = LINE ( 'NONE', #8002, #5161 ) ;
#1102 = DIRECTION ( 'NONE',  ( -0.0000000000000000000, -0.9284351071399689070, 0.3714946188439269825 ) ) ;
#1103 = FACE_OUTER_BOUND ( 'NONE', #5823, .T. ) ;
#1104 = LINE ( 'NONE', #5370, #5109 ) ;
#1105 = EDGE_LOOP ( 'NONE', ( #3669, #7972, #8592, #4525 ) ) ;
#1106 = LINE ( 'NONE', #7952, #6368 ) ;
#1107 = ORIENTED_EDGE ( 'NONE', *, *, #1246, .F. ) ;
#1108 = EDGE_CURVE ( 'NONE', #10306, #5548, #2693, .T. ) ;
#1109 = DIRECTION ( 'NONE',  ( -1.000000000000000000, 0.0000000000000000000, -1.531342102931250010E-16 ) ) ;
#1110 = LINE ( 'NONE', #7956, #9026 ) ;
#1111 = ORIENTED_EDGE ( 'NONE', *, *, #6359, .T. ) ;
#1112 = FACE_OUTER_BOUND ( 'NONE', #11053, .T. ) ;
#1113 = ORIENTED_EDGE ( 'NONE', *, *, #9312, .T. ) ;
#1114 = CARTESIAN_POINT ( 'NONE',  ( 8.706350832689592423, 13.20000000000010054, -7.370000000000000107 ) ) ;
#1115 = LINE ( 'NONE', #2066, #6658 ) ;
#1116 = CARTESIAN_POINT ( 'NONE',  ( 9.502359877559831247, 13.20000000000009877, 0.3999999999999995781 ) ) ;
#1117 = CARTESIAN_POINT ( 'NONE',  ( 9.628445380721961655, 13.20000000000010232, 7.315602668247345619 ) ) ;
#1118 = ORIENTED_EDGE ( 'NONE', *, *, #1280, .F. ) ;
#1119 = LINE ( 'NONE', #9480, #7409 ) ;
#1120 = ORIENTED_EDGE ( 'NONE', *, *, #5920, .F. ) ;
#1121 = CARTESIAN_POINT ( 'NONE',  ( 8.500000000000000000, 9.000000000000000000, -1.434415584415591027 ) ) ;
#1122 = ADVANCED_FACE ( 'NONE', ( #3804 ), #5432, .T. ) ;
#1123 = EDGE_CURVE ( 'NONE', #4565, #1627, #387, .T. ) ;
#1124 = AXIS2_PLACEMENT_3D ( 'NONE', #6252, #1991, #2660 ) ;
#1125 = DIRECTION ( 'NONE',  ( -1.000000000000000000, -1.066083429980355782E-17, -3.731292004931244158E-17 ) ) ;
#1126 = ORIENTED_EDGE ( 'NONE', *, *, #1304, .F. ) ;
#1127 = EDGE_LOOP ( 'NONE', ( #1985, #8715, #9893, #4728 ) ) ;
#1128 = DIRECTION ( 'NONE',  ( 0.0000000000000000000, 1.000000000000000000, 0.0000000000000000000 ) ) ;
#1129 = COLOUR_RGB ( '',1.000000000000000000, 1.000000000000000000, 1.000000000000000000 ) ;
#1130 = DIRECTION ( 'NONE',  ( -1.000000000000000000, 0.0000000000000000000, 0.0000000000000000000 ) ) ;
#1131 = LINE ( 'NONE', #7923, #10093 ) ;
#1132 = CARTESIAN_POINT ( 'NONE',  ( 9.628445380721959879, 13.20000000000010054, 7.924397331752656370 ) ) ;
#1133 = EDGE_CURVE ( 'NONE', #3089, #534, #9699, .T. ) ;
#1135 = EDGE_CURVE ( 'NONE', #5784, #8313, #1891, .T. ) ;
#1134 = DIRECTION ( 'NONE',  ( 0.0000000000000000000, 0.0000000000000000000, -1.000000000000000000 ) ) ;
#1136 = CARTESIAN_POINT ( 'NONE',  ( 9.599999999999999645, 5.799999999999998934, -1.810000000000020037 ) ) ;
#1137 = VECTOR ( 'NONE', #2399, 1000.000000000000000 ) ;
#1138 = DIRECTION ( 'NONE',  ( 0.0000000000000000000, 0.0000000000000000000, -1.000000000000000000 ) ) ;
#1139 = SURFACE_SIDE_STYLE ('',( #5455 ) ) ;
#1140 = LINE ( 'NONE', #7985, #8643 ) ;
#1141 = ORIENTED_EDGE ( 'NONE', *, *, #1875, .F. ) ;
#1142 = CARTESIAN_POINT ( 'NONE',  ( 9.600000000000001421, 5.298320445220255692, -6.281346032661024203 ) ) ;
#1143 = EDGE_CURVE ( 'NONE', #10868, #3255, #2173, .T. ) ;
#1144 = CARTESIAN_POINT ( 'NONE',  ( 11.20000000000000284, 5.500000000000000000, -5.160000000000020570 ) ) ;
#1145 = AXIS2_PLACEMENT_3D ( 'NONE', #2843, #2227, #8911 ) ;
#1146 = ORIENTED_EDGE ( 'NONE', *, *, #7878, .T. ) ;
#1147 = CARTESIAN_POINT ( 'NONE',  ( 8.862475782649553935, 15.20000000000013962, 7.294999999999999929 ) ) ;
#1148 = CARTESIAN_POINT ( 'NONE',  ( 1.475000000000000089, 2.099999999999999645, 2.909999999999997922 ) ) ;
#1149 = AXIS2_PLACEMENT_3D ( 'NONE', #10399, #8704, #5183 ) ;
#1150 =( GEOMETRIC_REPRESENTATION_CONTEXT ( 3 ) GLOBAL_UNCERTAINTY_ASSIGNED_CONTEXT ( ( #8786 ) ) GLOBAL_UNIT_ASSIGNED_CONTEXT ( ( #2683, #10549, #9589 ) ) REPRESENTATION_CONTEXT ( 'NONE', 'WORKASPACE' ) );
#1151 = FACE_OUTER_BOUND ( 'NONE', #72, .T. ) ;
#1152 = EDGE_LOOP ( 'NONE', ( #6033, #9172, #212, #9799 ) ) ;
#1153 = EDGE_CURVE ( 'NONE', #2230, #1406, #2948, .T. ) ;
#1154 = DIRECTION ( 'NONE',  ( 0.0000000000000000000, 0.0000000000000000000, -1.000000000000000000 ) ) ;
#1155 = EDGE_CURVE ( 'NONE', #224, #10114, #9756, .T. ) ;
#1156 = CARTESIAN_POINT ( 'NONE',  ( 9.599999999999999645, 5.500000000000000000, 2.460008330676609845 ) ) ;
#1157 = CARTESIAN_POINT ( 'NONE',  ( 9.018600732609499460, 13.20000000000007567, -8.019999999999999574 ) ) ;
#1158 = VERTEX_POINT ( 'NONE', #7278 ) ;
#1159 = VECTOR ( 'NONE', #4582, 1000.000000000000000 ) ;
#1160 = LINE ( 'NONE', #8998, #1159 ) ;
#1161 =( BOUNDED_SURFACE ( )  B_SPLINE_SURFACE ( 3, 3, ( 
 ( #10563, #8757, #5234, #6173 ),
 ( #2643, #6064, #1806, #4390 ),
 ( #7829, #2692, #9539, #6117 ),
 ( #1028, #3598, #7924, #1857 ) ),
 .UNSPECIFIED., .F., .F., .F. ) 
 B_SPLINE_SURFACE_WITH_KNOTS ( ( 4, 4 ),
 ( 4, 4 ),
 ( 0.0000000000000000000, 1.000000000000000000 ),
 ( 0.0000000000000000000, 1.000000000000000000 ),
 .UNSPECIFIED. ) 
 GEOMETRIC_REPRESENTATION_ITEM ( )  RATIONAL_B_SPLINE_SURFACE ( (
 ( 1.000000000000000000, 0.8974358974359007979, 0.8974358974359007979, 1.000000000000000000),
 ( 0.8047378541243670469, 0.7222006383167424159, 0.7222006383167424159, 0.8047378541243670469),
 ( 0.8047378541243670469, 0.7222006383167424159, 0.7222006383167424159, 0.8047378541243670469),
 ( 1.000000000000000000, 0.8974358974359007979, 0.8974358974359007979, 1.000000000000000000) ) ) 
 REPRESENTATION_ITEM ( '' )  SURFACE ( )  );
#1162 = ORIENTED_EDGE ( 'NONE', *, *, #9271, .F. ) ;
#1163 = CARTESIAN_POINT ( 'NONE',  ( 4.599999999999959677, 15.30000000000000071, 4.849230484541330100 ) ) ;
#1164 = ORIENTED_EDGE ( 'NONE', *, *, #7286, .T. ) ;
#1165 = UNCERTAINTY_MEASURE_WITH_UNIT (LENGTH_MEASURE( 1.000000000000000082E-05 ), #7531, 'distance_accuracy_value', 'NONE');
#1166 = B_SPLINE_CURVE_WITH_KNOTS ( 'NONE', 3,
 ( #6909, #7711, #2747, #3490, #4392, #1030 ),
 .UNSPECIFIED., .F., .F.,
 ( 4, 2, 4 ),
 ( 0.0000000000000000000, 0.5000000000000000000, 1.000000000000000000 ),
 .UNSPECIFIED. ) ;
#1167 = CARTESIAN_POINT ( 'NONE',  ( 1.274999999999999911, -3.734611826138641261E-16, 9.919999999999999929 ) ) ;
#1168 = VERTEX_POINT ( 'NONE', #6327 ) ;
#1169 = LINE ( 'NONE', #6944, #9667 ) ;
#1170 = AXIS2_PLACEMENT_3D ( 'NONE', #6145, #6041, #6097 ) ;
#1171 = PLANE ( 'NONE',  #3736 ) ;
#1172 = AXIS2_PLACEMENT_3D ( 'NONE', #6234, #353, #2805 ) ;
#1173 = ORIENTED_EDGE ( 'NONE', *, *, #5326, .T. ) ;
#1174 =( LENGTH_UNIT ( ) NAMED_UNIT ( * ) SI_UNIT ( .MILLI., .METRE. ) );
#1175 = CARTESIAN_POINT ( 'NONE',  ( 7.109206983066052032, 14.49999999999999822, 3.972238301182774212 ) ) ;
#1176 =( NAMED_UNIT ( * ) PLANE_ANGLE_UNIT ( ) SI_UNIT ( $, .RADIAN. ) );
#1177 = CARTESIAN_POINT ( 'NONE',  ( -8.599999999999999645, 5.500000000000000000, 0.0000000000000000000 ) ) ;
#1178 = VERTEX_POINT ( 'NONE', #8795 ) ;
#1179 = CARTESIAN_POINT ( 'NONE',  ( 4.799894832520220866, 15.50000000000000355, -7.270394123952432786 ) ) ;
#1180 = ORIENTED_EDGE ( 'NONE', *, *, #8589, .T. ) ;
#1181 = CARTESIAN_POINT ( 'NONE',  ( 4.299999999999960743, 15.41715728752537906, -2.770769515458659349 ) ) ;
#1182 = ORIENTED_EDGE ( 'NONE', *, *, #2537, .F. ) ;
#1183 = AXIS2_PLACEMENT_3D ( 'NONE', #7744, #8675, #5157 ) ;
#1184 = VECTOR ( 'NONE', #10150, 1000.000000000000000 ) ;
#1185 = SURFACE_STYLE_FILL_AREA ( #3814 ) ;
#1186 = ORIENTED_EDGE ( 'NONE', *, *, #7878, .F. ) ;
#1187 = B_SPLINE_CURVE_WITH_KNOTS ( 'NONE', 3,
 ( #1867, #2533, #5298, #7719 ),
 .UNSPECIFIED., .F., .F.,
 ( 4, 4 ),
 ( 0.0000000000000000000, 1.000000000000000000 ),
 .UNSPECIFIED. ) ;
#1188 = ORIENTED_EDGE ( 'NONE', *, *, #10616, .F. ) ;
#1189 = CARTESIAN_POINT ( 'NONE',  ( 9.628445380721966984, 15.20000000000009699, 7.315602668247343843 ) ) ;
#1190 = ORIENTED_EDGE ( 'NONE', *, *, #2621, .F. ) ;
#1191 = LINE ( 'NONE', #3819, #155 ) ;
#1192 = VECTOR ( 'NONE', #10496, 1000.000000000000000 ) ;
#1193 = EDGE_CURVE ( 'NONE', #323, #11008, #1115, .T. ) ;
#1194 = LINE ( 'NONE', #4608, #4060 ) ;
#1195 = DIRECTION ( 'NONE',  ( 0.0000000000000000000, -0.01298591791445111512, -0.9999156794129788750 ) ) ;
#1196 = CARTESIAN_POINT ( 'NONE',  ( 8.299999999999997158, 15.30259718358289689, -2.457436327059516756 ) ) ;
#1197 = DIRECTION ( 'NONE',  ( -1.000000000000000000, 0.0000000000000000000, -0.0000000000000000000 ) ) ;
#1198 = CARTESIAN_POINT ( 'NONE',  ( 8.706350832689640384, 13.19999999999999929, -7.870000000000000107 ) ) ;
#1199 = VECTOR ( 'NONE', #7107, 1000.000000000000000 ) ;
#1200 =( LENGTH_UNIT ( ) NAMED_UNIT ( * ) SI_UNIT ( .MILLI., .METRE. ) );
#1201 = FACE_OUTER_BOUND ( 'NONE', #3527, .T. ) ;
#1202 = VERTEX_POINT ( 'NONE', #7114 ) ;
#1203 = EDGE_LOOP ( 'NONE', ( #7703, #5856 ) ) ;
#1204 = DIRECTION ( 'NONE',  ( -3.880602260699040389E-17, 0.2747211278973781257, -0.9615239476408231623 ) ) ;
#1205 = ADVANCED_FACE ( 'NONE', ( #10699 ), #6484, .F. ) ;
#1206 = EDGE_CURVE ( 'NONE', #1002, #6458, #3084, .T. ) ;
#1207 = FACE_OUTER_BOUND ( 'NONE', #7124, .T. ) ;
#1208 = B_SPLINE_CURVE_WITH_KNOTS ( 'NONE', 3,
 ( #10333, #8641, #2637, #968, #8528, #11052 ),
 .UNSPECIFIED., .F., .F.,
 ( 4, 2, 4 ),
 ( 0.0000000000000000000, 0.5000000000000000000, 1.000000000000000000 ),
 .UNSPECIFIED. ) ;
#1209 = VECTOR ( 'NONE', #2424, 1000.000000000000114 ) ;
#1210 = LINE ( 'NONE', #3726, #1939 ) ;
#1211 = EDGE_LOOP ( 'NONE', ( #11028, #6214, #7557, #489 ) ) ;
#1212 = CARTESIAN_POINT ( 'NONE',  ( 8.501103551519472390, 15.30150824295815859, 5.078715244836774723 ) ) ;
#1213 = DIRECTION ( 'NONE',  ( 1.000000000000000000, -2.556434596176350141E-15, 2.168404344971008868E-15 ) ) ;
#1214 = EDGE_CURVE ( 'NONE', #3850, #8772, #8563, .T. ) ;
#1215 = ORIENTED_EDGE ( 'NONE', *, *, #8297, .T. ) ;
#1216 = CARTESIAN_POINT ( 'NONE',  ( 4.500000000000000000, 15.30000000000000426, 8.772580537057889316 ) ) ;
#1217 = VERTEX_POINT ( 'NONE', #1235 ) ;
#1218 = CARTESIAN_POINT ( 'NONE',  ( 8.478445380721961300, 9.000489967319662554, 8.958798491003395981 ) ) ;
#1219 = DIRECTION ( 'NONE',  ( 0.0000000000000000000, -0.9999156794129788750, 0.01298591791445416303 ) ) ;
#1220 = LINE ( 'NONE', #8107, #10282 ) ;
#1221 = DIRECTION ( 'NONE',  ( 0.0000000000000000000, 0.0000000000000000000, -1.000000000000000000 ) ) ;
#1222 = CIRCLE ( 'NONE', #3359, 1.649999999999999911 ) ;
#1223 = FACE_OUTER_BOUND ( 'NONE', #10792, .T. ) ;
#1224 = EDGE_LOOP ( 'NONE', ( #5381, #10550, #7380, #9204 ) ) ;
#1225 = DIRECTION ( 'NONE',  ( 0.0000000000000000000, 0.0000000000000000000, -1.000000000000000000 ) ) ;
#1226 = EDGE_LOOP ( 'NONE', ( #696, #2901, #4072, #5693 ) ) ;
#1227 = CARTESIAN_POINT ( 'NONE',  ( 0.2999999999999999889, 8.199999999999999289, 9.919999999999999929 ) ) ;
#1228 = ADVANCED_FACE ( 'NONE', ( #9869 ), #1958, .F. ) ;
#1229 = EDGE_CURVE ( 'NONE', #1178, #2050, #9813, .T. ) ;
#1230 = CARTESIAN_POINT ( 'NONE',  ( 4.505265930546576314, 15.50000000000000178, -4.812002183430569957 ) ) ;
#1231 = ORIENTED_EDGE ( 'NONE', *, *, #1838, .T. ) ;
#1232 = PRESENTATION_LAYER_ASSIGNMENT (  '', '', ( #1042 ) ) ;
#1233 = SURFACE_STYLE_FILL_AREA ( #3695 ) ;
#1234 = CARTESIAN_POINT ( 'NONE',  ( 9.350000000000001421, 7.613962490431086749, 0.7046455646664712136 ) ) ;
#1235 = CARTESIAN_POINT ( 'NONE',  ( 8.500000000000000000, 15.20000000000002593, -0.2500000000000002220 ) ) ;
#1236 = CARTESIAN_POINT ( 'NONE',  ( 7.125068278012913758, 14.49999999999999822, 7.703238932759148838 ) ) ;
#1237 =( BOUNDED_SURFACE ( )  B_SPLINE_SURFACE ( 3, 3, ( 
 ( #9289, #5750, #9232, #4137 ),
 ( #7558, #9168, #8283, #4921 ),
 ( #6551, #607, #1664, #4085 ),
 ( #10975, #3232, #2442, #5093 ) ),
 .UNSPECIFIED., .F., .F., .F. ) 
 B_SPLINE_SURFACE_WITH_KNOTS ( ( 4, 4 ),
 ( 4, 4 ),
 ( 0.0000000000000000000, 1.000000000000000000 ),
 ( 0.0000000000000000000, 1.000000000000000000 ),
 .UNSPECIFIED. ) 
 GEOMETRIC_REPRESENTATION_ITEM ( )  RATIONAL_B_SPLINE_SURFACE ( (
 ( 1.000000000000000000, 0.8047378541243568328, 0.8047378541243568328, 1.000000000000000000),
 ( 0.8025111867385936737, 0.6458111303268069259, 0.6458111303268069259, 0.8025111867385936737),
 ( 0.8025111867385936737, 0.6458111303268069259, 0.6458111303268069259, 0.8025111867385936737),
 ( 1.000000000000000000, 0.8047378541243568328, 0.8047378541243568328, 1.000000000000000000) ) ) 
 REPRESENTATION_ITEM ( '' )  SURFACE ( )  );
#1238 = CARTESIAN_POINT ( 'NONE',  ( 10.19999999999999929, 6.650919539637501821, 6.898079566918201344 ) ) ;
#1239 = ORIENTED_EDGE ( 'NONE', *, *, #5531, .F. ) ;
#1240 = CARTESIAN_POINT ( 'NONE',  ( 4.701575087875793812, 15.50000000000000000, -6.930747121106042741 ) ) ;
#1241 = VERTEX_POINT ( 'NONE', #4700 ) ;
#1242 = CARTESIAN_POINT ( 'NONE',  ( 10.19999999999999929, 4.912252741034421888, 8.845019845508049983 ) ) ;
#1243 = ORIENTED_EDGE ( 'NONE', *, *, #10571, .T. ) ;
#1244 = AXIS2_PLACEMENT_3D ( 'NONE', #6103, #4195, #5041 ) ;
#1245 = ORIENTED_EDGE ( 'NONE', *, *, #2211, .F. ) ;
#1246 = EDGE_CURVE ( 'NONE', #3164, #4206, #441, .T. ) ;
#1247 = ORIENTED_EDGE ( 'NONE', *, *, #10320, .F. ) ;
#1248 = CARTESIAN_POINT ( 'NONE',  ( 6.663624617369856118, 14.49999999999818279, -6.995000000017626007 ) ) ;
#1249 = LINE ( 'NONE', #4663, #6248 ) ;
#1250 = STYLED_ITEM ( 'NONE', ( #275 ), #10216 ) ;
#1251 = DIRECTION ( 'NONE',  ( 0.0000000000000000000, -0.0000000000000000000, -1.000000000000000000 ) ) ;
#1252 = CARTESIAN_POINT ( 'NONE',  ( 4.075000000000000178, 2.099999999999999645, 84.34799999999999898 ) ) ;
#1253 = DIRECTION ( 'NONE',  ( -1.000000000000000000, -0.0000000000000000000, 0.0000000000000000000 ) ) ;
#1254 = CARTESIAN_POINT ( 'NONE',  ( 4.515384615381938360, 15.50000000000000000, -2.824063386455573976 ) ) ;
#1255 = CARTESIAN_POINT ( 'NONE',  ( 11.19999999999999929, 1.300000000000000266, 9.919999999999999929 ) ) ;
#1256 = EDGE_CURVE ( 'NONE', #4437, #10728, #8483, .T. ) ;
#1257 = CARTESIAN_POINT ( 'NONE',  ( 4.300008882578204350, 15.41711772838280048, -6.470825559039874442 ) ) ;
#1258 = LINE ( 'NONE', #7016, #6402 ) ;
#1259 = VERTEX_POINT ( 'NONE', #6020 ) ;
#1260 = DIRECTION ( 'NONE',  ( 1.000000000000000000, 0.0000000000000000000, 0.0000000000000000000 ) ) ;
#1261 = CARTESIAN_POINT ( 'NONE',  ( 4.299999999999980282, 15.41715728752535952, -1.039230484541301180 ) ) ;
#1262 = VERTEX_POINT ( 'NONE', #8226 ) ;
#1263 = ORIENTED_EDGE ( 'NONE', *, *, #5079, .F. ) ;
#1264 = PLANE ( 'NONE',  #9413 ) ;
#1265 = EDGE_CURVE ( 'NONE', #7749, #7433, #1703, .T. ) ;
#1266 = ADVANCED_FACE ( 'NONE', ( #811 ), #9444, .T. ) ;
#1267 = UNCERTAINTY_MEASURE_WITH_UNIT (LENGTH_MEASURE( 1.000000000000000082E-05 ), #5445, 'distance_accuracy_value', 'NONE');
#1268 = DIRECTION ( 'NONE',  ( 0.0000000000000000000, -1.000000000000000000, 0.0000000000000000000 ) ) ;
#1269 = ORIENTED_EDGE ( 'NONE', *, *, #593, .F. ) ;
#1270 = LINE ( 'NONE', #4681, #3746 ) ;
#1271 = EDGE_LOOP ( 'NONE', ( #9385, #3799 ) ) ;
#1272 = CARTESIAN_POINT ( 'NONE',  ( 10.19999999999999929, 6.824881032803701508, 0.3013448942862207991 ) ) ;
#1273 = ADVANCED_FACE ( 'NONE', ( #7721 ), #5645, .T. ) ;
#1274 = CARTESIAN_POINT ( 'NONE',  ( 6.500000000000000888, 15.50000000000000000, 6.570000000000001172 ) ) ;
#1275 = LINE ( 'NONE', #7265, #11074 ) ;
#1276 = ORIENTED_EDGE ( 'NONE', *, *, #9490, .F. ) ;
#1277 = CARTESIAN_POINT ( 'NONE',  ( 11.16915886944606129, 6.591411660532485506, 5.903810931422803776 ) ) ;
#1278 = VERTEX_POINT ( 'NONE', #8275 ) ;
#1279 = FACE_BOUND ( 'NONE', #3177, .T. ) ;
#1280 = EDGE_CURVE ( 'NONE', #10168, #8674, #3499, .T. ) ;
#1281 = DIRECTION ( 'NONE',  ( -1.000000000000000000, 0.0000000000000000000, 0.0000000000000000000 ) ) ;
#1282 = LINE ( 'NONE', #6320, #260 ) ;
#1283 = ORIENTED_EDGE ( 'NONE', *, *, #3459, .T. ) ;
#1284 = FACE_OUTER_BOUND ( 'NONE', #1723, .T. ) ;
#1285 = LINE ( 'NONE', #3151, #2822 ) ;
#1286 = VERTEX_POINT ( 'NONE', #9065 ) ;
#1287 = CARTESIAN_POINT ( 'NONE',  ( 8.500000000000000000, 9.000000000000000000, -1.234398718876070999 ) ) ;
#1288 = CARTESIAN_POINT ( 'NONE',  ( 8.500000000000000000, 15.50000000000000000, 3.559999999999999609 ) ) ;
#1289 = CARTESIAN_POINT ( 'NONE',  ( 9.350000000000004974, 7.053790642456767124, 2.212056584719038987 ) ) ;
#1290 = EDGE_CURVE ( 'NONE', #2881, #4245, #3206, .T. ) ;
#1291 = CARTESIAN_POINT ( 'NONE',  ( 10.19999999999999751, 5.950251550522312805, 6.338427607790300122 ) ) ;
#1292 = EDGE_CURVE ( 'NONE', #6866, #8581, #1641, .T. ) ;
#1293 = ORIENTED_EDGE ( 'NONE', *, *, #8821, .F. ) ;
#1294 = CARTESIAN_POINT ( 'NONE',  ( 8.500000000000000000, 15.50000000000000000, 7.870000000000000107 ) ) ;
#1295 = ORIENTED_EDGE ( 'NONE', *, *, #8626, .F. ) ;
#1296 = CARTESIAN_POINT ( 'NONE',  ( 4.694285714285673095, 15.30000000000000071, -0.3266152951415387529 ) ) ;
#1297 = ORIENTED_EDGE ( 'NONE', *, *, #3379, .T. ) ;
#1298 = CARTESIAN_POINT ( 'NONE',  ( 10.19999999999999929, 5.799999999999997158, -6.303730699165117635 ) ) ;
#1299 = ORIENTED_EDGE ( 'NONE', *, *, #109, .T. ) ;
#1300 = CARTESIAN_POINT ( 'NONE',  ( 8.862475782649546829, 13.20000000000010054, -7.944999999999998508 ) ) ;
#1301 = FACE_OUTER_BOUND ( 'NONE', #3103, .T. ) ;
#1302 = EDGE_CURVE ( 'NONE', #10306, #5550, #6545, .T. ) ;
#1303 = FACE_OUTER_BOUND ( 'NONE', #2952, .T. ) ;
#1304 = EDGE_CURVE ( 'NONE', #10921, #1202, #4550, .T. ) ;
#1305 = CARTESIAN_POINT ( 'NONE',  ( 6.333035873704170982, 14.50000000000000178, 0.6242603041111812745 ) ) ;
#1306 = DIRECTION ( 'NONE',  ( -1.000000000000000000, 0.0000000000000000000, 0.0000000000000000000 ) ) ;
#1307 = EDGE_LOOP ( 'NONE', ( #1993, #3014, #7308, #4581 ) ) ;
#1308 = PRESENTATION_STYLE_ASSIGNMENT (( #5347 ) ) ;
#1309 = LINE ( 'NONE', #7881, #9083 ) ;
#1310 = ORIENTED_EDGE ( 'NONE', *, *, #2853, .F. ) ;
#1311 = CARTESIAN_POINT ( 'NONE',  ( 4.299999999999999822, 9.000000000000001776, 6.385601281123931550 ) ) ;
#1312 = CARTESIAN_POINT ( 'NONE',  ( 8.499999999999994671, 15.35235987755982912, 2.657419462942110400 ) ) ;
#1313 = ORIENTED_EDGE ( 'NONE', *, *, #10755, .F. ) ;
#1314 = PRESENTATION_STYLE_ASSIGNMENT (( #6412 ) ) ;
#1315 = B_SPLINE_CURVE_WITH_KNOTS ( 'NONE', 3,
 ( #1798, #280, #3534, #1072, #5224, #9530 ),
 .UNSPECIFIED., .F., .F.,
 ( 4, 2, 4 ),
 ( 0.0000000000000000000, 0.5000000000000000000, 1.000000000000000000 ),
 .UNSPECIFIED. ) ;
#1316 = CARTESIAN_POINT ( 'NONE',  ( 8.300000000000000711, 15.30259718358289689, 5.162563672940485127 ) ) ;
#1317 = CARTESIAN_POINT ( 'NONE',  ( 8.825156416238812085, 15.20000000000020002, 3.531611873707318772 ) ) ;
#1318 = ORIENTED_EDGE ( 'NONE', *, *, #10444, .T. ) ;
#1319 = B_SPLINE_CURVE_WITH_KNOTS ( 'NONE', 3,
 ( #2395, #4985, #9471, #1791, #5216, #4141 ),
 .UNSPECIFIED., .F., .F.,
 ( 4, 2, 4 ),
 ( 0.0000000000000000000, 0.5000000000000000000, 1.000000000000000000 ),
 .UNSPECIFIED. ) ;
#1320 = DIRECTION ( 'NONE',  ( 0.0000000000000000000, 0.9999156794129789860, 0.01298591791445430008 ) ) ;
#1321 = ORIENTED_EDGE ( 'NONE', *, *, #5567, .F. ) ;
#1322 = VECTOR ( 'NONE', #5713, 1000.000000000000000 ) ;
#1323 = DIRECTION ( 'NONE',  ( 0.0000000000000000000, -0.01298591791445111512, -0.9999156794129788750 ) ) ;
#1324 = EDGE_CURVE ( 'NONE', #7993, #2064, #8603, .T. ) ;
#1325 = DIRECTION ( 'NONE',  ( 0.0000000000000000000, 1.000000000000000000, 0.0000000000000000000 ) ) ;
#1326 = DIRECTION ( 'NONE',  ( 2.556434596176350141E-15, 1.000000000000000000, 0.0000000000000000000 ) ) ;
#1327 = ORIENTED_EDGE ( 'NONE', *, *, #6345, .F. ) ;
#1328 = LINE ( 'NONE', #490, #8857 ) ;
#1329 = VERTEX_POINT ( 'NONE', #2595 ) ;
#1330 = DIRECTION ( 'NONE',  ( 0.0000000000000000000, -0.0000000000000000000, 1.000000000000000000 ) ) ;
#1331 = AXIS2_PLACEMENT_3D ( 'NONE', #258, #6369, #9687 ) ;
#1332 =( NAMED_UNIT ( * ) PLANE_ANGLE_UNIT ( ) SI_UNIT ( $, .RADIAN. ) );
#1333 = CARTESIAN_POINT ( 'NONE',  ( 4.515384615384558487, 15.50000000000000178, -4.795936613539174331 ) ) ;
#1334 = ORIENTED_EDGE ( 'NONE', *, *, #6661, .F. ) ;
#1335 = CARTESIAN_POINT ( 'NONE',  ( 4.395602668247344802, 9.000585821344344595, 2.397148460583276020 ) ) ;
#1336 = B_SPLINE_CURVE_WITH_KNOTS ( 'NONE', 3,
 ( #7899, #34, #8669, #5152 ),
 .UNSPECIFIED., .F., .F.,
 ( 4, 4 ),
 ( 0.0000000000000000000, 1.000000000000000000 ),
 .UNSPECIFIED. ) ;
#1337 = CARTESIAN_POINT ( 'NONE',  ( 4.599999999999959677, 15.50000000000009948, 8.659230484541330597 ) ) ;
#1338 = AXIS2_PLACEMENT_3D ( 'NONE', #7015, #182, #2587 ) ;
#1340 = EDGE_CURVE ( 'NONE', #5595, #2865, #599, .T. ) ;
#1339 = DIRECTION ( 'NONE',  ( -1.000000000000000000, 0.0000000000000000000, 0.0000000000000000000 ) ) ;
#1341 = PRESENTATION_LAYER_ASSIGNMENT (  '', '', ( #6878 ) ) ;
#1342 = EDGE_CURVE ( 'NONE', #8354, #9288, #7656, .T. ) ;
#1343 = CARTESIAN_POINT ( 'NONE',  ( 4.381965328900979451, 15.37173446289487266, 8.971665786196171055 ) ) ;
#1344 = CYLINDRICAL_SURFACE ( 'NONE', #243, 2.199999999999999734 ) ;
#1345 = ORIENTED_EDGE ( 'NONE', *, *, #7580, .F. ) ;
#1346 = CARTESIAN_POINT ( 'NONE',  ( 4.500000000000000000, 15.50000000000000000, 5.259999999999999787 ) ) ;
#1347 = ORIENTED_EDGE ( 'NONE', *, *, #1669, .T. ) ;
#1348 = CARTESIAN_POINT ( 'NONE',  ( 4.346153846153821831, 15.30000000000000071, -0.8793488715349434548 ) ) ;
#1349 = CARTESIAN_POINT ( 'NONE',  ( 4.499999999999988454, 15.50000000000000000, 2.770769515458854304 ) ) ;
#1350 = AXIS2_PLACEMENT_3D ( 'NONE', #8556, #1045, #7894 ) ;
#1351 = CIRCLE ( 'NONE', #6354, 0.1999999999999996503 ) ;
#1352 = ORIENTED_EDGE ( 'NONE', *, *, #10702, .F. ) ;
#1353 = ADVANCED_FACE ( 'NONE', ( #11073 ), #2913, .T. ) ;
#1354 = EDGE_LOOP ( 'NONE', ( #2378, #5178, #7622, #5727 ) ) ;
#1355 = LINE ( 'NONE', #3127, #683 ) ;
#1356 = DIRECTION ( 'NONE',  ( 0.0000000000000000000, 0.0000000000000000000, 1.000000000000000000 ) ) ;
#1357 = DIRECTION ( 'NONE',  ( 2.556434596176350141E-15, 1.000000000000000000, 0.0000000000000000000 ) ) ;
#1358 = LINE ( 'NONE', #9771, #9917 ) ;
#1359 = AXIS2_PLACEMENT_3D ( 'NONE', #220, #7060, #2795 ) ;
#1360 = AXIS2_PLACEMENT_3D ( 'NONE', #6027, #4463, #8774 ) ;
#1361 = SURFACE_STYLE_FILL_AREA ( #9132 ) ;
#1362 = LINE ( 'NONE', #2968, #4210 ) ;
#1363 = LINE ( 'NONE', #2298, #5119 ) ;
#1364 = EDGE_LOOP ( 'NONE', ( #8444, #7197, #10077 ) ) ;
#1365 = DIRECTION ( 'NONE',  ( -1.000000000000000000, 0.0000000000000000000, -0.0000000000000000000 ) ) ;
#1366 =( BOUNDED_CURVE ( )  B_SPLINE_CURVE ( 3, ( #11045, #3355, #6775, #10212 ),
 .UNSPECIFIED., .F., .T. ) 
 B_SPLINE_CURVE_WITH_KNOTS ( ( 4, 4 ),
 ( 0.0000000000000000000, 1.000000000000000000 ),
 .UNSPECIFIED. ) 
 CURVE ( )  GEOMETRIC_REPRESENTATION_ITEM ( )  RATIONAL_B_SPLINE_CURVE ( ( 1.000000000000000000, 0.8047378541243671579, 0.8047378541243671579, 1.000000000000000000 ) ) 
 REPRESENTATION_ITEM ( '' )  );
#1367 = EDGE_CURVE ( 'NONE', #4962, #1262, #9226, .T. ) ;
#1368 = ADVANCED_FACE ( 'NONE', ( #1207 ), #5299, .T. ) ;
#1369 = AXIS2_PLACEMENT_3D ( 'NONE', #4692, #4584, #8953 ) ;
#1370 = ORIENTED_EDGE ( 'NONE', *, *, #2299, .T. ) ;
#1371 = DIRECTION ( 'NONE',  ( -0.0000000000000000000, -0.9999156794129789860, 0.01298591791445430008 ) ) ;
#1372 =( NAMED_UNIT ( * ) PLANE_ANGLE_UNIT ( ) SI_UNIT ( $, .RADIAN. ) );
#1373 = VECTOR ( 'NONE', #4936, 1000.000000000000000 ) ;
#1374 = ORIENTED_EDGE ( 'NONE', *, *, #10977, .T. ) ;
#1375 = DIRECTION ( 'NONE',  ( 0.9954954725939522131, -0.09480909262799622206, 0.0000000000000000000 ) ) ;
#1376 = CARTESIAN_POINT ( 'NONE',  ( 8.862475782649550382, 13.20000000000020002, 7.294999999999999929 ) ) ;
#1377 = ORIENTED_EDGE ( 'NONE', *, *, #10607, .T. ) ;
#1378 = DIRECTION ( 'NONE',  ( 0.0000000000000000000, 0.01298591791445429834, -0.9999156794129788750 ) ) ;
#1379 = VERTEX_POINT ( 'NONE', #1144 ) ;
#1380 = VECTOR ( 'NONE', #10961, 1000.000000000000000 ) ;
#1381 = CARTESIAN_POINT ( 'NONE',  ( 10.19999999999999929, 6.459767691189446381, 0.9616205408011453404 ) ) ;
#1382 = CARTESIAN_POINT ( 'NONE',  ( 7.523278940025857509, 15.50000000000000533, -0.2735059132293313211 ) ) ;
#1383 = DIRECTION ( 'NONE',  ( -0.0000000000000000000, -0.0000000000000000000, 1.000000000000000000 ) ) ;
#1384 = CARTESIAN_POINT ( 'NONE',  ( 8.300000000000000711, 15.30259718358289867, -1.352563672940485739 ) ) ;
#1385 = ORIENTED_EDGE ( 'NONE', *, *, #8204, .F. ) ;
#1386 = CARTESIAN_POINT ( 'NONE',  ( 8.300000000000000711, 15.30259718358290044, -8.972563672940486512 ) ) ;
#1387 = MECHANICAL_DESIGN_GEOMETRIC_PRESENTATION_REPRESENTATION (  '', ( #4429 ), #7113 ) ;
#1388 = FACE_OUTER_BOUND ( 'NONE', #7059, .T. ) ;
#1389 = EDGE_CURVE ( 'NONE', #9425, #5283, #9549, .T. ) ;
#1390 = CARTESIAN_POINT ( 'NONE',  ( 4.395602668247342137, 15.47844538072195952, -6.467419462942110897 ) ) ;
#1391 = ORIENTED_EDGE ( 'NONE', *, *, #4875, .F. ) ;
#1392 = CARTESIAN_POINT ( 'NONE',  ( 0.7749999999999999112, -4.440892098500626162E-16, 5.309999999999999609 ) ) ;
#1393 = CARTESIAN_POINT ( 'NONE',  ( 5.476879472618592537, 15.50000000000000178, -4.083505443316520989 ) ) ;
#1394 = VECTOR ( 'NONE', #6071, 1000.000000000000000 ) ;
#1395 = CARTESIAN_POINT ( 'NONE',  ( 4.315797791639886860, 15.41715728752538794, 6.692454418790873660 ) ) ;
#1396 = CYLINDRICAL_SURFACE ( 'NONE', #2812, 0.2000000000000005107 ) ;
#1397 = CARTESIAN_POINT ( 'NONE',  ( 9.018600732609511894, 15.20000000000007567, -4.209999999999999964 ) ) ;
#1398 = ORIENTED_EDGE ( 'NONE', *, *, #7826, .F. ) ;
#1399 = CARTESIAN_POINT ( 'NONE',  ( 2.949999999999960210, 9.000000000000000000, -3.810000000000000053 ) ) ;
#1400 = ORIENTED_EDGE ( 'NONE', *, *, #8788, .F. ) ;
#1401 = CARTESIAN_POINT ( 'NONE',  ( 10.19999999999999751, 5.200000000000000178, 6.303730698346558192 ) ) ;
#1402 = CARTESIAN_POINT ( 'NONE',  ( 8.706350832689590646, 13.20000000000010054, 7.870000000000000107 ) ) ;
#1403 = VECTOR ( 'NONE', #4263, 1000.000000000000000 ) ;
#1404 = ADVANCED_FACE ( 'NONE', ( #1870 ), #573, .T. ) ;
#1405 = EDGE_CURVE ( 'NONE', #3338, #3539, #8047, .T. ) ;
#1406 = VERTEX_POINT ( 'NONE', #136 ) ;
#1407 = CARTESIAN_POINT ( 'NONE',  ( 4.515384615402476598, 15.50000000000000000, 6.634063386496173109 ) ) ;
#1408 = CARTESIAN_POINT ( 'NONE',  ( 4.299999999999999822, 15.29999999999999893, 1.152580537057890542 ) ) ;
#1409 = CARTESIAN_POINT ( 'NONE',  ( 9.628445380721959879, 13.20000000000010054, 4.114397331752655873 ) ) ;
#1410 = VECTOR ( 'NONE', #8949, 1000.000000000000000 ) ;
#1411 = CARTESIAN_POINT ( 'NONE',  ( 8.862475782649550382, 15.20000000000009877, 7.945000000000000284 ) ) ;
#1412 = CARTESIAN_POINT ( 'NONE',  ( 5.890793016933881354, 14.50000000000000000, -3.972238301182195119 ) ) ;
#1413 = EDGE_CURVE ( 'NONE', #6507, #96, #4688, .T. ) ;
#1414 = DIRECTION ( 'NONE',  ( -2.556434596176350141E-15, -1.000000000000000000, -0.0000000000000000000 ) ) ;
#1415 = CARTESIAN_POINT ( 'NONE',  ( 4.416251525940072753, 15.50000000000003730, 8.543498959855842401 ) ) ;
#1416 = DIRECTION ( 'NONE',  ( 0.0000000000000000000, 0.2290393337273615437, 0.9734171683331489522 ) ) ;
#1417 = PRESENTATION_LAYER_ASSIGNMENT (  '', '', ( #3554 ) ) ;
#1418 = DIRECTION ( 'NONE',  ( 0.0000000000000000000, 1.000000000000000000, 0.0000000000000000000 ) ) ;
#1419 = ORIENTED_EDGE ( 'NONE', *, *, #7035, .F. ) ;
#1420 = VERTEX_POINT ( 'NONE', #6184 ) ;
#1421 = CARTESIAN_POINT ( 'NONE',  ( 6.500000000000000000, 15.50000000000000000, -8.669999999999999929 ) ) ;
#1422 = SURFACE_STYLE_USAGE ( .BOTH. , #6355 ) ;
#1423 = ADVANCED_FACE ( 'NONE', ( #10349 ), #937, .T. ) ;
#1424 = AXIS2_PLACEMENT_3D ( 'NONE', #9459, #8615, #9225 ) ;
#1425 = ADVANCED_FACE ( 'NONE', ( #10621 ), #5619, .F. ) ;
#1426 = ORIENTED_EDGE ( 'NONE', *, *, #5402, .T. ) ;
#1427 = CARTESIAN_POINT ( 'NONE',  ( 6.500000000000000888, 14.59999999999999964, 4.860000000030608724 ) ) ;
#1428 = ORIENTED_EDGE ( 'NONE', *, *, #7701, .T. ) ;
#1429 = CARTESIAN_POINT ( 'NONE',  ( 4.299999999999979394, 15.41715728752539327, -4.849230484541301678 ) ) ;
#1430 = AXIS2_PLACEMENT_3D ( 'NONE', #5952, #9376, #5065 ) ;
#1431 = ORIENTED_EDGE ( 'NONE', *, *, #9360, .F. ) ;
#1432 = ORIENTED_EDGE ( 'NONE', *, *, #10183, .F. ) ;
#1433 = VECTOR ( 'NONE', #3284, 1000.000000000000000 ) ;
#1434 = CARTESIAN_POINT ( 'NONE',  ( 8.417803733038716985, 15.50259483730812882, -6.353896269375566952 ) ) ;
#1435 = CARTESIAN_POINT ( 'NONE',  ( 8.500000000000000000, 9.000000000000000000, 2.375584415584409026 ) ) ;
#1436 = CARTESIAN_POINT ( 'NONE',  ( 9.599999999999999645, 5.199999999999999289, 5.126236820298942121 ) ) ;
#1437 = EDGE_CURVE ( 'NONE', #4156, #4409, #9139, .T. ) ;
#1438 = ORIENTED_EDGE ( 'NONE', *, *, #4083, .F. ) ;
#1439 = FACE_OUTER_BOUND ( 'NONE', #4466, .T. ) ;
#1440 = FILL_AREA_STYLE ('',( #3159 ) ) ;
#1441 = DIRECTION ( 'NONE',  ( -2.556434596176350141E-15, -1.000000000000000000, -0.0000000000000000000 ) ) ;
#1442 = CARTESIAN_POINT ( 'NONE',  ( 4.416251525940023903, 15.50000000000000178, 4.733498959855849009 ) ) ;
#1443 = CARTESIAN_POINT ( 'NONE',  ( 9.650000000000003908, 15.20000000000009699, -3.557640122440169250 ) ) ;
#1444 = VERTEX_POINT ( 'NONE', #3947 ) ;
#1445 = CARTESIAN_POINT ( 'NONE',  ( 9.599999999999999645, 5.701324057744217022, 1.338732383038516272 ) ) ;
#1446 = CARTESIAN_POINT ( 'NONE',  ( 8.706350832689590646, 13.20000000000010054, -8.070000000000000284 ) ) ;
#1447 = DIRECTION ( 'NONE',  ( -1.000000000000000000, 0.0000000000000000000, 0.0000000000000000000 ) ) ;
#1448 = DIRECTION ( 'NONE',  ( -1.531342102931250010E-16, 0.0000000000000000000, 1.000000000000000000 ) ) ;
#1449 = CARTESIAN_POINT ( 'NONE',  ( 11.19999999999999929, 6.524695076595960153, -9.220000000000000639 ) ) ;
#1450 = ADVANCED_FACE ( 'NONE', ( #8151 ), #9037, .T. ) ;
#1451 = EDGE_LOOP ( 'NONE', ( #8339, #2348, #2100, #2663 ) ) ;
#1452 = CARTESIAN_POINT ( 'NONE',  ( 4.505159402822683568, 15.50000000000000000, 4.812229857909097852 ) ) ;
#1453 = CYLINDRICAL_SURFACE ( 'NONE', #3671, 0.2999999999999999334 ) ;
#1454 = VERTEX_POINT ( 'NONE', #5562 ) ;
#1455 = CARTESIAN_POINT ( 'NONE',  ( 9.600000000000001421, 5.500000000000000000, -8.970000000000020179 ) ) ;
#1456 = EDGE_LOOP ( 'NONE', ( #3786, #4198, #10799, #7109 ) ) ;
#1457 = CARTESIAN_POINT ( 'NONE',  ( 4.299999999999960743, 15.50000000000009948, -8.659230484541330597 ) ) ;
#1458 = FACE_OUTER_BOUND ( 'NONE', #9533, .T. ) ;
#1459 = CARTESIAN_POINT ( 'NONE',  ( 9.449999999999999289, 15.20000000000005080, 7.220000000000000639 ) ) ;
#1460 = PLANE ( 'NONE',  #10275 ) ;
#1461 = EDGE_CURVE ( 'NONE', #1965, #7341, #3641, .T. ) ;
#1462 = CARTESIAN_POINT ( 'NONE',  ( 4.500000000000000888, 15.50259483730813415, -5.076103730624433652 ) ) ;
#1463 = CARTESIAN_POINT ( 'NONE',  ( 4.315797791639861103, 15.41715728752542347, 8.547545581209153198 ) ) ;
#1464 = VERTEX_POINT ( 'NONE', #8096 ) ;
#1465 = CARTESIAN_POINT ( 'NONE',  ( 9.599999999999999645, 5.199999999999999289, 5.126236820298942121 ) ) ;
#1466 = ORIENTED_EDGE ( 'NONE', *, *, #7441, .F. ) ;
#1467 = CARTESIAN_POINT ( 'NONE',  ( 4.319929188321439462, 9.000000000000000000, -6.283144928332523804 ) ) ;
#1468 = CARTESIAN_POINT ( 'NONE',  ( 4.394278064412620921, 15.49999999999997335, -0.9583865156574593591 ) ) ;
#1469 = EDGE_CURVE ( 'NONE', #2315, #8635, #2530, .T. ) ;
#1470 = ADVANCED_FACE ( 'NONE', ( #3088 ), #10730, .T. ) ;
#1471 = ORIENTED_EDGE ( 'NONE', *, *, #8544, .T. ) ;
#1472 = DIRECTION ( 'NONE',  ( 0.0000000000000000000, 0.0000000000000000000, -1.000000000000000000 ) ) ;
#1473 = ORIENTED_EDGE ( 'NONE', *, *, #1214, .T. ) ;
#1474 = LINE ( 'NONE', #1376, #5976 ) ;
#1475 = ORIENTED_EDGE ( 'NONE', *, *, #2635, .F. ) ;
#1476 = PLANE ( 'NONE',  #1430 ) ;
#1477 = EDGE_CURVE ( 'NONE', #2287, #8573, #6846, .T. ) ;
#1478 = EDGE_LOOP ( 'NONE', ( #9878, #5131, #1562, #3924 ) ) ;
#1479 = VERTEX_POINT ( 'NONE', #9190 ) ;
#1480 = LINE ( 'NONE', #6629, #4983 ) ;
#1481 = DIRECTION ( 'NONE',  ( -1.000000000000000000, 0.0000000000000000000, 0.0000000000000000000 ) ) ;
#1482 = CARTESIAN_POINT ( 'NONE',  ( 7.340723171297647731, 15.50000000000000533, -0.6442885803583879856 ) ) ;
#1483 = CARTESIAN_POINT ( 'NONE',  ( 11.19999999999999929, 6.523844591211805266, 5.615663841773072207 ) ) ;
#1484 = PRESENTATION_STYLE_ASSIGNMENT (( #9967 ) ) ;
#1485 = CARTESIAN_POINT ( 'NONE',  ( 10.19999999999999929, 5.500000000000000000, 0.0000000000000000000 ) ) ;
#1486 = B_SPLINE_CURVE_WITH_KNOTS ( 'NONE', 3,
 ( #4349, #7786, #10463, #142 ),
 .UNSPECIFIED., .F., .F.,
 ( 4, 4 ),
 ( 0.0000000000000000000, 1.000000000000000000 ),
 .UNSPECIFIED. ) ;
#1487 = FACE_OUTER_BOUND ( 'NONE', #4004, .T. ) ;
#1488 = FACE_OUTER_BOUND ( 'NONE', #748, .T. ) ;
#1489 = CARTESIAN_POINT ( 'NONE',  ( 9.350000000000001421, 7.053790642456765347, -5.407943415280962007 ) ) ;
#1490 = ORIENTED_EDGE ( 'NONE', *, *, #6832, .T. ) ;
#1491 = VECTOR ( 'NONE', #10772, 1000.000000000000000 ) ;
#1492 = CARTESIAN_POINT ( 'NONE',  ( 4.298896448480519439, 15.41930204271695537, 5.077185455229517252 ) ) ;
#1493 = EDGE_CURVE ( 'NONE', #9440, #4111, #7483, .T. ) ;
#1494 = ADVANCED_FACE ( 'NONE', ( #3369 ), #3251, .F. ) ;
#1495 = DIRECTION ( 'NONE',  ( 0.0000000000000000000, 0.0000000000000000000, -1.000000000000000000 ) ) ;
#1496 = CARTESIAN_POINT ( 'NONE',  ( 4.499999999999999112, 15.30259718358289689, 8.972563672940484736 ) ) ;
#1497 = CARTESIAN_POINT ( 'NONE',  ( 2.949999999999960210, 9.000000000000000000, 3.810000000000000053 ) ) ;
#1498 = CARTESIAN_POINT ( 'NONE',  ( 9.629713818064418618, 15.20000000000010054, -7.922806802665893322 ) ) ;
#1499 = ORIENTED_EDGE ( 'NONE', *, *, #9684, .F. ) ;
#1500 = AXIS2_PLACEMENT_3D ( 'NONE', #587, #5839, #1534 ) ;
#1501 = DIRECTION ( 'NONE',  ( 0.0000000000000000000, 0.0000000000000000000, -1.000000000000000000 ) ) ;
#1502 = LINE ( 'NONE', #2336, #10850 ) ;
#1503 = ORIENTED_EDGE ( 'NONE', *, *, #3054, .F. ) ;
#1504 = CIRCLE ( 'NONE', #2076, 0.2000000000000001499 ) ;
#1505 = CARTESIAN_POINT ( 'NONE',  ( 9.650000000000005684, 15.20000000000007390, 0.1999999999999953204 ) ) ;
#1506 = AXIS2_PLACEMENT_3D ( 'NONE', #1399, #9873, #5543 ) ;
#1507 = CARTESIAN_POINT ( 'NONE',  ( 11.20000000000000107, 6.602014929506934138, 5.366420798553477312 ) ) ;
#1508 = CYLINDRICAL_SURFACE ( 'NONE', #11050, 0.2000000000000005107 ) ;
#1509 = FACE_OUTER_BOUND ( 'NONE', #10923, .T. ) ;
#1510 = CARTESIAN_POINT ( 'NONE',  ( 11.20077123679712372, 6.575742524647711029, 9.220000000000002416 ) ) ;
#1511 = CARTESIAN_POINT ( 'NONE',  ( 4.499999999999999112, 15.29999999999999893, -1.152580537057890098 ) ) ;
#1512 = VECTOR ( 'NONE', #4229, 1000.000000000000114 ) ;
#1513 = CARTESIAN_POINT ( 'NONE',  ( 10.90000000000000036, 6.757765876465089860, 2.004999999999999893 ) ) ;
#1514 = EDGE_CURVE ( 'NONE', #7551, #7053, #9311, .T. ) ;
#1515 = DIRECTION ( 'NONE',  ( -1.000000000000000000, 0.0000000000000000000, 1.531342102931250010E-16 ) ) ;
#1516 = EDGE_LOOP ( 'NONE', ( #2407, #390, #6991 ) ) ;
#1517 = LINE ( 'NONE', #10054, #1051 ) ;
#1518 = VECTOR ( 'NONE', #3938, 1000.000000000000000 ) ;
#1519 = AXIS2_PLACEMENT_3D ( 'NONE', #10504, #8090, #7074 ) ;
#1520 = CARTESIAN_POINT ( 'NONE',  ( 10.19999999999999929, 4.653613737370164927, 2.747360097431622350 ) ) ;
#1521 = CARTESIAN_POINT ( 'NONE',  ( 9.349999999999994316, 7.669932069518289097, -7.132685607355790047 ) ) ;
#1522 = VERTEX_POINT ( 'NONE', #9253 ) ;
#1523 = CYLINDRICAL_SURFACE ( 'NONE', #6180, 1.649999999999999467 ) ;
#1524 = CARTESIAN_POINT ( 'NONE',  ( 9.599999999999999645, 5.500000000000000000, -5.159991669323390262 ) ) ;
#1525 = ORIENTED_EDGE ( 'NONE', *, *, #3407, .F. ) ;
#1526 = EDGE_CURVE ( 'NONE', #10331, #2570, #8467, .T. ) ;
#1527 = EDGE_CURVE ( 'NONE', #2236, #632, #1631, .T. ) ;
#1528 = SURFACE_SIDE_STYLE ('',( #5728 ) ) ;
#1529 = VERTEX_POINT ( 'NONE', #4154 ) ;
#1530 = ORIENTED_EDGE ( 'NONE', *, *, #8865, .T. ) ;
#1531 = DIRECTION ( 'NONE',  ( -0.0000000000000000000, -0.9999156794129789860, 0.01298591791445430008 ) ) ;
#1532 = FACE_OUTER_BOUND ( 'NONE', #8397, .T. ) ;
#1533 = AXIS2_PLACEMENT_3D ( 'NONE', #910, #10159, #5936 ) ;
#1534 = DIRECTION ( 'NONE',  ( -1.000000000000000000, 0.0000000000000000000, 0.0000000000000000000 ) ) ;
#1535 = LINE ( 'NONE', #8485, #5863 ) ;
#1536 = LINE ( 'NONE', #5637, #5302 ) ;
#1537 = LINE ( 'NONE', #6636, #298 ) ;
#1538 = LINE ( 'NONE', #10858, #7027 ) ;
#1539 = CARTESIAN_POINT ( 'NONE',  ( 9.650000000000005684, 15.20000000000007567, -7.420000000000003482 ) ) ;
#1540 = ORIENTED_EDGE ( 'NONE', *, *, #2487, .T. ) ;
#1541 = CARTESIAN_POINT ( 'NONE',  ( 8.417152084231538822, 15.49994977653715900, 6.471901299924995854 ) ) ;
#1542 = EDGE_LOOP ( 'NONE', ( #58, #7211, #10762, #10585 ) ) ;
#1543 = ORIENTED_EDGE ( 'NONE', *, *, #9635, .F. ) ;
#1544 = LINE ( 'NONE', #1778, #4652 ) ;
#1545 = CARTESIAN_POINT ( 'NONE',  ( 10.19999999999999929, 6.723518818032610866, -3.219406771101692488 ) ) ;
#1546 = DIRECTION ( 'NONE',  ( -1.000000000000000000, 0.0000000000000000000, 0.0000000000000000000 ) ) ;
#1547 = DIRECTION ( 'NONE',  ( 0.0000000000000000000, 0.0000000000000000000, -1.000000000000000000 ) ) ;
#1548 = VECTOR ( 'NONE', #6450, 1000.000000000000000 ) ;
#1549 = ORIENTED_EDGE ( 'NONE', *, *, #6650, .T. ) ;
#1550 = ADVANCED_FACE ( 'NONE', ( #7639 ), #5055, .F. ) ;
#1551 = ORIENTED_EDGE ( 'NONE', *, *, #4886, .F. ) ;
#1552 = DIRECTION ( 'NONE',  ( 1.000000000000000000, 0.0000000000000000000, 0.0000000000000000000 ) ) ;
#1553 = EDGE_LOOP ( 'NONE', ( #5264, #9161 ) ) ;
#1554 = ADVANCED_FACE ( 'NONE', ( #2413 ), #5002, .T. ) ;
#1555 = DIRECTION ( 'NONE',  ( -1.000000000000000000, -1.412560544723970047E-16, -0.0000000000000000000 ) ) ;
#1556 = ORIENTED_EDGE ( 'NONE', *, *, #2911, .F. ) ;
#1557 = MECHANICAL_DESIGN_GEOMETRIC_PRESENTATION_REPRESENTATION (  '', ( #5677 ), #1926 ) ;
#1558 = CARTESIAN_POINT ( 'NONE',  ( 4.300008882578205238, 15.41711772838280403, -1.149174440960124111 ) ) ;
#1559 = FACE_OUTER_BOUND ( 'NONE', #7474, .T. ) ;
#1560 = CARTESIAN_POINT ( 'NONE',  ( 9.650000000000000355, 13.20000000000007567, 4.009999999999995346 ) ) ;
#1561 = DIRECTION ( 'NONE',  ( -1.000000000000000000, 0.0000000000000000000, 0.0000000000000000000 ) ) ;
#1562 = ORIENTED_EDGE ( 'NONE', *, *, #1477, .F. ) ;
#1563 = CARTESIAN_POINT ( 'NONE',  ( 4.315797791639886860, 15.41715728752539150, -6.692454418790871884 ) ) ;
#1564 = CARTESIAN_POINT ( 'NONE',  ( 7.417020928626065768, 15.50000000000000533, 8.150104318592246599 ) ) ;
#1565 = VECTOR ( 'NONE', #9487, 1000.000000000000000 ) ;
#1566 = EDGE_CURVE ( 'NONE', #1010, #9060, #10845, .T. ) ;
#1567 = DIRECTION ( 'NONE',  ( 2.556434596176350141E-15, 1.000000000000000000, 0.0000000000000000000 ) ) ;
#1568 = LINE ( 'NONE', #5882, #1403 ) ;
#1569 = ORIENTED_EDGE ( 'NONE', *, *, #1469, .T. ) ;
#1570 = CARTESIAN_POINT ( 'NONE',  ( 4.499999999999979572, 8.999999999999998224, -6.185584415584417961 ) ) ;
#1571 = CARTESIAN_POINT ( 'NONE',  ( 10.19999999999999929, 4.276392097717352847, 4.400709907514654518 ) ) ;
#1572 =( BOUNDED_SURFACE ( )  B_SPLINE_SURFACE ( 3, 3, ( 
 ( #7145, #1316, #2920, #6462 ),
 ( #8882, #9788, #7994, #9896 ),
 ( #1212, #3784, #7938, #1989 ),
 ( #8051, #5513, #308, #8938 ) ),
 .UNSPECIFIED., .F., .F., .F. ) 
 B_SPLINE_SURFACE_WITH_KNOTS ( ( 4, 4 ),
 ( 4, 4 ),
 ( 0.0000000000000000000, 1.000000000000000000 ),
 ( 0.0000000000000000000, 1.000000000000000000 ),
 .UNSPECIFIED. ) 
 GEOMETRIC_REPRESENTATION_ITEM ( )  RATIONAL_B_SPLINE_SURFACE ( (
 ( 1.000000000000000000, 0.8047378541243533911, 0.8047378541243533911, 1.000000000000000000),
 ( 0.8025111867385907871, 0.6458111303268018188, 0.6458111303268018188, 0.8025111867385907871),
 ( 0.8025111867385907871, 0.6458111303268018188, 0.6458111303268018188, 0.8025111867385907871),
 ( 1.000000000000000000, 0.8047378541243533911, 0.8047378541243533911, 1.000000000000000000) ) ) 
 REPRESENTATION_ITEM ( '' )  SURFACE ( )  );
#1573 = CARTESIAN_POINT ( 'NONE',  ( 4.515384615384578915, 15.50000000000000000, 4.795936613539204529 ) ) ;
#1574 = EDGE_CURVE ( 'NONE', #3865, #8300, #857, .T. ) ;
#1575 = VERTEX_POINT ( 'NONE', #8356 ) ;
#1576 = ORIENTED_EDGE ( 'NONE', *, *, #6570, .F. ) ;
#1577 = CARTESIAN_POINT ( 'NONE',  ( 4.416251525940023903, 15.50000000000000178, 8.543498959855847730 ) ) ;
#1578 = B_SPLINE_CURVE_WITH_KNOTS ( 'NONE', 3,
 ( #5574, #7202, #10530, #10744, #8162, #3047, #9797, #2110, #319, #3738, #372, #5522, #8948, #2207, #4740, #7152, #7099, #1274 ),
 .UNSPECIFIED., .F., .F.,
 ( 4, 2, 2, 2, 2, 2, 2, 2, 4 ),
 ( 0.0000000000000000000, 0.1250000000000000000, 0.2500000000000000000, 0.3750000000000000000, 0.5000000000000000000, 0.6250000000000000000, 0.7500000000000000000, 0.8750000000000000000, 1.000000000000000000 ),
 .UNSPECIFIED. ) ;
#1579 = CARTESIAN_POINT ( 'NONE',  ( 9.650000000000005684, 15.20000000000007567, -4.009999999999996234 ) ) ;
#1580 = ORIENTED_EDGE ( 'NONE', *, *, #1728, .T. ) ;
#1581 = CARTESIAN_POINT ( 'NONE',  ( 7.399999999999999467, 13.19999999999999929, -8.999870129870130242 ) ) ;
#1582 = ORIENTED_EDGE ( 'NONE', *, *, #8373, .F. ) ;
#1583 = ORIENTED_EDGE ( 'NONE', *, *, #2606, .T. ) ;
#1584 = CARTESIAN_POINT ( 'NONE',  ( 8.862475782649550382, 13.20000000000013785, 7.294999999999999929 ) ) ;
#1585 = AXIS2_PLACEMENT_3D ( 'NONE', #10028, #383, #551 ) ;
#1586 = DIRECTION ( 'NONE',  ( 0.0000000000000000000, 0.01298591791445111512, -0.9999156794129788750 ) ) ;
#1587 = VECTOR ( 'NONE', #7736, 1000.000000000000000 ) ;
#1588 = CARTESIAN_POINT ( 'NONE',  ( 6.773456294159265312, 15.50000000000000178, -4.833071962910598707 ) ) ;
#1589 = LINE ( 'NONE', #7541, #2491 ) ;
#1590 = ADVANCED_FACE ( 'NONE', ( #10223 ), #690, .F. ) ;
#1591 = DIRECTION ( 'NONE',  ( -0.0000000000000000000, -1.000000000000000000, -0.0000000000000000000 ) ) ;
#1592 = EDGE_LOOP ( 'NONE', ( #10870, #10896, #5810, #2540 ) ) ;
#1593 = CARTESIAN_POINT ( 'NONE',  ( 8.299999999999998934, 15.42062190192916660, -8.971030884390529536 ) ) ;
#1594 = UNCERTAINTY_MEASURE_WITH_UNIT (LENGTH_MEASURE( 1.000000000000000082E-05 ), #2141, 'distance_accuracy_value', 'NONE');
#1595 = DIRECTION ( 'NONE',  ( 0.0000000000000000000, 0.0000000000000000000, -1.000000000000000000 ) ) ;
#1596 = VECTOR ( 'NONE', #7417, 1000.000000000000000 ) ;
#1597 = LINE ( 'NONE', #2324, #9723 ) ;
#1598 = AXIS2_PLACEMENT_3D ( 'NONE', #2716, #1782, #259 ) ;
#1599 = SURFACE_STYLE_USAGE ( .BOTH. , #5848 ) ;
#1600 = ORIENTED_EDGE ( 'NONE', *, *, #10547, .F. ) ;
#1601 = DIRECTION ( 'NONE',  ( -0.0000000000000000000, -0.9999156794129788750, 0.01298591791445429834 ) ) ;
#1602 = VERTEX_POINT ( 'NONE', #6906 ) ;
#1603 = ADVANCED_FACE ( 'NONE', ( #1027, #7010 ), #4496, .T. ) ;
#1604 = CARTESIAN_POINT ( 'NONE',  ( 8.299999999999995381, 15.50259483730813237, 2.543896269375566010 ) ) ;
#1605 = CARTESIAN_POINT ( 'NONE',  ( 9.349999999999999645, 7.251210117895325880, 8.991464865234139126 ) ) ;
#1606 = LINE ( 'NONE', #10194, #65 ) ;
#1607 = CYLINDRICAL_SURFACE ( 'NONE', #9668, 0.2000000000000005107 ) ;
#1608 = EDGE_CURVE ( 'NONE', #4424, #938, #294, .T. ) ;
#1609 = EDGE_LOOP ( 'NONE', ( #1691, #6008, #5792, #7172 ) ) ;
#1610 = EDGE_CURVE ( 'NONE', #10704, #485, #1856, .T. ) ;
#1611 = CARTESIAN_POINT ( 'NONE',  ( 4.500031197697132335, 15.50000000000000000, 4.829994481571114662 ) ) ;
#1612 = ORIENTED_EDGE ( 'NONE', *, *, #10109, .T. ) ;
#1613 = CARTESIAN_POINT ( 'NONE',  ( 4.499999999999957367, 15.49999999999999822, -2.770769515458653576 ) ) ;
#1614 = ORIENTED_EDGE ( 'NONE', *, *, #7255, .T. ) ;
#1615 = CARTESIAN_POINT ( 'NONE',  ( 11.20000000000000284, 5.500000000000000000, -7.620000000000000107 ) ) ;
#1616 = CARTESIAN_POINT ( 'NONE',  ( 6.500000000000000888, 14.59999999998728981, -2.760000000023410394 ) ) ;
#1617 = ORIENTED_EDGE ( 'NONE', *, *, #1342, .T. ) ;
#1618 = DIRECTION ( 'NONE',  ( -1.000000000000000000, -1.066083429980355782E-17, 3.731292004931244158E-17 ) ) ;
#1619 = EDGE_CURVE ( 'NONE', #145, #7782, #7130, .T. ) ;
#1620 = EDGE_CURVE ( 'NONE', #4329, #4600, #1916, .T. ) ;
#1621 = VERTEX_POINT ( 'NONE', #122 ) ;
#1622 = CYLINDRICAL_SURFACE ( 'NONE', #9027, 1.049999999999999822 ) ;
#1623 = CARTESIAN_POINT ( 'NONE',  ( 4.500000000000000000, 15.50000000000000000, -9.070000000000000284 ) ) ;
#1624 = ORIENTED_EDGE ( 'NONE', *, *, #10183, .T. ) ;
#1625 = B_SPLINE_CURVE_WITH_KNOTS ( 'NONE', 3,
 ( #6121, #7882, #8597, #184, #10285, #8816 ),
 .UNSPECIFIED., .F., .F.,
 ( 4, 2, 4 ),
 ( 0.0000000000000000000, 0.5000000000000000000, 1.000000000000000000 ),
 .UNSPECIFIED. ) ;
#1626 = CARTESIAN_POINT ( 'NONE',  ( 4.500000000000000000, 9.034856442049489900, -6.386053962189509825 ) ) ;
#1627 = VERTEX_POINT ( 'NONE', #178 ) ;
#1628 = ADVANCED_FACE ( 'NONE', ( #4386 ), #5343, .T. ) ;
#1629 = FACE_OUTER_BOUND ( 'NONE', #7174, .T. ) ;
#1630 = EDGE_CURVE ( 'NONE', #557, #5563, #3651, .T. ) ;
#1631 = LINE ( 'NONE', #7705, #5949 ) ;
#1632 = DIRECTION ( 'NONE',  ( 0.0000000000000000000, 0.0000000000000000000, -1.000000000000000000 ) ) ;
#1633 = ORIENTED_EDGE ( 'NONE', *, *, #8626, .T. ) ;
#1634 = CARTESIAN_POINT ( 'NONE',  ( 7.399999999999999467, 12.00000000000000000, 9.399999999999998579 ) ) ;
#1635 = CARTESIAN_POINT ( 'NONE',  ( 4.515384615403285729, 15.50000000000000000, -0.9859366135022067379 ) ) ;
#1636 = ORIENTED_EDGE ( 'NONE', *, *, #1740, .F. ) ;
#1637 = ORIENTED_EDGE ( 'NONE', *, *, #920, .T. ) ;
#1638 = CARTESIAN_POINT ( 'NONE',  ( 8.954745607530885110, 13.20000000000010054, -8.019591709434450877 ) ) ;
#1639 =( BOUNDED_CURVE ( )  B_SPLINE_CURVE ( 3, ( #9768, #4494, #7066, #10500 ),
 .UNSPECIFIED., .F., .T. ) 
 B_SPLINE_CURVE_WITH_KNOTS ( ( 4, 4 ),
 ( 0.0000000000000000000, 1.000000000000000000 ),
 .UNSPECIFIED. ) 
 CURVE ( )  GEOMETRIC_REPRESENTATION_ITEM ( )  RATIONAL_B_SPLINE_CURVE ( ( 1.000000000000000000, 0.8974358974358995766, 0.8974358974358995766, 1.000000000000000000 ) ) 
 REPRESENTATION_ITEM ( '' )  );
#1640 = CARTESIAN_POINT ( 'NONE',  ( 10.50000000000000000, 1.299999999999999822, 9.919999999999999929 ) ) ;
#1641 = LINE ( 'NONE', #7382, #5427 ) ;
#1642 = DIRECTION ( 'NONE',  ( -1.000000000000000000, 0.0000000000000000000, 0.0000000000000000000 ) ) ;
#1643 = CARTESIAN_POINT ( 'NONE',  ( 11.15732851968651929, 6.612858871108941550, -2.082641832106905344 ) ) ;
#1644 = EDGE_LOOP ( 'NONE', ( #900, #2483, #9974, #10976 ) ) ;
#1645 = VECTOR ( 'NONE', #2891, 1000.000000000000000 ) ;
#1646 = LINE ( 'NONE', #9269, #3303 ) ;
#1647 = CARTESIAN_POINT ( 'NONE',  ( 8.822247607754860610, 15.20000000000010054, 0.2754082905655549363 ) ) ;
#1648 = B_SPLINE_CURVE_WITH_KNOTS ( 'NONE', 3,
 ( #6764, #10087, #6601, #8443, #8334, #10146 ),
 .UNSPECIFIED., .F., .F.,
 ( 4, 2, 4 ),
 ( 0.0000000000000000000, 0.5000000000000000000, 1.000000000000000000 ),
 .UNSPECIFIED. ) ;
#1649 = DIRECTION ( 'NONE',  ( -1.000000000000000000, -0.0000000000000000000, 0.0000000000000000000 ) ) ;
#1650 = CARTESIAN_POINT ( 'NONE',  ( 6.500000000000000888, 15.50000000000000000, -6.570000000000001172 ) ) ;
#1651 = PLANE ( 'NONE',  #7063 ) ;
#1652 = EDGE_LOOP ( 'NONE', ( #4191, #4157, #4075, #7410 ) ) ;
#1653 = PLANE ( 'NONE',  #3563 ) ;
#1654 = EDGE_LOOP ( 'NONE', ( #10027, #10994, #3813, #205 ) ) ;
#1655 = EDGE_CURVE ( 'NONE', #7525, #3390, #7069, .T. ) ;
#1656 = AXIS2_PLACEMENT_3D ( 'NONE', #554, #2480, #5134 ) ;
#1657 = ORIENTED_EDGE ( 'NONE', *, *, #5943, .T. ) ;
#1658 = DIRECTION ( 'NONE',  ( 0.0000000000000000000, -1.000000000000000000, 0.0000000000000000000 ) ) ;
#1659 = CARTESIAN_POINT ( 'NONE',  ( 4.499999999999999112, 15.49994977653715544, 8.768098700075004359 ) ) ;
#1660 = LINE ( 'NONE', #4183, #790 ) ;
#1661 = DIRECTION ( 'NONE',  ( -1.000000000000000000, 0.0000000000000000000, 0.0000000000000000000 ) ) ;
#1662 = ORIENTED_EDGE ( 'NONE', *, *, #3919, .F. ) ;
#1663 = FACE_OUTER_BOUND ( 'NONE', #7790, .T. ) ;
#1664 = CARTESIAN_POINT ( 'NONE',  ( 4.382196266961285502, 15.50259483730813059, -8.886103730624435926 ) ) ;
#1665 = VECTOR ( 'NONE', #7864, 1000.000000000000000 ) ;
#1666 = DIRECTION ( 'NONE',  ( -1.000000000000000000, -0.0000000000000000000, -0.0000000000000000000 ) ) ;
#1667 = CARTESIAN_POINT ( 'NONE',  ( 4.515384615381938360, 15.50000000000000000, 0.9859366135444259660 ) ) ;
#1668 = VERTEX_POINT ( 'NONE', #1080 ) ;
#1669 = EDGE_CURVE ( 'NONE', #2365, #3262, #9538, .T. ) ;
#1670 = FACE_OUTER_BOUND ( 'NONE', #4215, .T. ) ;
#1671 = EDGE_CURVE ( 'NONE', #2349, #368, #1131, .T. ) ;
#1672 = CARTESIAN_POINT ( 'NONE',  ( 4.299999999999963407, 15.50000000000009948, 2.770769515458700205 ) ) ;
#1673 = AXIS2_PLACEMENT_3D ( 'NONE', #3624, #1721, #6202 ) ;
#1674 = CARTESIAN_POINT ( 'NONE',  ( 4.299999999999999822, 9.000000000000000000, -2.575601281123927500 ) ) ;
#1675 = CARTESIAN_POINT ( 'NONE',  ( 9.650000000000000355, 13.19999999999999929, 8.019999999999999574 ) ) ;
#1676 = ORIENTED_EDGE ( 'NONE', *, *, #10754, .F. ) ;
#1677 = CARTESIAN_POINT ( 'NONE',  ( 8.417803733038720537, 15.50259483730813059, -2.543896269375567343 ) ) ;
#1678 = CARTESIAN_POINT ( 'NONE',  ( 4.500000000000002665, 15.30259718358289867, -5.162563672940488679 ) ) ;
#1679 = DIRECTION ( 'NONE',  ( 0.0000000000000000000, -1.000000000000000000, 0.0000000000000000000 ) ) ;
#1680 = ORIENTED_EDGE ( 'NONE', *, *, #1413, .F. ) ;
#1681 = VECTOR ( 'NONE', #3376, 1000.000000000000000 ) ;
#1682 = CIRCLE ( 'NONE', #10473, 0.2000000000000000111 ) ;
#1683 = EDGE_LOOP ( 'NONE', ( #7377, #3479 ) ) ;
#1684 = CARTESIAN_POINT ( 'NONE',  ( 8.499999999999994671, 13.20000000000005080, -7.870000000000000107 ) ) ;
#1685 = VERTEX_POINT ( 'NONE', #10502 ) ;
#1686 = DIRECTION ( 'NONE',  ( 0.0000000000000000000, 0.0000000000000000000, 1.000000000000000000 ) ) ;
#1687 = SURFACE_STYLE_USAGE ( .BOTH. , #9366 ) ;
#1688 = VECTOR ( 'NONE', #9916, 1000.000000000000000 ) ;
#1689 = VECTOR ( 'NONE', #10720, 1000.000000000000000 ) ;
#1690 = CARTESIAN_POINT ( 'NONE',  ( 4.346153846153820943, 15.30000000000001137, 4.689348871534956054 ) ) ;
#1691 = ORIENTED_EDGE ( 'NONE', *, *, #8875, .T. ) ;
#1692 = VERTEX_POINT ( 'NONE', #4444 ) ;
#1693 = EDGE_CURVE ( 'NONE', #2570, #6325, #7875, .T. ) ;
#1694 = ADVANCED_FACE ( 'NONE', ( #2802 ), #10335, .F. ) ;
#1695 = AXIS2_PLACEMENT_3D ( 'NONE', #152, #1003, #4419 ) ;
#1696 = DIRECTION ( 'NONE',  ( 0.8682431421244601877, 0.4961389383568320377, -0.0000000000000000000 ) ) ;
#1697 = VECTOR ( 'NONE', #4473, 1000.000000000000000 ) ;
#1698 = DIRECTION ( 'NONE',  ( -0.0000000000000000000, -0.9284351071399689070, -0.3714946188439269825 ) ) ;
#1699 = EDGE_LOOP ( 'NONE', ( #9394, #725, #3793, #9911, #3463, #8827, #8721, #8798 ) ) ;
#1700 = ORIENTED_EDGE ( 'NONE', *, *, #5821, .F. ) ;
#1701 = DIRECTION ( 'NONE',  ( 0.0000000000000000000, 0.01298591791445111512, -0.9999156794129788750 ) ) ;
#1702 = DIRECTION ( 'NONE',  ( 0.0000000000000000000, 0.0000000000000000000, -1.000000000000000000 ) ) ;
#1703 = LINE ( 'NONE', #3113, #9728 ) ;
#1704 = B_SPLINE_CURVE_WITH_KNOTS ( 'NONE', 3,
 ( #961, #3761, #4704, #6488, #8913, #3120 ),
 .UNSPECIFIED., .F., .F.,
 ( 4, 2, 4 ),
 ( 0.0000000000000000000, 0.5000000000000000000, 1.000000000000000000 ),
 .UNSPECIFIED. ) ;
#1705 = CARTESIAN_POINT ( 'NONE',  ( 4.500000000000000000, 15.50000000000000000, -2.360000000000000320 ) ) ;
#1706 = CARTESIAN_POINT ( 'NONE',  ( 4.382842712474609215, 15.50000000000001066, 6.580769515458697150 ) ) ;
#1707 = VECTOR ( 'NONE', #5771, 1000.000000000000000 ) ;
#1708 = CARTESIAN_POINT ( 'NONE',  ( 8.706350832689590646, 13.20000000000010054, 4.059999999999999609 ) ) ;
#1709 = DIRECTION ( 'NONE',  ( 0.0000000000000000000, 1.000000000000000000, -0.0000000000000000000 ) ) ;
#1710 = UNCERTAINTY_MEASURE_WITH_UNIT (LENGTH_MEASURE( 1.000000000000000082E-05 ), #6318, 'distance_accuracy_value', 'NONE');
#1711 = DIRECTION ( 'NONE',  ( 0.9954954725939522131, -0.09480909262799622206, 0.0000000000000000000 ) ) ;
#1712 = CARTESIAN_POINT ( 'NONE',  ( 11.19999999999999751, 6.457765876464967469, 2.169059865235980933 ) ) ;
#1713 = LINE ( 'NONE', #2765, #7609 ) ;
#1714 = ORIENTED_EDGE ( 'NONE', *, *, #7375, .T. ) ;
#1715 = CARTESIAN_POINT ( 'NONE',  ( 8.500000000000000000, 9.000000000000000000, 9.919999999999999929 ) ) ;
#1716 = ORIENTED_EDGE ( 'NONE', *, *, #8887, .F. ) ;
#1717 =( GEOMETRIC_REPRESENTATION_CONTEXT ( 3 ) GLOBAL_UNCERTAINTY_ASSIGNED_CONTEXT ( ( #3614 ) ) GLOBAL_UNIT_ASSIGNED_CONTEXT ( ( #8445, #7618, #950 ) ) REPRESENTATION_CONTEXT ( 'NONE', 'WORKASPACE' ) );
#1718 = EDGE_LOOP ( 'NONE', ( #4996, #9786, #1582, #4954 ) ) ;
#1719 = CARTESIAN_POINT ( 'NONE',  ( 4.346153846171230128, 9.000000000000000000, 6.740651128499481892 ) ) ;
#1720 = CARTESIAN_POINT ( 'NONE',  ( 9.350000000000001421, 7.718339543136258030, 7.787433455342332778 ) ) ;
#1721 = DIRECTION ( 'NONE',  ( -1.000000000000000000, 0.0000000000000000000, 0.0000000000000000000 ) ) ;
#1722 = CARTESIAN_POINT ( 'NONE',  ( 9.599999999999999645, 5.199999999999999289, 2.493767091948869030 ) ) ;
#1723 = EDGE_LOOP ( 'NONE', ( #853, #2334, #9824, #8043 ) ) ;
#1724 = CARTESIAN_POINT ( 'NONE',  ( 5.449931523916875520, 15.50000000000000711, -0.1388264620704693919 ) ) ;
#1725 = ORIENTED_EDGE ( 'NONE', *, *, #2158, .T. ) ;
#1726 = DIRECTION ( 'NONE',  ( -0.0000000000000000000, -0.0000000000000000000, 1.000000000000000000 ) ) ;
#1727 = ORIENTED_EDGE ( 'NONE', *, *, #4266, .F. ) ;
#1728 = EDGE_CURVE ( 'NONE', #10213, #9288, #5397, .T. ) ;
#1729 = CARTESIAN_POINT ( 'NONE',  ( 9.349999999999999645, 9.000000000000000000, 9.919999999999999929 ) ) ;
#1730 = CARTESIAN_POINT ( 'NONE',  ( 4.500000000000010658, 9.000000000000000000, -2.375584415584412579 ) ) ;
#1731 = B_SPLINE_CURVE_WITH_KNOTS ( 'NONE', 3,
 ( #6891, #1962, #8743, #5385 ),
 .UNSPECIFIED., .F., .F.,
 ( 4, 4 ),
 ( 0.0000000000000000000, 1.000000000000000000 ),
 .UNSPECIFIED. ) ;
#1732 = EDGE_LOOP ( 'NONE', ( #2644, #2213, #5937, #7162 ) ) ;
#1733 = CARTESIAN_POINT ( 'NONE',  ( 8.300000000000000711, 15.30259718358289867, 8.972563672940486512 ) ) ;
#1734 =( GEOMETRIC_REPRESENTATION_CONTEXT ( 3 ) GLOBAL_UNCERTAINTY_ASSIGNED_CONTEXT ( ( #6862 ) ) GLOBAL_UNIT_ASSIGNED_CONTEXT ( ( #10266, #1176, #9647 ) ) REPRESENTATION_CONTEXT ( 'NONE', 'WORKASPACE' ) );
#1735 = CYLINDRICAL_SURFACE ( 'NONE', #409, 0.1999999999999999833 ) ;
#1736 = LINE ( 'NONE', #959, #1665 ) ;
#1737 = ORIENTED_EDGE ( 'NONE', *, *, #2146, .F. ) ;
#1738 = CARTESIAN_POINT ( 'NONE',  ( 4.382842712474602997, 15.50000000000000711, -6.580769515458698038 ) ) ;
#1739 = CARTESIAN_POINT ( 'NONE',  ( 11.19999999999999751, 8.094916023144861583, 8.448561371225165928 ) ) ;
#1740 = EDGE_CURVE ( 'NONE', #1833, #4646, #5553, .T. ) ;
#1741 = CYLINDRICAL_SURFACE ( 'NONE', #6003, 0.3000000000000155320 ) ;
#1742 = CARTESIAN_POINT ( 'NONE',  ( 8.500000000000000000, 15.30000000000000071, -2.360000000000000320 ) ) ;
#1743 = FACE_OUTER_BOUND ( 'NONE', #5569, .T. ) ;
#1744 = EDGE_CURVE ( 'NONE', #3802, #4834, #8087, .T. ) ;
#1745 = CARTESIAN_POINT ( 'NONE',  ( 10.19999999999999929, 4.349086444420986908, 3.087874628207747385 ) ) ;
#1746 = AXIS2_PLACEMENT_3D ( 'NONE', #1900, #8906, #2676 ) ;
#1747 = CARTESIAN_POINT ( 'NONE',  ( 8.706350832689629726, 15.19999999999999929, 7.370000000000000107 ) ) ;
#1748 = ORIENTED_EDGE ( 'NONE', *, *, #9659, .T. ) ;
#1749 = ORIENTED_EDGE ( 'NONE', *, *, #9, .F. ) ;
#1750 = APPLICATION_CONTEXT ( 'automotive_design' ) ;
#1751 = SURFACE_STYLE_USAGE ( .BOTH. , #2586 ) ;
#1752 = B_SPLINE_CURVE_WITH_KNOTS ( 'NONE', 3,
 ( #8437, #2613, #11091, #6035 ),
 .UNSPECIFIED., .F., .F.,
 ( 4, 4 ),
 ( 0.0000000000000000000, 1.000000000000000000 ),
 .UNSPECIFIED. ) ;
#1753 = SURFACE_SIDE_STYLE ('',( #6911 ) ) ;
#1754 = CIRCLE ( 'NONE', #1746, 0.2000000000000000944 ) ;
#1755 = CARTESIAN_POINT ( 'NONE',  ( -0.9999999999999997780, 13.19999999999999929, 8.999870129870130242 ) ) ;
#1756 = CARTESIAN_POINT ( 'NONE',  ( 9.599999999999999645, 5.701264653248205860, -5.148711301363028348 ) ) ;
#1757 = ORIENTED_EDGE ( 'NONE', *, *, #8399, .F. ) ;
#1758 = ORIENTED_EDGE ( 'NONE', *, *, #1608, .F. ) ;
#1759 = FACE_OUTER_BOUND ( 'NONE', #8022, .T. ) ;
#1760 = EDGE_CURVE ( 'NONE', #5563, #6851, #8240, .T. ) ;
#1761 = CARTESIAN_POINT ( 'NONE',  ( 6.375000000000000000, 0.5000000000000002220, 9.919999999999999929 ) ) ;
#1762 = CARTESIAN_POINT ( 'NONE',  ( 8.770205957768197891, 13.20000000000010054, 3.559591709434455353 ) ) ;
#1763 = EDGE_CURVE ( 'NONE', #4138, #4646, #7182, .T. ) ;
#1764 = CYLINDRICAL_SURFACE ( 'NONE', #613, 0.2000000000000000944 ) ;
#1765 = CARTESIAN_POINT ( 'NONE',  ( 4.346153846153805844, 15.50000000000009948, -2.930651128465031618 ) ) ;
#1766 = VECTOR ( 'NONE', #9783, 1000.000000000000000 ) ;
#1767 = EDGE_LOOP ( 'NONE', ( #6813, #9075, #5392, #10384 ) ) ;
#1768 = CARTESIAN_POINT ( 'NONE',  ( 11.19999999999999929, 6.457765876465090038, 6.110000000000000320 ) ) ;
#1769 = DIRECTION ( 'NONE',  ( 0.0000000000000000000, 0.0000000000000000000, 1.000000000000000000 ) ) ;
#1770 = LINE ( 'NONE', #1878, #9042 ) ;
#1771 = FACE_OUTER_BOUND ( 'NONE', #2873, .T. ) ;
#1772 = CARTESIAN_POINT ( 'NONE',  ( 9.502359877559831247, 13.20000000000009877, -3.409999999999999698 ) ) ;
#1773 = CARTESIAN_POINT ( 'NONE',  ( 10.19999999999999929, 4.653613737370164927, -4.872639902568377757 ) ) ;
#1774 = VECTOR ( 'NONE', #2834, 1000.000000000000000 ) ;
#1775 = ORIENTED_EDGE ( 'NONE', *, *, #1527, .T. ) ;
#1776 = VECTOR ( 'NONE', #9240, 1000.000000000000000 ) ;
#1777 = ORIENTED_EDGE ( 'NONE', *, *, #6543, .F. ) ;
#1778 = CARTESIAN_POINT ( 'NONE',  ( 6.500000000000000000, 11.70000000000000284, 9.019350649350650784 ) ) ;
#1779 = EDGE_CURVE ( 'NONE', #36, #10653, #1358, .T. ) ;
#1780 = LINE ( 'NONE', #7737, #2633 ) ;
#1781 = DIRECTION ( 'NONE',  ( -0.0000000000000000000, -0.9999156794129788750, 0.01298591791445429834 ) ) ;
#1782 = DIRECTION ( 'NONE',  ( -1.000000000000000000, 0.0000000000000000000, 0.0000000000000000000 ) ) ;
#1783 = DIRECTION ( 'NONE',  ( -1.000000000000000000, 0.0000000000000000000, 0.0000000000000000000 ) ) ;
#1784 = ORIENTED_EDGE ( 'NONE', *, *, #5646, .T. ) ;
#1785 = DIRECTION ( 'NONE',  ( -1.000000000000000000, -1.445602896647339903E-15, -0.0000000000000000000 ) ) ;
#1786 = VECTOR ( 'NONE', #3404, 1000.000000000000114 ) ;
#1787 = CARTESIAN_POINT ( 'NONE',  ( 9.018600732609508341, 13.20000000000007567, -4.209999999999999964 ) ) ;
#1788 =( BOUNDED_SURFACE ( )  B_SPLINE_SURFACE ( 3, 3, ( 
 ( #5535, #5741, #6435, #7378 ),
 ( #9866, #9808, #9159, #2171 ),
 ( #9115, #7331, #1492, #5586 ),
 ( #2219, #8173, #8069, #2942 ) ),
 .UNSPECIFIED., .F., .F., .F. ) 
 B_SPLINE_SURFACE_WITH_KNOTS ( ( 4, 4 ),
 ( 4, 4 ),
 ( 0.0000000000000000000, 1.000000000000000000 ),
 ( 0.0000000000000000000, 1.000000000000000000 ),
 .UNSPECIFIED. ) 
 GEOMETRIC_REPRESENTATION_ITEM ( )  RATIONAL_B_SPLINE_SURFACE ( (
 ( 1.000000000000000000, 0.8047378541243528360, 0.8047378541243528360, 1.000000000000000000),
 ( 0.8025111867385954501, 0.6458111303268051495, 0.6458111303268051495, 0.8025111867385954501),
 ( 0.8025111867385954501, 0.6458111303268051495, 0.6458111303268051495, 0.8025111867385954501),
 ( 1.000000000000000000, 0.8047378541243528360, 0.8047378541243528360, 1.000000000000000000) ) ) 
 REPRESENTATION_ITEM ( '' )  SURFACE ( )  );
#1789 = FACE_OUTER_BOUND ( 'NONE', #2560, .T. ) ;
#1790 = ORIENTED_EDGE ( 'NONE', *, *, #7299, .T. ) ;
#1791 = CARTESIAN_POINT ( 'NONE',  ( 8.478445380721959523, 15.40439733175265857, 1.152580537057889654 ) ) ;
#1792 =( NAMED_UNIT ( * ) SI_UNIT ( $, .STERADIAN. ) SOLID_ANGLE_UNIT ( ) );
#1793 = EDGE_CURVE ( 'NONE', #6464, #4391, #969, .T. ) ;
#1794 = CARTESIAN_POINT ( 'NONE',  ( 7.029379211749970935, 15.50000000000000178, 4.727195321208168544 ) ) ;
#1795 = LINE ( 'NONE', #2510, #10524 ) ;
#1796 = CARTESIAN_POINT ( 'NONE',  ( 8.299999999999998934, 15.50000000000000000, -4.962580537057890595 ) ) ;
#1797 = ORIENTED_EDGE ( 'NONE', *, *, #7362, .T. ) ;
#1798 = CARTESIAN_POINT ( 'NONE',  ( 9.650000000000002132, 13.20000000000007567, -4.009999999999996234 ) ) ;
#1799 = CARTESIAN_POINT ( 'NONE',  ( 9.650000000000003908, 15.20000000000009699, 4.062359877559829968 ) ) ;
#1800 = DIRECTION ( 'NONE',  ( 0.0000000000000000000, 0.0000000000000000000, -1.000000000000000000 ) ) ;
#1801 = VERTEX_POINT ( 'NONE', #3934 ) ;
#1802 = ORIENTED_EDGE ( 'NONE', *, *, #703, .T. ) ;
#1803 = CARTESIAN_POINT ( 'NONE',  ( 4.075000000000000178, 2.099999999999999645, 84.34799999999999898 ) ) ;
#1804 = CARTESIAN_POINT ( 'NONE',  ( 6.500000000000000000, 14.59999999999999964, 7.620000000000000107 ) ) ;
#1805 = ADVANCED_FACE ( 'NONE', ( #4775 ), #3984, .T. ) ;
#1806 = CARTESIAN_POINT ( 'NONE',  ( 4.694285714285674871, 15.41715728752538261, 3.483384704858462744 ) ) ;
#1807 = VERTEX_POINT ( 'NONE', #10717 ) ;
#1808 = FILL_AREA_STYLE ('',( #3600 ) ) ;
#1809 =( LENGTH_UNIT ( ) NAMED_UNIT ( * ) SI_UNIT ( .MILLI., .METRE. ) );
#1810 = CARTESIAN_POINT ( 'NONE',  ( 4.694285714285675759, 15.41715728752537728, -4.136615295141538695 ) ) ;
#1811 = DIRECTION ( 'NONE',  ( 0.0000000000000000000, -0.0000000000000000000, 1.000000000000000000 ) ) ;
#1812 = VERTEX_POINT ( 'NONE', #1411 ) ;
#1813 = EDGE_LOOP ( 'NONE', ( #5318, #7694, #2128, #4845 ) ) ;
#1814 = CARTESIAN_POINT ( 'NONE',  ( 4.500000000000000000, 15.50000000000000000, 8.772580537057889316 ) ) ;
#1815 = ADVANCED_FACE ( 'NONE', ( #7398 ), #6344, .T. ) ;
#1816 = EDGE_CURVE ( 'NONE', #1898, #4803, #10710, .T. ) ;
#1817 = DIRECTION ( 'NONE',  ( -0.0000000000000000000, -0.0000000000000000000, 1.000000000000000000 ) ) ;
#1818 = DIRECTION ( 'NONE',  ( 0.0000000000000000000, -0.0000000000000000000, 1.000000000000000000 ) ) ;
#1819 = LINE ( 'NONE', #1765, #1049 ) ;
#1820 = ORIENTED_EDGE ( 'NONE', *, *, #8660, .F. ) ;
#1821 = CARTESIAN_POINT ( 'NONE',  ( 9.599999999999999645, 5.601264653248193781, 6.270034638419189399 ) ) ;
#1822 = B_SPLINE_CURVE_WITH_KNOTS ( 'NONE', 3,
 ( #602, #4134, #4025, #6934, #5258, #7100, #3457, #95, #9515, #3570, #6037, #7850, #10311, #5975, #8618, #8670, #4305, #200 ),
 .UNSPECIFIED., .F., .F.,
 ( 4, 2, 2, 2, 2, 2, 2, 2, 4 ),
 ( 0.0000000000000000000, 0.1250000000000000000, 0.2500000000000000000, 0.3750000000000000000, 0.5000000000000000000, 0.6250000000000000000, 0.7500000000000000000, 0.8750000000000000000, 1.000000000000000000 ),
 .UNSPECIFIED. ) ;
#1823 = CARTESIAN_POINT ( 'NONE',  ( 8.770205957768197891, 13.20000000000010054, -4.060408290565545641 ) ) ;
#1824 = CARTESIAN_POINT ( 'NONE',  ( 11.14599797265995385, 6.629634952222027700, -5.546912383582294659 ) ) ;
#1825 = DIRECTION ( 'NONE',  ( -1.531342102931250010E-16, 0.0000000000000000000, 1.000000000000000000 ) ) ;
#1826 = DIRECTION ( 'NONE',  ( 0.0000000000000000000, 0.7853969274136174405, -0.6189924607046914939 ) ) ;
#1827 = ORIENTED_EDGE ( 'NONE', *, *, #5122, .F. ) ;
#1828 = CARTESIAN_POINT ( 'NONE',  ( 8.822247607754862386, 13.20000000000010054, 0.2754082905655558244 ) ) ;
#1829 = CARTESIAN_POINT ( 'NONE',  ( 9.350000000000001421, 7.030358641518589025, 6.005718296374354281 ) ) ;
#1830 = LINE ( 'NONE', #10310, #3286 ) ;
#1831 = CARTESIAN_POINT ( 'NONE',  ( 4.499999999999998224, 15.50000000000000000, -6.580769515458847252 ) ) ;
#1832 = CARTESIAN_POINT ( 'NONE',  ( 6.359824856001091042, 15.50000000000000711, -1.049604663760016487 ) ) ;
#1833 = VERTEX_POINT ( 'NONE', #8863 ) ;
#1834 = CARTESIAN_POINT ( 'NONE',  ( 9.450000000000001066, 13.20000000000005258, 3.409999999999999698 ) ) ;
#1835 = EDGE_LOOP ( 'NONE', ( #883, #8208, #2735, #6647 ) ) ;
#1836 = DIRECTION ( 'NONE',  ( 1.000000000000000000, -0.0000000000000000000, 0.0000000000000000000 ) ) ;
#1837 = EDGE_CURVE ( 'NONE', #9984, #3089, #6674, .T. ) ;
#1838 = EDGE_CURVE ( 'NONE', #7126, #807, #3277, .T. ) ;
#1839 = CARTESIAN_POINT ( 'NONE',  ( 4.299999999999999822, 15.50000000000000000, -2.360000000000000320 ) ) ;
#1840 = ORIENTED_EDGE ( 'NONE', *, *, #8688, .T. ) ;
#1841 = CARTESIAN_POINT ( 'NONE',  ( 4.395602668247344802, 15.47844538072196308, -6.580769515458698926 ) ) ;
#1842 = DIRECTION ( 'NONE',  ( 2.556434596176350141E-15, 1.000000000000000000, 0.0000000000000000000 ) ) ;
#1843 = CARTESIAN_POINT ( 'NONE',  ( 8.478445380721959523, 9.000489967319662554, 5.148798491003399036 ) ) ;
#1844 = CARTESIAN_POINT ( 'NONE',  ( 10.90000000000000036, 8.261222984375919509, -4.773388528311545365 ) ) ;
#1845 = CARTESIAN_POINT ( 'NONE',  ( 9.599999999999999645, 5.199999999999999289, -1.316244658108839838 ) ) ;
#1846 = ORIENTED_EDGE ( 'NONE', *, *, #3117, .F. ) ;
#1847 = COLOUR_RGB ( '',1.000000000000000000, 1.000000000000000000, 1.000000000000000000 ) ;
#1848 = CARTESIAN_POINT ( 'NONE',  ( 11.19999999999999751, 7.096759333006035675, 6.587092450012733025 ) ) ;
#1849 = CARTESIAN_POINT ( 'NONE',  ( 8.417803733038715208, 15.50259483730813059, 1.266103730624432933 ) ) ;
#1850 = CARTESIAN_POINT ( 'NONE',  ( 9.199999999999999289, 7.799999999999999822, -9.919999999999999929 ) ) ;
#1851 = ORIENTED_EDGE ( 'NONE', *, *, #2828, .F. ) ;
#1852 = B_SPLINE_CURVE_WITH_KNOTS ( 'NONE', 3,
 ( #4786, #8200, #528, #3946, #61, #1025 ),
 .UNSPECIFIED., .F., .F.,
 ( 4, 2, 4 ),
 ( 0.0000000000000000000, 0.5000000000000000000, 1.000000000000000000 ),
 .UNSPECIFIED. ) ;
#1853 = ORIENTED_EDGE ( 'NONE', *, *, #8028, .T. ) ;
#1854 = VECTOR ( 'NONE', #2084, 1000.000000000000000 ) ;
#1855 = PLANE ( 'NONE',  #10191 ) ;
#1856 = LINE ( 'NONE', #6171, #8116 ) ;
#1857 = CARTESIAN_POINT ( 'NONE',  ( 4.515384615384594014, 15.50000000000000000, 2.824063386460821778 ) ) ;
#1858 = PRESENTATION_LAYER_ASSIGNMENT (  '', '', ( #6682 ) ) ;
#1859 = LINE ( 'NONE', #1634, #4568 ) ;
#1860 = ADVANCED_FACE ( 'NONE', ( #1303 ), #9882, .F. ) ;
#1861 = PLANE ( 'NONE',  #1149 ) ;
#1862 = ORIENTED_EDGE ( 'NONE', *, *, #7701, .F. ) ;
#1863 = CARTESIAN_POINT ( 'NONE',  ( 4.416251525940023903, 15.50000000000000000, -2.886501040144151986 ) ) ;
#1864 = CARTESIAN_POINT ( 'NONE',  ( 9.600000000000001421, 5.799999999999998046, 5.126236820298943009 ) ) ;
#1865 = EDGE_LOOP ( 'NONE', ( #9620, #4238, #7968, #2308 ) ) ;
#1866 = ORIENTED_EDGE ( 'NONE', *, *, #8310, .T. ) ;
#1867 = CARTESIAN_POINT ( 'NONE',  ( 4.346153846150550670, 9.000000000000000000, 0.8793488715414061740 ) ) ;
#1868 = STYLED_ITEM ( 'NONE', ( #4217 ), #4497 ) ;
#1869 = CIRCLE ( 'NONE', #2925, 0.1999999999999996503 ) ;
#1870 = FACE_OUTER_BOUND ( 'NONE', #9522, .T. ) ;
#1871 = LINE ( 'NONE', #2481, #8304 ) ;
#1872 = CARTESIAN_POINT ( 'NONE',  ( 6.500000000000000888, 14.49999999999890754, 4.435000000010744792 ) ) ;
#1873 = FACE_OUTER_BOUND ( 'NONE', #1718, .T. ) ;
#1874 = VECTOR ( 'NONE', #5213, 1000.000000000000000 ) ;
#1875 = EDGE_CURVE ( 'NONE', #10114, #2070, #4095, .T. ) ;
#1876 = VECTOR ( 'NONE', #10353, 1000.000000000000000 ) ;
#1877 = EDGE_CURVE ( 'NONE', #8635, #1464, #8471, .T. ) ;
#1878 = CARTESIAN_POINT ( 'NONE',  ( 0.7749999999999999112, 2.100000000000000089, 8.519999999999999574 ) ) ;
#1879 = FACE_OUTER_BOUND ( 'NONE', #1127, .T. ) ;
#1880 = DIRECTION ( 'NONE',  ( 0.9810437422032618482, 0.1937864182129898638, 0.0000000000000000000 ) ) ;
#1881 = CARTESIAN_POINT ( 'NONE',  ( 9.600000000000001421, 5.500000000000000000, 5.160000000000020570 ) ) ;
#1882 = EDGE_LOOP ( 'NONE', ( #4543, #8434, #5014, #330 ) ) ;
#1883 = DIRECTION ( 'NONE',  ( 0.0000000000000000000, 1.000000000000000000, 0.0000000000000000000 ) ) ;
#1884 = CIRCLE ( 'NONE', #9593, 0.2000000000000001499 ) ;
#1885 = VECTOR ( 'NONE', #9451, 1000.000000000000000 ) ;
#1886 = CARTESIAN_POINT ( 'NONE',  ( 4.382842712474609215, 15.50000000000005151, -8.617999736775759700 ) ) ;
#1887 = ADVANCED_FACE ( 'NONE', ( #4197 ), #6831, .T. ) ;
#1888 = CARTESIAN_POINT ( 'NONE',  ( 5.875000000000000000, 1.084202172485504434E-16, -9.919999999999999929 ) ) ;
#1889 = DIRECTION ( 'NONE',  ( 0.0000000000000000000, 0.0000000000000000000, -1.000000000000000000 ) ) ;
#1890 = ORIENTED_EDGE ( 'NONE', *, *, #7243, .F. ) ;
#1891 = B_SPLINE_CURVE_WITH_KNOTS ( 'NONE', 3,
 ( #2009, #3916, #5383, #5538, #4534, #1175, #8176, #3753, #4594, #8960, #8018, #10645 ),
 .UNSPECIFIED., .F., .F.,
 ( 4, 2, 2, 2, 2, 4 ),
 ( 0.0000000000000000000, 0.2500000000000000000, 0.3750000000000000000, 0.5000000000000000000, 0.7500000000000000000, 1.000000000000000000 ),
 .UNSPECIFIED. ) ;
#1892 = CARTESIAN_POINT ( 'NONE',  ( 11.19999999999999929, 7.799999999999999822, 9.919999999999999929 ) ) ;
#1893 = ORIENTED_EDGE ( 'NONE', *, *, #3690, .T. ) ;
#1894 = CARTESIAN_POINT ( 'NONE',  ( 10.19999999999999929, 5.799999999999999822, 1.316244658108830734 ) ) ;
#1895 = ORIENTED_EDGE ( 'NONE', *, *, #5858, .F. ) ;
#1896 = FACE_OUTER_BOUND ( 'NONE', #5890, .T. ) ;
#1897 = CARTESIAN_POINT ( 'NONE',  ( 5.477328689498269121, 15.50000000000000178, -7.345164721422755782 ) ) ;
#1898 = VERTEX_POINT ( 'NONE', #5872 ) ;
#1899 = DIRECTION ( 'NONE',  ( 1.000000000000000000, 0.0000000000000000000, -0.0000000000000000000 ) ) ;
#1900 = CARTESIAN_POINT ( 'NONE',  ( 4.515384615384593125, 15.29999999999999893, -0.9859366135391783859 ) ) ;
#1901 = CARTESIAN_POINT ( 'NONE',  ( 9.350000000000001421, 7.409390995531704327, 1.096355583700321379 ) ) ;
#1902 = CARTESIAN_POINT ( 'NONE',  ( 7.144158946280201761, 15.50000000000000000, 2.969364581006584292 ) ) ;
#1903 = CARTESIAN_POINT ( 'NONE',  ( 9.599999999999999645, 5.398675942255756866, -2.460010611124496371 ) ) ;
#1904 = EDGE_CURVE ( 'NONE', #2520, #7525, #9352, .T. ) ;
#1905 = LINE ( 'NONE', #1014, #9736 ) ;
#1906 = ADVANCED_FACE ( 'NONE', ( #1509 ), #1460, .T. ) ;
#1907 = AXIS2_PLACEMENT_3D ( 'NONE', #6651, #10038, #5036 ) ;
#1908 = ORIENTED_EDGE ( 'NONE', *, *, #10253, .F. ) ;
#1909 = DIRECTION ( 'NONE',  ( 1.000000000000000000, 0.0000000000000000000, 0.0000000000000000000 ) ) ;
#1910 = CARTESIAN_POINT ( 'NONE',  ( 4.299999999999968736, 15.30000000000000071, 1.039230484541330046 ) ) ;
#1911 = ORIENTED_EDGE ( 'NONE', *, *, #5668, .T. ) ;
#1912 = VERTEX_POINT ( 'NONE', #6611 ) ;
#1913 = AXIS2_PLACEMENT_3D ( 'NONE', #4857, #10857, #5687 ) ;
#1914 = FACE_OUTER_BOUND ( 'NONE', #6590, .T. ) ;
#1915 = PLANE ( 'NONE',  #4990 ) ;
#1916 = LINE ( 'NONE', #62, #5770 ) ;
#1917 = EDGE_CURVE ( 'NONE', #4208, #8635, #7515, .T. ) ;
#1918 = DIRECTION ( 'NONE',  ( -1.000000000000000000, 0.0000000000000000000, 0.0000000000000000000 ) ) ;
#1919 = AXIS2_PLACEMENT_3D ( 'NONE', #10235, #2534, #6630 ) ;
#1920 = CYLINDRICAL_SURFACE ( 'NONE', #7819, 0.1999999999999996503 ) ;
#1921 = CARTESIAN_POINT ( 'NONE',  ( 11.14599797265995207, 6.629634952222026811, 2.073087616417704115 ) ) ;
#1922 = CARTESIAN_POINT ( 'NONE',  ( 9.599999999999999645, 5.500000000000000000, -1.349991669323390209 ) ) ;
#1923 = LINE ( 'NONE', #7833, #4698 ) ;
#1924 = VERTEX_POINT ( 'NONE', #845 ) ;
#1925 = LINE ( 'NONE', #5354, #3914 ) ;
#1926 =( GEOMETRIC_REPRESENTATION_CONTEXT ( 3 ) GLOBAL_UNCERTAINTY_ASSIGNED_CONTEXT ( ( #7663 ) ) GLOBAL_UNIT_ASSIGNED_CONTEXT ( ( #1200, #358, #2091 ) ) REPRESENTATION_CONTEXT ( 'NONE', 'WORKASPACE' ) );
#1927 = CARTESIAN_POINT ( 'NONE',  ( 4.346153846153850253, 15.30000000000000249, -0.8793488715349085938 ) ) ;
#1928 = ADVANCED_FACE ( 'NONE', ( #10932 ), #730, .T. ) ;
#1929 = LINE ( 'NONE', #8138, #6521 ) ;
#1930 = CARTESIAN_POINT ( 'NONE',  ( 7.550000000000000711, 15.50000000000000000, -7.482555321405447657 ) ) ;
#1931 = ORIENTED_EDGE ( 'NONE', *, *, #7996, .T. ) ;
#1932 = CARTESIAN_POINT ( 'NONE',  ( 0.7749999999999999112, -4.440892098500626162E-16, 6.120000000000000107 ) ) ;
#1933 = AXIS2_PLACEMENT_3D ( 'NONE', #1626, #8030, #3647 ) ;
#1934 = CARTESIAN_POINT ( 'NONE',  ( 10.90000000000000036, 6.757765876465089860, -5.814999999999999503 ) ) ;
#1935 = DIRECTION ( 'NONE',  ( 0.0000000000000000000, 0.9999156794129788750, 0.01298591791445429834 ) ) ;
#1936 =( LENGTH_UNIT ( ) NAMED_UNIT ( * ) SI_UNIT ( .MILLI., .METRE. ) );
#1937 = DIRECTION ( 'NONE',  ( 0.8461538461538563594, 0.0000000000000000000, -0.5329387100211767647 ) ) ;
#1938 = ORIENTED_EDGE ( 'NONE', *, *, #8875, .F. ) ;
#1939 = VECTOR ( 'NONE', #5511, 1000.000000000000000 ) ;
#1940 = CARTESIAN_POINT ( 'NONE',  ( 9.600000000000001421, 5.799999999999998046, -1.316232908051130801 ) ) ;
#1941 = CIRCLE ( 'NONE', #7310, 1.350000000000020073 ) ;
#1942 = EDGE_CURVE ( 'NONE', #4424, #8581, #6656, .T. ) ;
#1943 = EDGE_CURVE ( 'NONE', #3685, #8174, #8455, .T. ) ;
#1944 = CARTESIAN_POINT ( 'NONE',  ( 4.315797791639861991, 15.30000000000000782, -8.547545581209167409 ) ) ;
#1945 =( NAMED_UNIT ( * ) PLANE_ANGLE_UNIT ( ) SI_UNIT ( $, .RADIAN. ) );
#1946 = CARTESIAN_POINT ( 'NONE',  ( 10.90000000000000036, 6.757765876465089860, -5.814999999999999503 ) ) ;
#1947 = DIRECTION ( 'NONE',  ( -1.000000000000000000, 0.0000000000000000000, 0.0000000000000000000 ) ) ;
#1948 = LINE ( 'NONE', #6822, #6187 ) ;
#1949 = EDGE_LOOP ( 'NONE', ( #4472, #7896, #3742, #1092 ) ) ;
#1950 = UNCERTAINTY_MEASURE_WITH_UNIT (LENGTH_MEASURE( 1.000000000000000082E-05 ), #8933, 'distance_accuracy_value', 'NONE');
#1951 = CARTESIAN_POINT ( 'NONE',  ( 7.399999999999999467, 12.19999999999999929, 9.399999999999998579 ) ) ;
#1952 = CONICAL_SURFACE ( 'NONE', #6423, 1.050000000046220627, 1.339705659593408482 ) ;
#1953 = CARTESIAN_POINT ( 'NONE',  ( 4.500000000000001776, 15.42062190192916304, 2.458969115609469291 ) ) ;
#1954 = VERTEX_POINT ( 'NONE', #4257 ) ;
#1955 = CARTESIAN_POINT ( 'NONE',  ( 8.404397331752656797, 9.000585821344337489, 6.207148460583272964 ) ) ;
#1956 = ORIENTED_EDGE ( 'NONE', *, *, #4347, .F. ) ;
#1957 = DIRECTION ( 'NONE',  ( -1.000000000000000000, 0.0000000000000000000, 0.0000000000000000000 ) ) ;
#1959 = EDGE_CURVE ( 'NONE', #7089, #6666, #3648, .T. ) ;
#1958 = PLANE ( 'NONE',  #7769 ) ;
#1960 = EDGE_CURVE ( 'NONE', #4598, #9440, #11111, .T. ) ;
#1961 = CARTESIAN_POINT ( 'NONE',  ( 9.350000000000001421, 7.409390995531704327, 4.906355583700321432 ) ) ;
#1962 = CARTESIAN_POINT ( 'NONE',  ( 4.315478208472352861, 9.000000000000000000, -8.548228604630457639 ) ) ;
#1963 = ORIENTED_EDGE ( 'NONE', *, *, #9189, .T. ) ;
#1964 = FACE_OUTER_BOUND ( 'NONE', #10497, .T. ) ;
#1965 = VERTEX_POINT ( 'NONE', #5814 ) ;
#1966 = CARTESIAN_POINT ( 'NONE',  ( 8.300000000000000711, 15.30259718358289689, 1.352563672940485517 ) ) ;
#1967 = CARTESIAN_POINT ( 'NONE',  ( 4.515384615402476598, 15.50000000000000000, 6.634063386496173109 ) ) ;
#1968 = EDGE_LOOP ( 'NONE', ( #4645, #1853, #1247, #719 ) ) ;
#1969 = ORIENTED_EDGE ( 'NONE', *, *, #4093, .F. ) ;
#1970 = STYLED_ITEM ( 'NONE', ( #2475 ), #565 ) ;
#1971 = ADVANCED_FACE ( 'NONE', ( #9243 ), #6717, .T. ) ;
#1972 = VECTOR ( 'NONE', #7900, 1000.000000000000000 ) ;
#1973 = CARTESIAN_POINT ( 'NONE',  ( 4.499999999999988454, 15.50000000000000000, -1.039230484541145749 ) ) ;
#1974 = DIRECTION ( 'NONE',  ( 0.0000000000000000000, 1.000000000000000000, -0.0000000000000000000 ) ) ;
#1975 = LINE ( 'NONE', #7975, #4787 ) ;
#1976 = DIRECTION ( 'NONE',  ( 0.0000000000000000000, -0.9615239476408231623, 0.2747211278973781257 ) ) ;
#1977 = LINE ( 'NONE', #5289, #10125 ) ;
#1978 = CYLINDRICAL_SURFACE ( 'NONE', #92, 0.2000000000000005107 ) ;
#1979 = LINE ( 'NONE', #1136, #7077 ) ;
#1980 = CARTESIAN_POINT ( 'NONE',  ( 4.298896448480527432, 15.30150824295815859, -6.351284755163224993 ) ) ;
#1981 = EDGE_CURVE ( 'NONE', #6420, #5310, #2453, .T. ) ;
#1982 = EDGE_CURVE ( 'NONE', #7652, #7275, #6856, .T. ) ;
#1983 = DIRECTION ( 'NONE',  ( -1.000000000000000000, 0.0000000000000000000, 0.0000000000000000000 ) ) ;
#1984 = CARTESIAN_POINT ( 'NONE',  ( 4.447640122440168930, 15.50000000000000533, -8.772580537057887540 ) ) ;
#1985 = ORIENTED_EDGE ( 'NONE', *, *, #1094, .F. ) ;
#1986 = SURFACE_STYLE_FILL_AREA ( #6245 ) ;
#1987 = FACE_OUTER_BOUND ( 'NONE', #2093, .T. ) ;
#1988 = B_SPLINE_CURVE_WITH_KNOTS ( 'NONE', 3,
 ( #4540, #3476, #2846, #4321, #4377, #1848, #3642, #4488, #6222, #8800, #6952, #9703, #8636, #10385, #6280, #2014, #5437 ),
 .UNSPECIFIED., .F., .F.,
 ( 4, 1, 2, 2, 2, 2, 2, 2, 4 ),
 ( 0.0000000000000000000, 0.1250000000000010825, 0.1875000000000013600, 0.2500000000000016653, 0.5000000000000013323, 0.7500000000000004441, 0.8125000000000002220, 0.8750000000000000000, 1.000000000000000000 ),
 .UNSPECIFIED. ) ;
#1989 = CARTESIAN_POINT ( 'NONE',  ( 8.300000000000000711, 15.50259483730812882, 5.076103730624432764 ) ) ;
#1990 = CARTESIAN_POINT ( 'NONE',  ( 4.505159402822683568, 15.50000000000000000, -2.807770142090902254 ) ) ;
#1991 = DIRECTION ( 'NONE',  ( -1.412560544723970047E-16, 1.000000000000000000, 0.0000000000000000000 ) ) ;
#1992 = PLANE ( 'NONE',  #8579 ) ;
#1993 = ORIENTED_EDGE ( 'NONE', *, *, #10616, .T. ) ;
#1994 = DIRECTION ( 'NONE',  ( 0.0000000000000000000, -0.01298591791445111512, -0.9999156794129788750 ) ) ;
#1995 = FACE_OUTER_BOUND ( 'NONE', #483, .T. ) ;
#1996 = CARTESIAN_POINT ( 'NONE',  ( 8.862475782649550382, 13.20000000000020002, -4.134999999999999787 ) ) ;
#1997 = LINE ( 'NONE', #5419, #8946 ) ;
#1998 = ORIENTED_EDGE ( 'NONE', *, *, #2209, .F. ) ;
#1999 = DIRECTION ( 'NONE',  ( -1.000000000000000000, -1.066083429980355782E-17, -3.731292004931244158E-17 ) ) ;
#2000 = EDGE_LOOP ( 'NONE', ( #6792, #10143, #3399, #10136 ) ) ;
#2001 = LINE ( 'NONE', #707, #5642 ) ;
#2002 = CARTESIAN_POINT ( 'NONE',  ( 10.20000000000000107, 5.799999999999998934, -2.493730698346559027 ) ) ;
#2003 = EDGE_CURVE ( 'NONE', #8505, #4746, #1366, .T. ) ;
#2004 = CARTESIAN_POINT ( 'NONE',  ( 4.500000000000000000, 15.30259718358289511, 2.457436327059514536 ) ) ;
#2005 = ORIENTED_EDGE ( 'NONE', *, *, #3782, .F. ) ;
#2006 = ORIENTED_EDGE ( 'NONE', *, *, #4346, .F. ) ;
#2007 = ORIENTED_EDGE ( 'NONE', *, *, #7216, .F. ) ;
#2008 = CARTESIAN_POINT ( 'NONE',  ( 8.501103551519475943, 15.30150824295815859, 8.888715244836774332 ) ) ;
#2009 = CARTESIAN_POINT ( 'NONE',  ( 6.500000000000000888, 14.49999999999890754, 4.435000000010744792 ) ) ;
#2010 = CARTESIAN_POINT ( 'NONE',  ( 8.478445380721957747, 9.000489967319664331, -1.338798491003404534 ) ) ;
#2011 = CARTESIAN_POINT ( 'NONE',  ( 10.19999999999999929, 6.824791866760579140, 7.318771542967120958 ) ) ;
#2012 = B_SPLINE_CURVE_WITH_KNOTS ( 'NONE', 3,
 ( #10598, #1903, #4650, #8742 ),
 .UNSPECIFIED., .F., .F.,
 ( 4, 4 ),
 ( 0.0000000000000000000, 1.000000000000000000 ),
 .UNSPECIFIED. ) ;
#2013 = VERTEX_POINT ( 'NONE', #7626 ) ;
#2014 = CARTESIAN_POINT ( 'NONE',  ( 11.20000000000000107, 6.662806527691636838, 9.131135432684267528 ) ) ;
#2015 = VERTEX_POINT ( 'NONE', #3700 ) ;
#2016 = CYLINDRICAL_SURFACE ( 'NONE', #8498, 0.2000000000000001499 ) ;
#2017 = AXIS2_PLACEMENT_3D ( 'NONE', #2567, #6948, #3471 ) ;
#2018 = CARTESIAN_POINT ( 'NONE',  ( 6.500000000000000000, 15.50000000000000000, -7.620000000000000107 ) ) ;
#2019 = ORIENTED_EDGE ( 'NONE', *, *, #6419, .T. ) ;
#2020 = EDGE_CURVE ( 'NONE', #6007, #2699, #7965, .T. ) ;
#2021 = EDGE_CURVE ( 'NONE', #10111, #3811, #5082, .T. ) ;
#2022 = ORIENTED_EDGE ( 'NONE', *, *, #9590, .F. ) ;
#2023 = CARTESIAN_POINT ( 'NONE',  ( 6.826241661717851628, 14.49999999999818279, -8.177641814740406190 ) ) ;
#2024 = ORIENTED_EDGE ( 'NONE', *, *, #9489, .T. ) ;
#2025 = PLANE ( 'NONE',  #3016 ) ;
#2026 = STYLED_ITEM ( 'NONE', ( #4268 ), #1590 ) ;
#2027 = DIRECTION ( 'NONE',  ( -1.000000000000000000, 0.0000000000000000000, 0.0000000000000000000 ) ) ;
#2028 = DIRECTION ( 'NONE',  ( -1.000000000000000000, 0.0000000000000000000, -0.0000000000000000000 ) ) ;
#2029 = EDGE_CURVE ( 'NONE', #8897, #5048, #1905, .T. ) ;
#2030 = CARTESIAN_POINT ( 'NONE',  ( 6.500000000000000888, 14.49999999999890754, 0.6250000000107445164 ) ) ;
#2031 = DIRECTION ( 'NONE',  ( 2.556434596176350141E-15, 1.000000000000000000, 0.0000000000000000000 ) ) ;
#2032 = CARTESIAN_POINT ( 'NONE',  ( 4.416251525940039002, 15.50000000000000178, 6.696501040144178241 ) ) ;
#2033 = CARTESIAN_POINT ( 'NONE',  ( 6.824302354728494002, 14.50000000000000355, -3.250161346323809930 ) ) ;
#2034 = FACE_OUTER_BOUND ( 'NONE', #4136, .T. ) ;
#2035 = CARTESIAN_POINT ( 'NONE',  ( 11.19999999999999929, 6.457765876465090038, 9.919999999999999929 ) ) ;
#2036 = ORIENTED_EDGE ( 'NONE', *, *, #2446, .T. ) ;
#2037 = EDGE_LOOP ( 'NONE', ( #10488, #6947 ) ) ;
#2038 = DIRECTION ( 'NONE',  ( 1.000000000000000000, 0.0000000000000000000, 0.0000000000000000000 ) ) ;
#2039 = CARTESIAN_POINT ( 'NONE',  ( 8.418034671099022148, 15.30259718358289511, -5.162563672940488679 ) ) ;
#2040 = EDGE_CURVE ( 'NONE', #485, #2454, #6497, .T. ) ;
#2041 = CARTESIAN_POINT ( 'NONE',  ( 8.352359877559830892, 15.50000000000000533, 8.772580537057887540 ) ) ;
#2042 = EDGE_CURVE ( 'NONE', #392, #1004, #4374, .T. ) ;
#2043 = ORIENTED_EDGE ( 'NONE', *, *, #117, .T. ) ;
#2044 = DIRECTION ( 'NONE',  ( 0.0000000000000000000, 0.0000000000000000000, -1.000000000000000000 ) ) ;
#2045 = CARTESIAN_POINT ( 'NONE',  ( 1.474999999999999867, 2.099999999999999645, -0.8999999999999998002 ) ) ;
#2046 = EDGE_LOOP ( 'NONE', ( #1126, #9290, #10302, #9960 ) ) ;
#2047 = VECTOR ( 'NONE', #418, 1000.000000000000000 ) ;
#2048 = AXIS2_PLACEMENT_3D ( 'NONE', #645, #10851, #10123 ) ;
#2049 = DIRECTION ( 'NONE',  ( 1.000000000000000000, 0.0000000000000000000, 0.0000000000000000000 ) ) ;
#2050 = VERTEX_POINT ( 'NONE', #1796 ) ;
#2051 = CARTESIAN_POINT ( 'NONE',  ( 8.299999999999998934, 15.49610433412370014, 8.770033727523809830 ) ) ;
#2052 = CARTESIAN_POINT ( 'NONE',  ( 4.515384615384646416, 15.49999999999999822, -8.605936613539229896 ) ) ;
#2053 = CARTESIAN_POINT ( 'NONE',  ( 9.449999999999999289, 15.20000000000004903, -8.019999999999999574 ) ) ;
#2054 = DIRECTION ( 'NONE',  ( -1.000000000000000000, -1.066083429980355782E-17, -3.731292004931244158E-17 ) ) ;
#2055 = ORIENTED_EDGE ( 'NONE', *, *, #4451, .T. ) ;
#2056 = VECTOR ( 'NONE', #7679, 1000.000000000000114 ) ;
#2057 = LINE ( 'NONE', #8217, #8682 ) ;
#2058 = ORIENTED_EDGE ( 'NONE', *, *, #4400, .F. ) ;
#2059 = CARTESIAN_POINT ( 'NONE',  ( 10.19999999999999929, 6.089148453074670897, 5.033996747325872434 ) ) ;
#2060 = UNCERTAINTY_MEASURE_WITH_UNIT (LENGTH_MEASURE( 1.000000000000000082E-05 ), #997, 'distance_accuracy_value', 'NONE');
#2061 = CARTESIAN_POINT ( 'NONE',  ( 4.500000000000000000, 15.50000000000000000, 1.449999999999999956 ) ) ;
#2062 = ORIENTED_EDGE ( 'NONE', *, *, #6062, .F. ) ;
#2063 = DIRECTION ( 'NONE',  ( -0.0000000000000000000, -0.0000000000000000000, -1.000000000000000000 ) ) ;
#2064 = VERTEX_POINT ( 'NONE', #2681 ) ;
#2065 = CARTESIAN_POINT ( 'NONE',  ( 8.499991117421794584, 15.41711772838280403, 8.769174440960121331 ) ) ;
#2066 = CARTESIAN_POINT ( 'NONE',  ( 8.899999999999998579, 13.19999999999999929, 4.209999999999999964 ) ) ;
#2067 = CARTESIAN_POINT ( 'NONE',  ( 9.349999999999997868, 6.757765876465089860, 2.004999999999999005 ) ) ;
#2068 = DIRECTION ( 'NONE',  ( -4.336808689942017736E-16, 1.000000000000000000, 0.0000000000000000000 ) ) ;
#2069 = EDGE_CURVE ( 'NONE', #5563, #1812, #5060, .T. ) ;
#2070 = VERTEX_POINT ( 'NONE', #10492 ) ;
#2071 = CARTESIAN_POINT ( 'NONE',  ( 8.478445380721961300, 15.40439733175265857, -4.962580537057891483 ) ) ;
#2072 = ORIENTED_EDGE ( 'NONE', *, *, #4907, .F. ) ;
#2073 = CARTESIAN_POINT ( 'NONE',  ( 10.19999999999999929, 4.349080460362543477, 8.341920433081822850 ) ) ;
#2074 = VERTEX_POINT ( 'NONE', #5222 ) ;
#2075 = VECTOR ( 'NONE', #5998, 1000.000000000000114 ) ;
#2076 = AXIS2_PLACEMENT_3D ( 'NONE', #5291, #9494, #865 ) ;
#2077 = ORIENTED_EDGE ( 'NONE', *, *, #2431, .T. ) ;
#2078 = EDGE_LOOP ( 'NONE', ( #338, #3019, #382, #5160 ) ) ;
#2079 = DIRECTION ( 'NONE',  ( 0.0000000000000000000, 0.0000000000000000000, -1.000000000000000000 ) ) ;
#2080 =( BOUNDED_SURFACE ( )  B_SPLINE_SURFACE ( 3, 3, ( 
 ( #518, #6499, #3077, #9940 ),
 ( #3188, #5759, #10986, #10214 ),
 ( #10046, #3300, #1677, #4098 ),
 ( #10881, #11047, #2342, #7517 ) ),
 .UNSPECIFIED., .F., .F., .F. ) 
 B_SPLINE_SURFACE_WITH_KNOTS ( ( 4, 4 ),
 ( 4, 4 ),
 ( 0.0000000000000000000, 1.000000000000000000 ),
 ( 0.0000000000000000000, 1.000000000000000000 ),
 .UNSPECIFIED. ) 
 GEOMETRIC_REPRESENTATION_ITEM ( )  RATIONAL_B_SPLINE_SURFACE ( (
 ( 1.000000000000000000, 0.8047378541243533911, 0.8047378541243533911, 1.000000000000000000),
 ( 0.8025111867385885667, 0.6458111303268000425, 0.6458111303268000425, 0.8025111867385885667),
 ( 0.8025111867385885667, 0.6458111303268000425, 0.6458111303268000425, 0.8025111867385885667),
 ( 1.000000000000000000, 0.8047378541243533911, 0.8047378541243533911, 1.000000000000000000) ) ) 
 REPRESENTATION_ITEM ( '' )  SURFACE ( )  );
#2081 = DIRECTION ( 'NONE',  ( 0.0000000000000000000, 0.01298591791445113074, 0.9999156794129788750 ) ) ;
#2082 = AXIS2_PLACEMENT_3D ( 'NONE', #2134, #5547, #4709 ) ;
#2083 = CARTESIAN_POINT ( 'NONE',  ( 9.350000000000001421, 6.757765876465089860, 5.815000000000000391 ) ) ;
#2084 = DIRECTION ( 'NONE',  ( -1.000000000000000000, -0.0000000000000000000, -0.0000000000000000000 ) ) ;
#2085 = EDGE_CURVE ( 'NONE', #323, #9071, #1736, .T. ) ;
#2086 = LINE ( 'NONE', #3823, #9772 ) ;
#2087 = FACE_OUTER_BOUND ( 'NONE', #7490, .T. ) ;
#2088 = DIRECTION ( 'NONE',  ( 0.0000000000000000000, 0.0000000000000000000, 1.000000000000000000 ) ) ;
#2089 = AXIS2_PLACEMENT_3D ( 'NONE', #7848, #4631, #1154 ) ;
#2090 = FILL_AREA_STYLE ('',( #6405 ) ) ;
#2091 =( NAMED_UNIT ( * ) SI_UNIT ( $, .STERADIAN. ) SOLID_ANGLE_UNIT ( ) );
#2092 = EDGE_CURVE ( 'NONE', #5484, #9458, #7914, .T. ) ;
#2093 = EDGE_LOOP ( 'NONE', ( #8963, #6605, #2507, #9732 ) ) ;
#2094 = ORIENTED_EDGE ( 'NONE', *, *, #10405, .F. ) ;
#2095 = CYLINDRICAL_SURFACE ( 'NONE', #3550, 1.650000000000000355 ) ;
#2096 = VECTOR ( 'NONE', #10902, 1000.000000000000000 ) ;
#2097 = EDGE_CURVE ( 'NONE', #7615, #2160, #2627, .T. ) ;
#2098 = DIRECTION ( 'NONE',  ( 0.0000000000000000000, -0.9999156794129788750, 0.01298591791445429834 ) ) ;
#2099 = B_SPLINE_CURVE_WITH_KNOTS ( 'NONE', 3,
 ( #3203, #6732, #10786, #6676, #8307, #10061 ),
 .UNSPECIFIED., .F., .F.,
 ( 4, 2, 4 ),
 ( 0.0000000000000000000, 0.5000000000000000000, 1.000000000000000000 ),
 .UNSPECIFIED. ) ;
#2100 = ORIENTED_EDGE ( 'NONE', *, *, #5280, .T. ) ;
#2101 = CARTESIAN_POINT ( 'NONE',  ( 4.346153846153820943, 15.30000000000000071, -6.740651128465055208 ) ) ;
#2102 = LINE ( 'NONE', #10575, #440 ) ;
#2103 = ORIENTED_EDGE ( 'NONE', *, *, #6912, .T. ) ;
#2104 = AXIS2_PLACEMENT_3D ( 'NONE', #2749, #1983, #6179 ) ;
#2105 = CARTESIAN_POINT ( 'NONE',  ( 8.299999999999997158, 9.000000000000000000, -6.185584415584419737 ) ) ;
#2106 = EDGE_CURVE ( 'NONE', #10111, #3685, #1731, .T. ) ;
#2107 = ORIENTED_EDGE ( 'NONE', *, *, #9575, .F. ) ;
#2108 = EDGE_CURVE ( 'NONE', #10783, #1807, #9648, .T. ) ;
#2109 = CARTESIAN_POINT ( 'NONE',  ( 8.501103551519477719, 15.41930204271695359, -6.352814544770483351 ) ) ;
#2110 = CARTESIAN_POINT ( 'NONE',  ( 5.476721059974252626, 15.50000000000000533, 7.893505913229646787 ) ) ;
#2111 = CARTESIAN_POINT ( 'NONE',  ( 8.706350832689592423, 13.19999999999999929, -4.059999999999999609 ) ) ;
#2112 = CIRCLE ( 'NONE', #2816, 0.3000000000000159761 ) ;
#2113 = ORIENTED_EDGE ( 'NONE', *, *, #746, .F. ) ;
#2114 = CARTESIAN_POINT ( 'NONE',  ( 8.499991117421794584, 15.41711772838280226, -1.149174440960128329 ) ) ;
#2115 = ORIENTED_EDGE ( 'NONE', *, *, #9098, .F. ) ;
#2116 = DIRECTION ( 'NONE',  ( 0.0000000000000000000, -1.000000000000000000, 0.0000000000000000000 ) ) ;
#2117 = CARTESIAN_POINT ( 'NONE',  ( 8.706350832689631503, 15.20000000000007567, -3.560000000000000497 ) ) ;
#2118 = CARTESIAN_POINT ( 'NONE',  ( 4.346153846153806732, 15.41715728752538439, 4.689348871534968488 ) ) ;
#2119 = CARTESIAN_POINT ( 'NONE',  ( 4.395606856450871902, 15.47844707036062673, -4.961994674788829052 ) ) ;
#2120 = EDGE_CURVE ( 'NONE', #1685, #4598, #1061, .T. ) ;
#2121 = VECTOR ( 'NONE', #360, 1000.000000000000000 ) ;
#2122 = EDGE_CURVE ( 'NONE', #1602, #3089, #526, .T. ) ;
#2123 = CARTESIAN_POINT ( 'NONE',  ( 4.298896448480525656, 15.30150824295815859, 1.268715244836778666 ) ) ;
#2124 = CARTESIAN_POINT ( 'NONE',  ( 6.500000000000000888, 15.50000000000000000, -4.859999999999999432 ) ) ;
#2125 = DIRECTION ( 'NONE',  ( 1.000000000000000000, 0.0000000000000000000, 0.0000000000000000000 ) ) ;
#2126 = CARTESIAN_POINT ( 'NONE',  ( 9.349999999999999645, 7.363259897002507159, 4.983455870749385674 ) ) ;
#2127 = DIRECTION ( 'NONE',  ( -1.000000000000000000, -1.445602896647339903E-15, -0.0000000000000000000 ) ) ;
#2128 = ORIENTED_EDGE ( 'NONE', *, *, #2157, .T. ) ;
#2129 = LINE ( 'NONE', #447, #2576 ) ;
#2130 = ORIENTED_EDGE ( 'NONE', *, *, #337, .F. ) ;
#2131 = CARTESIAN_POINT ( 'NONE',  ( 10.19999999999999929, 4.175118967195975195, 7.318655105713875564 ) ) ;
#2132 = ORIENTED_EDGE ( 'NONE', *, *, #376, .F. ) ;
#2133 = AXIS2_PLACEMENT_3D ( 'NONE', #3367, #8588, #6060 ) ;
#2134 = CARTESIAN_POINT ( 'NONE',  ( 8.706350832689590646, 15.20000000000010054, 0.4499999999999999001 ) ) ;
#2135 = VERTEX_POINT ( 'NONE', #6106 ) ;
#2136 = B_SPLINE_CURVE_WITH_KNOTS ( 'NONE', 3,
 ( #289, #3710, #2023, #4606, #346, #7176, #10608, #6340, #1248, #4662 ),
 .UNSPECIFIED., .F., .F.,
 ( 4, 2, 2, 2, 4 ),
 ( 0.0000000000000000000, 0.2500000000000000000, 0.5000000000000000000, 0.7500000000000000000, 1.000000000000000000 ),
 .UNSPECIFIED. ) ;
#2137 = LINE ( 'NONE', #6495, #9092 ) ;
#2138 = CARTESIAN_POINT ( 'NONE',  ( 1.474999999999999867, 2.099999999999999645, 0.8999999999999998002 ) ) ;
#2139 = VECTOR ( 'NONE', #3060, 1000.000000000000000 ) ;
#2140 = DIRECTION ( 'NONE',  ( 0.0000000000000000000, 0.0000000000000000000, 1.000000000000000000 ) ) ;
#2141 =( LENGTH_UNIT ( ) NAMED_UNIT ( * ) SI_UNIT ( .MILLI., .METRE. ) );
#2142 = PRESENTATION_STYLE_ASSIGNMENT (( #6185 ) ) ;
#2143 = CARTESIAN_POINT ( 'NONE',  ( 11.12419918887898618, 6.657135801018950083, 1.751685070566788571 ) ) ;
#2144 = CARTESIAN_POINT ( 'NONE',  ( 4.299999999999999822, 9.000000000000000000, -8.854398718876073104 ) ) ;
#2145 = VECTOR ( 'NONE', #11015, 1000.000000000000000 ) ;
#2146 = EDGE_CURVE ( 'NONE', #711, #6652, #10824, .T. ) ;
#2147 = CARTESIAN_POINT ( 'NONE',  ( 11.19999999999999929, 3.469446951953613696E-16, 9.919999999999999929 ) ) ;
#2148 = ORIENTED_EDGE ( 'NONE', *, *, #9827, .T. ) ;
#2149 = PLANE ( 'NONE',  #6954 ) ;
#2150 = DIRECTION ( 'NONE',  ( 1.000000000000000000, 0.0000000000000000000, 0.0000000000000000000 ) ) ;
#2151 = EDGE_LOOP ( 'NONE', ( #6850, #9547, #88, #6052, #1374, #7157 ) ) ;
#2152 = CYLINDRICAL_SURFACE ( 'NONE', #8746, 0.1999999999999996503 ) ;
#2153 = ORIENTED_EDGE ( 'NONE', *, *, #3759, .F. ) ;
#2154 = CARTESIAN_POINT ( 'NONE',  ( 11.16047613239262759, 6.607504587451455080, -1.724956562085652179 ) ) ;
#2155 = LINE ( 'NONE', #2201, #611 ) ;
#2156 = ORIENTED_EDGE ( 'NONE', *, *, #7766, .T. ) ;
#2157 = EDGE_CURVE ( 'NONE', #10119, #10632, #9528, .T. ) ;
#2158 = EDGE_CURVE ( 'NONE', #9998, #2315, #8962, .T. ) ;
#2159 = PLANE ( 'NONE',  #9295 ) ;
#2160 = VERTEX_POINT ( 'NONE', #6486 ) ;
#2161 = CARTESIAN_POINT ( 'NONE',  ( 8.300000000000002487, 15.50259483730812882, -6.353896269375566064 ) ) ;
#2162 = CARTESIAN_POINT ( 'NONE',  ( 9.600000000000001421, 5.500000000000000000, 5.160000000000020570 ) ) ;
#2163 = DIRECTION ( 'NONE',  ( 1.192092219433225878E-16, 0.2290393337309896971, -0.9734171683322954127 ) ) ;
#2164 = ORIENTED_EDGE ( 'NONE', *, *, #9096, .T. ) ;
#2165 = CARTESIAN_POINT ( 'NONE',  ( 11.13040597165351464, 6.650075730207908542, 5.872108506590132393 ) ) ;
#2166 = EDGE_LOOP ( 'NONE', ( #6040, #8109, #8630, #106 ) ) ;
#2167 = DIRECTION ( 'NONE',  ( 0.0000000000000000000, -0.9999156794129789860, -0.01298591791445430008 ) ) ;
#2168 = CARTESIAN_POINT ( 'NONE',  ( 8.299999999999998934, 15.30259718358288978, -6.267436327059519030 ) ) ;
#2169 = CARTESIAN_POINT ( 'NONE',  ( 4.299999999999980282, 15.29999999999999716, -4.849230484541311448 ) ) ;
#2170 = EDGE_LOOP ( 'NONE', ( #5544, #7003, #5323, #9838 ) ) ;
#2171 = CARTESIAN_POINT ( 'NONE',  ( 4.381965328900979451, 15.30259718358288978, 5.162563672940486015 ) ) ;
#2172 = DIRECTION ( 'NONE',  ( -1.000000000000000000, -0.0000000000000000000, -0.0000000000000000000 ) ) ;
#2173 = LINE ( 'NONE', #1288, #2360 ) ;
#2174 = DIRECTION ( 'NONE',  ( -1.000000000000000000, 0.0000000000000000000, 0.0000000000000000000 ) ) ;
#2175 = DIRECTION ( 'NONE',  ( -1.000000000000000000, -4.336808689942017736E-16, 0.0000000000000000000 ) ) ;
#2176 = ORIENTED_EDGE ( 'NONE', *, *, #3023, .F. ) ;
#2177 = DIRECTION ( 'NONE',  ( 0.0000000000000000000, 0.2290393337309896971, -0.9734171683322954127 ) ) ;
#2178 = ADVANCED_FACE ( 'NONE', ( #9871 ), #9815, .T. ) ;
#2179 = ORIENTED_EDGE ( 'NONE', *, *, #3990, .T. ) ;
#2180 = CYLINDRICAL_SURFACE ( 'NONE', #628, 0.2000000000000005107 ) ;
#2181 = ADVANCED_FACE ( 'NONE', ( #7168 ), #1344, .T. ) ;
#2182 = CARTESIAN_POINT ( 'NONE',  ( 10.50000000000000000, 1.299999999999999822, 9.919999999999999929 ) ) ;
#2183 = ORIENTED_EDGE ( 'NONE', *, *, #8700, .F. ) ;
#2184 = CARTESIAN_POINT ( 'NONE',  ( 4.499999999999990230, 15.50000000000000000, 6.599756098057615539 ) ) ;
#2185 = CARTESIAN_POINT ( 'NONE',  ( 8.299999999999998934, 15.29999999999999893, -1.152580537057889210 ) ) ;
#2186 = PRESENTATION_STYLE_ASSIGNMENT (( #3771 ) ) ;
#2187 = MECHANICAL_DESIGN_GEOMETRIC_PRESENTATION_REPRESENTATION (  '', ( #952 ), #6130 ) ;
#2188 = LINE ( 'NONE', #7295, #1689 ) ;
#2189 = CARTESIAN_POINT ( 'NONE',  ( 6.175697645271915448, 14.50000000000000000, -0.5598386536763315657 ) ) ;
#2190 = ADVANCED_FACE ( 'NONE', ( #502 ), #6329, .T. ) ;
#2191 = CARTESIAN_POINT ( 'NONE',  ( 4.346153846153808509, 15.29999999999999361, 8.499348871534984085 ) ) ;
#2192 = PLANE ( 'NONE',  #3302 ) ;
#2193 = LINE ( 'NONE', #8352, #10170 ) ;
#2194 = AXIS2_PLACEMENT_3D ( 'NONE', #2863, #10243, #5847 ) ;
#2195 = ORIENTED_EDGE ( 'NONE', *, *, #5999, .T. ) ;
#2196 = DIRECTION ( 'NONE',  ( -0.0000000000000000000, 0.0000000000000000000, -1.000000000000000000 ) ) ;
#2197 = LINE ( 'NONE', #245, #3913 ) ;
#2198 = ADVANCED_FACE ( 'NONE', ( #4596, #5593 ), #3063, .T. ) ;
#2199 = AXIS2_PLACEMENT_3D ( 'NONE', #7962, #10758, #9009 ) ;
#2200 = CARTESIAN_POINT ( 'NONE',  ( 4.905714285714243061, 15.50000000000000000, -7.253794972114031125 ) ) ;
#2201 = CARTESIAN_POINT ( 'NONE',  ( 6.500000000000000000, 15.50000000000000000, -2.760000000000000231 ) ) ;
#2202 = EDGE_LOOP ( 'NONE', ( #448, #2902, #8031 ) ) ;
#2203 = CARTESIAN_POINT ( 'NONE',  ( 10.89999999999999858, 5.500000000000000000, -3.810000000000000053 ) ) ;
#2204 = ORIENTED_EDGE ( 'NONE', *, *, #9674, .T. ) ;
#2205 = B_SPLINE_CURVE_WITH_KNOTS ( 'NONE', 3,
 ( #8221, #10751, #326, #1390, #4644, #3056 ),
 .UNSPECIFIED., .F., .F.,
 ( 4, 2, 4 ),
 ( 0.0000000000000000000, 0.5000000000000000000, 1.000000000000000000 ),
 .UNSPECIFIED. ) ;
#2206 = CARTESIAN_POINT ( 'NONE',  ( 8.501103551519472390, 15.30150824295816037, -6.351284755163222329 ) ) ;
#2207 = CARTESIAN_POINT ( 'NONE',  ( 5.855797167303249395, 15.50000000000000533, 6.779200400650781333 ) ) ;
#2208 = CYLINDRICAL_SURFACE ( 'NONE', #2461, 0.2000000000000000944 ) ;
#2209 = EDGE_CURVE ( 'NONE', #5148, #5948, #9899, .T. ) ;
#2210 = ORIENTED_EDGE ( 'NONE', *, *, #6715, .T. ) ;
#2211 = EDGE_CURVE ( 'NONE', #4972, #219, #7068, .T. ) ;
#2212 = CARTESIAN_POINT ( 'NONE',  ( 8.417803733038715208, 15.50259483730812882, -1.266103730624434931 ) ) ;
#2213 = ORIENTED_EDGE ( 'NONE', *, *, #7299, .F. ) ;
#2214 = CARTESIAN_POINT ( 'NONE',  ( 10.19999999999999929, 6.723607902282404680, 3.219290092484769605 ) ) ;
#2215 = VECTOR ( 'NONE', #7442, 1000.000000000000000 ) ;
#2216 = CARTESIAN_POINT ( 'NONE',  ( 4.515384615384593125, 15.29999999999999893, 6.634063386460820944 ) ) ;
#2217 = CARTESIAN_POINT ( 'NONE',  ( 9.349999999999997868, 6.757765876465089860, -2.004999999999998117 ) ) ;
#2218 = ORIENTED_EDGE ( 'NONE', *, *, #7795, .T. ) ;
#2219 = CARTESIAN_POINT ( 'NONE',  ( 4.499999999999999112, 15.49994977653715544, 4.958098700075003862 ) ) ;
#2220 = ORIENTED_EDGE ( 'NONE', *, *, #5833, .T. ) ;
#2221 = EDGE_CURVE ( 'NONE', #7103, #2675, #3808, .T. ) ;
#2222 = CARTESIAN_POINT ( 'NONE',  ( 6.225913984851171534, 15.50000000000000178, -4.832964660753653163 ) ) ;
#2223 = AXIS2_PLACEMENT_3D ( 'NONE', #882, #27, #6865 ) ;
#2224 = CARTESIAN_POINT ( 'NONE',  ( 4.382842712474604774, 15.50000000000000888, 6.622000263224282257 ) ) ;
#2225 = VECTOR ( 'NONE', #2177, 1000.000000000000000 ) ;
#2226 = CARTESIAN_POINT ( 'NONE',  ( 8.299999999999998934, 15.29999999999999893, 2.657419462942110844 ) ) ;
#2227 = DIRECTION ( 'NONE',  ( 0.0000000000000000000, -1.000000000000000000, 0.0000000000000000000 ) ) ;
#2228 = ORIENTED_EDGE ( 'NONE', *, *, #253, .T. ) ;
#2229 = CARTESIAN_POINT ( 'NONE',  ( 4.299999999999982059, 15.30000000000000249, 2.770769515458697985 ) ) ;
#2230 = VERTEX_POINT ( 'NONE', #7221 ) ;
#2231 = CARTESIAN_POINT ( 'NONE',  ( 10.19999999999999929, 5.050107332876381250, 6.338344712590419761 ) ) ;
#2232 = VERTEX_POINT ( 'NONE', #10647 ) ;
#2233 = DIRECTION ( 'NONE',  ( 0.0000000000000000000, 0.0000000000000000000, -1.000000000000000000 ) ) ;
#2234 = VECTOR ( 'NONE', #9082, 1000.000000000000000 ) ;
#2235 =( BOUNDED_SURFACE ( )  B_SPLINE_SURFACE ( 3, 3, ( 
 ( #7623, #4315, #9349, #7688 ),
 ( #2623, #10152, #9238, #2565 ),
 ( #5162, #3352, #45, #5987 ),
 ( #11040, #1558, #9415, #6047 ) ),
 .UNSPECIFIED., .F., .F., .F. ) 
 B_SPLINE_SURFACE_WITH_KNOTS ( ( 4, 4 ),
 ( 4, 4 ),
 ( 0.0000000000000000000, 1.000000000000000000 ),
 ( 0.0000000000000000000, 1.000000000000000000 ),
 .UNSPECIFIED. ) 
 GEOMETRIC_REPRESENTATION_ITEM ( )  RATIONAL_B_SPLINE_SURFACE ( (
 ( 1.000000000000000000, 0.8047378541243568328, 0.8047378541243568328, 1.000000000000000000),
 ( 0.8025111867385879005, 0.6458111303268022629, 0.6458111303268022629, 0.8025111867385879005),
 ( 0.8025111867385879005, 0.6458111303268022629, 0.6458111303268022629, 0.8025111867385879005),
 ( 1.000000000000000000, 0.8047378541243568328, 0.8047378541243568328, 1.000000000000000000) ) ) 
 REPRESENTATION_ITEM ( '' )  SURFACE ( )  );
#2236 = VERTEX_POINT ( 'NONE', #2951 ) ;
#2237 = FACE_OUTER_BOUND ( 'NONE', #2850, .T. ) ;
#2238 = EDGE_CURVE ( 'NONE', #4308, #8708, #3187, .T. ) ;
#2239 = FACE_OUTER_BOUND ( 'NONE', #10914, .T. ) ;
#2240 = EDGE_CURVE ( 'NONE', #10424, #3288, #6441, .T. ) ;
#2241 = FACE_OUTER_BOUND ( 'NONE', #4455, .T. ) ;
#2242 = VECTOR ( 'NONE', #4405, 1000.000000000000000 ) ;
#2243 = LINE ( 'NONE', #7184, #2234 ) ;
#2244 = PLANE ( 'NONE',  #1006 ) ;
#2245 = CARTESIAN_POINT ( 'NONE',  ( 6.666964126296233140, 14.50000000000000000, -4.434260304111178996 ) ) ;
#2246 = VECTOR ( 'NONE', #6823, 1000.000000000000000 ) ;
#2247 = DIRECTION ( 'NONE',  ( 0.0000000000000000000, 1.000000000000000000, 0.0000000000000000000 ) ) ;
#2248 = ORIENTED_EDGE ( 'NONE', *, *, #799, .T. ) ;
#2249 = DIRECTION ( 'NONE',  ( 0.0000000000000000000, 1.000000000000000000, 0.0000000000000000000 ) ) ;
#2250 = EDGE_CURVE ( 'NONE', #4177, #1262, #6867, .T. ) ;
#2251 = CARTESIAN_POINT ( 'NONE',  ( 4.299999999999999822, 9.000000000000000000, 1.449999999999999956 ) ) ;
#2252 = DIRECTION ( 'NONE',  ( 1.000000000000000000, 0.0000000000000000000, 0.0000000000000000000 ) ) ;
#2253 = VECTOR ( 'NONE', #3161, 1000.000000000000000 ) ;
#2254 = EDGE_LOOP ( 'NONE', ( #8945, #2592, #359, #7190 ) ) ;
#2255 = ORIENTED_EDGE ( 'NONE', *, *, #9147, .T. ) ;
#2256 = CARTESIAN_POINT ( 'NONE',  ( 4.500031197697130558, 15.50000000000000000, 8.639994481572303542 ) ) ;
#2257 = EDGE_LOOP ( 'NONE', ( #5834, #6155, #7363, #7960, #6494, #3585, #1893, #7617, #7418, #749, #3018, #10946 ) ) ;
#2258 = CARTESIAN_POINT ( 'NONE',  ( 9.599999999999999645, 5.701264653248205860, -1.338711301363028738 ) ) ;
#2259 = ORIENTED_EDGE ( 'NONE', *, *, #9796, .F. ) ;
#2260 = ORIENTED_EDGE ( 'NONE', *, *, #541, .F. ) ;
#2261 = B_SPLINE_CURVE_WITH_KNOTS ( 'NONE', 3,
 ( #8980, #7245, #9670, #1922 ),
 .UNSPECIFIED., .F., .F.,
 ( 4, 4 ),
 ( 0.0000000000000000000, 1.000000000000000000 ),
 .UNSPECIFIED. ) ;
#2262 = AXIS2_PLACEMENT_3D ( 'NONE', #5738, #708, #9272 ) ;
#2263 = EDGE_CURVE ( 'NONE', #8619, #6299, #9165, .T. ) ;
#2264 = CARTESIAN_POINT ( 'NONE',  ( 9.449999999999999289, 13.19999999999999929, -3.610000000000000320 ) ) ;
#2265 = DIRECTION ( 'NONE',  ( 1.000000000000000000, 0.0000000000000000000, -0.0000000000000000000 ) ) ;
#2266 = LINE ( 'NONE', #5840, #515 ) ;
#2267 = ORIENTED_EDGE ( 'NONE', *, *, #7033, .F. ) ;
#2268 = DIRECTION ( 'NONE',  ( 0.0000000000000000000, 0.0000000000000000000, 1.000000000000000000 ) ) ;
#2269 = LINE ( 'NONE', #880, #4403 ) ;
#2270 = COLOUR_RGB ( '',1.000000000000000000, 1.000000000000000000, 1.000000000000000000 ) ;
#2271 = CARTESIAN_POINT ( 'NONE',  ( 6.500000000000000888, 15.50000000000000000, -4.859999999999999432 ) ) ;
#2272 = LINE ( 'NONE', #3858, #82 ) ;
#2273 = CARTESIAN_POINT ( 'NONE',  ( 4.321556393503234617, 15.40439955824826512, -4.962090523840636536 ) ) ;
#2274 = EDGE_CURVE ( 'NONE', #7870, #10704, #795, .T. ) ;
#2275 = EDGE_CURVE ( 'NONE', #1464, #8766, #5697, .T. ) ;
#2276 = ORIENTED_EDGE ( 'NONE', *, *, #5766, .F. ) ;
#2277 = CARTESIAN_POINT ( 'NONE',  ( 9.599999999999999645, 5.601324057744217377, 1.349989388875506346 ) ) ;
#2278 = CARTESIAN_POINT ( 'NONE',  ( 1.700000000000000178, 9.000000000000000000, 9.919999999999999929 ) ) ;
#2279 = CARTESIAN_POINT ( 'NONE',  ( 9.599999999999999645, 5.298735346751782593, 6.281288698636974033 ) ) ;
#2280 = CARTESIAN_POINT ( 'NONE',  ( 4.299999999999960743, 9.000000000000000000, -2.826976495759233821 ) ) ;
#2281 = EDGE_LOOP ( 'NONE', ( #3571, #5186, #10218, #125 ) ) ;
#2282 = CARTESIAN_POINT ( 'NONE',  ( 4.701966396966928308, 15.49999999999999822, -8.308629233025047967 ) ) ;
#2283 = CARTESIAN_POINT ( 'NONE',  ( 1.399999999999999911, 8.199999999999999289, 9.919999999999999929 ) ) ;
#2284 = ORIENTED_EDGE ( 'NONE', *, *, #2431, .F. ) ;
#2285 = DIRECTION ( 'NONE',  ( -1.000000000000000000, 7.459310946700639062E-13, 4.336808689942231675E-14 ) ) ;
#2286 =( GEOMETRIC_REPRESENTATION_CONTEXT ( 3 ) GLOBAL_UNCERTAINTY_ASSIGNED_CONTEXT ( ( #4293 ) ) GLOBAL_UNIT_ASSIGNED_CONTEXT ( ( #3886, #7303, #10833 ) ) REPRESENTATION_CONTEXT ( 'NONE', 'WORKASPACE' ) );
#2287 = VERTEX_POINT ( 'NONE', #3283 ) ;
#2288 = EDGE_CURVE ( 'NONE', #2074, #2441, #1660, .T. ) ;
#2289 = PLANE ( 'NONE',  #7131 ) ;
#2290 = ADVANCED_FACE ( 'NONE', ( #2385 ), #5031, .F. ) ;
#2291 = DIRECTION ( 'NONE',  ( -0.0000000000000000000, -0.9999156794129789860, -0.01298591791445430008 ) ) ;
#2292 = CARTESIAN_POINT ( 'NONE',  ( 8.899795149060299337, 15.20000000000010054, -0.3716118737073187406 ) ) ;
#2293 = CARTESIAN_POINT ( 'NONE',  ( 5.274999999999995914, -3.931696986549483174E-16, 2.310000000000000497 ) ) ;
#2294 = VECTOR ( 'NONE', #4896, 1000.000000000000000 ) ;
#2295 = CARTESIAN_POINT ( 'NONE',  ( 20.10000000000000142, 5.500000000000000000, -7.620000000000000107 ) ) ;
#2296 = CARTESIAN_POINT ( 'NONE',  ( 4.298896448480522103, 15.30150824295816214, -5.078715244836776499 ) ) ;
#2297 =( BOUNDED_SURFACE ( )  B_SPLINE_SURFACE ( 3, 3, ( 
 ( #682, #6660, #6835, #1678 ),
 ( #5107, #849, #4200, #4148 ),
 ( #2296, #7518, #3358, #1462 ),
 ( #4260, #6779, #4880, #5818 ) ),
 .UNSPECIFIED., .F., .F., .F. ) 
 B_SPLINE_SURFACE_WITH_KNOTS ( ( 4, 4 ),
 ( 4, 4 ),
 ( 0.0000000000000000000, 1.000000000000000000 ),
 ( 0.0000000000000000000, 1.000000000000000000 ),
 .UNSPECIFIED. ) 
 GEOMETRIC_REPRESENTATION_ITEM ( )  RATIONAL_B_SPLINE_SURFACE ( (
 ( 1.000000000000000000, 0.8047378541243568328, 0.8047378541243568328, 1.000000000000000000),
 ( 0.8025111867385864572, 0.6458111303268010417, 0.6458111303268010417, 0.8025111867385864572),
 ( 0.8025111867385864572, 0.6458111303268010417, 0.6458111303268010417, 0.8025111867385864572),
 ( 1.000000000000000000, 0.8047378541243568328, 0.8047378541243568328, 1.000000000000000000) ) ) 
 REPRESENTATION_ITEM ( '' )  SURFACE ( )  );
#2298 = CARTESIAN_POINT ( 'NONE',  ( 7.399999999999999467, 12.19999999999999929, -9.400000000000000355 ) ) ;
#2299 = EDGE_CURVE ( 'NONE', #6325, #2547, #5866, .T. ) ;
#2300 = ORIENTED_EDGE ( 'NONE', *, *, #5423, .T. ) ;
#2301 = AXIS2_PLACEMENT_3D ( 'NONE', #11054, #8861, #6170 ) ;
#2302 = CARTESIAN_POINT ( 'NONE',  ( 9.449999999999999289, 13.19999999999999929, -8.019999999999999574 ) ) ;
#2303 = ORIENTED_EDGE ( 'NONE', *, *, #6683, .T. ) ;
#2304 = CARTESIAN_POINT ( 'NONE',  ( 4.300408511413807311, 9.000000000000000000, -6.330292888019781294 ) ) ;
#2305 = DIRECTION ( 'NONE',  ( 0.0000000000000000000, -0.0000000000000000000, -1.000000000000000000 ) ) ;
#2306 = APPLICATION_PROTOCOL_DEFINITION ( 'draft international standard', 'automotive_design', 1998, #1750 ) ;
#2307 = AXIS2_PLACEMENT_3D ( 'NONE', #3228, #4081, #6645 ) ;
#2308 = ORIENTED_EDGE ( 'NONE', *, *, #4413, .F. ) ;
#2309 = CARTESIAN_POINT ( 'NONE',  ( 8.478445380721961300, 15.40439733175265857, -1.152580537057890098 ) ) ;
#2310 = EDGE_CURVE ( 'NONE', #4677, #4439, #4864, .T. ) ;
#2311 = EDGE_CURVE ( 'NONE', #1002, #2591, #7612, .T. ) ;
#2312 = DIRECTION ( 'NONE',  ( 0.0000000000000000000, 0.9999156794129789860, 0.01298591791445430008 ) ) ;
#2313 = ORIENTED_EDGE ( 'NONE', *, *, #10276, .T. ) ;
#2314 =( LENGTH_UNIT ( ) NAMED_UNIT ( * ) SI_UNIT ( .MILLI., .METRE. ) );
#2315 = VERTEX_POINT ( 'NONE', #10807 ) ;
#2316 = ORIENTED_EDGE ( 'NONE', *, *, #5303, .F. ) ;
#2317 = CARTESIAN_POINT ( 'NONE',  ( 8.902703957544233049, 13.20000000000010054, -7.994591709434450522 ) ) ;
#2318 = DIRECTION ( 'NONE',  ( 0.0000000000000000000, -0.9999156794129789860, 0.01298591791445430008 ) ) ;
#2319 = CARTESIAN_POINT ( 'NONE',  ( 7.416841637360986006, 15.50000000000000000, -4.340152645485665595 ) ) ;
#2320 = LINE ( 'NONE', #8264, #175 ) ;
#2321 = DIRECTION ( 'NONE',  ( -0.0000000000000000000, -1.000000000000000000, -0.0000000000000000000 ) ) ;
#2322 =( NAMED_UNIT ( * ) SI_UNIT ( $, .STERADIAN. ) SOLID_ANGLE_UNIT ( ) );
#2323 = CARTESIAN_POINT ( 'NONE',  ( 5.275000000000000355, 1.915630352757239914E-16, 9.919999999999999929 ) ) ;
#2324 = CARTESIAN_POINT ( 'NONE',  ( 8.500000000000000000, 15.50000000000000000, -7.370000000000000107 ) ) ;
#2325 = LINE ( 'NONE', #9219, #5799 ) ;
#2326 = VERTEX_POINT ( 'NONE', #3342 ) ;
#2327 = CARTESIAN_POINT ( 'NONE',  ( 5.659276828702123119, 15.50000000000000533, -3.165711419641897173 ) ) ;
#2328 = CARTESIAN_POINT ( 'NONE',  ( 10.19999999999999751, 5.950251550523156574, -5.091572392209504194 ) ) ;
#2329 = PLANE ( 'NONE',  #3654 ) ;
#2330 = CARTESIAN_POINT ( 'NONE',  ( 8.499999999999989342, 13.20000000000010054, -0.2500000000000002220 ) ) ;
#2331 = SURFACE_STYLE_USAGE ( .BOTH. , #6599 ) ;
#2332 = VERTEX_POINT ( 'NONE', #10866 ) ;
#2333 = FACE_OUTER_BOUND ( 'NONE', #5720, .T. ) ;
#2334 = ORIENTED_EDGE ( 'NONE', *, *, #2029, .T. ) ;
#2335 = EDGE_CURVE ( 'NONE', #7144, #6707, #1606, .T. ) ;
#2336 = CARTESIAN_POINT ( 'NONE',  ( 9.650000000000000355, 13.19999999999999929, 8.019999999999999574 ) ) ;
#2337 = ORIENTED_EDGE ( 'NONE', *, *, #8762, .F. ) ;
#2338 = DIRECTION ( 'NONE',  ( -0.0000000000000000000, -0.0000000000000000000, 1.000000000000000000 ) ) ;
#2339 = CARTESIAN_POINT ( 'NONE',  ( 1.474999999999999867, 2.099999999999999645, 6.719999999999999751 ) ) ;
#2340 = CARTESIAN_POINT ( 'NONE',  ( 9.018600732609511894, 15.20000000000007567, -0.4000000000000001887 ) ) ;
#2341 = DIRECTION ( 'NONE',  ( 0.0000000000000000000, 0.0000000000000000000, 1.000000000000000000 ) ) ;
#2342 = CARTESIAN_POINT ( 'NONE',  ( 8.417152084231538822, 15.49994977653715544, -2.661901299925000686 ) ) ;
#2343 = B_SPLINE_CURVE_WITH_KNOTS ( 'NONE', 3,
 ( #8560, #8497, #5204, #7791 ),
 .UNSPECIFIED., .F., .F.,
 ( 4, 4 ),
 ( 0.0000000000000000000, 1.000000000000000000 ),
 .UNSPECIFIED. ) ;
#2344 = CARTESIAN_POINT ( 'NONE',  ( 7.029379211749919421, 15.50000000000000178, 8.537195321208171706 ) ) ;
#2345 = EDGE_CURVE ( 'NONE', #5927, #2881, #7498, .T. ) ;
#2346 = EDGE_CURVE ( 'NONE', #10037, #10327, #6596, .T. ) ;
#2347 = PLANE ( 'NONE',  #7096 ) ;
#2348 = ORIENTED_EDGE ( 'NONE', *, *, #775, .T. ) ;
#2349 = VERTEX_POINT ( 'NONE', #10031 ) ;
#2350 = EDGE_LOOP ( 'NONE', ( #6426, #223, #2022, #7281, #8835, #9230, #6920, #7731, #3687, #8080, #9248, #5000 ) ) ;
#2351 = CARTESIAN_POINT ( 'NONE',  ( 4.500000000000000000, 15.30000000000000426, 1.152580537057890542 ) ) ;
#2352 = VECTOR ( 'NONE', #6072, 1000.000000000000000 ) ;
#2353 = ADVANCED_FACE ( 'NONE', ( #2500 ), #5916, .T. ) ;
#2354 = CARTESIAN_POINT ( 'NONE',  ( -0.9999999999999997780, 15.50000000000000000, 6.467419462942110009 ) ) ;
#2355 = B_SPLINE_CURVE_WITH_KNOTS ( 'NONE', 3,
 ( #8120, #9118, #4811, #8959, #6544, #2327, #8328, #660, #7494, #4077, #1393, #7276, #3007, #3225, #10917, #2222, #10697, #2124 ),
 .UNSPECIFIED., .F., .F.,
 ( 4, 2, 2, 2, 2, 2, 2, 2, 4 ),
 ( 0.0000000000000000000, 0.1250000000000000000, 0.2500000000000000000, 0.3750000000000000000, 0.5000000000000000000, 0.6250000000000000000, 0.7500000000000000000, 0.8750000000000000000, 1.000000000000000000 ),
 .UNSPECIFIED. ) ;
#2356 =( BOUNDED_SURFACE ( )  B_SPLINE_SURFACE ( 3, 3, ( 
 ( #9113, #3910, #8115, #2169 ),
 ( #8068, #9059, #433, #7272 ),
 ( #8902, #10694, #3002, #5584 ),
 ( #1333, #1230, #8013, #4749 ) ),
 .UNSPECIFIED., .F., .F., .T. ) 
 B_SPLINE_SURFACE_WITH_KNOTS ( ( 4, 4 ),
 ( 4, 4 ),
 ( 0.0000000000000000000, 1.000000000000000000 ),
 ( 0.0000000000000000000, 1.000000000000000000 ),
 .UNSPECIFIED. ) 
 GEOMETRIC_REPRESENTATION_ITEM ( )  RATIONAL_B_SPLINE_SURFACE ( (
 ( 1.000000000000000000, 0.9738459485536656857, 0.9738459485536656857, 1.000000000000000000),
 ( 0.8047378541244121219, 0.7836906988868295176, 0.7836906988868295176, 0.8047378541244121219),
 ( 0.8047378541244121219, 0.7836906988868295176, 0.7836906988868295176, 0.8047378541244121219),
 ( 1.000000000000000000, 0.9738459485536656857, 0.9738459485536656857, 1.000000000000000000) ) ) 
 REPRESENTATION_ITEM ( '' )  SURFACE ( )  );
#2357 = CARTESIAN_POINT ( 'NONE',  ( 4.382842712474578128, 15.50000000000000355, 4.807999736775751209 ) ) ;
#2358 = ORIENTED_EDGE ( 'NONE', *, *, #3737, .T. ) ;
#2359 = DIRECTION ( 'NONE',  ( 0.09480909262799622206, 0.9954954725939522131, 0.0000000000000000000 ) ) ;
#2360 = VECTOR ( 'NONE', #332, 1000.000000000000000 ) ;
#2361 = FACE_OUTER_BOUND ( 'NONE', #1226, .T. ) ;
#2362 = ORIENTED_EDGE ( 'NONE', *, *, #128, .F. ) ;
#2363 = CARTESIAN_POINT ( 'NONE',  ( 4.299999999999999822, 15.50000000000000000, 9.070000000000000284 ) ) ;
#2364 = ORIENTED_EDGE ( 'NONE', *, *, #51, .F. ) ;
#2365 = VERTEX_POINT ( 'NONE', #769 ) ;
#2366 = DIRECTION ( 'NONE',  ( 0.0000000000000000000, -0.9999156794129788750, 0.01298591791445429834 ) ) ;
#2367 = ADVANCED_FACE ( 'NONE', ( #6547 ), #2329, .T. ) ;
#2368 = FACE_OUTER_BOUND ( 'NONE', #7667, .T. ) ;
#2369 = EDGE_CURVE ( 'NONE', #8134, #953, #663, .T. ) ;
#2370 = AXIS2_PLACEMENT_3D ( 'NONE', #3310, #2466, #5885 ) ;
#2371 = CARTESIAN_POINT ( 'NONE',  ( 7.340723171297647731, 15.50000000000000533, -4.454288580358388039 ) ) ;
#2372 = CARTESIAN_POINT ( 'NONE',  ( 8.404397331752653244, 15.47844538072196130, 6.467419462942110897 ) ) ;
#2373 = ORIENTED_EDGE ( 'NONE', *, *, #5278, .T. ) ;
#2374 = CARTESIAN_POINT ( 'NONE',  ( 4.299999999999999822, 9.000000000000001776, -5.044398718876068166 ) ) ;
#2375 = DIRECTION ( 'NONE',  ( 0.0000000000000000000, 1.000000000000000000, 0.0000000000000000000 ) ) ;
#2376 = CARTESIAN_POINT ( 'NONE',  ( 2.949999999999960210, 15.50000000000009948, 0.0000000000000000000 ) ) ;
#2377 = CARTESIAN_POINT ( 'NONE',  ( 8.299999999999998934, 15.50000000000000000, 1.449999999999999956 ) ) ;
#2378 = ORIENTED_EDGE ( 'NONE', *, *, #4441, .F. ) ;
#2379 = AXIS2_PLACEMENT_3D ( 'NONE', #5756, #7567, #4877 ) ;
#2380 = CARTESIAN_POINT ( 'NONE',  ( 4.499999999999999112, 15.49994977653715544, -2.661901299924995357 ) ) ;
#2381 = ORIENTED_EDGE ( 'NONE', *, *, #2635, .T. ) ;
#2382 = CARTESIAN_POINT ( 'NONE',  ( 8.899999999999998579, 13.19999999999999929, 8.019999999999999574 ) ) ;
#2383 = EDGE_CURVE ( 'NONE', #28, #4138, #10919, .T. ) ;
#2384 = CARTESIAN_POINT ( 'NONE',  ( 10.19999999999999929, 6.824881032803701508, -3.508655105713779143 ) ) ;
#2385 = FACE_OUTER_BOUND ( 'NONE', #4082, .T. ) ;
#2386 = LINE ( 'NONE', #7555, #5881 ) ;
#2387 = EDGE_LOOP ( 'NONE', ( #7678, #6152, #4101, #7889 ) ) ;
#2388 = VECTOR ( 'NONE', #11032, 1000.000000000000000 ) ;
#2389 = ORIENTED_EDGE ( 'NONE', *, *, #4605, .F. ) ;
#2390 = LINE ( 'NONE', #10813, #4925 ) ;
#2391 = EDGE_LOOP ( 'NONE', ( #7083, #10708, #2259, #6698 ) ) ;
#2392 = CARTESIAN_POINT ( 'NONE',  ( 4.500000000000000000, 15.50000000000000000, 1.152580537057889654 ) ) ;
#2393 = VERTEX_POINT ( 'NONE', #4133 ) ;
#2394 = AXIS2_PLACEMENT_3D ( 'NONE', #8247, #11104, #9888 ) ;
#2395 = CARTESIAN_POINT ( 'NONE',  ( 8.299999999999998934, 15.50000000000000000, 1.152580537057889654 ) ) ;
#2396 = CARTESIAN_POINT ( 'NONE',  ( 9.018600732609508341, 13.20000000000020002, -4.209999999999999964 ) ) ;
#2397 = ADVANCED_FACE ( 'NONE', ( #8565 ), #9566, .T. ) ;
#2398 = FACE_OUTER_BOUND ( 'NONE', #1949, .T. ) ;
#2399 = DIRECTION ( 'NONE',  ( -2.556434596176350141E-15, -1.000000000000000000, -0.0000000000000000000 ) ) ;
#2400 = ORIENTED_EDGE ( 'NONE', *, *, #8531, .F. ) ;
#2401 = DIRECTION ( 'NONE',  ( 0.0000000000000000000, -0.9999156794129789860, 0.01298591791445430008 ) ) ;
#2402 = CARTESIAN_POINT ( 'NONE',  ( 7.523278940025857509, 15.50000000000000533, 7.346494086770665177 ) ) ;
#2403 = VECTOR ( 'NONE', #5375, 1000.000000000000114 ) ;
#2404 = CIRCLE ( 'NONE', #3851, 1.049999999999999822 ) ;
#2405 = CYLINDRICAL_SURFACE ( 'NONE', #8327, 0.2000000000000005107 ) ;
#2406 = CARTESIAN_POINT ( 'NONE',  ( 8.499999999999998224, 13.19999999999999929, -3.560000000000000497 ) ) ;
#2407 = ORIENTED_EDGE ( 'NONE', *, *, #10839, .F. ) ;
#2408 = CARTESIAN_POINT ( 'NONE',  ( 10.89999999999999858, 7.500000000000000000, 9.919999999999999929 ) ) ;
#2409 = VECTOR ( 'NONE', #6453, 1000.000000000000000 ) ;
#2410 = ADVANCED_FACE ( 'NONE', ( #7039 ), #8726, .F. ) ;
#2411 = PRESENTATION_LAYER_ASSIGNMENT (  '', '', ( #4577 ) ) ;
#2412 = ADVANCED_FACE ( 'NONE', ( #8617 ), #831, .T. ) ;
#2413 = FACE_OUTER_BOUND ( 'NONE', #4055, .T. ) ;
#2414 = CARTESIAN_POINT ( 'NONE',  ( 9.650000000000005684, 15.20000000000007390, 4.009999999999995346 ) ) ;
#2415 = ORIENTED_EDGE ( 'NONE', *, *, #7078, .F. ) ;
#2416 = SURFACE_STYLE_FILL_AREA ( #6731 ) ;
#2417 = CARTESIAN_POINT ( 'NONE',  ( 4.315797791639887748, 15.41715728752535775, 2.882454418790886042 ) ) ;
#2418 = EDGE_CURVE ( 'NONE', #8936, #6821, #7200, .T. ) ;
#2419 = EDGE_LOOP ( 'NONE', ( #9244, #1827, #185, #4416 ) ) ;
#2420 = ORIENTED_EDGE ( 'NONE', *, *, #8942, .F. ) ;
#2421 = ORIENTED_EDGE ( 'NONE', *, *, #7232, .F. ) ;
#2422 = CARTESIAN_POINT ( 'NONE',  ( 4.298896448480518551, 15.41930204271695359, 1.267185455229517865 ) ) ;
#2423 = ADVANCED_FACE ( 'NONE', ( #6092 ), #9631, .F. ) ;
#2424 = DIRECTION ( 'NONE',  ( -0.09119215051751136669, -0.9575175804338614816, 0.2735764515525326290 ) ) ;
#2425 = PRESENTATION_LAYER_ASSIGNMENT (  '', '', ( #4773 ) ) ;
#2426 = CARTESIAN_POINT ( 'NONE',  ( 4.599999999999980105, 15.30000000000000071, -4.849230484541299901 ) ) ;
#2427 = CARTESIAN_POINT ( 'NONE',  ( 11.19999999999999929, 7.884692577415645331, 4.642017365359746073 ) ) ;
#2428 = DIRECTION ( 'NONE',  ( 0.0000000000000000000, 0.0000000000000000000, -1.000000000000000000 ) ) ;
#2429 = CARTESIAN_POINT ( 'NONE',  ( 6.500000000000000888, 14.59999999999999964, -8.669999999979447480 ) ) ;
#2430 = EDGE_CURVE ( 'NONE', #1954, #1807, #1830, .T. ) ;
#2431 = EDGE_CURVE ( 'NONE', #4746, #943, #1336, .T. ) ;
#2432 = VECTOR ( 'NONE', #7373, 1000.000000000000000 ) ;
#2433 = CARTESIAN_POINT ( 'NONE',  ( 9.505307271477359876, 15.20000000000009877, -7.220412216762074564 ) ) ;
#2434 = VERTEX_POINT ( 'NONE', #1888 ) ;
#2435 = FACE_OUTER_BOUND ( 'NONE', #1542, .T. ) ;
#2436 = VERTEX_POINT ( 'NONE', #7738 ) ;
#2437 = CARTESIAN_POINT ( 'NONE',  ( 4.599999999999980105, 15.50000000000009948, 6.580769515458699814 ) ) ;
#2438 = CARTESIAN_POINT ( 'NONE',  ( 6.500000000000000888, 14.59999999998728981, 3.810000000000000053 ) ) ;
#2439 = CARTESIAN_POINT ( 'NONE',  ( 9.449999999999999289, 13.19999999999999929, 8.019999999999999574 ) ) ;
#2440 = CARTESIAN_POINT ( 'NONE',  ( 11.19999999999999574, 7.860457441159613090, -8.364531800955905538 ) ) ;
#2441 = VERTEX_POINT ( 'NONE', #6036 ) ;
#2442 = CARTESIAN_POINT ( 'NONE',  ( 4.382847915768463665, 15.49994977653716255, -8.768098700075004359 ) ) ;
#2443 = ORIENTED_EDGE ( 'NONE', *, *, #8562, .T. ) ;
#2444 = CARTESIAN_POINT ( 'NONE',  ( 4.321556393503233728, 15.40439955824826157, 1.152090523840634040 ) ) ;
#2445 = EDGE_CURVE ( 'NONE', #8470, #8573, #4546, .T. ) ;
#2446 = EDGE_CURVE ( 'NONE', #6458, #1002, #9934, .T. ) ;
#2447 = CARTESIAN_POINT ( 'NONE',  ( 5.854725944026340834, 15.50000000000000000, -8.459650184518089588 ) ) ;
#2448 = ORIENTED_EDGE ( 'NONE', *, *, #4150, .T. ) ;
#2449 = STYLED_ITEM ( 'NONE', ( #198 ), #8253 ) ;
#2450 = CARTESIAN_POINT ( 'NONE',  ( 9.600000000000001421, 5.500000000000000000, -6.270008330676609454 ) ) ;
#2451 = FILL_AREA_STYLE ('',( #3415 ) ) ;
#2452 = FACE_OUTER_BOUND ( 'NONE', #1088, .T. ) ;
#2453 = LINE ( 'NONE', #9179, #8654 ) ;
#2454 = VERTEX_POINT ( 'NONE', #6875 ) ;
#2455 = CARTESIAN_POINT ( 'NONE',  ( 8.899795149060288679, 13.20000000000010054, -3.438388126292679203 ) ) ;
#2456 = DIRECTION ( 'NONE',  ( -2.556434596176350141E-15, -1.000000000000000000, -0.0000000000000000000 ) ) ;
#2457 = MECHANICAL_DESIGN_GEOMETRIC_PRESENTATION_REPRESENTATION (  '', ( #509 ), #2286 ) ;
#2458 = CARTESIAN_POINT ( 'NONE',  ( 8.706350832689631503, 15.20000000000007567, -7.870000000000000107 ) ) ;
#2459 = ORIENTED_EDGE ( 'NONE', *, *, #623, .T. ) ;
#2460 = CARTESIAN_POINT ( 'NONE',  ( 11.19999999999999929, 6.523844591211805266, 1.805663841773073042 ) ) ;
#2461 = AXIS2_PLACEMENT_3D ( 'NONE', #10745, #10584, #6260 ) ;
#2462 = VERTEX_POINT ( 'NONE', #9462 ) ;
#2463 = ORIENTED_EDGE ( 'NONE', *, *, #6221, .T. ) ;
#2464 = CARTESIAN_POINT ( 'NONE',  ( -0.9999999999999997780, 9.000000000000000000, -1.434415584415590139 ) ) ;
#2465 = CIRCLE ( 'NONE', #9830, 2.199999999999999734 ) ;
#2466 = DIRECTION ( 'NONE',  ( 0.0000000000000000000, -1.000000000000000000, 0.0000000000000000000 ) ) ;
#2467 = CARTESIAN_POINT ( 'NONE',  ( 9.349999999999994316, 7.718048063784239687, -7.782306162375606462 ) ) ;
#2468 = ORIENTED_EDGE ( 'NONE', *, *, #2577, .T. ) ;
#2469 = ORIENTED_EDGE ( 'NONE', *, *, #6296, .F. ) ;
#2470 = CARTESIAN_POINT ( 'NONE',  ( 8.352359877559827339, 15.50000000000000178, -1.152580537057890098 ) ) ;
#2471 = AXIS2_PLACEMENT_3D ( 'NONE', #2678, #4369, #8400 ) ;
#2472 = EDGE_CURVE ( 'NONE', #7709, #1241, #9514, .T. ) ;
#2473 = CARTESIAN_POINT ( 'NONE',  ( 4.599999999999959677, 15.30000000000000071, 8.659230484541330597 ) ) ;
#2474 = B_SPLINE_CURVE_WITH_KNOTS ( 'NONE', 3,
 ( #9677, #2041, #6302, #3836, #4675, #8097 ),
 .UNSPECIFIED., .F., .F.,
 ( 4, 2, 4 ),
 ( 0.0000000000000000000, 0.5000000000000000000, 1.000000000000000000 ),
 .UNSPECIFIED. ) ;
#2475 = PRESENTATION_STYLE_ASSIGNMENT (( #697 ) ) ;
#2476 = VERTEX_POINT ( 'NONE', #1052 ) ;
#2477 = ORIENTED_EDGE ( 'NONE', *, *, #4924, .F. ) ;
#2478 = VECTOR ( 'NONE', #1899, 1000.000000000000000 ) ;
#2479 = DIRECTION ( 'NONE',  ( -1.000000000000000000, 0.0000000000000000000, 0.0000000000000000000 ) ) ;
#2480 = DIRECTION ( 'NONE',  ( 0.9954954725939522131, -0.09480909262799622206, 0.0000000000000000000 ) ) ;
#2481 = CARTESIAN_POINT ( 'NONE',  ( -0.9999999999999997780, 15.30259718358288978, -6.267436327059522583 ) ) ;
#2482 = CARTESIAN_POINT ( 'NONE',  ( 8.499999999999998224, 15.30000000000000249, 6.467419462942110009 ) ) ;
#2483 = ORIENTED_EDGE ( 'NONE', *, *, #6685, .T. ) ;
#2484 =( NAMED_UNIT ( * ) PLANE_ANGLE_UNIT ( ) SI_UNIT ( $, .RADIAN. ) );
#2485 = CARTESIAN_POINT ( 'NONE',  ( 4.515384615384591349, 15.50000000000000000, 6.634063386460820944 ) ) ;
#2486 = ADVANCED_FACE ( 'NONE', ( #199 ), #4242, .T. ) ;
#2487 = EDGE_CURVE ( 'NONE', #7644, #4793, #9196, .T. ) ;
#2488 = CARTESIAN_POINT ( 'NONE',  ( 8.499591488586199617, 9.000000000000000000, -8.909707111980214478 ) ) ;
#2489 = VECTOR ( 'NONE', #3956, 1000.000000000000000 ) ;
#2490 = CARTESIAN_POINT ( 'NONE',  ( 6.500000000000000000, 15.50000000000000000, 3.810000000000000053 ) ) ;
#2491 = VECTOR ( 'NONE', #4959, 1000.000000000000000 ) ;
#2492 = CARTESIAN_POINT ( 'NONE',  ( 9.349999999999999645, 7.613962490431089414, -3.105354435333530727 ) ) ;
#2493 = ORIENTED_EDGE ( 'NONE', *, *, #8929, .F. ) ;
#2494 = DIRECTION ( 'NONE',  ( 1.000000000000000000, 0.0000000000000000000, -0.0000000000000000000 ) ) ;
#2495 = EDGE_LOOP ( 'NONE', ( #5534, #5769, #2389, #10746 ) ) ;
#2496 = VERTEX_POINT ( 'NONE', #2053 ) ;
#2497 = DIRECTION ( 'NONE',  ( 0.0000000000000000000, 0.0000000000000000000, -1.000000000000000000 ) ) ;
#2498 = CARTESIAN_POINT ( 'NONE',  ( 4.300008882578209679, 15.29997552248377879, 8.770695768309469287 ) ) ;
#2499 = EDGE_CURVE ( 'NONE', #4391, #8222, #487, .T. ) ;
#2500 = FACE_OUTER_BOUND ( 'NONE', #869, .T. ) ;
#2501 = CARTESIAN_POINT ( 'NONE',  ( 4.299999999999999822, 9.000000000000000000, 1.449999999999999956 ) ) ;
#2502 = VERTEX_POINT ( 'NONE', #2930 ) ;
#2503 = VERTEX_POINT ( 'NONE', #7321 ) ;
#2504 = CARTESIAN_POINT ( 'NONE',  ( 6.500000000000000888, 14.59999999998728981, -3.810000000000000053 ) ) ;
#2505 = LINE ( 'NONE', #11101, #112 ) ;
#2506 = LINE ( 'NONE', #5097, #8873 ) ;
#2507 = ORIENTED_EDGE ( 'NONE', *, *, #1793, .T. ) ;
#2508 = PLANE ( 'NONE',  #7856 ) ;
#2509 = LINE ( 'NONE', #9525, #4096 ) ;
#2510 = CARTESIAN_POINT ( 'NONE',  ( 4.499999999999998224, 9.000000000000000000, -5.244415584415590637 ) ) ;
#2511 = ADVANCED_FACE ( 'NONE', ( #8831 ), #10686, .T. ) ;
#2512 = CARTESIAN_POINT ( 'NONE',  ( -0.9999999999999997780, 15.29999999999999893, 6.467419462942110009 ) ) ;
#2513 = EDGE_CURVE ( 'NONE', #2720, #2462, #1578, .T. ) ;
#2514 = ORIENTED_EDGE ( 'NONE', *, *, #8985, .F. ) ;
#2515 = CARTESIAN_POINT ( 'NONE',  ( 4.416251525940052325, 15.50000000000000711, -6.696501040144175576 ) ) ;
#2516 = CARTESIAN_POINT ( 'NONE',  ( 8.299999999999997158, 15.30259718358289689, 5.162563672940483350 ) ) ;
#2517 = PLANE ( 'NONE',  #7449 ) ;
#2518 = ORIENTED_EDGE ( 'NONE', *, *, #7974, .T. ) ;
#2519 = CARTESIAN_POINT ( 'NONE',  ( 10.19999999999999929, 5.199999999999999289, -8.936269300834878138 ) ) ;
#2520 = VERTEX_POINT ( 'NONE', #2879 ) ;
#2521 = CARTESIAN_POINT ( 'NONE',  ( 9.599999999999999645, 5.799999999999998934, 5.809999999999980069 ) ) ;
#2522 =( BOUNDED_SURFACE ( )  B_SPLINE_SURFACE ( 3, 3, ( 
 ( #3353, #6773, #10378, #1733 ),
 ( #2624, #2731, #5487, #7911 ),
 ( #2008, #3637, #9754, #10643 ),
 ( #4648, #2065, #8017, #8907 ) ),
 .UNSPECIFIED., .F., .F., .F. ) 
 B_SPLINE_SURFACE_WITH_KNOTS ( ( 4, 4 ),
 ( 4, 4 ),
 ( 0.0000000000000000000, 1.000000000000000000 ),
 ( 0.0000000000000000000, 1.000000000000000000 ),
 .UNSPECIFIED. ) 
 GEOMETRIC_REPRESENTATION_ITEM ( )  RATIONAL_B_SPLINE_SURFACE ( (
 ( 1.000000000000000000, 0.8047378541243533911, 0.8047378541243533911, 1.000000000000000000),
 ( 0.8025111867385854580, 0.6458111303267974890, 0.6458111303267974890, 0.8025111867385854580),
 ( 0.8025111867385854580, 0.6458111303267974890, 0.6458111303267974890, 0.8025111867385854580),
 ( 1.000000000000000000, 0.8047378541243533911, 0.8047378541243533911, 1.000000000000000000) ) ) 
 REPRESENTATION_ITEM ( '' )  SURFACE ( )  );
#2523 = CARTESIAN_POINT ( 'NONE',  ( 8.706350832689629726, 13.19999999999999929, -0.2499999999999997780 ) ) ;
#2524 = EDGE_CURVE ( 'NONE', #3612, #711, #6312, .T. ) ;
#2525 = CARTESIAN_POINT ( 'NONE',  ( 9.349999999999994316, 7.433118221720769192, -8.719606495276037705 ) ) ;
#2526 = EDGE_LOOP ( 'NONE', ( #9333, #4839, #7208, #10808 ) ) ;
#2527 = CARTESIAN_POINT ( 'NONE',  ( 4.500031197697169638, 15.50000000000000000, -4.829994481546446394 ) ) ;
#2528 = CARTESIAN_POINT ( 'NONE',  ( 5.875000000000000000, 0.5000000000000000000, 9.919999999999999929 ) ) ;
#2529 = CARTESIAN_POINT ( 'NONE',  ( 11.08170650849477923, 6.944582774463949448, -9.220171862252771078 ) ) ;
#2530 = B_SPLINE_CURVE_WITH_KNOTS ( 'NONE', 3,
 ( #8251, #1312, #5672, #4727, #473, #4887 ),
 .UNSPECIFIED., .F., .F.,
 ( 4, 2, 4 ),
 ( 0.0000000000000000000, 0.5000000000000000000, 1.000000000000000000 ),
 .UNSPECIFIED. ) ;
#2531 = FILL_AREA_STYLE_COLOUR ( '', #5004 ) ;
#2532 = ORIENTED_EDGE ( 'NONE', *, *, #4689, .T. ) ;
#2533 = CARTESIAN_POINT ( 'NONE',  ( 4.316198970578239091, 9.000000000000000000, 0.9269086240969847124 ) ) ;
#2534 = DIRECTION ( 'NONE',  ( 0.0000000000000000000, 0.7853969274136174405, 0.6189924607046914939 ) ) ;
#2535 = CARTESIAN_POINT ( 'NONE',  ( 4.382842712474603886, 15.50000000000000355, 6.580769515458694485 ) ) ;
#2536 = B_SPLINE_CURVE_WITH_KNOTS ( 'NONE', 3,
 ( #10435, #2789, #7220, #7913, #2126, #1961, #333, #7167, #8796, #3807, #4701, #5539, #8961, #1289, #2067 ),
 .UNSPECIFIED., .F., .F.,
 ( 4, 1, 2, 2, 2, 2, 2, 4 ),
 ( 0.0000000000000000000, 0.1250000000000008882, 0.1875000000000011102, 0.2500000000000013323, 0.5000000000000011102, 0.6250000000000006661, 0.7500000000000002220, 1.000000000000000000 ),
 .UNSPECIFIED. ) ;
#2537 = EDGE_CURVE ( 'NONE', #1259, #10711, #1220, .T. ) ;
#2538 = CARTESIAN_POINT ( 'NONE',  ( 6.640175143999629270, 15.50000000000000178, 1.049604663760013823 ) ) ;
#2539 = CARTESIAN_POINT ( 'NONE',  ( 4.299999999999982059, 15.29999999999999893, 6.580769515458701591 ) ) ;
#2540 = ORIENTED_EDGE ( 'NONE', *, *, #6606, .F. ) ;
#2541 = AXIS2_PLACEMENT_3D ( 'NONE', #11109, #7812, #843 ) ;
#2542 = CARTESIAN_POINT ( 'NONE',  ( 9.599999999999999645, 5.799999999999998934, 6.303767091948870416 ) ) ;
#2543 = FACE_OUTER_BOUND ( 'NONE', #100, .T. ) ;
#2544 = CARTESIAN_POINT ( 'NONE',  ( 9.650000000000005684, 15.20000000000007567, 3.610000000000004317 ) ) ;
#2545 = ORIENTED_EDGE ( 'NONE', *, *, #128, .T. ) ;
#2546 = CARTESIAN_POINT ( 'NONE',  ( 8.418034671099023925, 15.37173446289487444, 6.268334213803828270 ) ) ;
#2547 = VERTEX_POINT ( 'NONE', #3681 ) ;
#2548 = VECTOR ( 'NONE', #4942, 1000.000000000000000 ) ;
#2549 = ORIENTED_EDGE ( 'NONE', *, *, #3379, .F. ) ;
#2550 = CYLINDRICAL_SURFACE ( 'NONE', #8586, 1.049999999999999822 ) ;
#2551 = EDGE_CURVE ( 'NONE', #2704, #6958, #5418, .T. ) ;
#2552 = EDGE_CURVE ( 'NONE', #3696, #1898, #9907, .T. ) ;
#2553 = LINE ( 'NONE', #9282, #1036 ) ;
#2554 = CARTESIAN_POINT ( 'NONE',  ( 2.949999999999960210, 15.30000000000000071, -7.620000000000000107 ) ) ;
#2555 = CARTESIAN_POINT ( 'NONE',  ( 9.649587783237926431, 15.20000000000009877, -7.875307271477326232 ) ) ;
#2556 = VERTEX_POINT ( 'NONE', #5475 ) ;
#2557 = LINE ( 'NONE', #10973, #3672 ) ;
#2558 = ORIENTED_EDGE ( 'NONE', *, *, #7392, .F. ) ;
#2559 = CYLINDRICAL_SURFACE ( 'NONE', #1170, 2.199999999999999734 ) ;
#2560 = EDGE_LOOP ( 'NONE', ( #4504, #8519, #1757, #394, #254, #6373, #3722, #8734 ) ) ;
#2561 = CARTESIAN_POINT ( 'NONE',  ( 9.600000000000001421, 5.600841891535613293, -8.970000000000020179 ) ) ;
#2562 = B_SPLINE_CURVE_WITH_KNOTS ( 'NONE', 3,
 ( #898, #9576, #10372, #7906 ),
 .UNSPECIFIED., .F., .F.,
 ( 4, 4 ),
 ( 0.0000000000000000000, 1.000000000000000000 ),
 .UNSPECIFIED. ) ;
#2563 = DIRECTION ( 'NONE',  ( -2.556434596176350141E-15, -1.000000000000000000, -0.0000000000000000000 ) ) ;
#2564 = ORIENTED_EDGE ( 'NONE', *, *, #2889, .T. ) ;
#2565 = CARTESIAN_POINT ( 'NONE',  ( 4.500000000000003553, 15.42062190192916304, -1.351030884390530762 ) ) ;
#2566 = CARTESIAN_POINT ( 'NONE',  ( 9.018600732609499460, 13.20000000000007567, -3.409999999999999698 ) ) ;
#2567 = CARTESIAN_POINT ( 'NONE',  ( 9.018600732609510118, 13.20000000000020002, -4.009999999999999787 ) ) ;
#2568 = VECTOR ( 'NONE', #3901, 1000.000000000000000 ) ;
#2569 = CARTESIAN_POINT ( 'NONE',  ( 11.19999999999999751, 6.457765876465027866, 5.450940134763995637 ) ) ;
#2570 = VERTEX_POINT ( 'NONE', #8780 ) ;
#2571 = DIRECTION ( 'NONE',  ( 0.0000000000000000000, -0.01298591791445112553, -0.9999156794129789860 ) ) ;
#2572 = FACE_OUTER_BOUND ( 'NONE', #2078, .T. ) ;
#2573 = FACE_OUTER_BOUND ( 'NONE', #1732, .T. ) ;
#2574 = ORIENTED_EDGE ( 'NONE', *, *, #10839, .T. ) ;
#2575 = VECTOR ( 'NONE', #1416, 1000.000000000000114 ) ;
#2576 = VECTOR ( 'NONE', #3866, 1000.000000000000000 ) ;
#2577 = EDGE_CURVE ( 'NONE', #9397, #2476, #8893, .T. ) ;
#2578 = EDGE_CURVE ( 'NONE', #6652, #4026, #3791, .T. ) ;
#2579 = LINE ( 'NONE', #4207, #3903 ) ;
#2580 = CARTESIAN_POINT ( 'NONE',  ( 8.706350832689590646, 13.20000000000010054, 4.259999999999999787 ) ) ;
#2581 = B_SPLINE_CURVE_WITH_KNOTS ( 'NONE', 3,
 ( #7747, #2673, #8570, #3579, #9639, #6992, #8624, #4364, #8677, #7853 ),
 .UNSPECIFIED., .F., .F.,
 ( 4, 2, 2, 2, 4 ),
 ( 0.0000000000000000000, 0.2500000000000000000, 0.5000000000000000000, 0.7500000000000000000, 1.000000000000000000 ),
 .UNSPECIFIED. ) ;
#2582 = AXIS2_PLACEMENT_3D ( 'NONE', #1839, #9640, #208 ) ;
#2583 = VECTOR ( 'NONE', #10689, 1000.000000000000114 ) ;
#2584 = CARTESIAN_POINT ( 'NONE',  ( 4.300093593091398603, 9.000000000000000000, -6.638477524399240437 ) ) ;
#2585 = EDGE_LOOP ( 'NONE', ( #2248, #10367, #10766, #4859 ) ) ;
#2586 = SURFACE_SIDE_STYLE ('',( #9540 ) ) ;
#2587 = DIRECTION ( 'NONE',  ( -1.000000000000000000, 0.0000000000000000000, 0.0000000000000000000 ) ) ;
#2588 = EDGE_CURVE ( 'NONE', #10991, #1621, #2993, .T. ) ;
#2589 = VECTOR ( 'NONE', #39, 1000.000000000000000 ) ;
#2590 = FACE_OUTER_BOUND ( 'NONE', #9872, .T. ) ;
#2591 = VERTEX_POINT ( 'NONE', #2162 ) ;
#2592 = ORIENTED_EDGE ( 'NONE', *, *, #6456, .T. ) ;
#2593 = CARTESIAN_POINT ( 'NONE',  ( 4.298896448480518551, 15.41930204271695537, 6.352814544770485128 ) ) ;
#2594 = CARTESIAN_POINT ( 'NONE',  ( 4.316198970578241756, 9.000000000000000000, 6.693091375903048146 ) ) ;
#2595 = CARTESIAN_POINT ( 'NONE',  ( 4.515384615402476598, 15.50000000000000000, -6.634063386496173109 ) ) ;
#2596 = FACE_OUTER_BOUND ( 'NONE', #3329, .T. ) ;
#2597 = CARTESIAN_POINT ( 'NONE',  ( 5.940353365576805267, 14.50000000000000178, 4.134374556496850595 ) ) ;
#2598 = CIRCLE ( 'NONE', #6541, 1.649999999999999911 ) ;
#2599 = ORIENTED_EDGE ( 'NONE', *, *, #2764, .T. ) ;
#2600 = VECTOR ( 'NONE', #2563, 1000.000000000000000 ) ;
#2601 = CARTESIAN_POINT ( 'NONE',  ( 1.474999999999999867, 2.099999999999999645, -2.910000000000001918 ) ) ;
#2602 = DIRECTION ( 'NONE',  ( -0.0000000000000000000, -1.000000000000000000, -0.0000000000000000000 ) ) ;
#2603 = UNCERTAINTY_MEASURE_WITH_UNIT (LENGTH_MEASURE( 1.000000000000000082E-05 ), #4495, 'distance_accuracy_value', 'NONE');
#2604 = CARTESIAN_POINT ( 'NONE',  ( 4.599999999999980105, 15.30000000000000071, 2.770769515458700205 ) ) ;
#2605 = FACE_BOUND ( 'NONE', #1609, .T. ) ;
#2606 = EDGE_CURVE ( 'NONE', #10138, #1954, #9019, .T. ) ;
#2607 = CARTESIAN_POINT ( 'NONE',  ( 9.349999999999997868, 7.009966887054303264, -9.219999999999933138 ) ) ;
#2608 = ORIENTED_EDGE ( 'NONE', *, *, #5970, .T. ) ;
#2609 = DIRECTION ( 'NONE',  ( 2.556434596176350141E-15, 1.000000000000000000, 0.0000000000000000000 ) ) ;
#2610 = EDGE_LOOP ( 'NONE', ( #3066, #5181, #9315 ) ) ;
#2611 = ORIENTED_EDGE ( 'NONE', *, *, #4689, .F. ) ;
#2612 = CYLINDRICAL_SURFACE ( 'NONE', #1424, 0.2000000000000005107 ) ;
#2613 = CARTESIAN_POINT ( 'NONE',  ( 8.958889746352314276, 15.20000000000010054, 0.3999999999999991340 ) ) ;
#2614 = DIRECTION ( 'NONE',  ( 0.0000000000000000000, -1.000000000000000000, 0.0000000000000000000 ) ) ;
#2615 = CARTESIAN_POINT ( 'NONE',  ( 4.299999999999999822, 15.30000000000000071, 5.259999999999999787 ) ) ;
#2616 = DIRECTION ( 'NONE',  ( 0.0000000000000000000, -0.0000000000000000000, 1.000000000000000000 ) ) ;
#2617 = VERTEX_POINT ( 'NONE', #8213 ) ;
#2618 = CARTESIAN_POINT ( 'NONE',  ( 8.499999999999998224, 15.35236108383768183, -6.467666564417140940 ) ) ;
#2619 = PRESENTATION_LAYER_ASSIGNMENT (  '', '', ( #9068 ) ) ;
#2620 = CARTESIAN_POINT ( 'NONE',  ( 6.500000000000000000, 15.50000000000000000, 2.760000000000000231 ) ) ;
#2621 = EDGE_CURVE ( 'NONE', #6781, #5377, #7330, .T. ) ;
#2622 = VERTEX_POINT ( 'NONE', #8263 ) ;
#2623 = CARTESIAN_POINT ( 'NONE',  ( 4.381965328900975898, 15.30259718358289511, -1.352563672940485962 ) ) ;
#2624 = CARTESIAN_POINT ( 'NONE',  ( 8.418034671099022148, 15.30259718358288978, 8.972563672940484736 ) ) ;
#2625 = PLANE ( 'NONE',  #2541 ) ;
#2626 = CARTESIAN_POINT ( 'NONE',  ( 11.19999999999999751, 6.437163872330799563, -5.462792750588512547 ) ) ;
#2627 = LINE ( 'NONE', #6220, #60 ) ;
#2628 = B_SPLINE_CURVE_WITH_KNOTS ( 'NONE', 3,
 ( #10612, #2908, #6347, #1095, #9505, #25, #9454, #6978, #7843, #141, #8717, #3447, #1934 ),
 .UNSPECIFIED., .F., .F.,
 ( 4, 2, 2, 1, 2, 2, 4 ),
 ( 0.0000000000000000000, 0.2499999999999814593, 0.3749999999999689138, 0.4374999999999649170, 0.4687499999999652500, 0.4999999999999655831, 1.000000000000000000 ),
 .UNSPECIFIED. ) ;
#2629 = ORIENTED_EDGE ( 'NONE', *, *, #9796, .T. ) ;
#2630 = DIRECTION ( 'NONE',  ( 0.0000000000000000000, 0.9999156794129789860, -0.01298591791445430008 ) ) ;
#2631 = CARTESIAN_POINT ( 'NONE',  ( 10.89999999999999858, 8.250260842368401626, 8.498163252473174722 ) ) ;
#2632 = CARTESIAN_POINT ( 'NONE',  ( 4.315797791639868208, 15.41715728752538972, 0.9275455812091558672 ) ) ;
#2633 = VECTOR ( 'NONE', #5086, 1000.000000000000000 ) ;
#2634 = EDGE_CURVE ( 'NONE', #6168, #8881, #2917, .T. ) ;
#2635 = EDGE_CURVE ( 'NONE', #4156, #10327, #10956, .T. ) ;
#2636 = ORIENTED_EDGE ( 'NONE', *, *, #1619, .F. ) ;
#2637 = CARTESIAN_POINT ( 'NONE',  ( 8.404397331752658573, 15.47844538072196308, 4.962580537057890595 ) ) ;
#2638 = B_SPLINE_CURVE_WITH_KNOTS ( 'NONE', 3,
 ( #4041, #7936, #9831, #3986, #5554, #1412, #8976, #463, #617, #6563, #10458, #2755 ),
 .UNSPECIFIED., .F., .F.,
 ( 4, 2, 2, 2, 2, 4 ),
 ( 0.0000000000000000000, 0.2500000000000003331, 0.3750000000000004996, 0.5000000000000006661, 0.7500000000000003331, 1.000000000000000000 ),
 .UNSPECIFIED. ) ;
#2639 = CYLINDRICAL_SURFACE ( 'NONE', #2133, 0.2000000000000001499 ) ;
#2640 = DIRECTION ( 'NONE',  ( -1.000000000000000000, -0.0000000000000000000, 0.0000000000000000000 ) ) ;
#2641 = CIRCLE ( 'NONE', #5506, 0.2000000000000000944 ) ;
#2642 = EDGE_CURVE ( 'NONE', #8300, #8940, #10637, .T. ) ;
#2643 = CARTESIAN_POINT ( 'NONE',  ( 4.346153846153806732, 15.41715728752538261, 4.689348871534968488 ) ) ;
#2644 = ORIENTED_EDGE ( 'NONE', *, *, #5251, .F. ) ;
#2645 = DIRECTION ( 'NONE',  ( 0.0000000000000000000, 0.0000000000000000000, -1.000000000000000000 ) ) ;
#2646 = LINE ( 'NONE', #1755, #3160 ) ;
#2647 = VERTEX_POINT ( 'NONE', #3156 ) ;
#2648 = ORIENTED_EDGE ( 'NONE', *, *, #2710, .T. ) ;
#2649 = CARTESIAN_POINT ( 'NONE',  ( 4.381965328900978562, 15.30259718358289156, 6.267436327059516366 ) ) ;
#2650 = FACE_OUTER_BOUND ( 'NONE', #1456, .T. ) ;
#2651 = ORIENTED_EDGE ( 'NONE', *, *, #7562, .F. ) ;
#2653 = EDGE_CURVE ( 'NONE', #3764, #8766, #6584, .T. ) ;
#2652 = DIRECTION ( 'NONE',  ( 3.880602260699040389E-17, -0.2747211278973781257, 0.9615239476408231623 ) ) ;
#2654 = CARTESIAN_POINT ( 'NONE',  ( 5.874931721987087130, 14.50000000000000355, 3.726761067240598191 ) ) ;
#2655 = AXIS2_PLACEMENT_3D ( 'NONE', #1804, #6960, #9429 ) ;
#2656 = ADVANCED_FACE ( 'NONE', ( #8425 ), #9265, .T. ) ;
#2657 = VERTEX_POINT ( 'NONE', #9964 ) ;
#2658 = PLANE ( 'NONE',  #5635 ) ;
#2659 = DIRECTION ( 'NONE',  ( 0.0000000000000000000, 0.0000000000000000000, 1.000000000000000000 ) ) ;
#2660 = DIRECTION ( 'NONE',  ( -1.000000000000000000, -1.412560544723970047E-16, 0.0000000000000000000 ) ) ;
#2661 = DIRECTION ( 'NONE',  ( 1.000000000000000000, 0.0000000000000000000, 0.0000000000000000000 ) ) ;
#2662 = VECTOR ( 'NONE', #8957, 1000.000000000000000 ) ;
#2663 = ORIENTED_EDGE ( 'NONE', *, *, #9497, .F. ) ;
#2664 = PRESENTATION_LAYER_ASSIGNMENT (  '', '', ( #1250 ) ) ;
#2665 = LINE ( 'NONE', #5255, #9615 ) ;
#2666 = CARTESIAN_POINT ( 'NONE',  ( 7.109206983066052032, 14.50000000000000178, 0.1622383011827744637 ) ) ;
#2667 = CARTESIAN_POINT ( 'NONE',  ( 20.10000000000000142, 5.500000000000000000, -3.810000000000000053 ) ) ;
#2668 = CARTESIAN_POINT ( 'NONE',  ( 9.650000000000000355, 13.19999999999999929, -0.2000000000000000944 ) ) ;
#2669 = CARTESIAN_POINT ( 'NONE',  ( 1.274999999999998801, -1.478419251352363239E-16, -6.120000000000000107 ) ) ;
#2670 = ORIENTED_EDGE ( 'NONE', *, *, #7286, .F. ) ;
#2671 = LINE ( 'NONE', #9466, #3125 ) ;
#2672 = AXIS2_PLACEMENT_3D ( 'NONE', #5476, #1326, #9688 ) ;
#2673 = CARTESIAN_POINT ( 'NONE',  ( 6.336375382630147435, 14.49999999999818101, -6.995000000017625119 ) ) ;
#2674 = FACE_OUTER_BOUND ( 'NONE', #7462, .T. ) ;
#2675 = VERTEX_POINT ( 'NONE', #8370 ) ;
#2676 = DIRECTION ( 'NONE',  ( 0.8461538461538563594, 0.0000000000000000000, -0.5329387100211767647 ) ) ;
#2677 = EDGE_LOOP ( 'NONE', ( #5442, #9951, #922, #7466 ) ) ;
#2678 = CARTESIAN_POINT ( 'NONE',  ( 4.500000000000000000, 15.30000000000000426, -6.467419462942113562 ) ) ;
#2679 = DIRECTION ( 'NONE',  ( 0.0000000000000000000, -0.0000000000000000000, 1.000000000000000000 ) ) ;
#2680 = CARTESIAN_POINT ( 'NONE',  ( 11.20000000000000107, 7.399894512352668485, -0.3312821473990483767 ) ) ;
#2681 = CARTESIAN_POINT ( 'NONE',  ( 9.018600732609503012, 15.20000000000007567, 0.4000000000000001887 ) ) ;
#2682 = EDGE_CURVE ( 'NONE', #7229, #2722, #3165, .T. ) ;
#2683 =( LENGTH_UNIT ( ) NAMED_UNIT ( * ) SI_UNIT ( .MILLI., .METRE. ) );
#2684 = CARTESIAN_POINT ( 'NONE',  ( 10.89999999999999858, 6.585611271177850057, 5.706508905719283931 ) ) ;
#2685 = CARTESIAN_POINT ( 'NONE',  ( 4.499999999999957367, 15.49999999999999822, 1.039230484541346256 ) ) ;
#2686 = ORIENTED_EDGE ( 'NONE', *, *, #6606, .T. ) ;
#2687 = CARTESIAN_POINT ( 'NONE',  ( 4.346153846153819167, 15.50000000000009948, 2.930651128465051158 ) ) ;
#2688 = LINE ( 'NONE', #2521, #7693 ) ;
#2689 = DIRECTION ( 'NONE',  ( -0.0000000000000000000, 1.000000000000000000, 0.0000000000000000000 ) ) ;
#2690 = EDGE_CURVE ( 'NONE', #7755, #40, #8395, .T. ) ;
#2691 = EDGE_CURVE ( 'NONE', #8134, #9844, #875, .T. ) ;
#2692 = CARTESIAN_POINT ( 'NONE',  ( 4.781862296044550931, 15.50000000000000000, 4.153013899375039841 ) ) ;
#2693 = B_SPLINE_CURVE_WITH_KNOTS ( 'NONE', 3,
 ( #8632, #957, #108, #1843, #5273, #8686 ),
 .UNSPECIFIED., .F., .F.,
 ( 4, 2, 4 ),
 ( 0.0000000000000000000, 0.5000000000000000000, 1.000000000000000000 ),
 .UNSPECIFIED. ) ;
#2694 = ORIENTED_EDGE ( 'NONE', *, *, #7496, .T. ) ;
#2695 = LINE ( 'NONE', #7647, #981 ) ;
#2696 = CARTESIAN_POINT ( 'NONE',  ( 4.694285714285669542, 15.41715728752537728, -3.483384704858430769 ) ) ;
#2697 = CARTESIAN_POINT ( 'NONE',  ( 4.300000000000000711, 15.35235987755982912, -8.772580537057889316 ) ) ;
#2698 = EDGE_CURVE ( 'NONE', #3270, #7126, #1871, .T. ) ;
#2699 = VERTEX_POINT ( 'NONE', #5192 ) ;
#2700 = CARTESIAN_POINT ( 'NONE',  ( 4.500000000000002665, 15.30259718358290044, 6.267436327059517254 ) ) ;
#2701 = SURFACE_STYLE_USAGE ( .BOTH. , #7023 ) ;
#2702 = CARTESIAN_POINT ( 'NONE',  ( 10.19999999999999929, 5.199999999999999289, 1.316269300834878919 ) ) ;
#2703 = DIRECTION ( 'NONE',  ( 0.0000000000000000000, 0.2290393337273615437, 0.9734171683331489522 ) ) ;
#2704 = VERTEX_POINT ( 'NONE', #4227 ) ;
#2705 = PLANE ( 'NONE',  #8150 ) ;
#2706 = UNCERTAINTY_MEASURE_WITH_UNIT (LENGTH_MEASURE( 1.000000000000000082E-05 ), #5005, 'distance_accuracy_value', 'NONE');
#2707 = CARTESIAN_POINT ( 'NONE',  ( 8.822247607754851728, 13.20000000000010054, -4.085408290565544220 ) ) ;
#2708 = CARTESIAN_POINT ( 'NONE',  ( 4.299999999999982947, 9.000000000000000000, 6.580769515458794849 ) ) ;
#2709 = CARTESIAN_POINT ( 'NONE',  ( 11.20000000000000284, 5.500000000000000000, -3.810000000000000053 ) ) ;
#2710 = EDGE_CURVE ( 'NONE', #7958, #4368, #8713, .T. ) ;
#2711 = VERTEX_POINT ( 'NONE', #6803 ) ;
#2712 = EDGE_CURVE ( 'NONE', #3262, #7615, #4341, .T. ) ;
#2713 = CARTESIAN_POINT ( 'NONE',  ( 8.404397331752653244, 9.000585821344337489, 9.032851539416721920 ) ) ;
#2714 = CARTESIAN_POINT ( 'NONE',  ( 4.299999999999952749, 15.41715728752541281, -8.659230484541353690 ) ) ;
#2715 = CARTESIAN_POINT ( 'NONE',  ( 4.299999999999999822, 8.997200455540209418, 8.854435076596331555 ) ) ;
#2716 = CARTESIAN_POINT ( 'NONE',  ( 7.399999999999999467, 11.69999999999999929, 9.019350649350650784 ) ) ;
#2717 = ORIENTED_EDGE ( 'NONE', *, *, #8435, .T. ) ;
#2718 = FACE_BOUND ( 'NONE', #7865, .T. ) ;
#2719 =( BOUNDED_SURFACE ( )  B_SPLINE_SURFACE ( 3, 3, ( 
 ( #6983, #1944, #5417, #5367 ),
 ( #8779, #10528, #4469, #2714 ),
 ( #4578, #3567, #1886, #9738 ),
 ( #2052, #4414, #7849, #148 ) ),
 .UNSPECIFIED., .F., .F., .F. ) 
 B_SPLINE_SURFACE_WITH_KNOTS ( ( 4, 4 ),
 ( 4, 4 ),
 ( 0.0000000000000000000, 1.000000000000000000 ),
 ( 0.0000000000000000000, 1.000000000000000000 ),
 .UNSPECIFIED. ) 
 GEOMETRIC_REPRESENTATION_ITEM ( )  RATIONAL_B_SPLINE_SURFACE ( (
 ( 1.000000000000000000, 0.9738459485536679061, 0.9738459485536679061, 1.000000000000000000),
 ( 0.8047378541242636851, 0.7836906988866868540, 0.7836906988866868540, 0.8047378541242636851),
 ( 0.8047378541242636851, 0.7836906988866868540, 0.7836906988866868540, 0.8047378541242636851),
 ( 1.000000000000000000, 0.9738459485536679061, 0.9738459485536679061, 1.000000000000000000) ) ) 
 REPRESENTATION_ITEM ( '' )  SURFACE ( )  );
#2720 = VERTEX_POINT ( 'NONE', #7722 ) ;
#2721 = FACE_OUTER_BOUND ( 'NONE', #4337, .T. ) ;
#2722 = VERTEX_POINT ( 'NONE', #7779 ) ;
#2723 = CARTESIAN_POINT ( 'NONE',  ( 8.499999999999998224, 15.30000000000000249, 8.772580537057885763 ) ) ;
#2724 = CYLINDRICAL_SURFACE ( 'NONE', #6886, 1.350000000000020073 ) ;
#2725 = ORIENTED_EDGE ( 'NONE', *, *, #5499, .F. ) ;
#2726 = VECTOR ( 'NONE', #8874, 1000.000000000000000 ) ;
#2727 = ORIENTED_EDGE ( 'NONE', *, *, #6055, .F. ) ;
#2728 = ADVANCED_FACE ( 'NONE', ( #5136 ), #984, .T. ) ;
#2729 = DIRECTION ( 'NONE',  ( 0.0000000000000000000, 0.0000000000000000000, 1.000000000000000000 ) ) ;
#2730 = ORIENTED_EDGE ( 'NONE', *, *, #2588, .T. ) ;
#2731 = CARTESIAN_POINT ( 'NONE',  ( 8.418034671099025701, 15.37173446289487444, 8.971665786196172832 ) ) ;
#2732 = CARTESIAN_POINT ( 'NONE',  ( 0.0000000000000000000, 0.0000000000000000000, 9.919999999999999929 ) ) ;
#2733 = LINE ( 'NONE', #5330, #858 ) ;
#2734 = CARTESIAN_POINT ( 'NONE',  ( 8.862475782649553935, 15.20000000000013962, -4.134999999999999787 ) ) ;
#2735 = ORIENTED_EDGE ( 'NONE', *, *, #4948, .F. ) ;
#2736 = AXIS2_PLACEMENT_3D ( 'NONE', #3780, #2150, #6509 ) ;
#2737 = FILL_AREA_STYLE ('',( #7058 ) ) ;
#2738 = CARTESIAN_POINT ( 'NONE',  ( 4.382842712474578128, 15.50000000000000178, 1.039230484541346256 ) ) ;
#2739 = ORIENTED_EDGE ( 'NONE', *, *, #4347, .T. ) ;
#2740 = EDGE_LOOP ( 'NONE', ( #9966, #4884, #2686, #3760 ) ) ;
#2741 = ADVANCED_FACE ( 'NONE', ( #10408 ), #79, .T. ) ;
#2742 = DIRECTION ( 'NONE',  ( -1.000000000000000000, 8.673617379884726514E-15, -1.084202172485590814E-15 ) ) ;
#2743 = AXIS2_PLACEMENT_3D ( 'NONE', #8404, #10880, #7692 ) ;
#2744 = CARTESIAN_POINT ( 'NONE',  ( 11.19999999999999929, 7.065185354703118925, 2.720272597559161287 ) ) ;
#2745 = DIRECTION ( 'NONE',  ( -2.168404344971008868E-15, 5.543383885983003833E-30, 1.000000000000000000 ) ) ;
#2746 = LINE ( 'NONE', #3488, #7415 ) ;
#2747 = CARTESIAN_POINT ( 'NONE',  ( 4.321554619278037634, 9.000489967319666107, 5.148798491003408806 ) ) ;
#2748 =( NAMED_UNIT ( * ) SI_UNIT ( $, .STERADIAN. ) SOLID_ANGLE_UNIT ( ) );
#2749 = CARTESIAN_POINT ( 'NONE',  ( 4.299999999999999822, 9.000000000000000000, -9.070000000000000284 ) ) ;
#2750 = EDGE_CURVE ( 'NONE', #8858, #4177, #6080, .T. ) ;
#2751 = CARTESIAN_POINT ( 'NONE',  ( 8.862475782649553935, 15.20000000000009877, -3.484999999999998543 ) ) ;
#2752 = ORIENTED_EDGE ( 'NONE', *, *, #7214, .F. ) ;
#2753 = CARTESIAN_POINT ( 'NONE',  ( 4.382847915768461000, 15.49994977653715722, 6.471901299924999407 ) ) ;
#2754 = DIRECTION ( 'NONE',  ( 0.0000000000000000000, 1.000000000000000000, 0.0000000000000000000 ) ) ;
#2755 = CARTESIAN_POINT ( 'NONE',  ( 6.500000000000000888, 14.49999999999890754, -3.184999999989255315 ) ) ;
#2756 = CARTESIAN_POINT ( 'NONE',  ( 7.522671310501732655, 15.50000000000000533, -7.345164721422754894 ) ) ;
#2757 = B_SPLINE_CURVE_WITH_KNOTS ( 'NONE', 3,
 ( #7664, #1823, #2707, #10461 ),
 .UNSPECIFIED., .F., .F.,
 ( 4, 4 ),
 ( 0.0000000000000000000, 1.000000000000000000 ),
 .UNSPECIFIED. ) ;
#2758 = ORIENTED_EDGE ( 'NONE', *, *, #2042, .T. ) ;
#2759 = CARTESIAN_POINT ( 'NONE',  ( 6.500000000000000000, 14.59999999999999964, 0.0000000000000000000 ) ) ;
#2760 = AXIS2_PLACEMENT_3D ( 'NONE', #8663, #3616, #1825 ) ;
#2761 = VECTOR ( 'NONE', #10072, 1000.000000000000000 ) ;
#2762 = CARTESIAN_POINT ( 'NONE',  ( 4.321554619278035858, 9.000489967319669660, -1.338798491003400537 ) ) ;
#2763 = PLANE ( 'NONE',  #7379 ) ;
#2764 = EDGE_CURVE ( 'NONE', #1178, #7117, #17, .T. ) ;
#2765 = CARTESIAN_POINT ( 'NONE',  ( 6.375000000000000000, 0.5000000000000003331, -9.919999999999999929 ) ) ;
#2766 = EDGE_CURVE ( 'NONE', #4057, #6007, #6526, .T. ) ;
#2767 = CARTESIAN_POINT ( 'NONE',  ( 10.19999999999999929, 4.652212586688563967, -2.748383154411570217 ) ) ;
#2768 = ORIENTED_EDGE ( 'NONE', *, *, #5904, .F. ) ;
#2769 = CARTESIAN_POINT ( 'NONE',  ( 9.650000000000000355, 15.19999999999999929, 7.219999999999999751 ) ) ;
#2770 = AXIS2_PLACEMENT_3D ( 'NONE', #6109, #7969, #10270 ) ;
#2771 =( NAMED_UNIT ( * ) SI_UNIT ( $, .STERADIAN. ) SOLID_ANGLE_UNIT ( ) );
#2772 = CARTESIAN_POINT ( 'NONE',  ( 10.19999999999999929, 5.799999999999999822, 7.620000000000000107 ) ) ;
#2773 = ORIENTED_EDGE ( 'NONE', *, *, #9794, .T. ) ;
#2774 = PLANE ( 'NONE',  #5288 ) ;
#2775 = ADVANCED_FACE ( 'NONE', ( #2596 ), #1764, .T. ) ;
#2776 = ORIENTED_EDGE ( 'NONE', *, *, #5918, .F. ) ;
#2777 = CARTESIAN_POINT ( 'NONE',  ( 9.599999999999999645, 5.199999999999999289, -6.303755341891159603 ) ) ;
#2778 = ORIENTED_EDGE ( 'NONE', *, *, #6749, .F. ) ;
#2779 = ADVANCED_FACE ( 'NONE', ( #6972 ), #5662, .F. ) ;
#2780 = CARTESIAN_POINT ( 'NONE',  ( 9.650000000000000355, 13.19999999999999929, 0.4000000000000001887 ) ) ;
#2781 = VECTOR ( 'NONE', #4963, 1000.000000000000000 ) ;
#2782 = CARTESIAN_POINT ( 'NONE',  ( 5.450000000000000178, 15.50000000000000533, -7.482555321405446769 ) ) ;
#2783 = ORIENTED_EDGE ( 'NONE', *, *, #8241, .F. ) ;
#2784 = CARTESIAN_POINT ( 'NONE',  ( 6.499999999999999112, 11.70000000000000107, 9.019350649350649007 ) ) ;
#2785 = CARTESIAN_POINT ( 'NONE',  ( 6.500000000000000000, 11.70000000000000284, -9.019350649350650784 ) ) ;
#2786 = ORIENTED_EDGE ( 'NONE', *, *, #6088, .T. ) ;
#2787 = DIRECTION ( 'NONE',  ( 0.0000000000000000000, 0.0000000000000000000, -1.000000000000000000 ) ) ;
#2788 = CARTESIAN_POINT ( 'NONE',  ( 10.50000000000000000, 1.299999999999999822, -9.919999999999999929 ) ) ;
#2789 = CARTESIAN_POINT ( 'NONE',  ( 9.350000000000001421, 6.905620928614184528, 5.511581753797226035 ) ) ;
#2790 = DIRECTION ( 'NONE',  ( 1.000000000000000000, 0.0000000000000000000, 0.0000000000000000000 ) ) ;
#2791 = COLOUR_RGB ( '',1.000000000000000000, 1.000000000000000000, 1.000000000000000000 ) ;
#2792 = ORIENTED_EDGE ( 'NONE', *, *, #10481, .T. ) ;
#2793 = ADVANCED_FACE ( 'NONE', ( #8292 ), #4506, .T. ) ;
#2794 = EDGE_LOOP ( 'NONE', ( #9790, #9114 ) ) ;
#2795 = DIRECTION ( 'NONE',  ( -1.000000000000000000, 0.0000000000000000000, 0.0000000000000000000 ) ) ;
#2796 = EDGE_CURVE ( 'NONE', #9959, #6724, #2638, .T. ) ;
#2797 = CARTESIAN_POINT ( 'NONE',  ( 11.20000000000000107, 7.312426885322152792, -3.151014646746359116 ) ) ;
#2798 = ORIENTED_EDGE ( 'NONE', *, *, #8171, .F. ) ;
#2799 = VECTOR ( 'NONE', #591, 1000.000000000000000 ) ;
#2800 = CARTESIAN_POINT ( 'NONE',  ( 9.502359877559834800, 15.20000000000009877, 7.219999999999998863 ) ) ;
#2801 =( NAMED_UNIT ( * ) SI_UNIT ( $, .STERADIAN. ) SOLID_ANGLE_UNIT ( ) );
#2802 = FACE_OUTER_BOUND ( 'NONE', #8657, .T. ) ;
#2803 = CARTESIAN_POINT ( 'NONE',  ( 8.500000000000000000, 8.999999999999998224, 1.234398718876068335 ) ) ;
#2804 = COLOUR_RGB ( '',1.000000000000000000, 1.000000000000000000, 1.000000000000000000 ) ;
#2805 = DIRECTION ( 'NONE',  ( -1.000000000000000000, 0.0000000000000000000, 0.0000000000000000000 ) ) ;
#2806 = LINE ( 'NONE', #8608, #4932 ) ;
#2807 = CARTESIAN_POINT ( 'NONE',  ( 4.381965328900978562, 15.30259718358288978, -6.267436327059518142 ) ) ;
#2808 = DIRECTION ( 'NONE',  ( -0.0000000000000000000, 1.000000000000000000, 0.0000000000000000000 ) ) ;
#2809 = CARTESIAN_POINT ( 'NONE',  ( 9.599999999999999645, 5.500000000000000000, -5.159991669323390262 ) ) ;
#2810 = ORIENTED_EDGE ( 'NONE', *, *, #9592, .T. ) ;
#2811 = CARTESIAN_POINT ( 'NONE',  ( 8.706350832689592423, 13.20000000000010054, 7.370000000000000107 ) ) ;
#2812 = AXIS2_PLACEMENT_3D ( 'NONE', #5590, #8276, #2174 ) ;
#2813 = CARTESIAN_POINT ( 'NONE',  ( 4.299999999999963407, 9.000000000000000000, 2.826976495759262686 ) ) ;
#2814 = CYLINDRICAL_SURFACE ( 'NONE', #538, 0.2000000000000005107 ) ;
#2815 = CARTESIAN_POINT ( 'NONE',  ( 11.19102793644913341, 6.539533659356203010, -1.687532036110413358 ) ) ;
#2816 = AXIS2_PLACEMENT_3D ( 'NONE', #3182, #8135, #6607 ) ;
#2817 = DIRECTION ( 'NONE',  ( -0.0000000000000000000, -0.0000000000000000000, 1.000000000000000000 ) ) ;
#2818 = FACE_BOUND ( 'NONE', #6580, .T. ) ;
#2819 = CARTESIAN_POINT ( 'NONE',  ( 10.19999999999999929, 4.912252741034763837, -2.584980154491486104 ) ) ;
#2820 = VERTEX_POINT ( 'NONE', #9994 ) ;
#2821 = CARTESIAN_POINT ( 'NONE',  ( 4.299999999999979394, 15.41715728752539327, 2.770769515458697985 ) ) ;
#2822 = VECTOR ( 'NONE', #8599, 1000.000000000000000 ) ;
#2823 = SURFACE_STYLE_FILL_AREA ( #8892 ) ;
#2824 = CARTESIAN_POINT ( 'NONE',  ( 4.299999999999999822, 9.034856442049489900, -1.233946037810489615 ) ) ;
#2825 = FACE_OUTER_BOUND ( 'NONE', #2166, .T. ) ;
#2826 = EDGE_CURVE ( 'NONE', #2135, #10921, #10825, .T. ) ;
#2827 = VERTEX_POINT ( 'NONE', #10516 ) ;
#2828 = EDGE_CURVE ( 'NONE', #5217, #3850, #6931, .T. ) ;
#2829 = DIRECTION ( 'NONE',  ( 0.0000000000000000000, -0.0000000000000000000, -1.000000000000000000 ) ) ;
#2830 = ORIENTED_EDGE ( 'NONE', *, *, #5175, .T. ) ;
#2831 = CARTESIAN_POINT ( 'NONE',  ( 9.349999999999997868, 6.757765876465089860, 1.805000000000001936 ) ) ;
#2832 = FILL_AREA_STYLE_COLOUR ( '', #3885 ) ;
#2833 = LINE ( 'NONE', #1007, #619 ) ;
#2834 = DIRECTION ( 'NONE',  ( 0.0000000000000000000, 0.0000000000000000000, 1.000000000000000000 ) ) ;
#2835 = B_SPLINE_CURVE_WITH_KNOTS ( 'NONE', 3,
 ( #10990, #6663, #3304, #5047, #8407, #4149 ),
 .UNSPECIFIED., .F., .F.,
 ( 4, 2, 4 ),
 ( 0.0000000000000000000, 0.5000000000000000000, 1.000000000000000000 ),
 .UNSPECIFIED. ) ;
#2836 = FACE_OUTER_BOUND ( 'NONE', #9895, .T. ) ;
#2837 = EDGE_LOOP ( 'NONE', ( #1556, #7371, #9280 ) ) ;
#2838 = EDGE_CURVE ( 'NONE', #3764, #4481, #1929, .T. ) ;
#2839 = DIRECTION ( 'NONE',  ( -1.000000000000000000, 0.0000000000000000000, 0.0000000000000000000 ) ) ;
#2840 = DIRECTION ( 'NONE',  ( 0.0000000000000000000, -1.000000000000000000, 0.0000000000000000000 ) ) ;
#2841 = CARTESIAN_POINT ( 'NONE',  ( 8.862475782649553935, 15.20000000000013962, 3.484999999999999876 ) ) ;
#2842 = VECTOR ( 'NONE', #104, 1000.000000000000000 ) ;
#2843 = CARTESIAN_POINT ( 'NONE',  ( 8.706350832689590646, 13.20000000000010054, 0.4499999999999999001 ) ) ;
#2844 = VECTOR ( 'NONE', #2839, 1000.000000000000000 ) ;
#2845 = ORIENTED_EDGE ( 'NONE', *, *, #10596, .T. ) ;
#2846 = CARTESIAN_POINT ( 'NONE',  ( 11.19999999999999929, 6.793307064407202667, 6.210737877918495187 ) ) ;
#2847 = ORIENTED_EDGE ( 'NONE', *, *, #1143, .T. ) ;
#2848 = ORIENTED_EDGE ( 'NONE', *, *, #6873, .T. ) ;
#2849 = LINE ( 'NONE', #1019, #3877 ) ;
#2850 = EDGE_LOOP ( 'NONE', ( #7530, #6336, #4796, #4086 ) ) ;
#2851 = ORIENTED_EDGE ( 'NONE', *, *, #1514, .F. ) ;
#2852 = DIRECTION ( 'NONE',  ( 0.0000000000000000000, 0.0000000000000000000, -1.000000000000000000 ) ) ;
#2853 = EDGE_CURVE ( 'NONE', #2956, #1522, #2188, .T. ) ;
#2854 = SURFACE_STYLE_FILL_AREA ( #9769 ) ;
#2855 = EDGE_CURVE ( 'NONE', #8676, #1444, #3026, .T. ) ;
#2856 = DIRECTION ( 'NONE',  ( -1.531342102931250010E-16, 0.0000000000000000000, 1.000000000000000000 ) ) ;
#2857 =( NAMED_UNIT ( * ) PLANE_ANGLE_UNIT ( ) SI_UNIT ( $, .RADIAN. ) );
#2858 = LINE ( 'NONE', #1081, #4020 ) ;
#2859 = CARTESIAN_POINT ( 'NONE',  ( 6.500000000000000000, 11.69999999999999929, 9.019350649350650784 ) ) ;
#2860 = CARTESIAN_POINT ( 'NONE',  ( 4.346153846153806732, 15.41715728752538261, 8.499348871534966321 ) ) ;
#2861 = CARTESIAN_POINT ( 'NONE',  ( 4.300008882578211455, 15.29997552248377524, -6.469304231690533591 ) ) ;
#2862 = CARTESIAN_POINT ( 'NONE',  ( 8.706350832689590646, 13.20000000000010054, 8.070000000000000284 ) ) ;
#2863 = CARTESIAN_POINT ( 'NONE',  ( 6.500000000000000000, 14.50000000000000000, 7.620000000000000107 ) ) ;
#2864 = ORIENTED_EDGE ( 'NONE', *, *, #118, .F. ) ;
#2865 = VERTEX_POINT ( 'NONE', #9883 ) ;
#2866 = FACE_OUTER_BOUND ( 'NONE', #1654, .T. ) ;
#2867 = ADVANCED_FACE ( 'NONE', ( #9024 ), #2080, .T. ) ;
#2868 = CARTESIAN_POINT ( 'NONE',  ( 11.19999999999999929, 6.457765876465090038, 2.299999999999999822 ) ) ;
#2869 = DIRECTION ( 'NONE',  ( 0.0000000000000000000, 0.0000000000000000000, 1.000000000000000000 ) ) ;
#2870 = EDGE_LOOP ( 'NONE', ( #6307, #8231, #3147, #2549 ) ) ;
#2871 = CARTESIAN_POINT ( 'NONE',  ( 4.694285714285673095, 15.30000000000000071, -7.293384704858460132 ) ) ;
#2872 = CARTESIAN_POINT ( 'NONE',  ( 4.299999999999981171, 9.000000000000000000, 8.659230484541227568 ) ) ;
#2873 = EDGE_LOOP ( 'NONE', ( #4635, #6677, #2210, #4314, #2148, #2792, #1113, #6649, #1576, #8971, #2218, #5149 ) ) ;
#2874 = CARTESIAN_POINT ( 'NONE',  ( 10.19999999999999929, 4.175118967196214115, -4.111344894286207641 ) ) ;
#2875 = EDGE_LOOP ( 'NONE', ( #6923, #4544, #1499, #4330 ) ) ;
#2876 = EDGE_CURVE ( 'NONE', #3288, #10119, #9176, .T. ) ;
#2877 = CARTESIAN_POINT ( 'NONE',  ( 4.299999999999999822, 8.997200455540209418, -8.854435076596331555 ) ) ;
#2878 = DIRECTION ( 'NONE',  ( -1.000000000000000000, 4.110719137385800108E-17, 0.0000000000000000000 ) ) ;
#2879 = CARTESIAN_POINT ( 'NONE',  ( 5.274999999999996803, -1.081179383454223566E-15, 2.309999999999979625 ) ) ;
#2880 = DIRECTION ( 'NONE',  ( -1.000000000000000000, -0.0000000000000000000, -0.0000000000000000000 ) ) ;
#2881 = VERTEX_POINT ( 'NONE', #10098 ) ;
#2882 = CARTESIAN_POINT ( 'NONE',  ( 8.300000000000000711, 15.50259483730813059, -1.266103730624434931 ) ) ;
#2883 = EDGE_LOOP ( 'NONE', ( #1725, #6100, #4271, #1662 ) ) ;
#2884 = FACE_OUTER_BOUND ( 'NONE', #19, .T. ) ;
#2885 = FILL_AREA_STYLE ('',( #2832 ) ) ;
#2886 = CARTESIAN_POINT ( 'NONE',  ( 4.515384615381938360, 15.50000000000000000, 4.795936613544426130 ) ) ;
#2887 = ORIENTED_EDGE ( 'NONE', *, *, #10815, .T. ) ;
#2888 = DIRECTION ( 'NONE',  ( -0.0000000000000000000, 0.01298591791445429834, 0.9999156794129788750 ) ) ;
#2889 = EDGE_CURVE ( 'NONE', #2622, #11112, #8937, .T. ) ;
#2890 = AXIS2_PLACEMENT_3D ( 'NONE', #9609, #1033, #1811 ) ;
#2891 = DIRECTION ( 'NONE',  ( -1.000000000000000000, -1.412560544723970047E-16, 0.0000000000000000000 ) ) ;
#2892 = CARTESIAN_POINT ( 'NONE',  ( 9.349999999999997868, 6.757765876465089860, 5.615000000000001990 ) ) ;
#2893 = CARTESIAN_POINT ( 'NONE',  ( 4.299999999999999822, 15.29999999999999893, -2.657419462942109512 ) ) ;
#2894 = ORIENTED_EDGE ( 'NONE', *, *, #3609, .F. ) ;
#2895 = LINE ( 'NONE', #558, #7239 ) ;
#2896 = ORIENTED_EDGE ( 'NONE', *, *, #1133, .F. ) ;
#2897 = CARTESIAN_POINT ( 'NONE',  ( 4.416251525940039890, 15.49999999999999822, -0.9234989598558224211 ) ) ;
#2898 = ORIENTED_EDGE ( 'NONE', *, *, #609, .F. ) ;
#2899 = VECTOR ( 'NONE', #6588, 1000.000000000000000 ) ;
#2900 = FACE_OUTER_BOUND ( 'NONE', #11099, .T. ) ;
#2901 = ORIENTED_EDGE ( 'NONE', *, *, #9270, .F. ) ;
#2902 = ORIENTED_EDGE ( 'NONE', *, *, #8601, .F. ) ;
#2903 = CARTESIAN_POINT ( 'NONE',  ( 8.355307474972336834, 9.000000000000000000, -6.185993376110331177 ) ) ;
#2904 = CARTESIAN_POINT ( 'NONE',  ( 8.299999999999997158, 15.30259718358289689, 8.972563672940484736 ) ) ;
#2905 = VECTOR ( 'NONE', #10805, 1000.000000000000000 ) ;
#2906 = CARTESIAN_POINT ( 'NONE',  ( 1.475000000000000089, 2.099999999999999645, -0.9000000000000019096 ) ) ;
#2907 = CARTESIAN_POINT ( 'NONE',  ( 10.97950105288106570, 6.757765876465089860, 1.804554662065587456 ) ) ;
#2908 = CARTESIAN_POINT ( 'NONE',  ( 11.20000000000000284, 6.504415255262371964, -5.952364831980935023 ) ) ;
#2909 = FACE_OUTER_BOUND ( 'NONE', #7796, .T. ) ;
#2910 = ADVANCED_FACE ( 'NONE', ( #7459 ), #7695, .F. ) ;
#2911 = EDGE_CURVE ( 'NONE', #10711, #4834, #1682, .T. ) ;
#2912 = VECTOR ( 'NONE', #4432, 1000.000000000000000 ) ;
#2913 =( BOUNDED_SURFACE ( )  B_SPLINE_SURFACE ( 3, 3, ( 
 ( #5695, #3387, #7439, #7777 ),
 ( #6802, #1395, #11012, #8546 ),
 ( #77, #6741, #2224, #2535 ),
 ( #10178, #5957, #9382, #9675 ) ),
 .UNSPECIFIED., .F., .F., .F. ) 
 B_SPLINE_SURFACE_WITH_KNOTS ( ( 4, 4 ),
 ( 4, 4 ),
 ( 0.0000000000000000000, 1.000000000000000000 ),
 ( 0.0000000000000000000, 1.000000000000000000 ),
 .UNSPECIFIED. ) 
 GEOMETRIC_REPRESENTATION_ITEM ( )  RATIONAL_B_SPLINE_SURFACE ( (
 ( 1.000000000000000000, 0.9738459485536790083, 0.9738459485536790083, 1.000000000000000000),
 ( 0.8047378541243497274, 0.7836906988867795576, 0.7836906988867795576, 0.8047378541243497274),
 ( 0.8047378541243497274, 0.7836906988867795576, 0.7836906988867795576, 0.8047378541243497274),
 ( 1.000000000000000000, 0.9738459485536790083, 0.9738459485536790083, 1.000000000000000000) ) ) 
 REPRESENTATION_ITEM ( '' )  SURFACE ( )  );
#2914 = ORIENTED_EDGE ( 'NONE', *, *, #6338, .F. ) ;
#2915 = DIRECTION ( 'NONE',  ( 0.0000000000000000000, 0.0000000000000000000, 1.000000000000000000 ) ) ;
#2916 = ORIENTED_EDGE ( 'NONE', *, *, #1837, .T. ) ;
#2917 = CIRCLE ( 'NONE', #9184, 0.3000000000000164202 ) ;
#2918 = DIRECTION ( 'NONE',  ( -1.000000000000000000, 0.0000000000000000000, 0.0000000000000000000 ) ) ;
#2919 = ORIENTED_EDGE ( 'NONE', *, *, #6767, .T. ) ;
#2920 = CARTESIAN_POINT ( 'NONE',  ( 8.300000000000000711, 15.30259718358289689, 5.162563672940486015 ) ) ;
#2921 = ADVANCED_FACE ( 'NONE', ( #5817 ), #7514, .T. ) ;
#2922 = CARTESIAN_POINT ( 'NONE',  ( 8.862475782649553935, 15.20000000000013962, 3.484999999999999876 ) ) ;
#2923 = EDGE_LOOP ( 'NONE', ( #6073, #9434, #10592, #7800 ) ) ;
#2924 = STYLED_ITEM ( 'NONE', ( #1308 ), #4591 ) ;
#2925 = AXIS2_PLACEMENT_3D ( 'NONE', #9013, #10649, #5651 ) ;
#2926 = LINE ( 'NONE', #2105, #2489 ) ;
#2927 = ORIENTED_EDGE ( 'NONE', *, *, #10948, .T. ) ;
#2928 = B_SPLINE_CURVE_WITH_KNOTS ( 'NONE', 3,
 ( #4930, #9081, #3296, #1409, #5661, #1560 ),
 .UNSPECIFIED., .F., .F.,
 ( 4, 2, 4 ),
 ( 0.0000000000000000000, 0.5000000000000000000, 1.000000000000000000 ),
 .UNSPECIFIED. ) ;
#2929 = CARTESIAN_POINT ( 'NONE',  ( 4.499999999999998224, 15.50000000000000000, -8.970000000000000639 ) ) ;
#2930 = CARTESIAN_POINT ( 'NONE',  ( 8.862475782649546829, 13.20000000000010054, 7.944999999999998508 ) ) ;
#2931 = LINE ( 'NONE', #2111, #1410 ) ;
#2932 = VECTOR ( 'NONE', #7804, 1000.000000000000000 ) ;
#2933 = EDGE_LOOP ( 'NONE', ( #7021, #5622, #7607, #10626 ) ) ;
#2934 = CARTESIAN_POINT ( 'NONE',  ( 8.862475782649550382, 13.20000000000010054, 0.3249999999999997891 ) ) ;
#2935 = ORIENTED_EDGE ( 'NONE', *, *, #3548, .F. ) ;
#2936 = CARTESIAN_POINT ( 'NONE',  ( 10.19999999999999929, 6.650919539637638600, 3.088079566918586760 ) ) ;
#2937 = ORIENTED_EDGE ( 'NONE', *, *, #8659, .T. ) ;
#2938 = UNCERTAINTY_MEASURE_WITH_UNIT (LENGTH_MEASURE( 1.000000000000000082E-05 ), #10448, 'distance_accuracy_value', 'NONE');
#2939 = CARTESIAN_POINT ( 'NONE',  ( 9.018600732609510118, 13.20000000000020002, -0.2000000000000000944 ) ) ;
#2940 = CARTESIAN_POINT ( 'NONE',  ( 8.299999999999997158, 15.50000000000000000, -2.459999999999999520 ) ) ;
#2941 = ORIENTED_EDGE ( 'NONE', *, *, #10051, .T. ) ;
#2942 = CARTESIAN_POINT ( 'NONE',  ( 4.300008882578209679, 15.29997552248377524, 4.960695768309470566 ) ) ;
#2943 = VECTOR ( 'NONE', #8504, 1000.000000000000000 ) ;
#2944 = CARTESIAN_POINT ( 'NONE',  ( 0.0000000000000000000, 8.199999999999999289, -9.919999999999999929 ) ) ;
#2945 = AXIS2_PLACEMENT_3D ( 'NONE', #11061, #3431, #6009 ) ;
#2946 = EDGE_LOOP ( 'NONE', ( #6102, #9261, #11097, #4926 ) ) ;
#2947 = CARTESIAN_POINT ( 'NONE',  ( 11.19999999999999751, 7.500000000000000000, -9.919999999999999929 ) ) ;
#2948 = LINE ( 'NONE', #7166, #5246 ) ;
#2949 = B_SPLINE_CURVE_WITH_KNOTS ( 'NONE', 3,
 ( #2809, #978, #1756, #8706 ),
 .UNSPECIFIED., .F., .F.,
 ( 4, 4 ),
 ( 0.0000000000000000000, 1.000000000000000000 ),
 .UNSPECIFIED. ) ;
#2950 = CARTESIAN_POINT ( 'NONE',  ( 9.018600732609499460, 13.20000000000007567, 0.4000000000000001887 ) ) ;
#2951 = CARTESIAN_POINT ( 'NONE',  ( 6.500000000000000888, 14.49999999999890754, -6.995000000010573871 ) ) ;
#2952 = EDGE_LOOP ( 'NONE', ( #6756, #8180 ) ) ;
#2953 = CARTESIAN_POINT ( 'NONE',  ( 6.500000000000000888, 14.60000000001571152, -8.670000000046220734 ) ) ;
#2954 = ORIENTED_EDGE ( 'NONE', *, *, #3526, .F. ) ;
#2955 = CARTESIAN_POINT ( 'NONE',  ( 10.19999999999999929, 4.652212586688905027, 8.681616845588891351 ) ) ;
#2956 = VERTEX_POINT ( 'NONE', #6720 ) ;
#2957 = B_SPLINE_CURVE_WITH_KNOTS ( 'NONE', 3,
 ( #8491, #6587, #7430, #6748, #8430, #4069 ),
 .UNSPECIFIED., .F., .F.,
 ( 4, 2, 4 ),
 ( 0.0000000000000000000, 0.5000000000000000000, 1.000000000000000000 ),
 .UNSPECIFIED. ) ;
#2958 = COLOUR_RGB ( '',1.000000000000000000, 1.000000000000000000, 1.000000000000000000 ) ;
#2959 = ADVANCED_FACE ( 'NONE', ( #10157 ), #1622, .F. ) ;
#2960 = EDGE_LOOP ( 'NONE', ( #3285, #3314, #4911, #2303 ) ) ;
#2961 = ORIENTED_EDGE ( 'NONE', *, *, #5248, .F. ) ;
#2962 = CARTESIAN_POINT ( 'NONE',  ( 9.502359877559829471, 13.20000000000010054, -0.4000000000000000777 ) ) ;
#2963 = CARTESIAN_POINT ( 'NONE',  ( 11.20000000000000107, 6.601698818757337328, 2.253394008516390379 ) ) ;
#2964 = VECTOR ( 'NONE', #3478, 1000.000000000000000 ) ;
#2965 = FACE_OUTER_BOUND ( 'NONE', #6391, .T. ) ;
#2966 = CARTESIAN_POINT ( 'NONE',  ( 4.500000000000000000, 8.997200455540209418, 5.044435076596330170 ) ) ;
#2967 = FILL_AREA_STYLE_COLOUR ( '', #6167 ) ;
#2968 = CARTESIAN_POINT ( 'NONE',  ( 8.500000000000000000, 9.000000000000000000, 1.434415584415589251 ) ) ;
#2969 = ADVANCED_FACE ( 'NONE', ( #218 ), #7967, .F. ) ;
#2971 = EDGE_CURVE ( 'NONE', #8581, #5209, #1315, .T. ) ;
#2970 = FACE_OUTER_BOUND ( 'NONE', #8851, .T. ) ;
#2972 = DIRECTION ( 'NONE',  ( 0.0000000000000000000, 0.0000000000000000000, -1.000000000000000000 ) ) ;
#2973 = AXIS2_PLACEMENT_3D ( 'NONE', #7326, #9805, #6267 ) ;
#2974 = CARTESIAN_POINT ( 'NONE',  ( 4.500000000000000888, 15.30259718358289689, -6.267436327059515477 ) ) ;
#2975 = CARTESIAN_POINT ( 'NONE',  ( 6.500000000000000888, 14.49999999999890754, 6.995000000010573871 ) ) ;
#2976 = ORIENTED_EDGE ( 'NONE', *, *, #962, .T. ) ;
#2977 = FACE_OUTER_BOUND ( 'NONE', #10764, .T. ) ;
#2978 = B_SPLINE_CURVE_WITH_KNOTS ( 'NONE', 3,
 ( #2144, #8197, #7352, #8978, #3988, #4881 ),
 .UNSPECIFIED., .F., .F.,
 ( 4, 2, 4 ),
 ( 0.0000000000000000000, 0.5000000000000000000, 1.000000000000000000 ),
 .UNSPECIFIED. ) ;
#2979 = CARTESIAN_POINT ( 'NONE',  ( 4.315797791639888636, 15.41715728752536130, -0.9275455812091132346 ) ) ;
#2980 = VECTOR ( 'NONE', #676, 1000.000000000000000 ) ;
#2981 = ORIENTED_EDGE ( 'NONE', *, *, #5499, .T. ) ;
#2982 = FILL_AREA_STYLE ('',( #8935 ) ) ;
#2983 = ORIENTED_EDGE ( 'NONE', *, *, #7216, .T. ) ;
#2984 = CARTESIAN_POINT ( 'NONE',  ( 11.19999999999999751, 6.457765876464967469, -1.640940134764018898 ) ) ;
#2985 = CARTESIAN_POINT ( 'NONE',  ( 1.474999999999999867, 2.099999999999999645, -6.719999999999999751 ) ) ;
#2986 = ORIENTED_EDGE ( 'NONE', *, *, #5877, .T. ) ;
#2987 = AXIS2_PLACEMENT_3D ( 'NONE', #6259, #7898, #2878 ) ;
#2988 = DIRECTION ( 'NONE',  ( 0.0000000000000000000, 0.01298591791445111512, 0.9999156794129788750 ) ) ;
#2989 = ORIENTED_EDGE ( 'NONE', *, *, #10199, .F. ) ;
#2990 = EDGE_CURVE ( 'NONE', #2820, #2622, #1988, .T. ) ;
#2991 = CYLINDRICAL_SURFACE ( 'NONE', #9793, 0.2000000000000005107 ) ;
#2992 = EDGE_CURVE ( 'NONE', #8934, #1912, #8799, .T. ) ;
#2993 = LINE ( 'NONE', #6424, #4897 ) ;
#2994 = LINE ( 'NONE', #4685, #6238 ) ;
#2995 = AXIS2_PLACEMENT_3D ( 'NONE', #8513, #3468, #840 ) ;
#2996 = ORIENTED_EDGE ( 'NONE', *, *, #6830, .T. ) ;
#2997 = CARTESIAN_POINT ( 'NONE',  ( 8.300000000000000711, 15.30259718358289689, -1.352563672940485739 ) ) ;
#2998 = VERTEX_POINT ( 'NONE', #54 ) ;
#2999 = FACE_OUTER_BOUND ( 'NONE', #10537, .T. ) ;
#3000 = B_SPLINE_CURVE_WITH_KNOTS ( 'NONE', 3,
 ( #9801, #324, #3743, #379, #7207, #2936, #2214, #9000, #7158, #7104, #10635, #3686, #5528, #8784, #10749, #2059, #4747, #6374 ),
 .UNSPECIFIED., .F., .F.,
 ( 4, 2, 2, 2, 2, 2, 2, 2, 4 ),
 ( 0.0000000000000000000, 0.1250000000000000000, 0.2500000000000000000, 0.3750000000000000000, 0.5000000000000000000, 0.6250000000000000000, 0.7500000000000000000, 0.8750000000000000000, 1.000000000000000000 ),
 .UNSPECIFIED. ) ;
#3001 = CARTESIAN_POINT ( 'NONE',  ( 9.502359877559834800, 15.20000000000009877, -4.209999999999999076 ) ) ;
#3002 = CARTESIAN_POINT ( 'NONE',  ( 4.382842712474575464, 15.49999999999996980, -4.807999736775703248 ) ) ;
#3003 = DIRECTION ( 'NONE',  ( 0.0000000000000000000, -1.000000000000000000, 0.0000000000000000000 ) ) ;
#3004 = VECTOR ( 'NONE', #1383, 1000.000000000000000 ) ;
#3005 = VECTOR ( 'NONE', #2366, 1000.000000000000000 ) ;
#3006 = ORIENTED_EDGE ( 'NONE', *, *, #9784, .T. ) ;
#3007 = CARTESIAN_POINT ( 'NONE',  ( 5.659289702767262398, 15.50000000000000178, -4.454090782344005461 ) ) ;
#3008 = ADVANCED_FACE ( 'NONE', ( #1964 ), #7004, .T. ) ;
#3009 = DIRECTION ( 'NONE',  ( -0.0000000000000000000, -0.0000000000000000000, -1.000000000000000000 ) ) ;
#3010 = CARTESIAN_POINT ( 'NONE',  ( 10.19999999999999929, 6.346386262629342134, -2.747360097431507775 ) ) ;
#3011 = CARTESIAN_POINT ( 'NONE',  ( 4.299999999999997158, 15.35236108383767828, -2.657666564417141331 ) ) ;
#3012 = VERTEX_POINT ( 'NONE', #10438 ) ;
#3013 = DIRECTION ( 'NONE',  ( 0.0000000000000000000, 0.0000000000000000000, 1.000000000000000000 ) ) ;
#3014 = ORIENTED_EDGE ( 'NONE', *, *, #8806, .T. ) ;
#3015 = CARTESIAN_POINT ( 'NONE',  ( 20.10000000000000142, 5.500000000000000000, 3.810000000000000053 ) ) ;
#3016 = AXIS2_PLACEMENT_3D ( 'NONE', #2138, #7009, #7128 ) ;
#3017 = LINE ( 'NONE', #1402, #477 ) ;
#3018 = ORIENTED_EDGE ( 'NONE', *, *, #2971, .F. ) ;
#3019 = ORIENTED_EDGE ( 'NONE', *, *, #4332, .T. ) ;
#3020 = CARTESIAN_POINT ( 'NONE',  ( 8.706350832689592423, 15.20000000000007390, -4.059999999999999609 ) ) ;
#3021 = VECTOR ( 'NONE', #9579, 1000.000000000000000 ) ;
#3022 = PLANE ( 'NONE',  #10894 ) ;
#3023 = EDGE_CURVE ( 'NONE', #1575, #6188, #1119, .T. ) ;
#3024 = CYLINDRICAL_SURFACE ( 'NONE', #492, 0.2000000000000005107 ) ;
#3025 = CARTESIAN_POINT ( 'NONE',  ( 8.299999999999997158, 15.50000000000000000, 1.350000000000000533 ) ) ;
#3026 = LINE ( 'NONE', #6452, #10999 ) ;
#3027 = B_SPLINE_CURVE_WITH_KNOTS ( 'NONE', 3,
 ( #7332, #1445, #2277, #5694 ),
 .UNSPECIFIED., .F., .F.,
 ( 4, 4 ),
 ( 0.0000000000000000000, 1.000000000000000000 ),
 .UNSPECIFIED. ) ;
#3028 = CARTESIAN_POINT ( 'NONE',  ( -0.9999999999999997780, 15.29999999999999893, -6.467419462942110009 ) ) ;
#3029 = CARTESIAN_POINT ( 'NONE',  ( 8.899999999999998579, 13.19999999999999929, -3.409999999999999698 ) ) ;
#3030 = CIRCLE ( 'NONE', #10022, 0.1999999999999996503 ) ;
#3031 = VECTOR ( 'NONE', #8771, 1000.000000000000000 ) ;
#3032 = B_SPLINE_CURVE_WITH_KNOTS ( 'NONE', 3,
 ( #5577, #4690, #9859, #1277, #9054, #377, #3741, #2165, #545, #8951, #321, #6473 ),
 .UNSPECIFIED., .F., .F.,
 ( 4, 2, 2, 2, 2, 4 ),
 ( 0.0000000000000000000, 0.2499999999999825695, 0.3749999999999789613, 0.4374999999999782396, 0.4999999999999775735, 1.000000000000000000 ),
 .UNSPECIFIED. ) ;
#3033 = PLANE ( 'NONE',  #636 ) ;
#3034 = CARTESIAN_POINT ( 'NONE',  ( 9.650000000000002132, 13.20000000000007567, -4.009999999999996234 ) ) ;
#3035 = ORIENTED_EDGE ( 'NONE', *, *, #5581, .T. ) ;
#3036 = CARTESIAN_POINT ( 'NONE',  ( 11.19999999999999929, 1.299999999999999822, -9.919999999999999929 ) ) ;
#3037 = EDGE_CURVE ( 'NONE', #450, #316, #1704, .T. ) ;
#3038 = ADVANCED_FACE ( 'NONE', ( #7170 ), #10703, .T. ) ;
#3039 = CARTESIAN_POINT ( 'NONE',  ( 4.515384615384558487, 15.50000000000000178, -0.9859366135391729458 ) ) ;
#3040 = CARTESIAN_POINT ( 'NONE',  ( 4.346153846171226576, 9.000000000000000000, -0.8793488715005247647 ) ) ;
#3041 = DIRECTION ( 'NONE',  ( 0.0000000000000000000, -0.9615239476408231623, -0.2747211278973781257 ) ) ;
#3042 = EDGE_CURVE ( 'NONE', #9335, #2050, #5191, .T. ) ;
#3043 = EDGE_LOOP ( 'NONE', ( #6568, #9745, #10064, #2611, #826, #647, #3140, #10899, #4018, #6859, #10578, #4461 ) ) ;
#3044 = CYLINDRICAL_SURFACE ( 'NONE', #7511, 0.2000000000000001499 ) ;
#3045 = ORIENTED_EDGE ( 'NONE', *, *, #7795, .F. ) ;
#3046 = CARTESIAN_POINT ( 'NONE',  ( 10.19999999999999929, 6.850057444366775883, -0.1532943615496180079 ) ) ;
#3047 = CARTESIAN_POINT ( 'NONE',  ( 5.659276828702267004, 15.50000000000000533, 8.264288580358137182 ) ) ;
#3048 = DIRECTION ( 'NONE',  ( -0.0000000000000000000, -0.0000000000000000000, -1.000000000000000000 ) ) ;
#3049 = ORIENTED_EDGE ( 'NONE', *, *, #1246, .T. ) ;
#3050 = CARTESIAN_POINT ( 'NONE',  ( 4.346153846150550670, 9.000000000000000000, 0.8793488715414061740 ) ) ;
#3051 = ORIENTED_EDGE ( 'NONE', *, *, #5063, .T. ) ;
#3052 = CARTESIAN_POINT ( 'NONE',  ( 4.299999999999999822, 9.034856442049489900, 6.386053962189508937 ) ) ;
#3053 = LINE ( 'NONE', #8954, #3143 ) ;
#3054 = EDGE_CURVE ( 'NONE', #6781, #5377, #2129, .T. ) ;
#3055 = ADVANCED_FACE ( 'NONE', ( #7223 ), #391, .T. ) ;
#3056 = CARTESIAN_POINT ( 'NONE',  ( 4.499999999999999112, 15.50000000000000000, -6.467419462942110009 ) ) ;
#3057 = ORIENTED_EDGE ( 'NONE', *, *, #10498, .T. ) ;
#3058 = DIRECTION ( 'NONE',  ( -1.000000000000000000, -4.336808689942009847E-16, 0.0000000000000000000 ) ) ;
#3059 = ORIENTED_EDGE ( 'NONE', *, *, #6124, .F. ) ;
#3060 = DIRECTION ( 'NONE',  ( -1.000000000000000000, -0.0000000000000000000, 0.0000000000000000000 ) ) ;
#3061 = CARTESIAN_POINT ( 'NONE',  ( 10.90000000000000036, 6.757765876465089860, 5.815000000000000391 ) ) ;
#3062 = CARTESIAN_POINT ( 'NONE',  ( 10.19999999999999929, 6.723607902282404680, -4.400709907515231833 ) ) ;
#3063 = PLANE ( 'NONE',  #8838 ) ;
#3064 = ORIENTED_EDGE ( 'NONE', *, *, #8040, .F. ) ;
#3065 = CARTESIAN_POINT ( 'NONE',  ( 1.474999999999999867, 2.099999999999999645, 2.910000000000000142 ) ) ;
#3066 = ORIENTED_EDGE ( 'NONE', *, *, #4507, .F. ) ;
#3067 = CARTESIAN_POINT ( 'NONE',  ( 4.394278064412622697, 15.50000000000000888, -2.851613484342495397 ) ) ;
#3068 = ORIENTED_EDGE ( 'NONE', *, *, #10371, .F. ) ;
#3069 =( LENGTH_UNIT ( ) NAMED_UNIT ( * ) SI_UNIT ( .MILLI., .METRE. ) );
#3070 = EDGE_CURVE ( 'NONE', #7870, #6821, #10290, .T. ) ;
#3071 = VERTEX_POINT ( 'NONE', #9070 ) ;
#3072 = CARTESIAN_POINT ( 'NONE',  ( 8.500000000000000000, 15.19999999999999929, 9.070000000000000284 ) ) ;
#3073 = CARTESIAN_POINT ( 'NONE',  ( 11.20000000000000107, 7.400083713354963066, 4.141282234307996468 ) ) ;
#3074 = CARTESIAN_POINT ( 'NONE',  ( 4.346153846150550670, 9.000000000000000000, -2.930651128458593657 ) ) ;
#3075 = DIRECTION ( 'NONE',  ( 0.0000000000000000000, 0.0000000000000000000, -1.000000000000000000 ) ) ;
#3076 = AXIS2_PLACEMENT_3D ( 'NONE', #2376, #8377, #5739 ) ;
#3077 = CARTESIAN_POINT ( 'NONE',  ( 8.300000000000002487, 15.30259718358289689, -2.457436327059514536 ) ) ;
#3078 = CARTESIAN_POINT ( 'NONE',  ( 9.349999999999999645, 9.000000000000000000, 9.919999999999999929 ) ) ;
#3079 =( BOUNDED_SURFACE ( )  B_SPLINE_SURFACE ( 3, 3, ( 
 ( #4411, #6469, #7318, #9905 ),
 ( #9855, #4005, #10793, #9104 ),
 ( #2206, #2109, #1434, #2161 ),
 ( #5630, #6583, #9148, #7420 ) ),
 .UNSPECIFIED., .F., .F., .F. ) 
 B_SPLINE_SURFACE_WITH_KNOTS ( ( 4, 4 ),
 ( 4, 4 ),
 ( 0.0000000000000000000, 1.000000000000000000 ),
 ( 0.0000000000000000000, 1.000000000000000000 ),
 .UNSPECIFIED. ) 
 GEOMETRIC_REPRESENTATION_ITEM ( )  RATIONAL_B_SPLINE_SURFACE ( (
 ( 1.000000000000000000, 0.8047378541243541683, 0.8047378541243541683, 1.000000000000000000),
 ( 0.8025111867385925635, 0.6458111303268038172, 0.6458111303268038172, 0.8025111867385925635),
 ( 0.8025111867385925635, 0.6458111303268038172, 0.6458111303268038172, 0.8025111867385925635),
 ( 1.000000000000000000, 0.8047378541243541683, 0.8047378541243541683, 1.000000000000000000) ) ) 
 REPRESENTATION_ITEM ( '' )  SURFACE ( )  );
#3080 = DIRECTION ( 'NONE',  ( 0.0000000000000000000, 0.0000000000000000000, -1.000000000000000000 ) ) ;
#3081 = EDGE_CURVE ( 'NONE', #8071, #7126, #1869, .T. ) ;
#3082 = CARTESIAN_POINT ( 'NONE',  ( 4.299999999999999822, 15.29999999999999893, 4.962580537057890595 ) ) ;
#3083 = CARTESIAN_POINT ( 'NONE',  ( 8.706350832689629726, 15.19999999999999929, -0.2499999999999997780 ) ) ;
#3084 = CIRCLE ( 'NONE', #2199, 1.350000000000020517 ) ;
#3085 = VERTEX_POINT ( 'NONE', #3921 ) ;
#3086 = ORIENTED_EDGE ( 'NONE', *, *, #5203, .T. ) ;
#3087 = CYLINDRICAL_SURFACE ( 'NONE', #9460, 0.2999999999999990452 ) ;
#3088 = FACE_OUTER_BOUND ( 'NONE', #6531, .T. ) ;
#3089 = VERTEX_POINT ( 'NONE', #6549 ) ;
#3090 = B_SPLINE_CURVE_WITH_KNOTS ( 'NONE', 3,
 ( #5678, #9958, #2258, #369 ),
 .UNSPECIFIED., .F., .F.,
 ( 4, 4 ),
 ( 0.0000000000000000000, 1.000000000000000000 ),
 .UNSPECIFIED. ) ;
#3091 = ORIENTED_EDGE ( 'NONE', *, *, #9034, .F. ) ;
#3092 = VECTOR ( 'NONE', #8291, 1000.000000000000000 ) ;
#3093 = DIRECTION ( 'NONE',  ( 0.0000000000000000000, 0.9999156794129789860, 0.01298591791445430008 ) ) ;
#3094 = EDGE_CURVE ( 'NONE', #3221, #2349, #3810, .T. ) ;
#3095 = EDGE_CURVE ( 'NONE', #9733, #7301, #3975, .T. ) ;
#3096 = CARTESIAN_POINT ( 'NONE',  ( 4.299999999999978506, 15.41715728752536307, 2.770769515458697985 ) ) ;
#3097 = VERTEX_POINT ( 'NONE', #5596 ) ;
#3098 = CARTESIAN_POINT ( 'NONE',  ( 9.449999999999999289, 13.19999999999999929, -4.009999999999999787 ) ) ;
#3099 = EDGE_LOOP ( 'NONE', ( #6024, #4058, #3223, #1473 ) ) ;
#3100 = CARTESIAN_POINT ( 'NONE',  ( 9.349999999999997868, 7.009966887054303264, 9.219999999999933138 ) ) ;
#3101 = CARTESIAN_POINT ( 'NONE',  ( 6.773456294159265312, 15.50000000000000178, -1.023071962910597987 ) ) ;
#3102 = CARTESIAN_POINT ( 'NONE',  ( 11.14342012021064576, 6.633306743742624079, -2.071357189329631865 ) ) ;
#3103 = EDGE_LOOP ( 'NONE', ( #2228, #9186, #4937, #7042 ) ) ;
#3104 = ORIENTED_EDGE ( 'NONE', *, *, #4769, .T. ) ;
#3105 = EDGE_CURVE ( 'NONE', #4208, #6753, #9927, .T. ) ;
#3106 = EDGE_CURVE ( 'NONE', #7634, #167, #2895, .T. ) ;
#3107 = DIRECTION ( 'NONE',  ( 0.0000000000000000000, -1.000000000000000000, 0.0000000000000000000 ) ) ;
#3108 = VERTEX_POINT ( 'NONE', #6387 ) ;
#3109 = DIRECTION ( 'NONE',  ( 0.0000000000000000000, -0.9615239476408231623, 0.2747211278973781257 ) ) ;
#3110 = DIRECTION ( 'NONE',  ( -0.0000000000000000000, 0.9999156794129788750, 0.01298591791445429834 ) ) ;
#3111 = B_SPLINE_CURVE_WITH_KNOTS ( 'NONE', 3,
 ( #10925, #9234, #2561, #1455 ),
 .UNSPECIFIED., .F., .F.,
 ( 4, 4 ),
 ( 0.0000000000000000000, 1.000000000000000000 ),
 .UNSPECIFIED. ) ;
#3112 = VECTOR ( 'NONE', #4328, 1000.000000000000000 ) ;
#3113 = CARTESIAN_POINT ( 'NONE',  ( 9.650000000000000355, 15.19999999999999929, 3.410000000000000142 ) ) ;
#3114 = PRODUCT_DEFINITION_SHAPE ( 'NONE', 'NONE',  #5374 ) ;
#3115 = VECTOR ( 'NONE', #2616, 1000.000000000000000 ) ;
#3116 = CARTESIAN_POINT ( 'NONE',  ( 1.475000000000000089, 2.099999999999999645, 6.720000000000002416 ) ) ;
#3117 = EDGE_CURVE ( 'NONE', #4573, #1329, #7465, .T. ) ;
#3118 = CARTESIAN_POINT ( 'NONE',  ( 8.299999999999997158, 9.000000000000000000, 2.375584415584409914 ) ) ;
#3119 = VERTEX_POINT ( 'NONE', #336 ) ;
#3120 = CARTESIAN_POINT ( 'NONE',  ( 9.650000000000000355, 13.20000000000007567, -7.819999999999996732 ) ) ;
#3121 = ORIENTED_EDGE ( 'NONE', *, *, #5767, .T. ) ;
#3122 = PLANE ( 'NONE',  #1695 ) ;
#3123 = ORIENTED_EDGE ( 'NONE', *, *, #3095, .F. ) ;
#3124 = CARTESIAN_POINT ( 'NONE',  ( 9.599999999999999645, 5.199999999999999289, -9.619999999999979678 ) ) ;
#3125 = VECTOR ( 'NONE', #6208, 1000.000000000000000 ) ;
#3126 = ORIENTED_EDGE ( 'NONE', *, *, #4266, .T. ) ;
#3127 = CARTESIAN_POINT ( 'NONE',  ( 1.274999999999999911, -3.734611826138641261E-16, -9.919999999999999929 ) ) ;
#3128 = DIRECTION ( 'NONE',  ( 0.0000000000000000000, -0.0000000000000000000, 1.000000000000000000 ) ) ;
#3129 = DIRECTION ( 'NONE',  ( -1.000000000000000000, 0.0000000000000000000, 0.0000000000000000000 ) ) ;
#3130 = EDGE_CURVE ( 'NONE', #8063, #6851, #6331, .T. ) ;
#3131 = DIRECTION ( 'NONE',  ( 0.0000000000000000000, 0.01298591791445111512, 0.9999156794129788750 ) ) ;
#3132 = EDGE_CURVE ( 'NONE', #4894, #10628, #8128, .T. ) ;
#3133 = VECTOR ( 'NONE', #3558, 1000.000000000000114 ) ;
#3134 = CARTESIAN_POINT ( 'NONE',  ( 8.299999999999998934, 15.29999999999999893, 6.467419462942110009 ) ) ;
#3135 = DIRECTION ( 'NONE',  ( 0.9954954725939522131, -0.09480909262799622206, 0.0000000000000000000 ) ) ;
#3136 = ORIENTED_EDGE ( 'NONE', *, *, #93, .T. ) ;
#3137 = CARTESIAN_POINT ( 'NONE',  ( 5.477328689498267345, 15.50000000000000533, -7.894835278577247095 ) ) ;
#3138 = CIRCLE ( 'NONE', #9420, 0.2000000000000005107 ) ;
#3139 = DIRECTION ( 'NONE',  ( 0.0000000000000000000, 0.0000000000000000000, 1.000000000000000000 ) ) ;
#3140 = ORIENTED_EDGE ( 'NONE', *, *, #3070, .T. ) ;
#3141 = LINE ( 'NONE', #3196, #3179 ) ;
#3142 = CARTESIAN_POINT ( 'NONE',  ( 4.382842712474574576, 15.49999999999997158, -0.9979997367757033055 ) ) ;
#3143 = VECTOR ( 'NONE', #5481, 1000.000000000000000 ) ;
#3144 = ORIENTED_EDGE ( 'NONE', *, *, #8625, .T. ) ;
#3145 = CARTESIAN_POINT ( 'NONE',  ( 1.474999999999999867, 2.099999999999999645, 4.709999999999999964 ) ) ;
#3146 = FACE_OUTER_BOUND ( 'NONE', #4585, .T. ) ;
#3147 = ORIENTED_EDGE ( 'NONE', *, *, #1133, .T. ) ;
#3148 = DIRECTION ( 'NONE',  ( 0.0000000000000000000, 0.0000000000000000000, -1.000000000000000000 ) ) ;
#3149 = ORIENTED_EDGE ( 'NONE', *, *, #1153, .T. ) ;
#3150 = ORIENTED_EDGE ( 'NONE', *, *, #3729, .T. ) ;
#3151 = CARTESIAN_POINT ( 'NONE',  ( 8.899999999999998579, 15.19999999999999929, -8.019999999999999574 ) ) ;
#3152 = AXIS2_PLACEMENT_3D ( 'NONE', #6218, #6383, #8910 ) ;
#3153 = CARTESIAN_POINT ( 'NONE',  ( 8.299999999999998934, 15.49610433412370014, 4.960033727523810221 ) ) ;
#3154 = B_SPLINE_CURVE_WITH_KNOTS ( 'NONE', 3,
 ( #5237, #3549, #8648, #7712 ),
 .UNSPECIFIED., .F., .F.,
 ( 4, 4 ),
 ( 0.0000000000000000000, 1.000000000000000000 ),
 .UNSPECIFIED. ) ;
#3155 = EDGE_CURVE ( 'NONE', #4329, #6000, #10763, .T. ) ;
#3156 = CARTESIAN_POINT ( 'NONE',  ( 8.499999999999989342, 13.20000000000010054, -4.060000000000000497 ) ) ;
#3157 = CARTESIAN_POINT ( 'NONE',  ( 8.478445380721961300, 15.40439733175265857, 6.467419462942110897 ) ) ;
#3158 = SURFACE_SIDE_STYLE ('',( #4122 ) ) ;
#3159 = FILL_AREA_STYLE_COLOUR ( '', #2958 ) ;
#3160 = VECTOR ( 'NONE', #977, 1000.000000000000000 ) ;
#3161 = DIRECTION ( 'NONE',  ( 2.556434596176350141E-15, 1.000000000000000000, 0.0000000000000000000 ) ) ;
#3162 = DIRECTION ( 'NONE',  ( -0.0000000000000000000, 0.0000000000000000000, 1.000000000000000000 ) ) ;
#3163 = CARTESIAN_POINT ( 'NONE',  ( 8.500000000000000000, 9.000000000000000000, 6.385601281123929773 ) ) ;
#3164 = VERTEX_POINT ( 'NONE', #2229 ) ;
#3165 = B_SPLINE_CURVE_WITH_KNOTS ( 'NONE', 3,
 ( #6631, #4852, #1588, #10018, #542, #2371, #2319, #7540, #5734, #752, #7481, #7369, #4169, #7593, #3327, #3212, #704, #9150 ),
 .UNSPECIFIED., .F., .F.,
 ( 4, 2, 2, 2, 2, 2, 2, 2, 4 ),
 ( 0.0000000000000000000, 0.1250000000000000000, 0.2500000000000000000, 0.3750000000000000000, 0.5000000000000000000, 0.6250000000000000000, 0.7500000000000000000, 0.8750000000000000000, 1.000000000000000000 ),
 .UNSPECIFIED. ) ;
#3166 = LINE ( 'NONE', #9918, #5700 ) ;
#3167 = AXIS2_PLACEMENT_3D ( 'NONE', #4530, #6154, #9581 ) ;
#3168 = EDGE_CURVE ( 'NONE', #7026, #3612, #5711, .T. ) ;
#3169 = EDGE_CURVE ( 'NONE', #8881, #8919, #7501, .T. ) ;
#3170 = DIRECTION ( 'NONE',  ( -0.0000000000000000000, -0.9999156794129789860, -0.01298591791445430008 ) ) ;
#3171 = DIRECTION ( 'NONE',  ( 0.0000000000000000000, -1.000000000000000000, 0.0000000000000000000 ) ) ;
#3172 = CARTESIAN_POINT ( 'NONE',  ( 5.274999999999996803, -1.081179383454223566E-15, -1.500000000000020428 ) ) ;
#3173 = VERTEX_POINT ( 'NONE', #10256 ) ;
#3174 = DIRECTION ( 'NONE',  ( -1.000000000000000000, 0.0000000000000000000, -0.0000000000000000000 ) ) ;
#3175 = ORIENTED_EDGE ( 'NONE', *, *, #888, .T. ) ;
#3176 = CARTESIAN_POINT ( 'NONE',  ( 9.600000000000001421, 5.298320445220253916, -8.958653967338975121 ) ) ;
#3177 = EDGE_LOOP ( 'NONE', ( #6272, #8216, #4476, #9643, #3645, #6058, #5504, #2415, #5966, #4139, #1911, #3064 ) ) ;
#3178 = PLANE ( 'NONE',  #8337 ) ;
#3179 = VECTOR ( 'NONE', #5764, 1000.000000000000000 ) ;
#3180 = VERTEX_POINT ( 'NONE', #8441 ) ;
#3181 = EDGE_CURVE ( 'NONE', #2013, #5406, #3346, .T. ) ;
#3182 = CARTESIAN_POINT ( 'NONE',  ( 4.599999999999980105, 15.30000000000000071, -1.039230484541299848 ) ) ;
#3183 = CARTESIAN_POINT ( 'NONE',  ( 8.500000000000000000, 15.30000000000000071, -2.657419462942115285 ) ) ;
#3184 = CARTESIAN_POINT ( 'NONE',  ( 9.502359877559834800, 15.20000000000009877, -0.4000000000000009104 ) ) ;
#3185 = DIRECTION ( 'NONE',  ( 0.0000000000000000000, -0.9999156794129788750, -0.01298591791445429834 ) ) ;
#3186 = AXIS2_PLACEMENT_3D ( 'NONE', #5618, #5671, #5001 ) ;
#3187 = B_SPLINE_CURVE_WITH_KNOTS ( 'NONE', 3,
 ( #8125, #444, #7280, #10701 ),
 .UNSPECIFIED., .F., .F.,
 ( 4, 4 ),
 ( 0.0000000000000000000, 1.000000000000000000 ),
 .UNSPECIFIED. ) ;
#3188 = CARTESIAN_POINT ( 'NONE',  ( 8.418034671099022148, 15.30259718358289511, -2.457436327059514980 ) ) ;
#3189 = FACE_OUTER_BOUND ( 'NONE', #10120, .T. ) ;
#3190 = CARTESIAN_POINT ( 'NONE',  ( 8.958889746352308947, 13.20000000000010054, 4.209999999999998188 ) ) ;
#3191 = B_SPLINE_CURVE_WITH_KNOTS ( 'NONE', 3,
 ( #5184, #9543, #8538, #4218, #6913, #1032, #6014, #8476, #3551, #2529, #3432, #5128 ),
 .UNSPECIFIED., .F., .F.,
 ( 4, 2, 2, 2, 2, 4 ),
 ( 0.0000000000000000000, 0.2500000000000138223, 0.3750000000000199285, 0.4375000000000208722, 0.5000000000000217604, 1.000000000000000000 ),
 .UNSPECIFIED. ) ;
#3192 = AXIS2_PLACEMENT_3D ( 'NONE', #3912, #3058, #9061 ) ;
#3193 = EDGE_CURVE ( 'NONE', #7275, #4368, #2557, .T. ) ;
#3194 = EDGE_CURVE ( 'NONE', #8282, #4439, #503, .T. ) ;
#3195 = ORIENTED_EDGE ( 'NONE', *, *, #7582, .T. ) ;
#3196 = CARTESIAN_POINT ( 'NONE',  ( 9.349999999999999645, 7.799999999999999822, 9.919999999999999929 ) ) ;
#3197 =( LENGTH_UNIT ( ) NAMED_UNIT ( * ) SI_UNIT ( .MILLI., .METRE. ) );
#3198 = VECTOR ( 'NONE', #9045, 1000.000000000000000 ) ;
#3199 = COLOUR_RGB ( '',1.000000000000000000, 1.000000000000000000, 1.000000000000000000 ) ;
#3200 = CARTESIAN_POINT ( 'NONE',  ( 4.315797791639875314, 15.30000000000000782, 4.737545581209150036 ) ) ;
#3201 = ORIENTED_EDGE ( 'NONE', *, *, #5607, .T. ) ;
#3202 = CARTESIAN_POINT ( 'NONE',  ( 4.515384615381074163, 15.50000000000000000, 8.605936613546161240 ) ) ;
#3203 = CARTESIAN_POINT ( 'NONE',  ( 4.299999999999999822, 15.29999999999999716, 6.467419462942111785 ) ) ;
#3204 = ORIENTED_EDGE ( 'NONE', *, *, #10949, .T. ) ;
#3205 = EDGE_CURVE ( 'NONE', #307, #1529, #3430, .T. ) ;
#3206 = B_SPLINE_CURVE_WITH_KNOTS ( 'NONE', 3,
 ( #10292, #3971, #4286, #5900 ),
 .UNSPECIFIED., .F., .F.,
 ( 4, 4 ),
 ( 0.0000000000000000000, 1.000000000000000000 ),
 .UNSPECIFIED. ) ;
#3207 = CARTESIAN_POINT ( 'NONE',  ( 8.766061818946786488, 15.20000000000020002, -0.2499999999999998335 ) ) ;
#3208 = ORIENTED_EDGE ( 'NONE', *, *, #520, .F. ) ;
#3209 = VERTEX_POINT ( 'NONE', #4185 ) ;
#3210 = CARTESIAN_POINT ( 'NONE',  ( 4.381965328900973233, 15.37173446289486911, 1.351665786196172059 ) ) ;
#3211 = CARTESIAN_POINT ( 'NONE',  ( 4.299999999999982947, 9.000000000000000000, 6.580769515458794849 ) ) ;
#3212 = CARTESIAN_POINT ( 'NONE',  ( 6.774086015149549667, 15.50000000000000178, -2.787035339246350052 ) ) ;
#3213 = CARTESIAN_POINT ( 'NONE',  ( 8.352359877559827339, 15.50000000000000178, 6.467419462942110897 ) ) ;
#3214 = ORIENTED_EDGE ( 'NONE', *, *, #7869, .T. ) ;
#3215 = LINE ( 'NONE', #6634, #2761 ) ;
#3216 = DIRECTION ( 'NONE',  ( -1.000000000000000000, 0.0000000000000000000, 0.0000000000000000000 ) ) ;
#3217 = CARTESIAN_POINT ( 'NONE',  ( 8.500000000000000000, 8.999999999999998224, -8.854398718876065999 ) ) ;
#3218 = PRESENTATION_STYLE_ASSIGNMENT (( #4908 ) ) ;
#3219 = EDGE_CURVE ( 'NONE', #10652, #9335, #7614, .T. ) ;
#3220 = CARTESIAN_POINT ( 'NONE',  ( 9.349999999999997868, 7.533139384197906629, -4.669213065550920305 ) ) ;
#3221 = VERTEX_POINT ( 'NONE', #771 ) ;
#3222 = CARTESIAN_POINT ( 'NONE',  ( 4.430856890500438183, 15.42062190192916127, -2.458969115609470180 ) ) ;
#3223 = ORIENTED_EDGE ( 'NONE', *, *, #4449, .T. ) ;
#3224 = EDGE_LOOP ( 'NONE', ( #4538, #2072, #8408, #8266 ) ) ;
#3225 = CARTESIAN_POINT ( 'NONE',  ( 5.855797167303218309, 15.50000000000000533, -4.650799599349408453 ) ) ;
#3226 = CARTESIAN_POINT ( 'NONE',  ( 10.19999999999999929, 6.824791866760946846, -4.111228457031829819 ) ) ;
#3227 = DIRECTION ( 'NONE',  ( -1.000000000000000000, 0.0000000000000000000, 0.0000000000000000000 ) ) ;
#3228 = CARTESIAN_POINT ( 'NONE',  ( 0.2999999999999999889, 7.899999999999999467, -9.919999999999999929 ) ) ;
#3229 = ORIENTED_EDGE ( 'NONE', *, *, #6513, .T. ) ;
#3230 = FILL_AREA_STYLE_COLOUR ( '', #83 ) ;
#3231 = ORIENTED_EDGE ( 'NONE', *, *, #7594, .T. ) ;
#3232 = CARTESIAN_POINT ( 'NONE',  ( 4.300008882578207015, 15.41711772838280758, -8.769174440960128436 ) ) ;
#3233 = FACE_OUTER_BOUND ( 'NONE', #9524, .T. ) ;
#3234 = ADVANCED_FACE ( 'NONE', ( #9167 ), #9123, .T. ) ;
#3235 = EDGE_CURVE ( 'NONE', #534, #8833, #10197, .T. ) ;
#3236 = EDGE_LOOP ( 'NONE', ( #3208, #8024, #1820, #1021 ) ) ;
#3237 = DIRECTION ( 'NONE',  ( -1.000000000000000000, 0.0000000000000000000, 0.0000000000000000000 ) ) ;
#3238 = DIRECTION ( 'NONE',  ( -1.000000000000000000, 0.0000000000000000000, 0.0000000000000000000 ) ) ;
#3239 = DIRECTION ( 'NONE',  ( -1.000000000000000000, 0.0000000000000000000, 0.0000000000000000000 ) ) ;
#3240 = DIRECTION ( 'NONE',  ( 1.000000000000000000, -2.556434596176350141E-15, 2.168404344971008868E-15 ) ) ;
#3241 = ORIENTED_EDGE ( 'NONE', *, *, #5877, .F. ) ;
#3242 = CARTESIAN_POINT ( 'NONE',  ( 11.14960129893442975, 6.808012913197089233, 9.220000000000002416 ) ) ;
#3243 = ADVANCED_FACE ( 'NONE', ( #1663 ), #6646, .T. ) ;
#3244 = DIRECTION ( 'NONE',  ( 1.000000000000000000, 0.0000000000000000000, 0.0000000000000000000 ) ) ;
#3245 = CARTESIAN_POINT ( 'NONE',  ( 6.500000000000000000, 14.50000000000000000, -7.620000000000000107 ) ) ;
#3246 = EDGE_CURVE ( 'NONE', #40, #7755, #9048, .T. ) ;
#3247 = CARTESIAN_POINT ( 'NONE',  ( 9.600000000000001421, 5.500000000000000000, 5.160000000000020570 ) ) ;
#3248 = VERTEX_POINT ( 'NONE', #5260 ) ;
#3249 = ORIENTED_EDGE ( 'NONE', *, *, #5139, .T. ) ;
#3250 = CARTESIAN_POINT ( 'NONE',  ( 9.650000000000005684, 15.20000000000007567, 3.610000000000004317 ) ) ;
#3251 = PLANE ( 'NONE',  #2370 ) ;
#3252 = EDGE_CURVE ( 'NONE', #3865, #8009, #9571, .T. ) ;
#3253 = CARTESIAN_POINT ( 'NONE',  ( 9.650000000000000355, 13.20000000000009877, 3.557640122440169250 ) ) ;
#3254 = EDGE_CURVE ( 'NONE', #3390, #4600, #1104, .T. ) ;
#3255 = VERTEX_POINT ( 'NONE', #6988 ) ;
#3256 = DIRECTION ( 'NONE',  ( 0.0000000000000000000, -1.000000000000000000, 0.0000000000000000000 ) ) ;
#3257 = STYLED_ITEM ( 'NONE', ( #3218 ), #902 ) ;
#3258 = CARTESIAN_POINT ( 'NONE',  ( 4.416251525940030120, 15.49999999999997868, 2.886501040144191066 ) ) ;
#3259 = ORIENTED_EDGE ( 'NONE', *, *, #7640, .T. ) ;
#3260 =( NAMED_UNIT ( * ) PLANE_ANGLE_UNIT ( ) SI_UNIT ( $, .RADIAN. ) );
#3261 = VERTEX_POINT ( 'NONE', #10474 ) ;
#3262 = VERTEX_POINT ( 'NONE', #2669 ) ;
#3263 = LINE ( 'NONE', #4955, #3005 ) ;
#3264 = CARTESIAN_POINT ( 'NONE',  ( 8.478445380721959523, 9.000489967319662554, -2.471201508996601071 ) ) ;
#3265 = PRESENTATION_LAYER_ASSIGNMENT (  '', '', ( #53 ) ) ;
#3267 = ADVANCED_FACE ( 'NONE', ( #7902 ), #2774, .T. ) ;
#3266 = DIRECTION ( 'NONE',  ( -0.0000000000000000000, 1.000000000000000000, -0.0000000000000000000 ) ) ;
#3268 = CARTESIAN_POINT ( 'NONE',  ( 11.07573593128806699, 8.261222984375917733, 2.846611471688454298 ) ) ;
#3269 = ADVANCED_FACE ( 'NONE', ( #5978 ), #7071, .F. ) ;
#3270 = VERTEX_POINT ( 'NONE', #5208 ) ;
#3271 = PLANE ( 'NONE',  #9766 ) ;
#3272 = CARTESIAN_POINT ( 'NONE',  ( 8.501103551519479495, 15.30150824295816392, -8.888715244836776108 ) ) ;
#3273 = CYLINDRICAL_SURFACE ( 'NONE', #2262, 0.2000000000000001499 ) ;
#3274 = DIRECTION ( 'NONE',  ( 0.0000000000000000000, 0.0000000000000000000, -1.000000000000000000 ) ) ;
#3275 = CARTESIAN_POINT ( 'NONE',  ( 9.630060258680032348, 15.20000000000009699, -7.316846592799695514 ) ) ;
#3276 = ORIENTED_EDGE ( 'NONE', *, *, #6201, .T. ) ;
#3277 = CIRCLE ( 'NONE', #9177, 0.2000000000000001499 ) ;
#3278 = LINE ( 'NONE', #1715, #10381 ) ;
#3279 = ORIENTED_EDGE ( 'NONE', *, *, #2710, .F. ) ;
#3280 = VERTEX_POINT ( 'NONE', #7799 ) ;
#3281 = CARTESIAN_POINT ( 'NONE',  ( 8.299999999999997158, 15.30259718358289689, 2.457436327059514536 ) ) ;
#3282 = CARTESIAN_POINT ( 'NONE',  ( 8.822247607754862386, 13.20000000000010054, -3.534591709434443896 ) ) ;
#3283 = CARTESIAN_POINT ( 'NONE',  ( 4.299999999999970512, 15.30000000000000071, -8.659230484541330597 ) ) ;
#3284 = DIRECTION ( 'NONE',  ( -0.4815434123430756830, 0.8427009716003850404, 0.2407717061715385354 ) ) ;
#3285 = ORIENTED_EDGE ( 'NONE', *, *, #5215, .T. ) ;
#3286 = VECTOR ( 'NONE', #4470, 1000.000000000000000 ) ;
#3287 =( LENGTH_UNIT ( ) NAMED_UNIT ( * ) SI_UNIT ( .MILLI., .METRE. ) );
#3288 = VERTEX_POINT ( 'NONE', #8620 ) ;
#3289 = CARTESIAN_POINT ( 'NONE',  ( 4.299999999999999822, 15.30000000000000071, -9.070000000000000284 ) ) ;
#3290 = ORIENTED_EDGE ( 'NONE', *, *, #5471, .F. ) ;
#3291 = CARTESIAN_POINT ( 'NONE',  ( 11.19999999999999751, 6.457765876464967469, -1.640940134764018898 ) ) ;
#3292 = ORIENTED_EDGE ( 'NONE', *, *, #3392, .F. ) ;
#3293 = VECTOR ( 'NONE', #67, 1000.000000000000114 ) ;
#3294 = DIRECTION ( 'NONE',  ( -0.0000000000000000000, -1.000000000000000000, -0.0000000000000000000 ) ) ;
#3295 = AXIS2_PLACEMENT_3D ( 'NONE', #8520, #6612, #9304 ) ;
#3296 = CARTESIAN_POINT ( 'NONE',  ( 9.554397331752657152, 13.20000000000010232, 4.188445380721961264 ) ) ;
#3297 = CARTESIAN_POINT ( 'NONE',  ( 4.299999999999999822, 9.000000000000000000, -9.070000000000000284 ) ) ;
#3298 = EDGE_CURVE ( 'NONE', #1286, #2230, #273, .T. ) ;
#3299 = ORIENTED_EDGE ( 'NONE', *, *, #9270, .T. ) ;
#3300 = CARTESIAN_POINT ( 'NONE',  ( 8.501103551519479495, 15.41930204271695359, -2.542814544770484186 ) ) ;
#3301 = CARTESIAN_POINT ( 'NONE',  ( 6.500000000000000000, 14.59999999999999964, -3.810000000000000053 ) ) ;
#3302 = AXIS2_PLACEMENT_3D ( 'NONE', #572, #9346, #8446 ) ;
#3303 = VECTOR ( 'NONE', #1591, 1000.000000000000000 ) ;
#3304 = CARTESIAN_POINT ( 'NONE',  ( 8.404393143549121703, 15.47844707036062850, -8.771994674788830437 ) ) ;
#3305 = CYLINDRICAL_SURFACE ( 'NONE', #1933, 0.2000000000000001499 ) ;
#3306 = ORIENTED_EDGE ( 'NONE', *, *, #10341, .F. ) ;
#3307 = CARTESIAN_POINT ( 'NONE',  ( 8.862475782649550382, 13.20000000000013785, 3.484999999999999876 ) ) ;
#3308 = VECTOR ( 'NONE', #10337, 1000.000000000000000 ) ;
#3309 = CIRCLE ( 'NONE', #6896, 0.3000000000000155320 ) ;
#3310 = CARTESIAN_POINT ( 'NONE',  ( -8.599999999999999645, 6.757765876465089860, 2.004999999999999893 ) ) ;
#3311 = EDGE_CURVE ( 'NONE', #3962, #4854, #1055, .T. ) ;
#3312 = EDGE_CURVE ( 'NONE', #4647, #4656, #7977, .T. ) ;
#3313 = CARTESIAN_POINT ( 'NONE',  ( 11.19999999999999751, 6.457765876464967469, -5.450940134764018730 ) ) ;
#3314 = ORIENTED_EDGE ( 'NONE', *, *, #6740, .F. ) ;
#3315 = ORIENTED_EDGE ( 'NONE', *, *, #8523, .F. ) ;
#3316 =( NAMED_UNIT ( * ) PLANE_ANGLE_UNIT ( ) SI_UNIT ( $, .RADIAN. ) );
#3317 = AXIS2_PLACEMENT_3D ( 'NONE', #3795, #6265, #1330 ) ;
#3318 = CARTESIAN_POINT ( 'NONE',  ( 4.505265930546575426, 15.50000000000000178, 2.807997816569431482 ) ) ;
#3319 = CARTESIAN_POINT ( 'NONE',  ( 4.515384615384575362, 15.50000000000000000, -2.824063386460794245 ) ) ;
#3320 = DIRECTION ( 'NONE',  ( 0.0000000000000000000, 0.0000000000000000000, 1.000000000000000000 ) ) ;
#3321 = ORIENTED_EDGE ( 'NONE', *, *, #7154, .T. ) ;
#3322 = ORIENTED_EDGE ( 'NONE', *, *, #3193, .T. ) ;
#3323 = CARTESIAN_POINT ( 'NONE',  ( 8.862475782649546829, 13.20000000000010054, -7.944999999999998508 ) ) ;
#3324 = PRESENTATION_STYLE_ASSIGNMENT (( #11011 ) ) ;
#3325 = CARTESIAN_POINT ( 'NONE',  ( 8.706350832689590646, 13.20000000000010054, 3.559999999999999609 ) ) ;
#3326 = CIRCLE ( 'NONE', #836, 0.1999999999999996503 ) ;
#3327 = CARTESIAN_POINT ( 'NONE',  ( 7.029379211749970935, 15.50000000000000178, -2.892804678791831119 ) ) ;
#3328 = CARTESIAN_POINT ( 'NONE',  ( 11.19999999999999929, 7.884692577415566284, 2.977982634640029325 ) ) ;
#3329 = EDGE_LOOP ( 'NONE', ( #2358, #5775, #5430, #8837 ) ) ;
#3330 = DIRECTION ( 'NONE',  ( -1.531342102931250010E-16, 0.0000000000000000000, 1.000000000000000000 ) ) ;
#3331 = CARTESIAN_POINT ( 'NONE',  ( 8.480070811678565690, 9.000000000000000000, -8.956855071667469304 ) ) ;
#3332 = CARTESIAN_POINT ( 'NONE',  ( 4.499999999999977796, 15.50000000000000000, 1.039230484541130650 ) ) ;
#3333 =( GEOMETRIC_REPRESENTATION_CONTEXT ( 3 ) GLOBAL_UNCERTAINTY_ASSIGNED_CONTEXT ( ( #1710 ) ) GLOBAL_UNIT_ASSIGNED_CONTEXT ( ( #6318, #1332, #547 ) ) REPRESENTATION_CONTEXT ( 'NONE', 'WORKASPACE' ) );
#3334 = CARTESIAN_POINT ( 'NONE',  ( 9.349999999999999645, 7.363259897002507159, -2.636544129250613100 ) ) ;
#3335 = VERTEX_POINT ( 'NONE', #3572 ) ;
#3336 = LINE ( 'NONE', #10189, #4284 ) ;
#3337 = ADVANCED_FACE ( 'NONE', ( #7041, #6039, #2718, #8567, #894, #6143 ), #4306, .T. ) ;
#3338 = VERTEX_POINT ( 'NONE', #6879 ) ;
#3339 = EDGE_CURVE ( 'NONE', #8635, #9044, #37, .T. ) ;
#3340 = CYLINDRICAL_SURFACE ( 'NONE', #3932, 0.3000000000000155320 ) ;
#3341 = CARTESIAN_POINT ( 'NONE',  ( 8.958889746352314276, 15.20000000000010054, 4.209999999999998188 ) ) ;
#3342 = CARTESIAN_POINT ( 'NONE',  ( 9.599999999999999645, 5.199999999999999289, 1.316236820298941845 ) ) ;
#3343 = DIRECTION ( 'NONE',  ( -0.09119215051751136669, -0.9575175804338615926, 0.2735764515525319074 ) ) ;
#3344 = AXIS2_PLACEMENT_3D ( 'NONE', #9322, #6853, #1586 ) ;
#3345 = EDGE_LOOP ( 'NONE', ( #4992, #3661, #10603, #5227 ) ) ;
#3346 = LINE ( 'NONE', #720, #7416 ) ;
#3347 = ORIENTED_EDGE ( 'NONE', *, *, #3410, .T. ) ;
#3348 = CARTESIAN_POINT ( 'NONE',  ( 4.515384615384578915, 15.50000000000000355, -2.824063386460792913 ) ) ;
#3349 = FACE_OUTER_BOUND ( 'NONE', #2281, .T. ) ;
#3350 = VERTEX_POINT ( 'NONE', #10312 ) ;
#3351 = VECTOR ( 'NONE', #2247, 1000.000000000000000 ) ;
#3352 = CARTESIAN_POINT ( 'NONE',  ( 4.298896448480518551, 15.41930204271695537, -1.267185455229515423 ) ) ;
#3353 = CARTESIAN_POINT ( 'NONE',  ( 8.299999999999998934, 15.30259718358289689, 8.972563672940486512 ) ) ;
#3354 = CARTESIAN_POINT ( 'NONE',  ( 11.19999999999999574, 8.105258983167081155, -4.718972810912275939 ) ) ;
#3355 = CARTESIAN_POINT ( 'NONE',  ( 4.346153846153806732, 15.41715728752538439, 0.8793488715349683238 ) ) ;
#3356 = ORIENTED_EDGE ( 'NONE', *, *, #4509, .F. ) ;
#3357 = CARTESIAN_POINT ( 'NONE',  ( 4.299999999999981171, 15.41715728752539150, -6.637729263255474521 ) ) ;
#3358 = CARTESIAN_POINT ( 'NONE',  ( 4.382196266961282838, 15.50259483730813415, -5.076103730624433652 ) ) ;
#3359 = AXIS2_PLACEMENT_3D ( 'NONE', #9173, #6394, #9879 ) ;
#3360 = CARTESIAN_POINT ( 'NONE',  ( 8.825156416238819190, 15.20000000000010054, -7.898388126292690714 ) ) ;
#3361 = VERTEX_POINT ( 'NONE', #944 ) ;
#3362 = ORIENTED_EDGE ( 'NONE', *, *, #8688, .F. ) ;
#3363 = EDGE_CURVE ( 'NONE', #4214, #2434, #4389, .T. ) ;
#3364 = CARTESIAN_POINT ( 'NONE',  ( 11.19999999999999929, 7.884692577415566284, -0.8320173653599702845 ) ) ;
#3365 = VECTOR ( 'NONE', #8278, 1000.000000000000000 ) ;
#3366 = EDGE_LOOP ( 'NONE', ( #2916, #4640, #4352, #7217 ) ) ;
#3367 = CARTESIAN_POINT ( 'NONE',  ( 8.299999999999998934, 15.49610433412370014, -8.770033727523809830 ) ) ;
#3368 = AXIS2_PLACEMENT_3D ( 'NONE', #2408, #7467, #4047 ) ;
#3369 = FACE_OUTER_BOUND ( 'NONE', #10126, .T. ) ;
#3370 = CARTESIAN_POINT ( 'NONE',  ( 4.299999999999962519, 15.41715728752538439, 4.792270736744563386 ) ) ;
#3371 = EDGE_LOOP ( 'NONE', ( #9465, #603, #10940, #7261, #11017, #1239, #743, #1580, #3796, #5763, #2420, #5067, #196, #4882, #8817, #8568 ) ) ;
#3372 = ORIENTED_EDGE ( 'NONE', *, *, #3339, .F. ) ;
#3373 = B_SPLINE_CURVE_WITH_KNOTS ( 'NONE', 3,
 ( #3800, #597, #1335, #10861, #4751, #3859 ),
 .UNSPECIFIED., .F., .F.,
 ( 4, 2, 4 ),
 ( 0.0000000000000000000, 0.5000000000000000000, 1.000000000000000000 ),
 .UNSPECIFIED. ) ;
#3374 = FACE_OUTER_BOUND ( 'NONE', #5426, .T. ) ;
#3375 = VECTOR ( 'NONE', #856, 1000.000000000000000 ) ;
#3376 = DIRECTION ( 'NONE',  ( -2.168404344971008868E-15, 5.543383885983003833E-30, 1.000000000000000000 ) ) ;
#3377 = EDGE_CURVE ( 'NONE', #9853, #434, #8110, .T. ) ;
#3378 = LINE ( 'NONE', #6967, #1394 ) ;
#3379 = EDGE_CURVE ( 'NONE', #2820, #534, #3032, .T. ) ;
#3380 = PLANE ( 'NONE',  #6971 ) ;
#3381 =( BOUNDED_SURFACE ( )  B_SPLINE_SURFACE ( 3, 3, ( 
 ( #10641, #437, #9263, #9146 ),
 ( #10900, #642, #3210, #7538 ),
 ( #8423, #4118, #2422, #2123 ),
 ( #3801, #6379, #4059, #10954 ) ),
 .UNSPECIFIED., .F., .F., .F. ) 
 B_SPLINE_SURFACE_WITH_KNOTS ( ( 4, 4 ),
 ( 4, 4 ),
 ( 0.0000000000000000000, 1.000000000000000000 ),
 ( 0.0000000000000000000, 1.000000000000000000 ),
 .UNSPECIFIED. ) 
 GEOMETRIC_REPRESENTATION_ITEM ( )  RATIONAL_B_SPLINE_SURFACE ( (
 ( 1.000000000000000000, 0.8047378541243528360, 0.8047378541243528360, 1.000000000000000000),
 ( 0.8025111867385940068, 0.6458111303268039283, 0.6458111303268039283, 0.8025111867385940068),
 ( 0.8025111867385940068, 0.6458111303268039283, 0.6458111303268039283, 0.8025111867385940068),
 ( 1.000000000000000000, 0.8047378541243528360, 0.8047378541243528360, 1.000000000000000000) ) ) 
 REPRESENTATION_ITEM ( '' )  SURFACE ( )  );
#3382 = ORIENTED_EDGE ( 'NONE', *, *, #735, .F. ) ;
#3383 = ORIENTED_EDGE ( 'NONE', *, *, #1143, .F. ) ;
#3384 = CARTESIAN_POINT ( 'NONE',  ( 4.500000000000000888, 15.30259718358289867, 6.267436327059518142 ) ) ;
#3385 = VECTOR ( 'NONE', #269, 1000.000000000000000 ) ;
#3386 = CARTESIAN_POINT ( 'NONE',  ( 6.500000000000000888, 14.59999999998728981, 4.859999999976589713 ) ) ;
#3387 = CARTESIAN_POINT ( 'NONE',  ( 4.315797791639885972, 15.30000000000000426, 6.692454418790872772 ) ) ;
#3388 = CARTESIAN_POINT ( 'NONE',  ( 10.19999999999999929, 4.349086444420986908, -0.7221253717922523352 ) ) ;
#3389 = CARTESIAN_POINT ( 'NONE',  ( 7.417475707771968629, 15.50000000000000533, -8.148799929389443975 ) ) ;
#3390 = VERTEX_POINT ( 'NONE', #3852 ) ;
#3391 = CARTESIAN_POINT ( 'NONE',  ( 8.706350832689590646, 13.20000000000010054, -4.060000000000000497 ) ) ;
#3392 = EDGE_CURVE ( 'NONE', #10728, #2547, #7445, .T. ) ;
#3393 = LINE ( 'NONE', #6806, #7435 ) ;
#3394 = CARTESIAN_POINT ( 'NONE',  ( 4.447640122440168930, 9.000432863930484473, -1.434409962806097116 ) ) ;
#3395 = CYLINDRICAL_SURFACE ( 'NONE', #3076, 1.649999999999999911 ) ;
#3396 = VECTOR ( 'NONE', #3048, 1000.000000000000000 ) ;
#3397 = CARTESIAN_POINT ( 'NONE',  ( 4.346153846153821831, 15.41715728752538261, -8.499348871534955663 ) ) ;
#3398 = ORIENTED_EDGE ( 'NONE', *, *, #3621, .T. ) ;
#3399 = ORIENTED_EDGE ( 'NONE', *, *, #2040, .F. ) ;
#3400 = ORIENTED_EDGE ( 'NONE', *, *, #3312, .T. ) ;
#3401 = DIRECTION ( 'NONE',  ( 0.0000000000000000000, 0.0000000000000000000, 1.000000000000000000 ) ) ;
#3402 = CARTESIAN_POINT ( 'NONE',  ( 9.599999999999999645, 5.199999999999999289, 1.316244658108830734 ) ) ;
#3403 =( NAMED_UNIT ( * ) SI_UNIT ( $, .STERADIAN. ) SOLID_ANGLE_UNIT ( ) );
#3404 = DIRECTION ( 'NONE',  ( -0.0000000000000000000, -0.9999156794129788750, 0.01298591791445429834 ) ) ;
#3405 = ORIENTED_EDGE ( 'NONE', *, *, #1342, .F. ) ;
#3406 = CARTESIAN_POINT ( 'NONE',  ( 9.650000000000005684, 15.20000000000007390, 7.819999999999996732 ) ) ;
#3407 = EDGE_CURVE ( 'NONE', #3361, #6213, #8006, .T. ) ;
#3408 = EDGE_LOOP ( 'NONE', ( #5560, #7356, #3845, #10248 ) ) ;
#3409 = CARTESIAN_POINT ( 'NONE',  ( 4.346153846153807621, 15.30000000000000249, 8.499348871534969874 ) ) ;
#3410 = EDGE_CURVE ( 'NONE', #2699, #2326, #1160, .T. ) ;
#3411 = CARTESIAN_POINT ( 'NONE',  ( 4.299999999999997158, 15.35236108383767828, 1.152333435582858945 ) ) ;
#3412 = FACE_OUTER_BOUND ( 'NONE', #7901, .T. ) ;
#3413 = ORIENTED_EDGE ( 'NONE', *, *, #3873, .T. ) ;
#3414 = CARTESIAN_POINT ( 'NONE',  ( 1.474999999999999867, 2.099999999999999645, 2.910000000000000142 ) ) ;
#3415 = FILL_AREA_STYLE_COLOUR ( '', #10202 ) ;
#3416 = DIRECTION ( 'NONE',  ( -1.000000000000000000, -0.0000000000000000000, -0.0000000000000000000 ) ) ;
#3417 = CARTESIAN_POINT ( 'NONE',  ( 9.650000000000000355, 13.19999999999999929, 7.219999999999999751 ) ) ;
#3418 = ORIENTED_EDGE ( 'NONE', *, *, #3772, .T. ) ;
#3419 = CARTESIAN_POINT ( 'NONE',  ( 11.19999999999999929, 6.524695076595960153, 9.220000000000000639 ) ) ;
#3420 = DIRECTION ( 'NONE',  ( 0.0000000000000000000, 0.0000000000000000000, 1.000000000000000000 ) ) ;
#3421 = EDGE_CURVE ( 'NONE', #9169, #4206, #4745, .T. ) ;
#3422 = DIRECTION ( 'NONE',  ( -0.0000000000000000000, 0.0000000000000000000, 1.000000000000000000 ) ) ;
#3423 = B_SPLINE_CURVE_WITH_KNOTS ( 'NONE', 3,
 ( #9157, #2433, #761, #3275, #8324, #1539 ),
 .UNSPECIFIED., .F., .F.,
 ( 4, 2, 4 ),
 ( 0.0000000000000000000, 0.5000000000000000000, 1.000000000000000000 ),
 .UNSPECIFIED. ) ;
#3424 = CARTESIAN_POINT ( 'NONE',  ( 11.19999999999999751, 6.437163872330954995, 1.652792750588424120 ) ) ;
#3425 = CARTESIAN_POINT ( 'NONE',  ( 6.500000000000000888, 14.49999999999890754, 6.995000000010573871 ) ) ;
#3426 = CARTESIAN_POINT ( 'NONE',  ( 10.19999999999999929, 4.540232308810720596, 2.848379459198550734 ) ) ;
#3427 = FACE_OUTER_BOUND ( 'NONE', #10151, .T. ) ;
#3428 = ADVANCED_FACE ( 'NONE', ( #1223 ), #4074, .T. ) ;
#3429 = EDGE_LOOP ( 'NONE', ( #1543, #43, #3175, #11039 ) ) ;
#3430 = B_SPLINE_CURVE_WITH_KNOTS ( 'NONE', 3,
 ( #11096, #1452, #1611, #605 ),
 .UNSPECIFIED., .F., .F.,
 ( 4, 4 ),
 ( 0.0000000000000000000, 1.000000000000000000 ),
 .UNSPECIFIED. ) ;
#3431 = DIRECTION ( 'NONE',  ( 0.0000000000000000000, -1.000000000000000000, 0.0000000000000000000 ) ) ;
#3432 = CARTESIAN_POINT ( 'NONE',  ( 10.99340016403527898, 7.008693443980776649, -9.221201785545842355 ) ) ;
#3433 = CARTESIAN_POINT ( 'NONE',  ( 8.954745607530906426, 15.20000000000010054, -8.019591709434450877 ) ) ;
#3434 = ORIENTED_EDGE ( 'NONE', *, *, #716, .T. ) ;
#3435 = ORIENTED_EDGE ( 'NONE', *, *, #4051, .T. ) ;
#3436 = CARTESIAN_POINT ( 'NONE',  ( 4.500000000000000000, 15.30259718358289867, 6.267436327059516366 ) ) ;
#3437 = B_SPLINE_CURVE_WITH_KNOTS ( 'NONE', 3,
 ( #1946, #3625, #10366, #1053, #4415, #4357, #3514, #5207, #942, #5368 ),
 .UNSPECIFIED., .F., .F.,
 ( 4, 2, 2, 2, 4 ),
 ( 0.0000000000000000000, 0.2500000000000000000, 0.5000000000000000000, 0.7500000000000000000, 1.000000000000000000 ),
 .UNSPECIFIED. ) ;
#3438 = CARTESIAN_POINT ( 'NONE',  ( 8.299999999999988276, 8.999999999999998224, -2.375584415584413911 ) ) ;
#3439 = DIRECTION ( 'NONE',  ( 1.000000000000000000, -0.0000000000000000000, 0.0000000000000000000 ) ) ;
#3440 = CARTESIAN_POINT ( 'NONE',  ( 10.19999999999999929, 4.910851546925825595, -1.223996747325983181 ) ) ;
#3441 = CARTESIAN_POINT ( 'NONE',  ( 7.028799929389445644, 15.49999999999999822, -6.702524292228028813 ) ) ;
#3442 = EDGE_CURVE ( 'NONE', #10671, #450, #1328, .T. ) ;
#3443 = VERTEX_POINT ( 'NONE', #3050 ) ;
#3444 = AXIS2_PLACEMENT_3D ( 'NONE', #10379, #6999, #2679 ) ;
#3445 = CARTESIAN_POINT ( 'NONE',  ( 4.299999999999999822, 9.000000000000001776, -1.234398718876068335 ) ) ;
#3446 = DIRECTION ( 'NONE',  ( 0.0000000000000000000, 1.000000000000000000, 0.0000000000000000000 ) ) ;
#3447 = CARTESIAN_POINT ( 'NONE',  ( 10.97950228832944930, 6.757765876465088972, -5.815440907854445562 ) ) ;
#3448 =( BOUNDED_SURFACE ( )  B_SPLINE_SURFACE ( 3, 3, ( 
 ( #5046, #6894, #1018, #3591 ),
 ( #3535, #4435, #1739, #10329 ),
 ( #114, #9531, #282, #7757 ),
 ( #2684, #7867, #2631, #169 ) ),
 .UNSPECIFIED., .F., .F., .F. ) 
 B_SPLINE_SURFACE_WITH_KNOTS ( ( 4, 4 ),
 ( 4, 4 ),
 ( 0.0000000000000000000, 1.000000000000000000 ),
 ( 0.0000000000000000000, 1.000000000000000000 ),
 .UNSPECIFIED. ) 
 GEOMETRIC_REPRESENTATION_ITEM ( )  RATIONAL_B_SPLINE_SURFACE ( (
 ( 1.000000000000000000, 0.6742082598766426793, 0.6742082598766426793, 1.000000000000000000),
 ( 0.8047378541243649375, 0.5425609082860516352, 0.5425609082860516352, 0.8047378541243649375),
 ( 0.8047378541243649375, 0.5425609082860516352, 0.5425609082860516352, 0.8047378541243649375),
 ( 1.000000000000000000, 0.6742082598766426793, 0.6742082598766426793, 1.000000000000000000) ) ) 
 REPRESENTATION_ITEM ( '' )  SURFACE ( )  );
#3449 = DIRECTION ( 'NONE',  ( 0.0000000000000000000, 0.0000000000000000000, -1.000000000000000000 ) ) ;
#3450 = EDGE_LOOP ( 'NONE', ( #8843, #3045, #7471, #1118 ) ) ;
#3451 = CARTESIAN_POINT ( 'NONE',  ( 4.381965328900981227, 15.30259718358288801, -2.457436327059515424 ) ) ;
#3452 = EDGE_LOOP ( 'NONE', ( #8260, #887, #8855, #10010 ) ) ;
#3453 = ORIENTED_EDGE ( 'NONE', *, *, #3689, .F. ) ;
#3454 = DIRECTION ( 'NONE',  ( 0.0000000000000000000, 0.9999156794129788750, 0.01298591791445430008 ) ) ;
#3455 = FACE_OUTER_BOUND ( 'NONE', #5922, .T. ) ;
#3456 = DIRECTION ( 'NONE',  ( -1.000000000000000000, 0.0000000000000000000, 0.0000000000000000000 ) ) ;
#3457 = CARTESIAN_POINT ( 'NONE',  ( 5.583158362638900307, 15.50000000000000000, 4.340152645485663818 ) ) ;
#3458 = EDGE_CURVE ( 'NONE', #4854, #10287, #10586, .T. ) ;
#3459 = EDGE_CURVE ( 'NONE', #6351, #7268, #2057, .T. ) ;
#3460 = DIRECTION ( 'NONE',  ( 0.0000000000000000000, 1.000000000000000000, 0.0000000000000000000 ) ) ;
#3461 = VERTEX_POINT ( 'NONE', #6262 ) ;
#3462 = LINE ( 'NONE', #10258, #9399 ) ;
#3463 = ORIENTED_EDGE ( 'NONE', *, *, #6474, .T. ) ;
#3464 = STYLED_ITEM ( 'NONE', ( #2186 ), #1860 ) ;
#3465 = DIRECTION ( 'NONE',  ( 0.0000000000000000000, 1.000000000000000000, 0.0000000000000000000 ) ) ;
#3466 = CARTESIAN_POINT ( 'NONE',  ( 4.499999999999999112, 15.50259483730813059, 2.543896269375567787 ) ) ;
#3467 = ORIENTED_EDGE ( 'NONE', *, *, #2690, .F. ) ;
#3468 = DIRECTION ( 'NONE',  ( -1.000000000000000000, 0.0000000000000000000, 0.0000000000000000000 ) ) ;
#3469 = EDGE_CURVE ( 'NONE', #1329, #10653, #7045, .T. ) ;
#3470 = LINE ( 'NONE', #1672, #9112 ) ;
#3471 = DIRECTION ( 'NONE',  ( -1.000000000000000000, 0.0000000000000000000, 0.0000000000000000000 ) ) ;
#3472 = AXIS2_PLACEMENT_3D ( 'NONE', #8501, #7384, #1546 ) ;
#3473 = CARTESIAN_POINT ( 'NONE',  ( 11.20000000000000284, 7.400083713354964843, 0.3312822343079972476 ) ) ;
#3474 = CARTESIAN_POINT ( 'NONE',  ( 11.15732851968652284, 6.612858871108943326, 5.537358167893096983 ) ) ;
#3475 = ORIENTED_EDGE ( 'NONE', *, *, #8589, .F. ) ;
#3476 = CARTESIAN_POINT ( 'NONE',  ( 11.19999999999999574, 6.600924409154899308, 6.063024247029374258 ) ) ;
#3477 = DIRECTION ( 'NONE',  ( 0.0000000000000000000, 0.0000000000000000000, -1.000000000000000000 ) ) ;
#3478 = DIRECTION ( 'NONE',  ( 2.556434596176350141E-15, 1.000000000000000000, 0.0000000000000000000 ) ) ;
#3479 = ORIENTED_EDGE ( 'NONE', *, *, #5340, .T. ) ;
#3480 = AXIS2_PLACEMENT_3D ( 'NONE', #2045, #10735, #3041 ) ;
#3481 = ORIENTED_EDGE ( 'NONE', *, *, #4574, .T. ) ;
#3482 = ADVANCED_FACE ( 'NONE', ( #5477 ), #3271, .F. ) ;
#3483 = CARTESIAN_POINT ( 'NONE',  ( 8.500000000000000000, 15.50000000000000000, -3.560000000000000497 ) ) ;
#3484 = EDGE_CURVE ( 'NONE', #9222, #1158, #4008, .T. ) ;
#3485 = CARTESIAN_POINT ( 'NONE',  ( 6.375000000000000000, 9.000000000000000000, 9.919999999999999929 ) ) ;
#3486 = COLOUR_RGB ( '',1.000000000000000000, 1.000000000000000000, 1.000000000000000000 ) ;
#3487 =( GEOMETRIC_REPRESENTATION_CONTEXT ( 3 ) GLOBAL_UNCERTAINTY_ASSIGNED_CONTEXT ( ( #265 ) ) GLOBAL_UNIT_ASSIGNED_CONTEXT ( ( #5075, #2484, #6689 ) ) REPRESENTATION_CONTEXT ( 'NONE', 'WORKASPACE' ) );
#3488 = CARTESIAN_POINT ( 'NONE',  ( 9.650000000000000355, 13.19999999999999929, 0.1999999999999996503 ) ) ;
#3489 = ORIENTED_EDGE ( 'NONE', *, *, #4738, .F. ) ;
#3490 = CARTESIAN_POINT ( 'NONE',  ( 4.395602668247343026, 9.000585821344342818, 5.222851539416730304 ) ) ;
#3491 = FACE_OUTER_BOUND ( 'NONE', #6087, .T. ) ;
#3492 = CARTESIAN_POINT ( 'NONE',  ( 8.299999999999998934, 15.50000000000000000, 6.467419462942110009 ) ) ;
#3493 = VECTOR ( 'NONE', #6805, 1000.000000000000000 ) ;
#3494 = DIRECTION ( 'NONE',  ( -0.4815434123430730184, 0.8427009716003864837, -0.2407717061715389517 ) ) ;
#3495 = EDGE_LOOP ( 'NONE', ( #9787, #4380, #8007, #7283 ) ) ;
#3496 = VERTEX_POINT ( 'NONE', #8375 ) ;
#3497 = DIRECTION ( 'NONE',  ( 2.556434596176350141E-15, 1.000000000000000000, 0.0000000000000000000 ) ) ;
#3498 = CYLINDRICAL_SURFACE ( 'NONE', #5837, 0.2000000000000005107 ) ;
#3499 = LINE ( 'NONE', #4224, #10449 ) ;
#3500 = CARTESIAN_POINT ( 'NONE',  ( 6.774086015149549667, 15.50000000000000178, 1.022964660753650668 ) ) ;
#3501 = CARTESIAN_POINT ( 'NONE',  ( 6.637444678594556891, 15.50000000000000178, -8.669999999999999929 ) ) ;
#3502 = AXIS2_PLACEMENT_3D ( 'NONE', #1163, #2116, #1225 ) ;
#3503 = ORIENTED_EDGE ( 'NONE', *, *, #2311, .T. ) ;
#3504 = CARTESIAN_POINT ( 'NONE',  ( 4.499999999999999112, 15.29999999999999893, 2.657419462942109956 ) ) ;
#3505 = UNCERTAINTY_MEASURE_WITH_UNIT (LENGTH_MEASURE( 1.000000000000000082E-05 ), #3069, 'distance_accuracy_value', 'NONE');
#3506 = PLANE ( 'NONE',  #8303 ) ;
#3507 =( NAMED_UNIT ( * ) SI_UNIT ( $, .STERADIAN. ) SOLID_ANGLE_UNIT ( ) );
#3508 = DIRECTION ( 'NONE',  ( 0.0000000000000000000, 0.0000000000000000000, 1.000000000000000000 ) ) ;
#3509 = DIRECTION ( 'NONE',  ( 0.0000000000000000000, -0.9999156794129788750, 0.01298591791445429834 ) ) ;
#3510 = ORIENTED_EDGE ( 'NONE', *, *, #1469, .F. ) ;
#3511 = EDGE_CURVE ( 'NONE', #9275, #8350, #4173, .T. ) ;
#3512 = FACE_OUTER_BOUND ( 'NONE', #8172, .T. ) ;
#3513 = CARTESIAN_POINT ( 'NONE',  ( 9.349999999999997868, 6.757765876465090749, 5.814999999999999503 ) ) ;
#3514 = CARTESIAN_POINT ( 'NONE',  ( 10.90000000000000036, 7.668798143926990107, -8.112336383482839253 ) ) ;
#3515 = ORIENTED_EDGE ( 'NONE', *, *, #3841, .T. ) ;
#3516 = CARTESIAN_POINT ( 'NONE',  ( 5.875000000000000000, 0.5000000000000000000, -9.919999999999999929 ) ) ;
#3517 =( BOUNDED_CURVE ( )  B_SPLINE_CURVE ( 3, ( #1254, #3774, #9776, #4499 ),
 .UNSPECIFIED., .F., .T. ) 
 B_SPLINE_CURVE_WITH_KNOTS ( ( 4, 4 ),
 ( 0.0000000000000000000, 1.000000000000000000 ),
 .UNSPECIFIED. ) 
 CURVE ( )  GEOMETRIC_REPRESENTATION_ITEM ( )  RATIONAL_B_SPLINE_CURVE ( ( 1.000000000000000000, 0.8974358974358995766, 0.8974358974358995766, 1.000000000000000000 ) ) 
 REPRESENTATION_ITEM ( '' )  );
#3518 = ORIENTED_EDGE ( 'NONE', *, *, #9324, .T. ) ;
#3519 = FACE_OUTER_BOUND ( 'NONE', #8442, .T. ) ;
#3520 = VECTOR ( 'NONE', #8947, 1000.000000000000000 ) ;
#3521 = DIRECTION ( 'NONE',  ( -1.531342102931250010E-16, 0.0000000000000000000, 1.000000000000000000 ) ) ;
#3522 = DIRECTION ( 'NONE',  ( 0.0000000000000000000, 1.000000000000000000, 0.0000000000000000000 ) ) ;
#3523 = CARTESIAN_POINT ( 'NONE',  ( 9.600000000000001421, 5.500000000000000000, 8.970000000000020179 ) ) ;
#3524 = EDGE_CURVE ( 'NONE', #9275, #1178, #1351, .T. ) ;
#3525 = DIRECTION ( 'NONE',  ( 0.0000000000000000000, 0.0000000000000000000, -1.000000000000000000 ) ) ;
#3526 = EDGE_CURVE ( 'NONE', #2657, #1668, #9212, .T. ) ;
#3527 = EDGE_LOOP ( 'NONE', ( #9519, #9100 ) ) ;
#3528 = FACE_OUTER_BOUND ( 'NONE', #9702, .T. ) ;
#3529 = AXIS2_PLACEMENT_3D ( 'NONE', #402, #6396, #2140 ) ;
#3530 = CARTESIAN_POINT ( 'NONE',  ( 4.299999999999999822, 15.29999999999999893, 1.152580537057889654 ) ) ;
#3531 = CARTESIAN_POINT ( 'NONE',  ( 11.07573593128806699, 6.585137115330399027, -5.723760026997225303 ) ) ;
#3532 = CARTESIAN_POINT ( 'NONE',  ( 2.949999999999960210, 9.000000000000000000, -7.620000000000000107 ) ) ;
#3533 = ORIENTED_EDGE ( 'NONE', *, *, #2577, .F. ) ;
#3534 = CARTESIAN_POINT ( 'NONE',  ( 9.628445380721961655, 13.20000000000010232, -4.114397331752656761 ) ) ;
#3535 = CARTESIAN_POINT ( 'NONE',  ( 11.19999999999999929, 6.524291964997810389, 5.814589900637175290 ) ) ;
#3536 = CARTESIAN_POINT ( 'NONE',  ( 11.19999999999999751, 6.457765876465027866, -2.169059865236004470 ) ) ;
#3537 = ORIENTED_EDGE ( 'NONE', *, *, #7935, .F. ) ;
#3538 = VECTOR ( 'NONE', #7929, 1000.000000000000000 ) ;
#3539 = VERTEX_POINT ( 'NONE', #819 ) ;
#3540 = CARTESIAN_POINT ( 'NONE',  ( 6.499999999999999112, 13.19999999999999574, -8.999870129870132018 ) ) ;
#3541 = FACE_OUTER_BOUND ( 'NONE', #4279, .T. ) ;
#3542 = DIRECTION ( 'NONE',  ( -1.000000000000000000, 0.0000000000000000000, -0.0000000000000000000 ) ) ;
#3543 = VECTOR ( 'NONE', #3294, 1000.000000000000000 ) ;
#3544 = CARTESIAN_POINT ( 'NONE',  ( 10.20000000000000107, 5.799999999999997158, -8.936269301653442909 ) ) ;
#3545 = VERTEX_POINT ( 'NONE', #9153 ) ;
#3546 =( NAMED_UNIT ( * ) SI_UNIT ( $, .STERADIAN. ) SOLID_ANGLE_UNIT ( ) );
#3547 = EDGE_CURVE ( 'NONE', #5372, #1575, #6517, .T. ) ;
#3548 = EDGE_CURVE ( 'NONE', #1329, #8470, #7610, .T. ) ;
#3549 = CARTESIAN_POINT ( 'NONE',  ( 4.316198970578239091, 9.000000000000000000, 4.736908624096984433 ) ) ;
#3550 = AXIS2_PLACEMENT_3D ( 'NONE', #9840, #8932, #4726 ) ;
#3551 = CARTESIAN_POINT ( 'NONE',  ( 11.14252649089314140, 6.824266871504342191, -9.220004612536223831 ) ) ;
#3552 = ORIENTED_EDGE ( 'NONE', *, *, #7574, .F. ) ;
#3553 = CARTESIAN_POINT ( 'NONE',  ( 8.500000000000000000, 15.20000000000004192, -3.560000000000000497 ) ) ;
#3554 = STYLED_ITEM ( 'NONE', ( #1314 ), #8245 ) ;
#3555 = CARTESIAN_POINT ( 'NONE',  ( 10.19999999999999929, 4.150065953933496310, -0.1532942251823309066 ) ) ;
#3556 = CARTESIAN_POINT ( 'NONE',  ( 6.333035873704171870, 14.50000000000000355, 4.434260304111184325 ) ) ;
#3557 = ORIENTED_EDGE ( 'NONE', *, *, #962, .F. ) ;
#3558 = DIRECTION ( 'NONE',  ( 0.0000000000000000000, -0.9999156794129788750, 0.01298591791445416303 ) ) ;
#3559 = DIRECTION ( 'NONE',  ( -1.000000000000000000, -1.066083429980355782E-17, -3.731292004931244158E-17 ) ) ;
#3560 = DIRECTION ( 'NONE',  ( 0.0000000000000000000, 0.0000000000000000000, 1.000000000000000000 ) ) ;
#3561 = PLANE ( 'NONE',  #453 ) ;
#3562 = LINE ( 'NONE', #7032, #10198 ) ;
#3563 = AXIS2_PLACEMENT_3D ( 'NONE', #8494, #7732, #2609 ) ;
#3564 = ORIENTED_EDGE ( 'NONE', *, *, #6149, .F. ) ;
#3565 = VECTOR ( 'NONE', #6594, 1000.000000000000000 ) ;
#3566 = FACE_OUTER_BOUND ( 'NONE', #828, .T. ) ;
#3567 = CARTESIAN_POINT ( 'NONE',  ( 4.394278064412657336, 15.50000000000004974, -8.578386515657504319 ) ) ;
#3568 = B_SPLINE_CURVE_WITH_KNOTS ( 'NONE', 3,
 ( #190, #10459, #8606, #18, #10351, #80, #2654, #6974, #2597, #7888, #3556, #1872 ),
 .UNSPECIFIED., .F., .F.,
 ( 4, 2, 2, 2, 2, 4 ),
 ( 0.0000000000000000000, 0.2499999999999990008, 0.3749999999999987232, 0.4999999999999984457, 0.7499999999999992228, 1.000000000000000000 ),
 .UNSPECIFIED. ) ;
#3569 = DIRECTION ( 'NONE',  ( 0.0000000000000000000, 0.0000000000000000000, 1.000000000000000000 ) ) ;
#3570 = CARTESIAN_POINT ( 'NONE',  ( 5.449931523916873743, 15.50000000000000533, 3.671173537929530717 ) ) ;
#3571 = ORIENTED_EDGE ( 'NONE', *, *, #8850, .T. ) ;
#3572 = CARTESIAN_POINT ( 'NONE',  ( 6.499999999999999112, 12.19999999999999929, 9.399999999999998579 ) ) ;
#3573 = COLOUR_RGB ( '',1.000000000000000000, 1.000000000000000000, 1.000000000000000000 ) ;
#3574 = VERTEX_POINT ( 'NONE', #7484 ) ;
#3575 = CARTESIAN_POINT ( 'NONE',  ( 8.478443606496760765, 15.40439955824827045, -6.467909476159364957 ) ) ;
#3576 = VERTEX_POINT ( 'NONE', #9327 ) ;
#3577 = VECTOR ( 'NONE', #7595, 1000.000000000000000 ) ;
#3578 = EDGE_CURVE ( 'NONE', #10704, #7986, #5685, .T. ) ;
#3579 = CARTESIAN_POINT ( 'NONE',  ( 5.942358185259593917, 14.49999999999817568, -7.293758338282146703 ) ) ;
#3580 = CARTESIAN_POINT ( 'NONE',  ( 4.299999999999999822, 9.034856442049489900, -6.386053962189508937 ) ) ;
#3581 = ORIENTED_EDGE ( 'NONE', *, *, #4965, .F. ) ;
#3582 = DIRECTION ( 'NONE',  ( -1.000000000000000000, -0.0000000000000000000, 0.0000000000000000000 ) ) ;
#3583 = B_SPLINE_CURVE_WITH_KNOTS ( 'NONE', 3,
 ( #10660, #2963, #6395, #5552, #2744, #6654, #5812, #3073, #10043, #7292, #9174, #4092, #1507, #10930 ),
 .UNSPECIFIED., .F., .F.,
 ( 4, 2, 2, 2, 2, 2, 4 ),
 ( 0.0000000000000000000, 0.1250000000000001388, 0.2500000000000002776, 0.5000000000000005551, 0.7500000000000004441, 0.8750000000000003331, 1.000000000000000000 ),
 .UNSPECIFIED. ) ;
#3584 = CARTESIAN_POINT ( 'NONE',  ( 8.352359877559825563, 9.000432863930480920, 6.185590037193898993 ) ) ;
#3585 = ORIENTED_EDGE ( 'NONE', *, *, #10742, .F. ) ;
#3586 = CARTESIAN_POINT ( 'NONE',  ( 9.050000000000000711, 9.000000000000000000, 9.919999999999999929 ) ) ;
#3587 = FACE_OUTER_BOUND ( 'NONE', #4705, .T. ) ;
#3588 = CARTESIAN_POINT ( 'NONE',  ( 11.19999999999999929, 6.964072742177140007, 1.221973812596738762 ) ) ;
#3589 = CARTESIAN_POINT ( 'NONE',  ( 9.449999999999999289, 13.20000000000005258, 7.220000000000000639 ) ) ;
#3590 = CARTESIAN_POINT ( 'NONE',  ( 9.554397331752658928, 15.20000000000009699, 0.3784453807219626542 ) ) ;
#3591 = CARTESIAN_POINT ( 'NONE',  ( 11.19999999999999751, 6.504999529626090293, 9.232444090643559420 ) ) ;
#3592 = EDGE_CURVE ( 'NONE', #4454, #2647, #1646, .T. ) ;
#3593 = CARTESIAN_POINT ( 'NONE',  ( 11.20000000000000107, 7.065345752887018271, -2.720361683559755939 ) ) ;
#3594 = ORIENTED_EDGE ( 'NONE', *, *, #2346, .F. ) ;
#3595 = EDGE_LOOP ( 'NONE', ( #2132, #6243, #6407, #9152 ) ) ;
#3596 = CARTESIAN_POINT ( 'NONE',  ( 9.650000000000005684, 15.20000000000007567, 7.420000000000003482 ) ) ;
#3597 = FACE_OUTER_BOUND ( 'NONE', #2495, .T. ) ;
#3598 = CARTESIAN_POINT ( 'NONE',  ( 4.905714285714237732, 15.50000000000000000, 4.176205027886001453 ) ) ;
#3599 = ADVANCED_FACE ( 'NONE', ( #1439 ), #4855, .F. ) ;
#3601 = EDGE_CURVE ( 'NONE', #1833, #8134, #3215, .T. ) ;
#3600 = FILL_AREA_STYLE_COLOUR ( '', #5294 ) ;
#3602 = CARTESIAN_POINT ( 'NONE',  ( 9.599999999999999645, 5.199999999999999289, 8.936244658108829952 ) ) ;
#3603 = CARTESIAN_POINT ( 'NONE',  ( 5.954378302844647308, 14.49999999999999822, 7.303878433838208117 ) ) ;
#3604 = LINE ( 'NONE', #301, #3985 ) ;
#3605 = ORIENTED_EDGE ( 'NONE', *, *, #1960, .F. ) ;
#3606 = VERTEX_POINT ( 'NONE', #2374 ) ;
#3607 = ADVANCED_FACE ( 'NONE', ( #1873 ), #2658, .T. ) ;
#3608 = CARTESIAN_POINT ( 'NONE',  ( 8.500000000000000000, 15.50000000000000000, 4.059999999999999609 ) ) ;
#3609 = EDGE_CURVE ( 'NONE', #6375, #1668, #2404, .T. ) ;
#3610 = CARTESIAN_POINT ( 'NONE',  ( 10.19999999999999929, 4.276481181967474399, -0.5905932288983203327 ) ) ;
#3611 = CARTESIAN_POINT ( 'NONE',  ( 7.145274055973660055, 15.50000000000000000, -6.780349815481910625 ) ) ;
#3612 = VERTEX_POINT ( 'NONE', #4462 ) ;
#3613 = LINE ( 'NONE', #4291, #7080 ) ;
#3614 = UNCERTAINTY_MEASURE_WITH_UNIT (LENGTH_MEASURE( 1.000000000000000082E-05 ), #8445, 'distance_accuracy_value', 'NONE');
#3615 = CARTESIAN_POINT ( 'NONE',  ( 5.274999999999996803, 3.050127152355400164E-16, 9.119999999999953033 ) ) ;
#3616 = DIRECTION ( 'NONE',  ( -1.000000000000000000, 0.0000000000000000000, -1.531342102931250010E-16 ) ) ;
#3617 = DIRECTION ( 'NONE',  ( -0.9810437422032618482, -0.1937864182129900026, 0.0000000000000000000 ) ) ;
#3618 = ORIENTED_EDGE ( 'NONE', *, *, #5473, .T. ) ;
#3619 = EDGE_CURVE ( 'NONE', #3280, #10114, #8658, .T. ) ;
#3620 = CARTESIAN_POINT ( 'NONE',  ( 4.299999999999982059, 15.30000000000000249, 2.770769515458697985 ) ) ;
#3621 = EDGE_CURVE ( 'NONE', #953, #28, #139, .T. ) ;
#3622 = AXIS2_PLACEMENT_3D ( 'NONE', #4968, #3274, #7602 ) ;
#3623 = FILL_AREA_STYLE_COLOUR ( '', #5337 ) ;
#3624 = CARTESIAN_POINT ( 'NONE',  ( 20.10000000000000142, 5.500000000000000000, 7.620000000000000107 ) ) ;
#3625 = CARTESIAN_POINT ( 'NONE',  ( 10.89999999999999858, 7.024987939051836605, -6.001206532831150575 ) ) ;
#3626 = ORIENTED_EDGE ( 'NONE', *, *, #7011, .T. ) ;
#3627 = CARTESIAN_POINT ( 'NONE',  ( 5.969997430234196045, 15.50000000000000178, 0.9170943191202507450 ) ) ;
#3628 = ORIENTED_EDGE ( 'NONE', *, *, #9020, .T. ) ;
#3629 = CARTESIAN_POINT ( 'NONE',  ( 1.274999999999998801, -1.478419251352363239E-16, 2.310000000000000497 ) ) ;
#3630 = ORIENTED_EDGE ( 'NONE', *, *, #7358, .F. ) ;
#3631 = CARTESIAN_POINT ( 'NONE',  ( 8.706350832689631503, 13.20000000000007567, 4.059999999999999609 ) ) ;
#3632 = CARTESIAN_POINT ( 'NONE',  ( 8.299999999999997158, 15.30259718358289689, 1.352563672940483075 ) ) ;
#3633 = ORIENTED_EDGE ( 'NONE', *, *, #2499, .T. ) ;
#3634 = EDGE_LOOP ( 'NONE', ( #3435, #7516, #3126, #3740 ) ) ;
#3635 = LINE ( 'NONE', #2785, #8027 ) ;
#3636 = ORIENTED_EDGE ( 'NONE', *, *, #4655, .T. ) ;
#3637 = CARTESIAN_POINT ( 'NONE',  ( 8.501103551519483048, 15.41930204271695359, 8.887185455229515085 ) ) ;
#3638 = CARTESIAN_POINT ( 'NONE',  ( 7.030002569765866127, 15.49999999999999822, 2.892905680879866104 ) ) ;
#3639 = CARTESIAN_POINT ( 'NONE',  ( 10.19999999999999751, 5.799999999999996270, -5.126269300834881193 ) ) ;
#3640 = CARTESIAN_POINT ( 'NONE',  ( 8.706350832689631503, 15.20000000000007567, 7.870000000000000107 ) ) ;
#3641 = CIRCLE ( 'NONE', #2736, 0.2000000000000005107 ) ;
#3642 = CARTESIAN_POINT ( 'NONE',  ( 11.20000000000000107, 7.302342279699221450, 6.936543307896587685 ) ) ;
#3643 = CARTESIAN_POINT ( 'NONE',  ( 9.449999999999999289, 15.20000000000004903, 4.209999999999999964 ) ) ;
#3644 = CARTESIAN_POINT ( 'NONE',  ( -0.9999999999999997780, 11.69999999999999929, 9.019350649350650784 ) ) ;
#3645 = ORIENTED_EDGE ( 'NONE', *, *, #1437, .F. ) ;
#3646 = ORIENTED_EDGE ( 'NONE', *, *, #9978, .T. ) ;
#3647 = DIRECTION ( 'NONE',  ( 0.0000000000000000000, 0.01298591791445111512, 0.9999156794129788750 ) ) ;
#3648 = CIRCLE ( 'NONE', #2743, 0.2999999999999999889 ) ;
#3649 = CARTESIAN_POINT ( 'NONE',  ( 9.449999999999999289, 15.20000000000004903, 4.209999999999999964 ) ) ;
#3650 = EDGE_CURVE ( 'NONE', #10605, #6982, #192, .T. ) ;
#3651 = LINE ( 'NONE', #915, #5266 ) ;
#3652 = CARTESIAN_POINT ( 'NONE',  ( 9.018600732609511894, 15.20000000000007567, -0.4000000000000001887 ) ) ;
#3653 = MECHANICAL_DESIGN_GEOMETRIC_PRESENTATION_REPRESENTATION (  '', ( #1868 ), #9568 ) ;
#3654 = AXIS2_PLACEMENT_3D ( 'NONE', #5745, #4918, #8330 ) ;
#3655 = FACE_OUTER_BOUND ( 'NONE', #4010, .T. ) ;
#3656 = FACE_OUTER_BOUND ( 'NONE', #422, .T. ) ;
#3657 =( LENGTH_UNIT ( ) NAMED_UNIT ( * ) SI_UNIT ( .MILLI., .METRE. ) );
#3658 = LINE ( 'NONE', #9608, #9633 ) ;
#3659 = CARTESIAN_POINT ( 'NONE',  ( 4.395602668247344802, 15.47844538072196308, -8.772580537057889316 ) ) ;
#3660 = EDGE_LOOP ( 'NONE', ( #6032, #7717, #4251, #11068 ) ) ;
#3661 = ORIENTED_EDGE ( 'NONE', *, *, #10915, .T. ) ;
#3662 = CARTESIAN_POINT ( 'NONE',  ( 11.07573593128806699, 8.250260842368403402, -8.498163252473167617 ) ) ;
#3663 = VECTOR ( 'NONE', #5007, 1000.000000000000000 ) ;
#3664 = EDGE_CURVE ( 'NONE', #7044, #3338, #7660, .T. ) ;
#3665 = AXIS2_PLACEMENT_3D ( 'NONE', #9325, #5901, #1642 ) ;
#3666 = ADVANCED_FACE ( 'NONE', ( #11078 ), #2705, .T. ) ;
#3667 = CARTESIAN_POINT ( 'NONE',  ( 8.299999999999997158, 15.49994977653715900, -4.958098700075003862 ) ) ;
#3668 = DIRECTION ( 'NONE',  ( -0.0000000000000000000, -1.000000000000000000, -0.0000000000000000000 ) ) ;
#3669 = ORIENTED_EDGE ( 'NONE', *, *, #10754, .T. ) ;
#3670 = CARTESIAN_POINT ( 'NONE',  ( 8.500000000000000000, 15.50000000000000000, 9.070000000000000284 ) ) ;
#3671 = AXIS2_PLACEMENT_3D ( 'NONE', #11036, #10036, #1552 ) ;
#3672 = VECTOR ( 'NONE', #8332, 1000.000000000000000 ) ;
#3673 = CARTESIAN_POINT ( 'NONE',  ( 4.515384615381074163, 15.50000000000000000, -8.605936613546161240 ) ) ;
#3674 = CARTESIAN_POINT ( 'NONE',  ( 11.16915886945139391, 6.591411660520491544, -5.526189068572090690 ) ) ;
#3675 = CARTESIAN_POINT ( 'NONE',  ( 10.19999999999999929, 4.540238430996691221, -2.848174353068789966 ) ) ;
#3676 = VERTEX_POINT ( 'NONE', #8773 ) ;
#3677 = CARTESIAN_POINT ( 'NONE',  ( 6.500000000000000888, 14.59999999998728981, -3.810000000000000053 ) ) ;
#3678 = VECTOR ( 'NONE', #3883, 1000.000000000000000 ) ;
#3679 = AXIS2_PLACEMENT_3D ( 'NONE', #6131, #9553, #4732 ) ;
#3680 = CARTESIAN_POINT ( 'NONE',  ( 4.447644537455780700, 15.50000000000000178, 2.657852339039449507 ) ) ;
#3681 = CARTESIAN_POINT ( 'NONE',  ( 8.862475782649550382, 13.20000000000013785, -0.3250000000000001776 ) ) ;
#3682 = DIRECTION ( 'NONE',  ( 0.0000000000000000000, -0.01298591791445111512, 0.9999156794129788750 ) ) ;
#3683 = ORIENTED_EDGE ( 'NONE', *, *, #8819, .F. ) ;
#3684 = DIRECTION ( 'NONE',  ( -1.000000000000000000, -1.066083429980355782E-17, -3.731292004931244158E-17 ) ) ;
#3685 = VERTEX_POINT ( 'NONE', #6189 ) ;
#3686 = CARTESIAN_POINT ( 'NONE',  ( 10.19999999999999929, 6.723518818032610866, 4.400593228898308951 ) ) ;
#3687 = ORIENTED_EDGE ( 'NONE', *, *, #3904, .F. ) ;
#3688 = B_SPLINE_CURVE_WITH_KNOTS ( 'NONE', 3,
 ( #10281, #2584, #7642, #8415 ),
 .UNSPECIFIED., .F., .F.,
 ( 4, 4 ),
 ( 0.0000000000000000000, 1.000000000000000000 ),
 .UNSPECIFIED. ) ;
#3689 = EDGE_CURVE ( 'NONE', #3119, #8674, #3613, .T. ) ;
#3690 = EDGE_CURVE ( 'NONE', #2647, #10014, #1093, .T. ) ;
#3691 = VECTOR ( 'NONE', #3926, 1000.000000000000000 ) ;
#3692 = LINE ( 'NONE', #4365, #2932 ) ;
#3693 = ORIENTED_EDGE ( 'NONE', *, *, #6191, .T. ) ;
#3694 = CARTESIAN_POINT ( 'NONE',  ( 8.899999999999998579, 13.19999999999999929, 8.019999999999999574 ) ) ;
#3695 = FILL_AREA_STYLE ('',( #272 ) ) ;
#3696 = VERTEX_POINT ( 'NONE', #3445 ) ;
#3697 = CARTESIAN_POINT ( 'NONE',  ( 9.349999999999999645, 7.678780822271609630, -0.3522305942036141335 ) ) ;
#3698 = CARTESIAN_POINT ( 'NONE',  ( 9.018600732609513670, 15.20000000000007567, 7.220000000000000639 ) ) ;
#3699 = CARTESIAN_POINT ( 'NONE',  ( 7.109206983066120422, 14.49999999999999822, 7.782238301182777818 ) ) ;
#3700 = CARTESIAN_POINT ( 'NONE',  ( 11.20000000000000284, 5.500000000000000000, -1.350000000000020073 ) ) ;
#3701 = VECTOR ( 'NONE', #9057, 1000.000000000000000 ) ;
#3702 = ORIENTED_EDGE ( 'NONE', *, *, #2092, .T. ) ;
#3703 = DIRECTION ( 'NONE',  ( 4.110719137385800108E-17, 1.000000000000000000, -0.0000000000000000000 ) ) ;
#3704 = VERTEX_POINT ( 'NONE', #9621 ) ;
#3705 = FACE_OUTER_BOUND ( 'NONE', #5468, .T. ) ;
#3706 = CYLINDRICAL_SURFACE ( 'NONE', #10506, 1.050000000000000488 ) ;
#3707 = ORIENTED_EDGE ( 'NONE', *, *, #3130, .F. ) ;
#3708 = ORIENTED_EDGE ( 'NONE', *, *, #1619, .T. ) ;
#3709 = AXIS2_PLACEMENT_3D ( 'NONE', #10044, #8192, #4826 ) ;
#3710 = CARTESIAN_POINT ( 'NONE',  ( 6.663624617369854342, 14.49999999999818101, -8.244999999982374206 ) ) ;
#3711 = DIRECTION ( 'NONE',  ( 1.531342102931250010E-16, -0.0000000000000000000, -1.000000000000000000 ) ) ;
#3712 = DIRECTION ( 'NONE',  ( 0.0000000000000000000, 0.0000000000000000000, 1.000000000000000000 ) ) ;
#3713 = LINE ( 'NONE', #7132, #3308 ) ;
#3714 = STYLED_ITEM ( 'NONE', ( #11110 ), #7989 ) ;
#3715 = DIRECTION ( 'NONE',  ( 0.0000000000000000000, -0.01298591791445111512, -0.9999156794129788750 ) ) ;
#3716 = CARTESIAN_POINT ( 'NONE',  ( 4.905714285714243061, 15.49999999999999822, 7.253794972114032014 ) ) ;
#3717 = EDGE_CURVE ( 'NONE', #9103, #5548, #5195, .T. ) ;
#3718 = DIRECTION ( 'NONE',  ( -1.000000000000000000, 0.0000000000000000000, 0.0000000000000000000 ) ) ;
#3719 = FACE_OUTER_BOUND ( 'NONE', #8996, .T. ) ;
#3720 = DIRECTION ( 'NONE',  ( 2.556434596176350141E-15, 1.000000000000000000, 0.0000000000000000000 ) ) ;
#3721 = ORIENTED_EDGE ( 'NONE', *, *, #4492, .T. ) ;
#3722 = ORIENTED_EDGE ( 'NONE', *, *, #10977, .F. ) ;
#3723 = CARTESIAN_POINT ( 'NONE',  ( 10.89999999999999680, 8.211661298107269857, -6.629041674233258519 ) ) ;
#3724 = VECTOR ( 'NONE', #6440, 1000.000000000000114 ) ;
#3725 = DIRECTION ( 'NONE',  ( 0.0000000000000000000, 0.0000000000000000000, 1.000000000000000000 ) ) ;
#3726 = CARTESIAN_POINT ( 'NONE',  ( 20.10000000000000142, 5.500000000000000000, -8.970000000000020179 ) ) ;
#3727 = CARTESIAN_POINT ( 'NONE',  ( 4.416251525940038114, 15.49999999999999822, -6.696501040144175576 ) ) ;
#3728 = AXIS2_PLACEMENT_3D ( 'NONE', #954, #5101, #3237 ) ;
#3729 = EDGE_CURVE ( 'NONE', #4803, #2393, #81, .T. ) ;
#3730 = LINE ( 'NONE', #8824, #5448 ) ;
#3731 = EDGE_LOOP ( 'NONE', ( #10512, #5751, #5111 ) ) ;
#3732 = CARTESIAN_POINT ( 'NONE',  ( 10.19999999999999929, 4.150065953933496310, -3.963294225182330432 ) ) ;
#3733 = ORIENTED_EDGE ( 'NONE', *, *, #5049, .F. ) ;
#3734 =( GEOMETRIC_REPRESENTATION_CONTEXT ( 3 ) GLOBAL_UNCERTAINTY_ASSIGNED_CONTEXT ( ( #2706 ) ) GLOBAL_UNIT_ASSIGNED_CONTEXT ( ( #5005, #10838, #3952 ) ) REPRESENTATION_CONTEXT ( 'NONE', 'WORKASPACE' ) );
#3735 = LINE ( 'NONE', #9512, #5666 ) ;
#3736 = AXIS2_PLACEMENT_3D ( 'NONE', #211, #8792, #3525 ) ;
#3737 = EDGE_CURVE ( 'NONE', #4481, #4208, #7425, .T. ) ;
#3738 = CARTESIAN_POINT ( 'NONE',  ( 5.449931523916873743, 15.50000000000000533, 7.481173537929635131 ) ) ;
#3739 = CYLINDRICAL_SURFACE ( 'NONE', #709, 0.2000000000000005107 ) ;
#3740 = ORIENTED_EDGE ( 'NONE', *, *, #8712, .T. ) ;
#3741 = CARTESIAN_POINT ( 'NONE',  ( 11.14092921889769983, 6.636678088422992339, 5.879300120201599533 ) ) ;
#3742 = ORIENTED_EDGE ( 'NONE', *, *, #1744, .T. ) ;
#3743 = CARTESIAN_POINT ( 'NONE',  ( 10.19999999999999929, 6.087747258964867569, 2.584980154491238302 ) ) ;
#3744 = EDGE_LOOP ( 'NONE', ( #8730, #10207, #9450, #4290 ) ) ;
#3745 = CARTESIAN_POINT ( 'NONE',  ( 11.20000000000000284, 5.500000000000000000, -2.459999999999979980 ) ) ;
#3746 = VECTOR ( 'NONE', #6467, 1000.000000000000000 ) ;
#3747 = CARTESIAN_POINT ( 'NONE',  ( 8.706350832689590646, 13.20000000000020002, -4.259999999999999787 ) ) ;
#3748 = CARTESIAN_POINT ( 'NONE',  ( 5.275000000000000355, 1.915630352757239914E-16, 6.110000000000000320 ) ) ;
#3749 = PLANE ( 'NONE',  #3167 ) ;
#3750 = ORIENTED_EDGE ( 'NONE', *, *, #8028, .F. ) ;
#3751 =( BOUNDED_CURVE ( )  B_SPLINE_CURVE ( 3, ( #6081, #1706, #7723, #2539 ),
 .UNSPECIFIED., .F., .T. ) 
 B_SPLINE_CURVE_WITH_KNOTS ( ( 4, 4 ),
 ( 0.0000000000000000000, 1.000000000000000000 ),
 .UNSPECIFIED. ) 
 CURVE ( )  GEOMETRIC_REPRESENTATION_ITEM ( )  RATIONAL_B_SPLINE_CURVE ( ( 1.000000000000000000, 0.8047378541243384031, 0.8047378541243384031, 1.000000000000000000 ) ) 
 REPRESENTATION_ITEM ( '' )  );
#3752 = CARTESIAN_POINT ( 'NONE',  ( 9.350000000000001421, 7.699908738686001008, 0.3538920457755924676 ) ) ;
#3753 = CARTESIAN_POINT ( 'NONE',  ( 7.124852499599958477, 14.50000000000000533, 3.643565715288343831 ) ) ;
#3754 = CARTESIAN_POINT ( 'NONE',  ( 7.124852499599823474, 14.50000000000000000, 7.453565715287747473 ) ) ;
#3755 = AXIS2_PLACEMENT_3D ( 'NONE', #4846, #7260, #10627 ) ;
#3756 = EDGE_CURVE ( 'NONE', #1406, #3496, #10933, .T. ) ;
#3757 = CARTESIAN_POINT ( 'NONE',  ( 4.321556393503233728, 15.40439955824826157, -2.657909476159365347 ) ) ;
#3758 = STYLED_ITEM ( 'NONE', ( #10209 ), #10135 ) ;
#3759 = EDGE_CURVE ( 'NONE', #1807, #4368, #5961, .T. ) ;
#3760 = ORIENTED_EDGE ( 'NONE', *, *, #452, .F. ) ;
#3761 = CARTESIAN_POINT ( 'NONE',  ( 9.506008714914740310, 13.20000000000009877, -8.019582555232009469 ) ) ;
#3762 = ORIENTED_EDGE ( 'NONE', *, *, #4820, .F. ) ;
#3763 = CARTESIAN_POINT ( 'NONE',  ( 4.315797791639866432, 15.41715728752539150, -2.882454418790843409 ) ) ;
#3764 = VERTEX_POINT ( 'NONE', #9386 ) ;
#3765 = DIRECTION ( 'NONE',  ( 0.0000000000000000000, 0.0000000000000000000, 1.000000000000000000 ) ) ;
#3766 = ORIENTED_EDGE ( 'NONE', *, *, #1265, .T. ) ;
#3767 = ORIENTED_EDGE ( 'NONE', *, *, #6623, .F. ) ;
#3768 = CARTESIAN_POINT ( 'NONE',  ( 9.650000000000003908, 15.20000000000010232, 7.367640122440170636 ) ) ;
#3769 =( NAMED_UNIT ( * ) PLANE_ANGLE_UNIT ( ) SI_UNIT ( $, .RADIAN. ) );
#3770 = DIRECTION ( 'NONE',  ( 0.0000000000000000000, 0.0000000000000000000, 1.000000000000000000 ) ) ;
#3771 = SURFACE_STYLE_USAGE ( .BOTH. , #4609 ) ;
#3772 = EDGE_CURVE ( 'NONE', #4661, #6899, #5140, .T. ) ;
#3773 = DIRECTION ( 'NONE',  ( -0.0000000000000000000, -1.000000000000000000, -0.0000000000000000000 ) ) ;
#3774 = CARTESIAN_POINT ( 'NONE',  ( 4.905714285714242173, 15.50000000000000178, -3.443794972114003539 ) ) ;
#3775 = DIRECTION ( 'NONE',  ( 0.0000000000000000000, 0.0000000000000000000, 1.000000000000000000 ) ) ;
#3776 = CARTESIAN_POINT ( 'NONE',  ( 9.449999999999999289, 13.20000000000005258, 7.220000000000000639 ) ) ;
#3777 = PLANE ( 'NONE',  #10698 ) ;
#3778 = ORIENTED_EDGE ( 'NONE', *, *, #6078, .F. ) ;
#3779 = DIRECTION ( 'NONE',  ( 1.000000000000000000, 0.0000000000000000000, 0.0000000000000000000 ) ) ;
#3780 = CARTESIAN_POINT ( 'NONE',  ( 8.300000000000000711, 15.29999999999999893, -8.772580537057889316 ) ) ;
#3781 = ORIENTED_EDGE ( 'NONE', *, *, #9489, .F. ) ;
#3782 = EDGE_CURVE ( 'NONE', #6213, #7993, #8126, .T. ) ;
#3783 = ORIENTED_EDGE ( 'NONE', *, *, #3194, .F. ) ;
#3784 = CARTESIAN_POINT ( 'NONE',  ( 8.501103551519479495, 15.41930204271694826, 5.077185455229514588 ) ) ;
#3785 = DIRECTION ( 'NONE',  ( -0.0000000000000000000, -0.0000000000000000000, -1.000000000000000000 ) ) ;
#3786 = ORIENTED_EDGE ( 'NONE', *, *, #5473, .F. ) ;
#3787 = DIRECTION ( 'NONE',  ( -1.000000000000000000, -0.0000000000000000000, -0.0000000000000000000 ) ) ;
#3788 = ORIENTED_EDGE ( 'NONE', *, *, #1206, .T. ) ;
#3789 = CARTESIAN_POINT ( 'NONE',  ( 10.20000000000000107, 5.799999999999998934, 1.316269301653441026 ) ) ;
#3790 = ADVANCED_FACE ( 'NONE', ( #7842 ), #10411, .T. ) ;
#3791 = LINE ( 'NONE', #3847, #7591 ) ;
#3792 = DIRECTION ( 'NONE',  ( 1.000000000000000000, -0.0000000000000000000, 0.0000000000000000000 ) ) ;
#3793 = ORIENTED_EDGE ( 'NONE', *, *, #11081, .T. ) ;
#3794 = CARTESIAN_POINT ( 'NONE',  ( 8.706350832689590646, 13.20000000000010054, -0.2500000000000002220 ) ) ;
#3795 = CARTESIAN_POINT ( 'NONE',  ( 8.500000000000000000, 9.000000000000000000, 9.919999999999999929 ) ) ;
#3796 = ORIENTED_EDGE ( 'NONE', *, *, #920, .F. ) ;
#3797 = DIRECTION ( 'NONE',  ( 0.8461538461538553602, 0.0000000000000000000, -0.5329387100211783190 ) ) ;
#3798 = CARTESIAN_POINT ( 'NONE',  ( 9.349999999999999645, 6.905620928614182752, -2.108418246202776736 ) ) ;
#3799 = ORIENTED_EDGE ( 'NONE', *, *, #6885, .F. ) ;
#3800 = CARTESIAN_POINT ( 'NONE',  ( 4.500000000000015987, 8.999999999999998224, 2.375584415584410802 ) ) ;
#3801 = CARTESIAN_POINT ( 'NONE',  ( 4.499999999999997335, 15.49994977653715722, 1.148098700075004697 ) ) ;
#3802 = VERTEX_POINT ( 'NONE', #4678 ) ;
#3803 = CARTESIAN_POINT ( 'NONE',  ( 9.350000000000001421, 7.053790642456766236, -1.597943415280961954 ) ) ;
#3805 = ADVANCED_FACE ( 'NONE', ( #8098 ), #5231, .T. ) ;
#3804 = FACE_OUTER_BOUND ( 'NONE', #7120, .T. ) ;
#3806 = ADVANCED_FACE ( 'NONE', ( #4566 ), #1572, .T. ) ;
#3807 = CARTESIAN_POINT ( 'NONE',  ( 9.350000000000003197, 7.678780822271610518, 3.457769405796386586 ) ) ;
#3808 = LINE ( 'NONE', #6384, #251 ) ;
#3809 = ORIENTED_EDGE ( 'NONE', *, *, #10731, .F. ) ;
#3810 = LINE ( 'NONE', #4815, #9192 ) ;
#3811 = VERTEX_POINT ( 'NONE', #247 ) ;
#3812 = DIRECTION ( 'NONE',  ( 2.556434596176350141E-15, 1.000000000000000000, 0.0000000000000000000 ) ) ;
#3813 = ORIENTED_EDGE ( 'NONE', *, *, #10238, .T. ) ;
#3814 = FILL_AREA_STYLE ('',( #6554 ) ) ;
#3815 = ORIENTED_EDGE ( 'NONE', *, *, #10607, .F. ) ;
#3816 =( BOUNDED_CURVE ( )  B_SPLINE_CURVE ( 3, ( #5171, #913, #7575, #10993 ),
 .UNSPECIFIED., .F., .T. ) 
 B_SPLINE_CURVE_WITH_KNOTS ( ( 4, 4 ),
 ( 0.0000000000000000000, 1.000000000000000000 ),
 .UNSPECIFIED. ) 
 CURVE ( )  GEOMETRIC_REPRESENTATION_ITEM ( )  RATIONAL_B_SPLINE_CURVE ( ( 1.000000000000000000, 0.8047378541243681571, 0.8047378541243681571, 1.000000000000000000 ) ) 
 REPRESENTATION_ITEM ( '' )  );
#3817 = ORIENTED_EDGE ( 'NONE', *, *, #10949, .F. ) ;
#3818 = CARTESIAN_POINT ( 'NONE',  ( 8.300000000000018474, 8.999999999999996447, -6.185584415584417073 ) ) ;
#3819 = CARTESIAN_POINT ( 'NONE',  ( 10.19999999999999929, 5.200000000000000178, 0.0000000000000000000 ) ) ;
#3820 =( GEOMETRIC_REPRESENTATION_CONTEXT ( 3 ) GLOBAL_UNCERTAINTY_ASSIGNED_CONTEXT ( ( #7209 ) ) GLOBAL_UNIT_ASSIGNED_CONTEXT ( ( #3197, #2857, #6063 ) ) REPRESENTATION_CONTEXT ( 'NONE', 'WORKASPACE' ) );
#3821 = CARTESIAN_POINT ( 'NONE',  ( 10.20000000000000107, 4.904568176923328693, -8.868909496384160818 ) ) ;
#3822 = DIRECTION ( 'NONE',  ( 0.0000000000000000000, 0.0000000000000000000, 1.000000000000000000 ) ) ;
#3823 = CARTESIAN_POINT ( 'NONE',  ( 6.500000000000000000, 11.69999999999999929, -9.400000000000000355 ) ) ;
#3824 = DIRECTION ( 'NONE',  ( 0.0000000000000000000, 0.0000000000000000000, -1.000000000000000000 ) ) ;
#3825 = CARTESIAN_POINT ( 'NONE',  ( 8.862475782649546829, 13.20000000000010054, 4.135000000000001563 ) ) ;
#3826 = VECTOR ( 'NONE', #8137, 1000.000000000000000 ) ;
#3827 = CARTESIAN_POINT ( 'NONE',  ( 11.14092921890174637, 6.636678088416491761, 2.069300120203779958 ) ) ;
#3828 = ADVANCED_FACE ( 'NONE', ( #10519, #10623 ), #1264, .T. ) ;
#3829 = ADVANCED_FACE ( 'NONE', ( #417 ), #8154, .T. ) ;
#3830 = LINE ( 'NONE', #2147, #10166 ) ;
#3831 = VERTEX_POINT ( 'NONE', #7253 ) ;
#3832 = ORIENTED_EDGE ( 'NONE', *, *, #9360, .T. ) ;
#3833 = PLANE ( 'NONE',  #9267 ) ;
#3834 = FILL_AREA_STYLE ('',( #413 ) ) ;
#3835 = ORIENTED_EDGE ( 'NONE', *, *, #9007, .F. ) ;
#3836 = CARTESIAN_POINT ( 'NONE',  ( 8.478445380721959523, 15.40439733175265857, 8.772580537057885763 ) ) ;
#3837 = ORIENTED_EDGE ( 'NONE', *, *, #11070, .T. ) ;
#3838 = CARTESIAN_POINT ( 'NONE',  ( 4.500000000000000000, 15.29999999999999893, 9.070000000000000284 ) ) ;
#3839 = PLANE ( 'NONE',  #6877 ) ;
#3840 = ORIENTED_EDGE ( 'NONE', *, *, #7243, .T. ) ;
#3841 = EDGE_CURVE ( 'NONE', #6899, #173, #10133, .T. ) ;
#3842 = VECTOR ( 'NONE', #357, 1000.000000000000000 ) ;
#3843 = VECTOR ( 'NONE', #7887, 1000.000000000000000 ) ;
#3844 = CARTESIAN_POINT ( 'NONE',  ( 4.299999999999982059, 15.30000000000000249, -4.849230484541302566 ) ) ;
#3845 = ORIENTED_EDGE ( 'NONE', *, *, #4537, .T. ) ;
#3846 = CARTESIAN_POINT ( 'NONE',  ( 10.19999999999999929, 6.650919539637638600, -0.7219204330814136261 ) ) ;
#3847 = CARTESIAN_POINT ( 'NONE',  ( 9.650000000000000355, 15.19999999999999929, -4.209999999999999964 ) ) ;
#3848 = CARTESIAN_POINT ( 'NONE',  ( 7.399999999999999467, 12.19999999999999929, 9.399999999999998579 ) ) ;
#3849 = MECHANICAL_DESIGN_GEOMETRIC_PRESENTATION_REPRESENTATION (  '', ( #11004 ), #8680 ) ;
#3850 = VERTEX_POINT ( 'NONE', #1147 ) ;
#3851 = AXIS2_PLACEMENT_3D ( 'NONE', #2759, #7890, #5247 ) ;
#3852 = CARTESIAN_POINT ( 'NONE',  ( 4.075000000000000178, 2.099999999999999645, 4.709999999999983089 ) ) ;
#3853 = ORIENTED_EDGE ( 'NONE', *, *, #5508, .T. ) ;
#3854 = FACE_BOUND ( 'NONE', #9596, .T. ) ;
#3855 = UNCERTAINTY_MEASURE_WITH_UNIT (LENGTH_MEASURE( 1.000000000000000082E-05 ), #3657, 'distance_accuracy_value', 'NONE');
#3856 = CARTESIAN_POINT ( 'NONE',  ( 9.628445380721966984, 15.20000000000009699, -4.114397331752655873 ) ) ;
#3857 = ADVANCED_FACE ( 'NONE', ( #7586 ), #9256, .T. ) ;
#3858 = CARTESIAN_POINT ( 'NONE',  ( 9.599999999999999645, 5.199999999999999289, -1.810000000000020037 ) ) ;
#3859 = CARTESIAN_POINT ( 'NONE',  ( 4.299999999999999822, 9.000000000000001776, 2.575601281123931496 ) ) ;
#3860 = CARTESIAN_POINT ( 'NONE',  ( 8.770205957768201444, 13.20000000000010054, 7.369591709434454962 ) ) ;
#3861 = VERTEX_POINT ( 'NONE', #10841 ) ;
#3862 = DIRECTION ( 'NONE',  ( 0.0000000000000000000, 0.0000000000000000000, 1.000000000000000000 ) ) ;
#3863 = CARTESIAN_POINT ( 'NONE',  ( 4.299999999999999822, 15.30000000000000071, 5.259999999999999787 ) ) ;
#3864 = DIRECTION ( 'NONE',  ( 0.0000000000000000000, -0.9999156794129788750, 0.01298591791445429834 ) ) ;
#3865 = VERTEX_POINT ( 'NONE', #5891 ) ;
#3866 = DIRECTION ( 'NONE',  ( -1.531342102931250010E-16, 0.0000000000000000000, -1.000000000000000000 ) ) ;
#3867 = ORIENTED_EDGE ( 'NONE', *, *, #5580, .F. ) ;
#3868 = CARTESIAN_POINT ( 'NONE',  ( 10.19999999999999929, 4.653613737370275061, 6.557360097431597090 ) ) ;
#3869 = AXIS2_PLACEMENT_3D ( 'NONE', #5717, #1306, #5556 ) ;
#3870 = DIRECTION ( 'NONE',  ( 0.0000000000000000000, 1.000000000000000000, 0.0000000000000000000 ) ) ;
#3871 = ORIENTED_EDGE ( 'NONE', *, *, #9730, .F. ) ;
#3872 = EDGE_CURVE ( 'NONE', #1259, #2393, #7584, .T. ) ;
#3873 = EDGE_CURVE ( 'NONE', #5927, #2503, #7314, .T. ) ;
#3874 = ORIENTED_EDGE ( 'NONE', *, *, #3235, .F. ) ;
#3875 = DIRECTION ( 'NONE',  ( 0.0000000000000000000, 0.0000000000000000000, -1.000000000000000000 ) ) ;
#3876 = CARTESIAN_POINT ( 'NONE',  ( 4.500000000000000000, 15.30000000000000604, 2.657419462942114396 ) ) ;
#3877 = VECTOR ( 'NONE', #7820, 1000.000000000000000 ) ;
#3878 = CARTESIAN_POINT ( 'NONE',  ( 10.19999999999999929, 4.255697625097144332, -8.225000484216383967 ) ) ;
#3879 = SURFACE_STYLE_FILL_AREA ( #7350 ) ;
#3880 =( NAMED_UNIT ( * ) SI_UNIT ( $, .STERADIAN. ) SOLID_ANGLE_UNIT ( ) );
#3881 = ADVANCED_FACE ( 'NONE', ( #532 ), #4158, .F. ) ;
#3882 = CARTESIAN_POINT ( 'NONE',  ( 9.650000000000000355, 13.19999999999999929, 3.609999999999999876 ) ) ;
#3883 = DIRECTION ( 'NONE',  ( -0.0000000000000000000, -0.0000000000000000000, -1.000000000000000000 ) ) ;
#3884 = ORIENTED_EDGE ( 'NONE', *, *, #10777, .T. ) ;
#3885 = COLOUR_RGB ( '',1.000000000000000000, 1.000000000000000000, 1.000000000000000000 ) ;
#3886 =( LENGTH_UNIT ( ) NAMED_UNIT ( * ) SI_UNIT ( .MILLI., .METRE. ) );
#3887 = EDGE_LOOP ( 'NONE', ( #1419, #6136, #3633, #10812 ) ) ;
#3888 = DIRECTION ( 'NONE',  ( 0.0000000000000000000, 0.9999156794129788750, 0.01298591791445429834 ) ) ;
#3889 = VECTOR ( 'NONE', #5755, 1000.000000000000000 ) ;
#3890 = EDGE_LOOP ( 'NONE', ( #6, #9046, #8585, #7733 ) ) ;
#3891 = ADVANCED_FACE ( 'NONE', ( #744 ), #10060, .T. ) ;
#3892 = EDGE_CURVE ( 'NONE', #1241, #6322, #6503, .T. ) ;
#3893 = CARTESIAN_POINT ( 'NONE',  ( 10.89999999999999858, 6.757765876465089860, -1.805000000000001048 ) ) ;
#3894 = DIRECTION ( 'NONE',  ( 0.0000000000000000000, 0.01298591791445429834, 0.9999156794129788750 ) ) ;
#3895 = ORIENTED_EDGE ( 'NONE', *, *, #4083, .T. ) ;
#3896 = AXIS2_PLACEMENT_3D ( 'NONE', #6120, #1696, #10230 ) ;
#3897 = DIRECTION ( 'NONE',  ( -1.000000000000000000, 0.0000000000000000000, 0.0000000000000000000 ) ) ;
#3898 = VERTEX_POINT ( 'NONE', #7411 ) ;
#3899 = DIRECTION ( 'NONE',  ( 0.0000000000000000000, 0.0000000000000000000, -1.000000000000000000 ) ) ;
#3900 = B_SPLINE_CURVE_WITH_KNOTS ( 'NONE', 3,
 ( #9748, #10589, #9915, #493 ),
 .UNSPECIFIED., .F., .F.,
 ( 4, 4 ),
 ( 0.0000000000000000000, 1.000000000000000000 ),
 .UNSPECIFIED. ) ;
#3901 = DIRECTION ( 'NONE',  ( 0.0000000000000000000, 1.000000000000000000, 0.0000000000000000000 ) ) ;
#3902 = LINE ( 'NONE', #7322, #8770 ) ;
#3903 = VECTOR ( 'NONE', #7636, 1000.000000000000000 ) ;
#3904 = EDGE_CURVE ( 'NONE', #3539, #10868, #6574, .T. ) ;
#3905 = ORIENTED_EDGE ( 'NONE', *, *, #1740, .T. ) ;
#3906 = CARTESIAN_POINT ( 'NONE',  ( 8.418034671099027477, 15.37173446289487444, -1.351665786196172059 ) ) ;
#3907 = VERTEX_POINT ( 'NONE', #4889 ) ;
#3908 = CARTESIAN_POINT ( 'NONE',  ( 8.862475782649546829, 13.20000000000010054, 7.944999999999998508 ) ) ;
#3909 = CARTESIAN_POINT ( 'NONE',  ( 10.20000000000000107, 5.799999999999998934, 1.316269301653441026 ) ) ;
#3910 = CARTESIAN_POINT ( 'NONE',  ( 4.315797791639890413, 15.29999999999999538, -4.737545581209108292 ) ) ;
#3911 = ORIENTED_EDGE ( 'NONE', *, *, #5215, .F. ) ;
#3912 = CARTESIAN_POINT ( 'NONE',  ( 1.399999999999999911, 8.000000000000000000, 9.919999999999999929 ) ) ;
#3913 = VECTOR ( 'NONE', #2098, 1000.000000000000000 ) ;
#3914 = VECTOR ( 'NONE', #7357, 1000.000000000000000 ) ;
#3915 = CARTESIAN_POINT ( 'NONE',  ( 8.899999999999998579, 15.19999999999999929, -3.409999999999999698 ) ) ;
#3916 = CARTESIAN_POINT ( 'NONE',  ( 6.667669354536265303, 14.49999999999999645, 4.434267176339143468 ) ) ;
#3917 = FACE_OUTER_BOUND ( 'NONE', #8119, .T. ) ;
#3918 = CARTESIAN_POINT ( 'NONE',  ( 9.018600732609497683, 13.20000000000010054, -3.410000000000000586 ) ) ;
#3919 = EDGE_CURVE ( 'NONE', #9998, #5548, #8306, .T. ) ;
#3920 = ORIENTED_EDGE ( 'NONE', *, *, #5941, .F. ) ;
#3921 = CARTESIAN_POINT ( 'NONE',  ( 6.500000000000000888, 14.59999999999999964, 6.570000000020552733 ) ) ;
#3922 = ORIENTED_EDGE ( 'NONE', *, *, #6201, .F. ) ;
#3923 = CYLINDRICAL_SURFACE ( 'NONE', #7070, 1.350000000000020517 ) ;
#3924 = ORIENTED_EDGE ( 'NONE', *, *, #8850, .F. ) ;
#3925 = AXIS2_PLACEMENT_3D ( 'NONE', #10713, #9880, #3982 ) ;
#3926 = DIRECTION ( 'NONE',  ( -1.000000000000000000, -0.0000000000000000000, -0.0000000000000000000 ) ) ;
#3927 = B_SPLINE_CURVE_WITH_KNOTS ( 'NONE', 3,
 ( #5076, #9387, #1647, #10297 ),
 .UNSPECIFIED., .F., .F.,
 ( 4, 4 ),
 ( 0.0000000000000000000, 1.000000000000000000 ),
 .UNSPECIFIED. ) ;
#3928 = ORIENTED_EDGE ( 'NONE', *, *, #4240, .F. ) ;
#3929 = ORIENTED_EDGE ( 'NONE', *, *, #10057, .T. ) ;
#3930 = CARTESIAN_POINT ( 'NONE',  ( 8.825156416238812085, 15.20000000000020002, -4.088388126292680447 ) ) ;
#3931 = DIRECTION ( 'NONE',  ( 0.0000000000000000000, -0.0000000000000000000, 1.000000000000000000 ) ) ;
#3932 = AXIS2_PLACEMENT_3D ( 'NONE', #2437, #1658, #2497 ) ;
#3933 = LINE ( 'NONE', #10931, #2980 ) ;
#3934 = CARTESIAN_POINT ( 'NONE',  ( 11.19999999999999929, 1.300000000000000266, -9.919999999999999929 ) ) ;
#3935 = ADVANCED_FACE ( 'NONE', ( #9195 ), #1523, .F. ) ;
#3936 = EDGE_CURVE ( 'NONE', #2503, #6602, #443, .T. ) ;
#3937 = DIRECTION ( 'NONE',  ( 1.000000000000000000, 1.445602896647339903E-15, 0.0000000000000000000 ) ) ;
#3938 = DIRECTION ( 'NONE',  ( -0.0000000000000000000, 0.0000000000000000000, -1.000000000000000000 ) ) ;
#3939 = FACE_OUTER_BOUND ( 'NONE', #9194, .T. ) ;
#3940 = MECHANICAL_DESIGN_GEOMETRIC_PRESENTATION_REPRESENTATION (  '', ( #9852 ), #7364 ) ;
#3941 = VECTOR ( 'NONE', #8656, 1000.000000000000114 ) ;
#3942 = CARTESIAN_POINT ( 'NONE',  ( 7.045621697155284302, 14.49999999999999822, -3.493878433838435882 ) ) ;
#3943 = CARTESIAN_POINT ( 'NONE',  ( 4.346153846153809397, 15.30000000000000249, 0.8793488715349659923 ) ) ;
#3944 = EDGE_LOOP ( 'NONE', ( #5599, #7997, #4186, #7034 ) ) ;
#3945 = EDGE_LOOP ( 'NONE', ( #3594, #4872, #6284, #1293 ) ) ;
#3946 = CARTESIAN_POINT ( 'NONE',  ( 4.395602668247343026, 9.000585821344342818, 1.412851539416728919 ) ) ;
#3947 = CARTESIAN_POINT ( 'NONE',  ( 9.350000000000001421, 7.799999999999999822, 9.220000000000000639 ) ) ;
#3948 = VERTEX_POINT ( 'NONE', #10228 ) ;
#3949 = EDGE_CURVE ( 'NONE', #917, #2476, #1166, .T. ) ;
#3950 = ADVANCED_FACE ( 'NONE', ( #3374 ), #10397, .T. ) ;
#3951 =( BOUNDED_SURFACE ( )  B_SPLINE_SURFACE ( 3, 3, ( 
 ( #2004, #5425, #5268, #4588 ),
 ( #9521, #4527, #4423, #1953 ),
 ( #7854, #42, #7108, #3466 ),
 ( #8627, #6883, #8733, #157 ) ),
 .UNSPECIFIED., .F., .F., .F. ) 
 B_SPLINE_SURFACE_WITH_KNOTS ( ( 4, 4 ),
 ( 4, 4 ),
 ( 0.0000000000000000000, 1.000000000000000000 ),
 ( 0.0000000000000000000, 1.000000000000000000 ),
 .UNSPECIFIED. ) 
 GEOMETRIC_REPRESENTATION_ITEM ( )  RATIONAL_B_SPLINE_SURFACE ( (
 ( 1.000000000000000000, 0.8047378541243568328, 0.8047378541243568328, 1.000000000000000000),
 ( 0.8025111867385881226, 0.6458111303268023740, 0.6458111303268023740, 0.8025111867385881226),
 ( 0.8025111867385881226, 0.6458111303268023740, 0.6458111303268023740, 0.8025111867385881226),
 ( 1.000000000000000000, 0.8047378541243568328, 0.8047378541243568328, 1.000000000000000000) ) ) 
 REPRESENTATION_ITEM ( '' )  SURFACE ( )  );
#3952 =( NAMED_UNIT ( * ) SI_UNIT ( $, .STERADIAN. ) SOLID_ANGLE_UNIT ( ) );
#3953 = CARTESIAN_POINT ( 'NONE',  ( 4.299999999999999822, 9.000247077141521501, 8.906759803029775213 ) ) ;
#3954 = CARTESIAN_POINT ( 'NONE',  ( 4.382842712474574576, 15.49999999999997335, 2.812000263224295971 ) ) ;
#3955 = EDGE_LOOP ( 'NONE', ( #5969, #10090, #948, #4743 ) ) ;
#3956 = DIRECTION ( 'NONE',  ( -0.0000000000000000000, -0.9999156794129788750, 0.01298591791445429834 ) ) ;
#3957 = EDGE_CURVE ( 'NONE', #7117, #10103, #6107, .T. ) ;
#3958 = EDGE_LOOP ( 'NONE', ( #3510, #6212, #10041 ) ) ;
#3959 = FACE_OUTER_BOUND ( 'NONE', #6819, .T. ) ;
#3960 = CARTESIAN_POINT ( 'NONE',  ( 7.550068476083016122, 15.50000000000000533, 0.1388264620706802233 ) ) ;
#3961 = CARTESIAN_POINT ( 'NONE',  ( 8.499999999999998224, 15.30000000000000249, 1.152580537057887211 ) ) ;
#3962 = VERTEX_POINT ( 'NONE', #6118 ) ;
#3963 = CARTESIAN_POINT ( 'NONE',  ( 8.770205957768197891, 13.20000000000010054, -0.2504082905655448665 ) ) ;
#3964 = SURFACE_STYLE_USAGE ( .BOTH. , #6745 ) ;
#3965 = MANIFOLD_SOLID_BREP ( 'Combine3', #6964 ) ;
#3966 = CARTESIAN_POINT ( 'NONE',  ( 8.299999999999998934, 15.50000000000000000, -2.657419462942110400 ) ) ;
#3967 = CARTESIAN_POINT ( 'NONE',  ( 4.299999999999998934, 15.35236108383767473, -4.962333435582858776 ) ) ;
#3968 = ADVANCED_FACE ( 'NONE', ( #4446 ), #6793, .T. ) ;
#3969 = EDGE_CURVE ( 'NONE', #5484, #8063, #8536, .T. ) ;
#3970 = EDGE_LOOP ( 'NONE', ( #6225, #7760, #9816, #7682 ) ) ;
#3971 = CARTESIAN_POINT ( 'NONE',  ( 4.316198970578239980, 9.000000000000000000, 8.546908624096984042 ) ) ;
#3972 = DIRECTION ( 'NONE',  ( 0.0000000000000000000, 0.0000000000000000000, -1.000000000000000000 ) ) ;
#3973 = DIRECTION ( 'NONE',  ( 0.0000000000000000000, -0.0000000000000000000, -1.000000000000000000 ) ) ;
#3974 = EDGE_LOOP ( 'NONE', ( #5690, #8353, #3533, #754 ) ) ;
#3975 = LINE ( 'NONE', #2953, #2225 ) ;
#3976 = EDGE_LOOP ( 'NONE', ( #8991, #10817, #3453, #4981, #470, #6627, #8695, #4785, #8486, #161, #4248, #2989 ) ) ;
#3977 = DIRECTION ( 'NONE',  ( 0.0000000000000000000, -1.000000000000000000, 0.0000000000000000000 ) ) ;
#3978 = EDGE_LOOP ( 'NONE', ( #7629, #7138, #5617, #3778 ) ) ;
#3979 = DIRECTION ( 'NONE',  ( -4.429789868254374596E-14, 1.687538997430214213E-13, -1.000000000000000000 ) ) ;
#3980 = EDGE_LOOP ( 'NONE', ( #5831, #4420, #1617, #10752 ) ) ;
#3981 = CARTESIAN_POINT ( 'NONE',  ( 4.346153846153809397, 15.30000000000000249, 4.689348871534965824 ) ) ;
#3982 = DIRECTION ( 'NONE',  ( 0.0000000000000000000, 0.0000000000000000000, 1.000000000000000000 ) ) ;
#3983 = CARTESIAN_POINT ( 'NONE',  ( 8.706350832689590646, 13.20000000000010054, 0.2499999999999993616 ) ) ;
#3984 = CYLINDRICAL_SURFACE ( 'NONE', #9363, 0.2000000000000001499 ) ;
#3985 = VECTOR ( 'NONE', #3720, 1000.000000000000000 ) ;
#3986 = CARTESIAN_POINT ( 'NONE',  ( 5.999239064358689255, 14.49999999999999822, -4.192989508974070745 ) ) ;
#3987 = DIRECTION ( 'NONE',  ( -0.0000000000000000000, -0.9999156794129789860, -0.01298591791445430008 ) ) ;
#3988 = CARTESIAN_POINT ( 'NONE',  ( 4.444692525027671870, 9.000000000000000000, -9.054006623889673477 ) ) ;
#3989 = CARTESIAN_POINT ( 'NONE',  ( 4.299999999999998934, 9.000247077141521501, -2.523240196970221838 ) ) ;
#3990 = EDGE_CURVE ( 'NONE', #3461, #3209, #1859, .T. ) ;
#3991 = SURFACE_STYLE_FILL_AREA ( #9250 ) ;
#3992 = VECTOR ( 'NONE', #1817, 1000.000000000000000 ) ;
#3993 = ORIENTED_EDGE ( 'NONE', *, *, #2274, .T. ) ;
#3994 = DIRECTION ( 'NONE',  ( 0.0000000000000000000, 0.0000000000000000000, 1.000000000000000000 ) ) ;
#3995 = DIRECTION ( 'NONE',  ( 0.0000000000000000000, 0.0000000000000000000, 1.000000000000000000 ) ) ;
#3996 = PRODUCT_CONTEXT ( 'NONE', #5898, 'mechanical' ) ;
#3997 = ORIENTED_EDGE ( 'NONE', *, *, #2335, .F. ) ;
#3998 = FACE_OUTER_BOUND ( 'NONE', #1016, .T. ) ;
#3999 = ORIENTED_EDGE ( 'NONE', *, *, #4375, .F. ) ;
#4000 = ADVANCED_FACE ( 'NONE', ( #4273, #7877 ), #181, .T. ) ;
#4001 = ADVANCED_FACE ( 'NONE', ( #8472 ), #803, .T. ) ;
#4002 = FACE_OUTER_BOUND ( 'NONE', #3660, .T. ) ;
#4003 = EDGE_LOOP ( 'NONE', ( #9353, #4788, #4397, #10035 ) ) ;
#4004 = EDGE_LOOP ( 'NONE', ( #1318, #2532, #5707, #824 ) ) ;
#4005 = CARTESIAN_POINT ( 'NONE',  ( 8.418034671099023925, 15.37173446289487089, -6.268334213803828270 ) ) ;
#4006 = CARTESIAN_POINT ( 'NONE',  ( 10.20000000000000107, 5.799999999999997158, -8.936269301653442909 ) ) ;
#4007 = CARTESIAN_POINT ( 'NONE',  ( 10.89999999999999858, 6.757765876465089860, -2.004999999999999893 ) ) ;
#4008 = LINE ( 'NONE', #8427, #4916 ) ;
#4009 = ADVANCED_FACE ( 'NONE', ( #9435 ), #8811, .T. ) ;
#4010 = EDGE_LOOP ( 'NONE', ( #3321, #8651, #6736, #5179, #2564, #5612 ) ) ;
#4011 = CARTESIAN_POINT ( 'NONE',  ( 8.499991117421792808, 15.29997552248378057, -8.770695768309465734 ) ) ;
#4012 = VECTOR ( 'NONE', #6624, 1000.000000000000000 ) ;
#4013 = AXIS2_PLACEMENT_3D ( 'NONE', #504, #4654, #3013 ) ;
#4014 = CARTESIAN_POINT ( 'NONE',  ( 4.299999999999963407, 15.50000000000009948, -6.580769515458699814 ) ) ;
#4015 = CARTESIAN_POINT ( 'NONE',  ( 4.599999999999959677, 15.50000000000009948, 1.039230484541330268 ) ) ;
#4016 = ORIENTED_EDGE ( 'NONE', *, *, #7375, .F. ) ;
#4017 = CARTESIAN_POINT ( 'NONE',  ( 4.299999999999999822, 15.30000000000000249, -4.962580537057887042 ) ) ;
#4018 = ORIENTED_EDGE ( 'NONE', *, *, #7859, .F. ) ;
#4019 = DIRECTION ( 'NONE',  ( -1.000000000000000000, -1.066083429980355782E-17, 3.731292004931244158E-17 ) ) ;
#4020 = VECTOR ( 'NONE', #8591, 1000.000000000000000 ) ;
#4021 = CARTESIAN_POINT ( 'NONE',  ( 8.862475782649550382, 13.20000000000013785, 3.484999999999999876 ) ) ;
#4022 = VECTOR ( 'NONE', #1999, 1000.000000000000000 ) ;
#4023 = FACE_OUTER_BOUND ( 'NONE', #4516, .T. ) ;
#4024 = CARTESIAN_POINT ( 'NONE',  ( 4.316198970578239091, 9.000000000000000000, -2.883091375903015230 ) ) ;
#4025 = CARTESIAN_POINT ( 'NONE',  ( 6.226543705840673404, 15.50000000000000178, 4.833071962910480579 ) ) ;
#4026 = VERTEX_POINT ( 'NONE', #4666 ) ;
#4027 = FILL_AREA_STYLE ('',( #3230 ) ) ;
#4028 = ADVANCED_FACE ( 'NONE', ( #2970 ), #8869, .T. ) ;
#4029 = DIRECTION ( 'NONE',  ( 0.8461538461538553602, 0.0000000000000000000, -0.5329387100211783190 ) ) ;
#4030 = ADVANCED_FACE ( 'NONE', ( #8926 ), #1978, .F. ) ;
#4031 = DIRECTION ( 'NONE',  ( 0.0000000000000000000, 0.0000000000000000000, -1.000000000000000000 ) ) ;
#4032 = VECTOR ( 'NONE', #3773, 1000.000000000000000 ) ;
#4033 = VECTOR ( 'NONE', #126, 1000.000000000000000 ) ;
#4034 = ORIENTED_EDGE ( 'NONE', *, *, #8740, .F. ) ;
#4035 = ORIENTED_EDGE ( 'NONE', *, *, #726, .F. ) ;
#4036 = CYLINDRICAL_SURFACE ( 'NONE', #11064, 1.650000000000000355 ) ;
#4037 = CARTESIAN_POINT ( 'NONE',  ( 9.866666666666661811, 7.009966887054361884, 9.219999999999799911 ) ) ;
#4038 = CARTESIAN_POINT ( 'NONE',  ( -0.9999999999999997780, 15.50000000000000000, 1.350000000000000533 ) ) ;
#4039 = DIRECTION ( 'NONE',  ( 0.0000000000000000000, 0.0000000000000000000, -1.000000000000000000 ) ) ;
#4040 = VECTOR ( 'NONE', #1709, 1000.000000000000000 ) ;
#4041 = CARTESIAN_POINT ( 'NONE',  ( 6.500000000000000888, 14.49999999999890754, -4.435000000015860699 ) ) ;
#4042 = CARTESIAN_POINT ( 'NONE',  ( 7.340723171297685923, 15.50000000000000533, 6.975711419641705824 ) ) ;
#4043 = CARTESIAN_POINT ( 'NONE',  ( 4.382842712474610991, 15.50000000000004441, 8.659230484541362571 ) ) ;
#4044 = AXIS2_PLACEMENT_3D ( 'NONE', #9409, #6941, #1005 ) ;
#4045 = CARTESIAN_POINT ( 'NONE',  ( 8.706350832689590646, 13.20000000000010054, -0.2500000000000002220 ) ) ;
#4046 = ORIENTED_EDGE ( 'NONE', *, *, #1982, .T. ) ;
#4047 = DIRECTION ( 'NONE',  ( -1.000000000000000000, 0.0000000000000000000, 0.0000000000000000000 ) ) ;
#4048 = SHAPE_DEFINITION_REPRESENTATION ( #3114, #8245 ) ;
#4049 = CARTESIAN_POINT ( 'NONE',  ( 4.299999999999969624, 15.30000000000000604, 4.792270736744556281 ) ) ;
#4050 = AXIS2_PLACEMENT_3D ( 'NONE', #3153, #2318, #1323 ) ;
#4051 = EDGE_CURVE ( 'NONE', #9328, #10103, #3517, .T. ) ;
#4052 = VERTEX_POINT ( 'NONE', #7926 ) ;
#4053 = DIRECTION ( 'NONE',  ( -1.000000000000000000, 4.110719137385800108E-17, 0.0000000000000000000 ) ) ;
#4054 = CARTESIAN_POINT ( 'NONE',  ( 4.382842712474575464, 15.49999999999997691, 2.770769515458704202 ) ) ;
#4055 = EDGE_LOOP ( 'NONE', ( #3091, #10934, #9683, #2400 ) ) ;
#4056 = CARTESIAN_POINT ( 'NONE',  ( 6.500000000000000888, 14.59999999999999964, -6.570000000020552733 ) ) ;
#4057 = VERTEX_POINT ( 'NONE', #6292 ) ;
#4058 = ORIENTED_EDGE ( 'NONE', *, *, #1493, .T. ) ;
#4059 = CARTESIAN_POINT ( 'NONE',  ( 4.300008882578199909, 15.41711772838280048, 1.149174440960128996 ) ) ;
#4060 = VECTOR ( 'NONE', #3770, 1000.000000000000000 ) ;
#4061 = LINE ( 'NONE', #7479, #2096 ) ;
#4062 = CARTESIAN_POINT ( 'NONE',  ( -8.599999999999999645, 5.500000000000000000, -3.810000000000000053 ) ) ;
#4063 = DIRECTION ( 'NONE',  ( -0.4815434123430730184, 0.8427009716003864837, 0.2407717061715389517 ) ) ;
#4064 = ADVANCED_FACE ( 'NONE', ( #2087 ), #1920, .T. ) ;
#4065 = EDGE_CURVE ( 'NONE', #8236, #392, #3309, .T. ) ;
#4066 = CARTESIAN_POINT ( 'NONE',  ( 10.19999999999999929, 5.500000000000000000, -3.810000000000000053 ) ) ;
#4067 = CARTESIAN_POINT ( 'NONE',  ( 8.299999999999998934, 15.30259718358289689, -8.972563672940486512 ) ) ;
#4068 = AXIS2_PLACEMENT_3D ( 'NONE', #7279, #8177, #3972 ) ;
#4069 = CARTESIAN_POINT ( 'NONE',  ( 8.299999999999982947, 8.999999999999996447, -5.244415584415590637 ) ) ;
#4070 = FACE_OUTER_BOUND ( 'NONE', #3887, .T. ) ;
#4071 = FILL_AREA_STYLE_COLOUR ( '', #3486 ) ;
#4072 = ORIENTED_EDGE ( 'NONE', *, *, #6337, .F. ) ;
#4073 = CARTESIAN_POINT ( 'NONE',  ( 4.499999999999999112, 15.42062190192915949, -2.458969115609470180 ) ) ;
#4074 =( BOUNDED_SURFACE ( )  B_SPLINE_SURFACE ( 3, 3, ( 
 ( #2997, #9690, #9742, #1384 ),
 ( #6427, #7205, #3906, #9800 ),
 ( #2882, #2212, #6315, #5420 ),
 ( #10633, #8165, #2114, #10747 ) ),
 .UNSPECIFIED., .F., .F., .F. ) 
 B_SPLINE_SURFACE_WITH_KNOTS ( ( 4, 4 ),
 ( 4, 4 ),
 ( 0.0000000000000000000, 1.000000000000000000 ),
 ( 0.0000000000000000000, 1.000000000000000000 ),
 .UNSPECIFIED. ) 
 GEOMETRIC_REPRESENTATION_ITEM ( )  RATIONAL_B_SPLINE_SURFACE ( (
 ( 1.000000000000000000, 0.8047378541243540573, 0.8047378541243540573, 1.000000000000000000),
 ( 0.8025111867385931186, 0.6458111303268042613, 0.6458111303268042613, 0.8025111867385931186),
 ( 0.8025111867385931186, 0.6458111303268042613, 0.6458111303268042613, 0.8025111867385931186),
 ( 1.000000000000000000, 0.8047378541243540573, 0.8047378541243540573, 1.000000000000000000) ) ) 
 REPRESENTATION_ITEM ( '' )  SURFACE ( )  );
#4075 = ORIENTED_EDGE ( 'NONE', *, *, #6670, .T. ) ;
#4076 = EDGE_CURVE ( 'NONE', #6987, #8381, #7180, .T. ) ;
#4077 = CARTESIAN_POINT ( 'NONE',  ( 5.449931523916873743, 15.50000000000000533, -3.948826462070468502 ) ) ;
#4078 = AXIS2_PLACEMENT_3D ( 'NONE', #9308, #792, #7761 ) ;
#4079 = FACE_OUTER_BOUND ( 'NONE', #7745, .T. ) ;
#4080 = CARTESIAN_POINT ( 'NONE',  ( 1.474999999999999867, 2.099999999999999645, 6.719999999999999751 ) ) ;
#4081 = DIRECTION ( 'NONE',  ( 0.0000000000000000000, 0.0000000000000000000, 1.000000000000000000 ) ) ;
#4082 = EDGE_LOOP ( 'NONE', ( #5512, #3762, #8541, #10855 ) ) ;
#4083 = EDGE_CURVE ( 'NONE', #2675, #6707, #624, .T. ) ;
#4084 = CARTESIAN_POINT ( 'NONE',  ( 8.958889746352317829, 13.20000000000010054, -4.209999999999998188 ) ) ;
#4085 = CARTESIAN_POINT ( 'NONE',  ( 4.500000000000000000, 15.50259483730813059, -8.886103730624435926 ) ) ;
#4086 = ORIENTED_EDGE ( 'NONE', *, *, #5594, .F. ) ;
#4087 = DIRECTION ( 'NONE',  ( -0.0000000000000000000, -0.0000000000000000000, 1.000000000000000000 ) ) ;
#4088 = AXIS2_PLACEMENT_3D ( 'NONE', #10696, #1531, #9810 ) ;
#4089 = ORIENTED_EDGE ( 'NONE', *, *, #5796, .T. ) ;
#4090 = DIRECTION ( 'NONE',  ( -0.0000000000000000000, 1.000000000000000000, -0.0000000000000000000 ) ) ;
#4091 = ADVANCED_FACE ( 'NONE', ( #3655 ), #6174, .T. ) ;
#4092 = CARTESIAN_POINT ( 'NONE',  ( 11.20000000000000107, 6.732126113257712596, 5.265723666877953235 ) ) ;
#4093 = EDGE_CURVE ( 'NONE', #8598, #5493, #5809, .T. ) ;
#4094 = CARTESIAN_POINT ( 'NONE',  ( 9.449999999999999289, 13.19999999999999929, 0.1999999999999996503 ) ) ;
#4095 = LINE ( 'NONE', #5104, #7046 ) ;
#4096 = VECTOR ( 'NONE', #5163, 1000.000000000000000 ) ;
#4097 = ORIENTED_EDGE ( 'NONE', *, *, #3484, .T. ) ;
#4098 = CARTESIAN_POINT ( 'NONE',  ( 8.300000000000002487, 15.50259483730813415, -2.543896269375567787 ) ) ;
#4099 = LINE ( 'NONE', #7631, #8155 ) ;
#4100 = CARTESIAN_POINT ( 'NONE',  ( 9.599999999999999645, 5.199999999999999289, -2.493755341891169319 ) ) ;
#4101 = ORIENTED_EDGE ( 'NONE', *, *, #1094, .T. ) ;
#4102 = B_SPLINE_CURVE_WITH_KNOTS ( 'NONE', 3,
 ( #7361, #9956, #2256, #9142 ),
 .UNSPECIFIED., .F., .F.,
 ( 4, 4 ),
 ( 0.0000000000000000000, 1.000000000000000000 ),
 .UNSPECIFIED. ) ;
#4103 = ORIENTED_EDGE ( 'NONE', *, *, #3106, .F. ) ;
#4104 = ADVANCED_FACE ( 'NONE', ( #4612 ), #10564, .T. ) ;
#4105 = DIRECTION ( 'NONE',  ( 0.0000000000000000000, 0.0000000000000000000, -1.000000000000000000 ) ) ;
#4106 = EDGE_CURVE ( 'NONE', #9425, #5052, #2628, .T. ) ;
#4107 = CARTESIAN_POINT ( 'NONE',  ( 10.20000000000000107, 5.200000000000001066, 2.493730698346557251 ) ) ;
#4108 = VECTOR ( 'NONE', #9791, 1000.000000000000000 ) ;
#4109 = VECTOR ( 'NONE', #3792, 1000.000000000000000 ) ;
#4110 = LINE ( 'NONE', #7529, #6520 ) ;
#4111 = VERTEX_POINT ( 'NONE', #8554 ) ;
#4112 = CARTESIAN_POINT ( 'NONE',  ( 4.346153846153806732, 15.41715728752538439, 8.499348871534966321 ) ) ;
#4113 = CARTESIAN_POINT ( 'NONE',  ( 4.299999999999960743, 15.50000000000009948, 4.849230484541330100 ) ) ;
#4114 = ORIENTED_EDGE ( 'NONE', *, *, #10396, .F. ) ;
#4115 = SURFACE_SIDE_STYLE ('',( #8365 ) ) ;
#4116 = ORIENTED_EDGE ( 'NONE', *, *, #1942, .F. ) ;
#4117 = ORIENTED_EDGE ( 'NONE', *, *, #2750, .F. ) ;
#4118 = CARTESIAN_POINT ( 'NONE',  ( 4.382196266961281950, 15.50259483730812526, 1.266103730624434709 ) ) ;
#4119 = DIRECTION ( 'NONE',  ( 0.0000000000000000000, 0.0000000000000000000, 1.000000000000000000 ) ) ;
#4120 = CARTESIAN_POINT ( 'NONE',  ( 7.416841637360986006, 15.50000000000000000, -0.5301526454856655413 ) ) ;
#4121 = DIRECTION ( 'NONE',  ( 0.0000000000000000000, 0.0000000000000000000, 1.000000000000000000 ) ) ;
#4122 = SURFACE_STYLE_FILL_AREA ( #10798 ) ;
#4123 = DIRECTION ( 'NONE',  ( -0.0000000000000000000, -0.6189924607046914939, 0.7853969274136174405 ) ) ;
#4124 = CARTESIAN_POINT ( 'NONE',  ( 4.299999999999999822, 9.000000000000001776, -6.385601281123931550 ) ) ;
#4125 = CARTESIAN_POINT ( 'NONE',  ( 9.599999999999999645, 5.799999999999999822, 5.809999999999980069 ) ) ;
#4126 = LINE ( 'NONE', #2377, #8309 ) ;
#4127 = ORIENTED_EDGE ( 'NONE', *, *, #4400, .T. ) ;
#4128 = DIRECTION ( 'NONE',  ( 0.0000000000000000000, -0.0000000000000000000, 1.000000000000000000 ) ) ;
#4129 = VERTEX_POINT ( 'NONE', #6863 ) ;
#4130 = EDGE_CURVE ( 'NONE', #10014, #3612, #2757, .T. ) ;
#4131 = CARTESIAN_POINT ( 'NONE',  ( 9.600000000000001421, 5.200000000000000178, 8.936236820298940842 ) ) ;
#4132 = CARTESIAN_POINT ( 'NONE',  ( 8.500000000000000000, 15.20000000000002593, 7.370000000000000107 ) ) ;
#4133 = CARTESIAN_POINT ( 'NONE',  ( 8.299999999999998934, 15.50000000000000000, -1.152580537057890098 ) ) ;
#4134 = CARTESIAN_POINT ( 'NONE',  ( 6.360211704658139453, 15.50000000000000178, 4.859611024965076354 ) ) ;
#4135 = EDGE_LOOP ( 'NONE', ( #3733, #2830, #3362, #2851 ) ) ;
#4136 = EDGE_LOOP ( 'NONE', ( #8005, #471 ) ) ;
#4137 = CARTESIAN_POINT ( 'NONE',  ( 4.500000000000000888, 15.30259718358289867, -8.972563672940486512 ) ) ;
#4138 = VERTEX_POINT ( 'NONE', #3615 ) ;
#4139 = ORIENTED_EDGE ( 'NONE', *, *, #4160, .F. ) ;
#4140 = EDGE_CURVE ( 'NONE', #4481, #1464, #6084, .T. ) ;
#4141 = CARTESIAN_POINT ( 'NONE',  ( 8.499999999999998224, 15.30000000000000249, 1.152580537057887211 ) ) ;
#4142 = ADVANCED_FACE ( 'NONE', ( #1043 ), #4406, .T. ) ;
#4143 = FACE_OUTER_BOUND ( 'NONE', #2151, .T. ) ;
#4144 = CARTESIAN_POINT ( 'NONE',  ( 0.0000000000000000000, -6.931149602675205612E-17, -9.919999999999999929 ) ) ;
#4145 = DIRECTION ( 'NONE',  ( 1.000000000000000000, 0.0000000000000000000, 0.0000000000000000000 ) ) ;
#4146 = ORIENTED_EDGE ( 'NONE', *, *, #4769, .F. ) ;
#4147 = CARTESIAN_POINT ( 'NONE',  ( 4.315797791639885972, 15.30000000000000426, -6.692454418790872772 ) ) ;
#4148 = CARTESIAN_POINT ( 'NONE',  ( 4.500000000000003553, 15.42062190192916482, -5.161030884390533480 ) ) ;
#4149 = CARTESIAN_POINT ( 'NONE',  ( 8.499999999999998224, 15.30000000000000249, -8.772580537057885763 ) ) ;
#4150 = EDGE_CURVE ( 'NONE', #9968, #3164, #4753, .T. ) ;
#4151 = FACE_OUTER_BOUND ( 'NONE', #10190, .T. ) ;
#4152 = ORIENTED_EDGE ( 'NONE', *, *, #7102, .F. ) ;
#4153 = DIRECTION ( 'NONE',  ( -2.168404344971008868E-15, 5.543383885983003833E-30, 1.000000000000000000 ) ) ;
#4154 = CARTESIAN_POINT ( 'NONE',  ( 4.499999999999977796, 15.50000000000000000, 4.849230484541130259 ) ) ;
#4155 = LINE ( 'NONE', #7581, #7971 ) ;
#4156 = VERTEX_POINT ( 'NONE', #7892 ) ;
#4157 = ORIENTED_EDGE ( 'NONE', *, *, #5137, .T. ) ;
#4158 = PLANE ( 'NONE',  #4395 ) ;
#4159 = EDGE_CURVE ( 'NONE', #4646, #9844, #1770, .T. ) ;
#4160 = EDGE_CURVE ( 'NONE', #9262, #3696, #9039, .T. ) ;
#4161 = AXIS2_PLACEMENT_3D ( 'NONE', #4125, #759, #4297 ) ;
#4162 = DIRECTION ( 'NONE',  ( 0.0000000000000000000, -0.01298591791445112553, 0.9999156794129789860 ) ) ;
#4163 =( LENGTH_UNIT ( ) NAMED_UNIT ( * ) SI_UNIT ( .MILLI., .METRE. ) );
#4164 = VERTEX_POINT ( 'NONE', #7785 ) ;
#4165 = VERTEX_POINT ( 'NONE', #6193 ) ;
#4166 = DIRECTION ( 'NONE',  ( 1.000000000000000000, 0.0000000000000000000, 0.0000000000000000000 ) ) ;
#4167 = SURFACE_STYLE_FILL_AREA ( #751 ) ;
#4168 = AXIS2_PLACEMENT_3D ( 'NONE', #1446, #6854, #9323 ) ;
#4169 = CARTESIAN_POINT ( 'NONE',  ( 7.340710297232423187, 15.50000000000000178, -3.165909217655565211 ) ) ;
#4170 = CARTESIAN_POINT ( 'NONE',  ( 11.19999999999999751, 6.457765876465027866, -2.169059865236004470 ) ) ;
#4171 = B_SPLINE_CURVE_WITH_KNOTS ( 'NONE', 3,
 ( #10801, #10185, #10129, #3331, #2488, #3217 ),
 .UNSPECIFIED., .F., .F.,
 ( 4, 2, 4 ),
 ( 0.0000000000000000000, 0.5000000000000000000, 1.000000000000000000 ),
 .UNSPECIFIED. ) ;
#4172 = ORIENTED_EDGE ( 'NONE', *, *, #7847, .F. ) ;
#4173 = LINE ( 'NONE', #5737, #10487 ) ;
#4174 = DIRECTION ( 'NONE',  ( 0.0000000000000000000, 0.0000000000000000000, 1.000000000000000000 ) ) ;
#4175 = CARTESIAN_POINT ( 'NONE',  ( 8.352359877559829116, 9.000432863930479144, 9.054409962806094114 ) ) ;
#4176 = CARTESIAN_POINT ( 'NONE',  ( 4.299999999999999822, 9.000000000000000000, 5.044398718876072607 ) ) ;
#4177 = VERTEX_POINT ( 'NONE', #990 ) ;
#4178 = AXIS2_PLACEMENT_3D ( 'NONE', #2512, #678, #4039 ) ;
#4179 = CARTESIAN_POINT ( 'NONE',  ( 9.600000000000001421, 5.200000000000000178, -8.936236820298940842 ) ) ;
#4180 = ORIENTED_EDGE ( 'NONE', *, *, #5003, .F. ) ;
#4181 = CARTESIAN_POINT ( 'NONE',  ( 8.417152084231535270, 15.49994977653715900, 2.661901299924995801 ) ) ;
#4182 = CARTESIAN_POINT ( 'NONE',  ( 6.824302354728493114, 14.50000000000000178, 0.5598386536761904564 ) ) ;
#4183 = CARTESIAN_POINT ( 'NONE',  ( 10.19999999999999929, 5.799999999999999822, 3.810000000000000053 ) ) ;
#4184 = DIRECTION ( 'NONE',  ( 2.556434596176350141E-15, 1.000000000000000000, 0.0000000000000000000 ) ) ;
#4185 = CARTESIAN_POINT ( 'NONE',  ( 7.399999999999998579, 11.70000000000000107, 9.019350649350649007 ) ) ;
#4186 = ORIENTED_EDGE ( 'NONE', *, *, #11071, .F. ) ;
#4187 = LINE ( 'NONE', #9985, #2943 ) ;
#4188 = ORIENTED_EDGE ( 'NONE', *, *, #376, .T. ) ;
#4189 = ADVANCED_FACE ( 'NONE', ( #8609 ), #933, .T. ) ;
#4190 = LINE ( 'NONE', #7620, #9580 ) ;
#4191 = ORIENTED_EDGE ( 'NONE', *, *, #6232, .F. ) ;
#4192 = VECTOR ( 'NONE', #5199, 1000.000000000000000 ) ;
#4193 = CYLINDRICAL_SURFACE ( 'NONE', #3728, 0.2000000000000005107 ) ;
#4194 = VECTOR ( 'NONE', #7340, 1000.000000000000000 ) ;
#4195 = DIRECTION ( 'NONE',  ( -1.000000000000000000, -0.0000000000000000000, -0.0000000000000000000 ) ) ;
#4196 = CARTESIAN_POINT ( 'NONE',  ( 11.19999999999999929, 7.884692577415566284, -4.642017365359970782 ) ) ;
#4197 = FACE_OUTER_BOUND ( 'NONE', #1865, .T. ) ;
#4198 = ORIENTED_EDGE ( 'NONE', *, *, #3526, .T. ) ;
#4199 = CARTESIAN_POINT ( 'NONE',  ( 11.19661341746687100, 6.626051664373758143, 9.220000000000000639 ) ) ;
#4200 = CARTESIAN_POINT ( 'NONE',  ( 4.430856890500440848, 15.42062190192916837, -5.161030884390533480 ) ) ;
#4201 = AXIS2_PLACEMENT_3D ( 'NONE', #3028, #7237, #9995 ) ;
#4202 = EDGE_CURVE ( 'NONE', #7433, #9610, #765, .T. ) ;
#4203 = STYLED_ITEM ( 'NONE', ( #667 ), #3243 ) ;
#4204 = ADVANCED_FACE ( 'NONE', ( #5963 ), #4348, .T. ) ;
#4205 = CARTESIAN_POINT ( 'NONE',  ( 4.299999999999999822, 9.000000000000000000, 5.259999999999999787 ) ) ;
#4206 = VERTEX_POINT ( 'NONE', #4294 ) ;
#4207 = CARTESIAN_POINT ( 'NONE',  ( 4.299999999999963407, 15.50000000000009948, -1.039230484541299848 ) ) ;
#4208 = VERTEX_POINT ( 'NONE', #84 ) ;
#4209 = CYLINDRICAL_SURFACE ( 'NONE', #2301, 2.199999999999999734 ) ;
#4210 = VECTOR ( 'NONE', #1253, 1000.000000000000000 ) ;
#4211 = ADVANCED_FACE ( 'NONE', ( #7728 ), #3506, .T. ) ;
#4212 = CARTESIAN_POINT ( 'NONE',  ( 6.375000000000000000, 0.5000000000000003331, 9.919999999999999929 ) ) ;
#4213 = DIRECTION ( 'NONE',  ( -1.000000000000000000, 0.0000000000000000000, 0.0000000000000000000 ) ) ;
#4214 = VERTEX_POINT ( 'NONE', #8883 ) ;
#4215 = EDGE_LOOP ( 'NONE', ( #8478, #7006, #5066, #4236 ) ) ;
#4216 = DIRECTION ( 'NONE',  ( 0.0000000000000000000, 0.0000000000000000000, -1.000000000000000000 ) ) ;
#4217 = PRESENTATION_STYLE_ASSIGNMENT (( #10342 ) ) ;
#4218 = CARTESIAN_POINT ( 'NONE',  ( 11.18035499976031666, 6.713357222489111820, -9.220007368371671674 ) ) ;
#4219 = ORIENTED_EDGE ( 'NONE', *, *, #2712, .F. ) ;
#4220 = EDGE_LOOP ( 'NONE', ( #4262, #11087, #4116, #9517 ) ) ;
#4221 = CARTESIAN_POINT ( 'NONE',  ( 4.299999999999981171, 9.000000000000000000, 4.849230484541226183 ) ) ;
#4222 = EDGE_CURVE ( 'NONE', #9060, #5338, #2102, .T. ) ;
#4223 = CARTESIAN_POINT ( 'NONE',  ( 4.299999999999963407, 9.000000000000000000, 6.636976495759265404 ) ) ;
#4224 = CARTESIAN_POINT ( 'NONE',  ( 8.500000000000000000, 13.19999999999999929, -9.070000000000000284 ) ) ;
#4225 = ADVANCED_FACE ( 'NONE', ( #4733 ), #7311, .T. ) ;
#4226 = VECTOR ( 'NONE', #395, 1000.000000000000000 ) ;
#4227 = CARTESIAN_POINT ( 'NONE',  ( 7.399999999999998579, 13.19999999999999574, 8.999870129870132018 ) ) ;
#4228 = LINE ( 'NONE', #7482, #3577 ) ;
#4229 = DIRECTION ( 'NONE',  ( 1.192092219434271365E-16, 0.2290393337273615437, -0.9734171683331489522 ) ) ;
#4230 = CYLINDRICAL_SURFACE ( 'NONE', #10495, 1.350000000000020517 ) ;
#4231 = B_SPLINE_CURVE_WITH_KNOTS ( 'NONE', 3,
 ( #6023, #5193, #6858, #3441, #3611, #6128, #9503, #2756, #1930, #10294, #9551, #3389, #5301, #7025, #8714, #6186, #3501, #9448 ),
 .UNSPECIFIED., .F., .F.,
 ( 4, 2, 2, 2, 2, 2, 2, 2, 4 ),
 ( 0.0000000000000000000, 0.1250000000000000000, 0.2500000000000000000, 0.3750000000000000000, 0.5000000000000000000, 0.6250000000000000000, 0.7500000000000000000, 0.8750000000000000000, 1.000000000000000000 ),
 .UNSPECIFIED. ) ;
#4232 = CARTESIAN_POINT ( 'NONE',  ( 9.349999999999997868, 6.757765876465090749, -5.814999999999999503 ) ) ;
#4233 = SURFACE_STYLE_FILL_AREA ( #7545 ) ;
#4234 = VECTOR ( 'NONE', #1441, 1000.000000000000000 ) ;
#4235 = CARTESIAN_POINT ( 'NONE',  ( 9.349999999999999645, 7.678780822271609630, -4.162230594203613521 ) ) ;
#4236 = ORIENTED_EDGE ( 'NONE', *, *, #4202, .T. ) ;
#4237 = FACE_OUTER_BOUND ( 'NONE', #6524, .T. ) ;
#4238 = ORIENTED_EDGE ( 'NONE', *, *, #1574, .T. ) ;
#4239 = ORIENTED_EDGE ( 'NONE', *, *, #7320, .F. ) ;
#4240 = EDGE_CURVE ( 'NONE', #3948, #6129, #7146, .T. ) ;
#4241 = CARTESIAN_POINT ( 'NONE',  ( 4.346153846153820055, 15.30000000000000071, 6.740651128465058761 ) ) ;
#4242 = PLANE ( 'NONE',  #4729 ) ;
#4243 = DIRECTION ( 'NONE',  ( 0.0000000000000000000, 1.000000000000000000, 0.0000000000000000000 ) ) ;
#4244 = AXIS2_PLACEMENT_3D ( 'NONE', #6289, #2027, #8033 ) ;
#4245 = VERTEX_POINT ( 'NONE', #2872 ) ;
#4246 = CARTESIAN_POINT ( 'NONE',  ( 4.299999999999999822, 15.30000000000000071, -2.360000000000000320 ) ) ;
#4247 = CARTESIAN_POINT ( 'NONE',  ( 4.499999999999982236, 9.000000000000000000, -9.054415584415583140 ) ) ;
#4248 = ORIENTED_EDGE ( 'NONE', *, *, #9098, .T. ) ;
#4249 = CYLINDRICAL_SURFACE ( 'NONE', #1907, 0.2000000000000001499 ) ;
#4250 = CARTESIAN_POINT ( 'NONE',  ( 9.650000000000000355, 13.19999999999999929, 3.410000000000000142 ) ) ;
#4251 = ORIENTED_EDGE ( 'NONE', *, *, #2838, .T. ) ;
#4252 = FACE_OUTER_BOUND ( 'NONE', #1364, .T. ) ;
#4253 = FACE_OUTER_BOUND ( 'NONE', #2610, .T. ) ;
#4254 = ADVANCED_FACE ( 'NONE', ( #10681 ), #9680, .T. ) ;
#4255 = CARTESIAN_POINT ( 'NONE',  ( 7.523278940025857509, 15.50000000000000533, 3.536494086770668233 ) ) ;
#4256 = CARTESIAN_POINT ( 'NONE',  ( 11.19999999999999929, 6.523844591211805266, -2.004336158226927012 ) ) ;
#4257 = CARTESIAN_POINT ( 'NONE',  ( 10.89999999999999858, 7.799999999999999822, -9.919999999999999929 ) ) ;
#4258 = ORIENTED_EDGE ( 'NONE', *, *, #10396, .T. ) ;
#4259 = CARTESIAN_POINT ( 'NONE',  ( 11.05532212999338881, 6.946428072387987207, 9.220000000000002416 ) ) ;
#4260 = CARTESIAN_POINT ( 'NONE',  ( 4.300008882578209679, 15.29997552248378057, -4.960695768309466125 ) ) ;
#4261 = LINE ( 'NONE', #1513, #7831 ) ;
#4262 = ORIENTED_EDGE ( 'NONE', *, *, #6670, .F. ) ;
#4263 = DIRECTION ( 'NONE',  ( 0.0000000000000000000, 0.0000000000000000000, 1.000000000000000000 ) ) ;
#4264 = ORIENTED_EDGE ( 'NONE', *, *, #7628, .F. ) ;
#4265 = CARTESIAN_POINT ( 'NONE',  ( 8.822247607754862386, 13.20000000000010054, 4.085408290565555767 ) ) ;
#4266 = EDGE_CURVE ( 'NONE', #6168, #2454, #9932, .T. ) ;
#4267 = EDGE_CURVE ( 'NONE', #9328, #4165, #9588, .T. ) ;
#4268 = PRESENTATION_STYLE_ASSIGNMENT (( #1687 ) ) ;
#4269 = CARTESIAN_POINT ( 'NONE',  ( 9.349999999999994316, 7.024987939051835717, -6.001206532831150575 ) ) ;
#4270 = B_SPLINE_CURVE_WITH_KNOTS ( 'NONE', 3,
 ( #7921, #6287, #9711, #225, #2903, #3818 ),
 .UNSPECIFIED., .F., .F.,
 ( 4, 2, 4 ),
 ( 0.0000000000000000000, 0.5000000000000000000, 1.000000000000000000 ),
 .UNSPECIFIED. ) ;
#4271 = ORIENTED_EDGE ( 'NONE', *, *, #3717, .T. ) ;
#4272 = ORIENTED_EDGE ( 'NONE', *, *, #6011, .T. ) ;
#4273 = FACE_BOUND ( 'NONE', #9089, .T. ) ;
#4274 = AXIS2_PLACEMENT_3D ( 'NONE', #2709, #4571, #6135 ) ;
#4275 = AXIS2_PLACEMENT_3D ( 'NONE', #10821, #5603, #1356 ) ;
#4276 = FILL_AREA_STYLE_COLOUR ( '', #10318 ) ;
#4277 = CARTESIAN_POINT ( 'NONE',  ( 4.346153846153807621, 15.41715728752538084, -2.930651128465031618 ) ) ;
#4278 = DIRECTION ( 'NONE',  ( 0.0000000000000000000, 1.000000000000000000, 0.0000000000000000000 ) ) ;
#4279 = EDGE_LOOP ( 'NONE', ( #1398, #640, #281, #2629, #863, #4590, #8479, #10227, #7007, #10313, #4848, #9563 ) ) ;
#4280 = ORIENTED_EDGE ( 'NONE', *, *, #1981, .T. ) ;
#4281 = CARTESIAN_POINT ( 'NONE',  ( 9.600000000000001421, 5.200000000000000178, -6.303767091948868639 ) ) ;
#4282 = EDGE_CURVE ( 'NONE', #1954, #7275, #9731, .T. ) ;
#4283 = EDGE_CURVE ( 'NONE', #2135, #8020, #7734, .T. ) ;
#4284 = VECTOR ( 'NONE', #2494, 1000.000000000000000 ) ;
#4285 = CARTESIAN_POINT ( 'NONE',  ( 8.706350832689629726, 15.19999999999999929, -4.059999999999999609 ) ) ;
#4286 = CARTESIAN_POINT ( 'NONE',  ( 4.299999999999960743, 9.000000000000000000, 8.603023504240766783 ) ) ;
#4287 = MECHANICAL_DESIGN_GEOMETRIC_PRESENTATION_REPRESENTATION (  '', ( #1250 ), #702 ) ;
#4288 = CARTESIAN_POINT ( 'NONE',  ( 10.19999999999999929, 4.349080460362420020, 0.7219204330816988424 ) ) ;
#4289 = CARTESIAN_POINT ( 'NONE',  ( 8.899999999999998579, 13.19999999999999929, 4.209999999999999964 ) ) ;
#4290 = ORIENTED_EDGE ( 'NONE', *, *, #4988, .T. ) ;
#4291 = CARTESIAN_POINT ( 'NONE',  ( 8.706350832689590646, 13.20000000000010054, -7.870000000000000107 ) ) ;
#4292 = FACE_OUTER_BOUND ( 'NONE', #738, .T. ) ;
#4293 = UNCERTAINTY_MEASURE_WITH_UNIT (LENGTH_MEASURE( 1.000000000000000082E-05 ), #3886, 'distance_accuracy_value', 'NONE');
#4294 = CARTESIAN_POINT ( 'NONE',  ( 4.299999999999999822, 15.30000000000000249, 2.657419462942112620 ) ) ;
#4295 = CIRCLE ( 'NONE', #10392, 0.2000000000000005107 ) ;
#4296 = ADVANCED_FACE ( 'NONE', ( #9789 ), #3839, .T. ) ;
#4297 = DIRECTION ( 'NONE',  ( 0.0000000000000000000, 0.0000000000000000000, -1.000000000000000000 ) ) ;
#4298 = CARTESIAN_POINT ( 'NONE',  ( 9.650000000000000355, 13.19999999999999929, 7.219999999999999751 ) ) ;
#4299 = ORIENTED_EDGE ( 'NONE', *, *, #7358, .T. ) ;
#4300 = DIRECTION ( 'NONE',  ( 0.0000000000000000000, -1.000000000000000000, 0.0000000000000000000 ) ) ;
#4301 = EDGE_LOOP ( 'NONE', ( #7175, #8735, #9712, #10050 ) ) ;
#4302 = CARTESIAN_POINT ( 'NONE',  ( 8.500000000000000000, 9.000000000000000000, 6.385601281123928885 ) ) ;
#4303 = CARTESIAN_POINT ( 'NONE',  ( 4.299999999999999822, 9.000000000000000000, -8.854398718876073104 ) ) ;
#4304 = CARTESIAN_POINT ( 'NONE',  ( 4.599999999999959677, 15.50000000000009948, -8.659230484541330597 ) ) ;
#4305 = CARTESIAN_POINT ( 'NONE',  ( 6.359824856001091042, 15.50000000000000178, 2.760395336239984232 ) ) ;
#4306 = PLANE ( 'NONE',  #6532 ) ;
#4307 =( BOUNDED_SURFACE ( )  B_SPLINE_SURFACE ( 3, 3, ( 
 ( #11058, #4049, #3200, #1690 ),
 ( #6791, #3370, #5826, #6620 ),
 ( #10224, #2357, #5768, #9254 ),
 ( #8358, #10945, #8533, #1573 ) ),
 .UNSPECIFIED., .F., .F., .F. ) 
 B_SPLINE_SURFACE_WITH_KNOTS ( ( 4, 4 ),
 ( 4, 4 ),
 ( 0.0000000000000000000, 1.000000000000000000 ),
 ( 0.0000000000000000000, 1.000000000000000000 ),
 .UNSPECIFIED. ) 
 GEOMETRIC_REPRESENTATION_ITEM ( )  RATIONAL_B_SPLINE_SURFACE ( (
 ( 1.000000000000000000, 0.9738459485536802296, 0.9738459485536802296, 1.000000000000000000),
 ( 0.8047378541243485062, 0.7836906988867793356, 0.7836906988867793356, 0.8047378541243485062),
 ( 0.8047378541243485062, 0.7836906988867793356, 0.7836906988867793356, 0.8047378541243485062),
 ( 1.000000000000000000, 0.9738459485536802296, 0.9738459485536802296, 1.000000000000000000) ) ) 
 REPRESENTATION_ITEM ( '' )  SURFACE ( )  );
#4308 = VERTEX_POINT ( 'NONE', #5515 ) ;
#4309 = CARTESIAN_POINT ( 'NONE',  ( 8.499999999999998224, 15.30000000000000249, -6.467419462942110009 ) ) ;
#4310 = LINE ( 'NONE', #4526, #842 ) ;
#4311 = EDGE_CURVE ( 'NONE', #4647, #2722, #2155, .T. ) ;
#4312 = ADVANCED_FACE ( 'NONE', ( #8939 ), #6416, .T. ) ;
#4313 = CARTESIAN_POINT ( 'NONE',  ( 4.321554619278037634, 9.000489967319666107, -2.471201508996593521 ) ) ;
#4314 = ORIENTED_EDGE ( 'NONE', *, *, #5096, .T. ) ;
#4315 = CARTESIAN_POINT ( 'NONE',  ( 4.500000000000000000, 15.30259718358289867, -1.352563672940485739 ) ) ;
#4316 = FACE_OUTER_BOUND ( 'NONE', #9952, .T. ) ;
#4317 = CARTESIAN_POINT ( 'NONE',  ( 6.640175143999629270, 15.50000000000000178, 4.859604663760014986 ) ) ;
#4318 = CARTESIAN_POINT ( 'NONE',  ( 11.19999999999999751, 6.457765876464967469, -1.640940134764018898 ) ) ;
#4319 = CARTESIAN_POINT ( 'NONE',  ( 11.14342012021064399, 6.633306743742623190, 5.548642810670370018 ) ) ;
#4320 = ORIENTED_EDGE ( 'NONE', *, *, #4160, .T. ) ;
#4321 = CARTESIAN_POINT ( 'NONE',  ( 11.20000000000000462, 6.952157003985898420, 6.391102096106457964 ) ) ;
#4322 = CARTESIAN_POINT ( 'NONE',  ( 8.299999999999997158, 15.50259483730812882, 1.266103730624432711 ) ) ;
#4323 = LINE ( 'NONE', #7759, #2964 ) ;
#4324 = VERTEX_POINT ( 'NONE', #6463 ) ;
#4325 = EDGE_LOOP ( 'NONE', ( #10477, #7343, #4188, #6364 ) ) ;
#4326 = DIRECTION ( 'NONE',  ( -0.0000000000000000000, -0.0000000000000000000, -1.000000000000000000 ) ) ;
#4327 = DIRECTION ( 'NONE',  ( 0.0000000000000000000, 1.000000000000000000, 0.0000000000000000000 ) ) ;
#4328 = DIRECTION ( 'NONE',  ( -2.556434596176350141E-15, -1.000000000000000000, -0.0000000000000000000 ) ) ;
#4329 = VERTEX_POINT ( 'NONE', #1148 ) ;
#4330 = ORIENTED_EDGE ( 'NONE', *, *, #4627, .T. ) ;
#4331 = CARTESIAN_POINT ( 'NONE',  ( 4.515384615402476598, 15.50000000000000000, 6.634063386496173109 ) ) ;
#4332 = EDGE_CURVE ( 'NONE', #5209, #7026, #5467, .T. ) ;
#4333 = CARTESIAN_POINT ( 'NONE',  ( 11.16047613239262759, 6.607504587451456857, 2.085043437914347653 ) ) ;
#4334 = CARTESIAN_POINT ( 'NONE',  ( 10.19999999999999751, 5.799999999999996270, -5.126269300834881193 ) ) ;
#4335 = DIRECTION ( 'NONE',  ( 0.0000000000000000000, 0.01298591791445111512, 0.9999156794129788750 ) ) ;
#4336 = EDGE_LOOP ( 'NONE', ( #1295, #3626, #4376, #8804 ) ) ;
#4337 = EDGE_LOOP ( 'NONE', ( #6165, #713, #10338, #116 ) ) ;
#4338 = PLANE ( 'NONE',  #8748 ) ;
#4339 = B_SPLINE_CURVE_WITH_KNOTS ( 'NONE', 3,
 ( #8459, #5716, #8348, #9356 ),
 .UNSPECIFIED., .F., .F.,
 ( 4, 4 ),
 ( 0.0000000000000000000, 1.000000000000000000 ),
 .UNSPECIFIED. ) ;
#4340 = FACE_OUTER_BOUND ( 'NONE', #6360, .T. ) ;
#4341 = LINE ( 'NONE', #6022, #4554 ) ;
#4342 = CARTESIAN_POINT ( 'NONE',  ( 9.600000000000001421, 5.500000000000000000, 1.350000000000020517 ) ) ;
#4343 = ORIENTED_EDGE ( 'NONE', *, *, #2221, .T. ) ;
#4344 = CARTESIAN_POINT ( 'NONE',  ( 8.862475782649546829, 13.20000000000010054, 0.3250000000000015099 ) ) ;
#4345 = CARTESIAN_POINT ( 'NONE',  ( 8.299999999999997158, 9.000000000000000000, 6.185584415584419737 ) ) ;
#4346 = EDGE_CURVE ( 'NONE', #4573, #3180, #4952, .T. ) ;
#4347 = EDGE_CURVE ( 'NONE', #2827, #807, #3730, .T. ) ;
#4348 = PLANE ( 'NONE',  #10644 ) ;
#4349 = CARTESIAN_POINT ( 'NONE',  ( 8.862475782649546829, 13.20000000000010054, 7.944999999999998508 ) ) ;
#4350 = CARTESIAN_POINT ( 'NONE',  ( 9.449999999999999289, 13.20000000000005258, -3.409999999999999698 ) ) ;
#4351 = CARTESIAN_POINT ( 'NONE',  ( 4.300008882578204350, 15.41711772838280048, -2.660825559039871280 ) ) ;
#4352 = ORIENTED_EDGE ( 'NONE', *, *, #9923, .F. ) ;
#4353 = CARTESIAN_POINT ( 'NONE',  ( 8.369143109499557198, 15.42062190192916304, 2.458969115609469291 ) ) ;
#4354 = CARTESIAN_POINT ( 'NONE',  ( 4.298896448480520327, 15.41930204271695182, 8.887185455229516862 ) ) ;
#4355 = EDGE_CURVE ( 'NONE', #1627, #8354, #6905, .T. ) ;
#4356 = DIRECTION ( 'NONE',  ( -0.0000000000000000000, 1.000000000000000000, -0.0000000000000000000 ) ) ;
#4357 = CARTESIAN_POINT ( 'NONE',  ( 10.90000000000000213, 7.718048063784238799, -7.782306162375605574 ) ) ;
#4358 = ORIENTED_EDGE ( 'NONE', *, *, #9644, .T. ) ;
#4359 = CARTESIAN_POINT ( 'NONE',  ( 4.500000000000000000, 15.50000000000000000, 9.070000000000000284 ) ) ;
#4360 = EDGE_LOOP ( 'NONE', ( #2195, #9689, #9735, #2717 ) ) ;
#4361 = DIRECTION ( 'NONE',  ( 2.556434596176350141E-15, 1.000000000000000000, 0.0000000000000000000 ) ) ;
#4362 = ORIENTED_EDGE ( 'NONE', *, *, #8473, .T. ) ;
#4363 = VECTOR ( 'NONE', #2790, 1000.000000000000000 ) ;
#4364 = CARTESIAN_POINT ( 'NONE',  ( 6.173758338282151037, 14.49999999999818101, -8.177641814740406190 ) ) ;
#4365 = CARTESIAN_POINT ( 'NONE',  ( 5.274999999999995914, -3.931696986549483174E-16, -1.499999999999999556 ) ) ;
#4366 = ORIENTED_EDGE ( 'NONE', *, *, #6559, .F. ) ;
#4367 = DIRECTION ( 'NONE',  ( 1.000000000000000000, 0.0000000000000000000, 0.0000000000000000000 ) ) ;
#4368 = VERTEX_POINT ( 'NONE', #7194 ) ;
#4369 = DIRECTION ( 'NONE',  ( -0.0000000000000000000, 0.9999156794129789860, -0.01298591791445430008 ) ) ;
#4370 = FACE_OUTER_BOUND ( 'NONE', #8621, .T. ) ;
#4371 = VECTOR ( 'NONE', #3266, 1000.000000000000000 ) ;
#4372 = FACE_OUTER_BOUND ( 'NONE', #1882, .T. ) ;
#4373 = ADVANCED_FACE ( 'NONE', ( #10625 ), #10113, .T. ) ;
#4374 = LINE ( 'NONE', #10325, #2912 ) ;
#4375 = EDGE_CURVE ( 'NONE', #3350, #3865, #2099, .T. ) ;
#4376 = ORIENTED_EDGE ( 'NONE', *, *, #2472, .F. ) ;
#4377 = CARTESIAN_POINT ( 'NONE',  ( 11.19999999999999929, 7.050605249110884820, 6.518600594298172624 ) ) ;
#4378 = CARTESIAN_POINT ( 'NONE',  ( 8.299999999999997158, 15.30259718358289689, 1.352563672940485739 ) ) ;
#4379 = CARTESIAN_POINT ( 'NONE',  ( 4.299999999999969624, 15.30000000000000604, 0.9822707367445550064 ) ) ;
#4380 = ORIENTED_EDGE ( 'NONE', *, *, #9189, .F. ) ;
#4381 = AXIS2_PLACEMENT_3D ( 'NONE', #5726, #7532, #10895 ) ;
#4382 = STYLED_ITEM ( 'NONE', ( #7118 ), #2969 ) ;
#4383 = EDGE_LOOP ( 'NONE', ( #9678, #9137, #7105, #11059 ) ) ;
#4384 = CARTESIAN_POINT ( 'NONE',  ( 10.89999999999999858, 7.800000000000000711, 9.220000000000000639 ) ) ;
#4385 = LINE ( 'NONE', #121, #8382 ) ;
#4386 = FACE_OUTER_BOUND ( 'NONE', #11083, .T. ) ;
#4387 = ADVANCED_FACE ( 'NONE', ( #3998 ), #8207, .T. ) ;
#4388 = AXIS2_PLACEMENT_3D ( 'NONE', #6980, #8612, #7844 ) ;
#4389 = CIRCLE ( 'NONE', #7248, 0.5000000000000004441 ) ;
#4390 = CARTESIAN_POINT ( 'NONE',  ( 4.346153846153821831, 15.41715728752538261, 2.930651128465056932 ) ) ;
#4391 = VERTEX_POINT ( 'NONE', #1427 ) ;
#4392 = CARTESIAN_POINT ( 'NONE',  ( 4.447640122440169819, 9.000432863930482696, 5.244409962806102499 ) ) ;
#4393 = AXIS2_PLACEMENT_3D ( 'NONE', #7388, #5859, #4029 ) ;
#4394 = DIRECTION ( 'NONE',  ( 0.0000000000000000000, 0.0000000000000000000, -1.000000000000000000 ) ) ;
#4395 = AXIS2_PLACEMENT_3D ( 'NONE', #5725, #8255, #4053 ) ;
#4396 = DIRECTION ( 'NONE',  ( -0.0000000000000000000, -0.9999156794129788750, -0.01298591791445429834 ) ) ;
#4397 = ORIENTED_EDGE ( 'NONE', *, *, #7974, .F. ) ;
#4398 = DIRECTION ( 'NONE',  ( -1.000000000000000000, 0.0000000000000000000, 0.0000000000000000000 ) ) ;
#4399 = CARTESIAN_POINT ( 'NONE',  ( 8.299999999999998934, 15.30259718358290222, -5.162563672940487791 ) ) ;
#4400 = EDGE_CURVE ( 'NONE', #9404, #3831, #7413, .T. ) ;
#4401 = CARTESIAN_POINT ( 'NONE',  ( 10.19999999999999929, 4.149942555633471919, 0.1532943615491454692 ) ) ;
#4402 = DIRECTION ( 'NONE',  ( -0.0000000000000000000, 1.000000000000000000, -0.0000000000000000000 ) ) ;
#4403 = VECTOR ( 'NONE', #7075, 1000.000000000000000 ) ;
#4404 = ORIENTED_EDGE ( 'NONE', *, *, #2487, .F. ) ;
#4405 = DIRECTION ( 'NONE',  ( -0.0000000000000000000, -0.0000000000000000000, 1.000000000000000000 ) ) ;
#4406 = CYLINDRICAL_SURFACE ( 'NONE', #1360, 0.2000000000000005107 ) ;
#4407 = CARTESIAN_POINT ( 'NONE',  ( 8.862475782649550382, 13.20000000000020002, 3.484999999999999876 ) ) ;
#4408 = CARTESIAN_POINT ( 'NONE',  ( 8.706350832689590646, 13.20000000000020002, 3.359999999999999876 ) ) ;
#4409 = VERTEX_POINT ( 'NONE', #6575 ) ;
#4410 = AXIS2_PLACEMENT_3D ( 'NONE', #1850, #7061, #965 ) ;
#4411 = CARTESIAN_POINT ( 'NONE',  ( 8.299999999999998934, 15.30259718358289689, -6.267436327059514589 ) ) ;
#4412 = EDGE_CURVE ( 'NONE', #219, #485, #580, .T. ) ;
#4413 = EDGE_CURVE ( 'NONE', #4052, #8940, #745, .T. ) ;
#4414 = CARTESIAN_POINT ( 'NONE',  ( 4.505265930546662467, 15.50000000000000355, -8.622002183430629074 ) ) ;
#4415 = CARTESIAN_POINT ( 'NONE',  ( 10.90000000000000036, 7.669932069518288209, -7.132685607355790047 ) ) ;
#4416 = ORIENTED_EDGE ( 'NONE', *, *, #6359, .F. ) ;
#4417 = DIRECTION ( 'NONE',  ( 0.0000000000000000000, 0.0000000000000000000, 1.000000000000000000 ) ) ;
#4418 = ORIENTED_EDGE ( 'NONE', *, *, #3169, .T. ) ;
#4419 = DIRECTION ( 'NONE',  ( 0.0000000000000000000, -0.0000000000000000000, -1.000000000000000000 ) ) ;
#4420 = ORIENTED_EDGE ( 'NONE', *, *, #8144, .T. ) ;
#4421 = AXIS2_PLACEMENT_3D ( 'NONE', #5189, #2479, #4119 ) ;
#4422 = CARTESIAN_POINT ( 'NONE',  ( 10.19999999999999929, 5.500000000000000000, 0.0000000000000000000 ) ) ;
#4423 = CARTESIAN_POINT ( 'NONE',  ( 4.430856890500441736, 15.42062190192916127, 2.458969115609469291 ) ) ;
#4424 = VERTEX_POINT ( 'NONE', #1579 ) ;
#4425 = LINE ( 'NONE', #159, #348 ) ;
#4426 = ADVANCED_FACE ( 'NONE', ( #3146 ), #8102, .T. ) ;
#4427 = EDGE_LOOP ( 'NONE', ( #8646, #2006, #6640, #6264, #6356, #2887, #2919, #2773 ) ) ;
#4428 = FACE_OUTER_BOUND ( 'NONE', #3945, .T. ) ;
#4429 = STYLED_ITEM ( 'NONE', ( #3324 ), #7669 ) ;
#4430 = DIRECTION ( 'NONE',  ( 0.0000000000000000000, -0.9615239476408231623, 0.2747211278973781257 ) ) ;
#4431 = CARTESIAN_POINT ( 'NONE',  ( 11.19999999999999929, 7.065185354703118925, -1.089727402440840320 ) ) ;
#4432 = DIRECTION ( 'NONE',  ( 0.0000000000000000000, -1.000000000000000000, 0.0000000000000000000 ) ) ;
#4433 = ORIENTED_EDGE ( 'NONE', *, *, #4659, .T. ) ;
#4434 = CARTESIAN_POINT ( 'NONE',  ( 9.650000000000003908, 15.20000000000009699, 0.2523598775598298039 ) ) ;
#4435 = CARTESIAN_POINT ( 'NONE',  ( 11.19999999999999751, 8.058496722711145921, 6.685014634907685327 ) ) ;
#4436 = CARTESIAN_POINT ( 'NONE',  ( 9.018600732609511894, 15.20000000000007567, -4.209999999999999964 ) ) ;
#4437 = VERTEX_POINT ( 'NONE', #7587 ) ;
#4438 = CIRCLE ( 'NONE', #6572, 0.1999999999999996503 ) ;
#4439 = VERTEX_POINT ( 'NONE', #5892 ) ;
#4440 = ADVANCED_FACE ( 'NONE', ( #2361 ), #4844, .T. ) ;
#4441 = EDGE_CURVE ( 'NONE', #2503, #2956, #4102, .T. ) ;
#4442 = CARTESIAN_POINT ( 'NONE',  ( 4.905714285714243950, 15.50000000000000178, 3.443794972114022634 ) ) ;
#4443 = FACE_BOUND ( 'NONE', #10892, .T. ) ;
#4444 = CARTESIAN_POINT ( 'NONE',  ( 9.650000000000005684, 15.20000000000007567, 7.420000000000003482 ) ) ;
#4445 = CARTESIAN_POINT ( 'NONE',  ( 9.449999999999999289, 13.20000000000005258, 8.019999999999999574 ) ) ;
#4446 = FACE_OUTER_BOUND ( 'NONE', #6552, .T. ) ;
#4447 = ORIENTED_EDGE ( 'NONE', *, *, #3524, .T. ) ;
#4448 = VECTOR ( 'NONE', #4471, 1000.000000000000000 ) ;
#4449 = EDGE_CURVE ( 'NONE', #4111, #3850, #1474, .T. ) ;
#4450 = VECTOR ( 'NONE', #2249, 1000.000000000000000 ) ;
#4451 = EDGE_CURVE ( 'NONE', #3676, #8158, #8114, .T. ) ;
#4452 = CARTESIAN_POINT ( 'NONE',  ( 4.416251525940039890, 15.50000000000000000, -4.733498959855823252 ) ) ;
#4453 = CARTESIAN_POINT ( 'NONE',  ( 10.89999999999962377, 7.009966887054290829, 9.219999999999933138 ) ) ;
#4454 = VERTEX_POINT ( 'NONE', #5675 ) ;
#4455 = EDGE_LOOP ( 'NONE', ( #10033, #1931, #4672, #8166 ) ) ;
#4456 = CARTESIAN_POINT ( 'NONE',  ( 4.299999999999998046, 15.35236108383768006, 8.772333435582858385 ) ) ;
#4457 = CARTESIAN_POINT ( 'NONE',  ( 8.417152084231537046, 15.49994977653716077, -4.958098700075004750 ) ) ;
#4458 = CARTESIAN_POINT ( 'NONE',  ( 10.19999999999999929, 4.912252741034763837, 1.225019845508514393 ) ) ;
#4459 = FACE_OUTER_BOUND ( 'NONE', #7447, .T. ) ;
#4460 = VECTOR ( 'NONE', #5172, 1000.000000000000000 ) ;
#4461 = ORIENTED_EDGE ( 'NONE', *, *, #7177, .F. ) ;
#4462 = CARTESIAN_POINT ( 'NONE',  ( 8.862475782649550382, 13.20000000000013785, -4.134999999999999787 ) ) ;
#4463 = DIRECTION ( 'NONE',  ( 1.000000000000000000, 0.0000000000000000000, 0.0000000000000000000 ) ) ;
#4464 = DIRECTION ( 'NONE',  ( 0.0000000000000000000, -1.000000000000000000, 0.0000000000000000000 ) ) ;
#4465 = CARTESIAN_POINT ( 'NONE',  ( 10.19999999999999751, 5.049748449476882506, -2.528427607790486586 ) ) ;
#4466 = EDGE_LOOP ( 'NONE', ( #9890, #1600, #10475, #6573 ) ) ;
#4467 = VECTOR ( 'NONE', #3454, 1000.000000000000114 ) ;
#4468 = CARTESIAN_POINT ( 'NONE',  ( 4.499999999999988454, 15.50000000000000000, 2.770769515458854304 ) ) ;
#4469 = CARTESIAN_POINT ( 'NONE',  ( 4.299999999999950973, 15.41715728752542702, -8.602270736744568325 ) ) ;
#4470 = DIRECTION ( 'NONE',  ( -1.000000000000000000, -0.0000000000000000000, -0.0000000000000000000 ) ) ;
#4471 = DIRECTION ( 'NONE',  ( 2.556434596176350141E-15, 1.000000000000000000, 0.0000000000000000000 ) ) ;
#4472 = ORIENTED_EDGE ( 'NONE', *, *, #9300, .T. ) ;
#4473 = DIRECTION ( 'NONE',  ( -0.0000000000000000000, -0.0000000000000000000, 1.000000000000000000 ) ) ;
#4474 = VECTOR ( 'NONE', #10231, 1000.000000000000000 ) ;
#4475 = LINE ( 'NONE', #1894, #8864 ) ;
#4476 = ORIENTED_EDGE ( 'NONE', *, *, #5461, .T. ) ;
#4477 = VECTOR ( 'NONE', #4508, 1000.000000000000000 ) ;
#4478 = DIRECTION ( 'NONE',  ( 0.0000000000000000000, 1.000000000000000000, 0.0000000000000000000 ) ) ;
#4479 = ADVANCED_FACE ( 'NONE', ( #804 ), #6070, .T. ) ;
#4480 = DIRECTION ( 'NONE',  ( -1.000000000000000000, 0.0000000000000000000, 0.0000000000000000000 ) ) ;
#4481 = VERTEX_POINT ( 'NONE', #10229 ) ;
#4482 = CARTESIAN_POINT ( 'NONE',  ( 8.954745607530904650, 13.20000000000010054, -7.220408290565539566 ) ) ;
#4483 = ORIENTED_EDGE ( 'NONE', *, *, #8066, .T. ) ;
#4484 = PLANE ( 'NONE',  #5710 ) ;
#4485 = CARTESIAN_POINT ( 'NONE',  ( -8.599999999999999645, 6.757765876465089860, -1.805000000000001048 ) ) ;
#4486 = CARTESIAN_POINT ( 'NONE',  ( 9.554397331752657152, 13.20000000000010232, 0.3784453807219623211 ) ) ;
#4487 = DIRECTION ( 'NONE',  ( 0.0000000000000000000, 0.0000000000000000000, -1.000000000000000000 ) ) ;
#4488 = CARTESIAN_POINT ( 'NONE',  ( 11.19999999999999751, 7.392793515870684118, 7.256118023721280785 ) ) ;
#4489 = CARTESIAN_POINT ( 'NONE',  ( 8.417152084231535270, 15.49994977653715544, 1.148098700075000478 ) ) ;
#4490 = CARTESIAN_POINT ( 'NONE',  ( 8.770205957768201444, 15.20000000000010054, -7.369591709434454962 ) ) ;
#4491 = EDGE_CURVE ( 'NONE', #224, #8065, #127, .T. ) ;
#4492 = EDGE_CURVE ( 'NONE', #10174, #10991, #1031, .T. ) ;
#4493 = VERTEX_POINT ( 'NONE', #9374 ) ;
#4494 = CARTESIAN_POINT ( 'NONE',  ( 4.905714285714242173, 15.50000000000000178, 0.3662050278859965702 ) ) ;
#4495 =( LENGTH_UNIT ( ) NAMED_UNIT ( * ) SI_UNIT ( .MILLI., .METRE. ) );
#4496 = PLANE ( 'NONE',  #5254 ) ;
#4497 = ADVANCED_FACE ( 'NONE', ( #3491 ), #1861, .T. ) ;
#4498 = DIRECTION ( 'NONE',  ( -1.839858232096613812E-15, 0.0000000000000000000, -1.000000000000000000 ) ) ;
#4499 = CARTESIAN_POINT ( 'NONE',  ( 4.515384615403285729, 15.50000000000000000, -4.795936613502206569 ) ) ;
#4500 = DIRECTION ( 'NONE',  ( -1.000000000000000000, 4.110719137385800108E-17, 0.0000000000000000000 ) ) ;
#4501 = CARTESIAN_POINT ( 'NONE',  ( -8.599999999999999645, 6.757765876465089860, 2.004999999999999005 ) ) ;
#4502 = DIRECTION ( 'NONE',  ( 0.0000000000000000000, 0.0000000000000000000, 1.000000000000000000 ) ) ;
#4503 = ORIENTED_EDGE ( 'NONE', *, *, #8625, .F. ) ;
#4504 = ORIENTED_EDGE ( 'NONE', *, *, #7781, .F. ) ;
#4505 = CARTESIAN_POINT ( 'NONE',  ( 11.19999999999999574, 8.058496722711140592, -6.685014634907683551 ) ) ;
#4507 = EDGE_CURVE ( 'NONE', #6982, #9853, #1504, .T. ) ;
#4506 = PLANE ( 'NONE',  #9380 ) ;
#4508 = DIRECTION ( 'NONE',  ( -1.000000000000000000, -0.0000000000000000000, -0.0000000000000000000 ) ) ;
#4509 = EDGE_CURVE ( 'NONE', #2070, #7444, #2695, .T. ) ;
#4510 = VERTEX_POINT ( 'NONE', #9542 ) ;
#4511 = CARTESIAN_POINT ( 'NONE',  ( 4.346153846153808509, 15.41715728752538261, -8.499348871534968097 ) ) ;
#4512 = UNCERTAINTY_MEASURE_WITH_UNIT (LENGTH_MEASURE( 1.000000000000000082E-05 ), #1174, 'distance_accuracy_value', 'NONE');
#4513 = DIRECTION ( 'NONE',  ( -1.000000000000000000, -0.0000000000000000000, 0.0000000000000000000 ) ) ;
#4514 = CARTESIAN_POINT ( 'NONE',  ( -0.9999999999999997780, 9.000000000000000000, 6.185584415584419737 ) ) ;
#4515 = CARTESIAN_POINT ( 'NONE',  ( 7.399999999999999467, 12.00000000000000000, 9.399999999999998579 ) ) ;
#4516 = EDGE_LOOP ( 'NONE', ( #2954, #9483, #6304, #8295 ) ) ;
#4517 = LINE ( 'NONE', #371, #10515 ) ;
#4518 = VECTOR ( 'NONE', #5295, 1000.000000000000000 ) ;
#4519 = CARTESIAN_POINT ( 'NONE',  ( 9.599999999999999645, 5.199999999999999289, 5.809999999999980069 ) ) ;
#4520 = CYLINDRICAL_SURFACE ( 'NONE', #10179, 1.350000000000020073 ) ;
#4521 = EDGE_CURVE ( 'NONE', #4177, #9404, #3154, .T. ) ;
#4522 = DIRECTION ( 'NONE',  ( 0.0000000000000000000, 0.0000000000000000000, 1.000000000000000000 ) ) ;
#4523 = ORIENTED_EDGE ( 'NONE', *, *, #10827, .T. ) ;
#4524 = CARTESIAN_POINT ( 'NONE',  ( 9.018600732609499460, 13.20000000000007567, 8.019999999999999574 ) ) ;
#4525 = ORIENTED_EDGE ( 'NONE', *, *, #5280, .F. ) ;
#4526 = CARTESIAN_POINT ( 'NONE',  ( 11.19999999999999929, 3.469446951953613696E-16, -9.919999999999999929 ) ) ;
#4527 = CARTESIAN_POINT ( 'NONE',  ( 4.381965328900973233, 15.37173446289487089, 2.458334213803827772 ) ) ;
#4528 = ORIENTED_EDGE ( 'NONE', *, *, #7944, .F. ) ;
#4529 = ORIENTED_EDGE ( 'NONE', *, *, #4065, .T. ) ;
#4530 = CARTESIAN_POINT ( 'NONE',  ( -8.599999999999999645, 6.757765876465089860, 5.815000000000000391 ) ) ;
#4531 = EDGE_LOOP ( 'NONE', ( #2463, #8744, #3049, #9158 ) ) ;
#4532 = CYLINDRICAL_SURFACE ( 'NONE', #5364, 0.1999999999999996503 ) ;
#4533 = B_SPLINE_CURVE_WITH_KNOTS ( 'NONE', 3,
 ( #10015, #3860, #9205, #1584 ),
 .UNSPECIFIED., .F., .F.,
 ( 4, 4 ),
 ( 0.0000000000000000000, 1.000000000000000000 ),
 .UNSPECIFIED. ) ;
#4534 = CARTESIAN_POINT ( 'NONE',  ( 7.045621697155285190, 14.50000000000000178, 4.126121566161564225 ) ) ;
#4535 = CARTESIAN_POINT ( 'NONE',  ( 6.824302354728899900, 14.50000000000000178, 8.179838653675512106 ) ) ;
#4536 = DIRECTION ( 'NONE',  ( 0.0000000000000000000, -1.000000000000000000, 0.0000000000000000000 ) ) ;
#4537 = EDGE_CURVE ( 'NONE', #8956, #10493, #6119, .T. ) ;
#4538 = ORIENTED_EDGE ( 'NONE', *, *, #3205, .F. ) ;
#4539 = AXIS2_PLACEMENT_3D ( 'NONE', #4931, #4989, #616 ) ;
#4540 = CARTESIAN_POINT ( 'NONE',  ( 11.19999999999999751, 6.457765876464969246, 5.979059865235982762 ) ) ;
#4541 = DIRECTION ( 'NONE',  ( 1.000000000000000000, 0.0000000000000000000, -0.0000000000000000000 ) ) ;
#4542 = CARTESIAN_POINT ( 'NONE',  ( 11.19999999999999751, 6.457765876464967469, -5.450940134764018730 ) ) ;
#4543 = ORIENTED_EDGE ( 'NONE', *, *, #521, .T. ) ;
#4544 = ORIENTED_EDGE ( 'NONE', *, *, #9978, .F. ) ;
#4545 = DIRECTION ( 'NONE',  ( 2.168404344971008868E-15, -5.543383885983003833E-30, -1.000000000000000000 ) ) ;
#4546 = CIRCLE ( 'NONE', #10809, 1.650000000000000355 ) ;
#4547 = CARTESIAN_POINT ( 'NONE',  ( 10.20000000000000462, 4.904568176923334022, -6.371090503615837619 ) ) ;
#4548 = DIRECTION ( 'NONE',  ( 4.110719137385800108E-17, 1.000000000000000000, 0.0000000000000000000 ) ) ;
#4549 = EDGE_CURVE ( 'NONE', #10683, #8934, #11062, .T. ) ;
#4550 = B_SPLINE_CURVE_WITH_KNOTS ( 'NONE', 3,
 ( #3325, #1762, #9920, #4021 ),
 .UNSPECIFIED., .F., .F.,
 ( 4, 4 ),
 ( 0.0000000000000000000, 1.000000000000000000 ),
 .UNSPECIFIED. ) ;
#4551 = ADVANCED_FACE ( 'NONE', ( #8475 ), #6795, .T. ) ;
#4552 = DIRECTION ( 'NONE',  ( -0.0000000000000000000, 1.000000000000000000, -0.0000000000000000000 ) ) ;
#4553 = VECTOR ( 'NONE', #10614, 1000.000000000000114 ) ;
#4554 = VECTOR ( 'NONE', #1038, 1000.000000000000000 ) ;
#4555 = CARTESIAN_POINT ( 'NONE',  ( 8.299999999999998934, 15.29999999999999893, -2.657419462942115285 ) ) ;
#4556 = B_SPLINE_CURVE_WITH_KNOTS ( 'NONE', 3,
 ( #10560, #3821, #8809, #3878, #7235, #7293, #10661, #6076, #4547, #6917 ),
 .UNSPECIFIED., .F., .F.,
 ( 4, 2, 2, 2, 4 ),
 ( 0.0000000000000000000, 0.2500000000000000000, 0.5000000000000000000, 0.7500000000000000000, 1.000000000000000000 ),
 .UNSPECIFIED. ) ;
#4557 = CARTESIAN_POINT ( 'NONE',  ( 10.89999999999999858, 6.757765876465089860, 2.004999999999999005 ) ) ;
#4558 = SURFACE_STYLE_USAGE ( .BOTH. , #1139 ) ;
#4559 = CARTESIAN_POINT ( 'NONE',  ( 4.299999999999999822, 15.30000000000000249, -8.772580537057891092 ) ) ;
#4560 = EDGE_LOOP ( 'NONE', ( #1186, #9293, #7385, #1438, #6447, #793, #375, #3382 ) ) ;
#4561 = CARTESIAN_POINT ( 'NONE',  ( 11.07573593128806877, 6.663683665882842888, -9.487040526008330588 ) ) ;
#4562 = CIRCLE ( 'NONE', #10828, 1.350000000000019629 ) ;
#4563 = CARTESIAN_POINT ( 'NONE',  ( 8.369143109499560751, 15.42062190192916660, -5.161030884390533480 ) ) ;
#4564 = CARTESIAN_POINT ( 'NONE',  ( 4.500000000000000000, 15.29999999999999893, -9.070000000000000284 ) ) ;
#4565 = VERTEX_POINT ( 'NONE', #8537 ) ;
#4566 = FACE_OUTER_BOUND ( 'NONE', #2202, .T. ) ;
#4567 = VECTOR ( 'NONE', #404, 1000.000000000000114 ) ;
#4568 = VECTOR ( 'NONE', #5290, 999.9999999999998863 ) ;
#4569 = CARTESIAN_POINT ( 'NONE',  ( 10.89999999999999858, 7.800000000000000711, -9.919999999999999929 ) ) ;
#4570 = ORIENTED_EDGE ( 'NONE', *, *, #253, .F. ) ;
#4571 = DIRECTION ( 'NONE',  ( -1.000000000000000000, 0.0000000000000000000, 0.0000000000000000000 ) ) ;
#4572 = EDGE_CURVE ( 'NONE', #907, #9984, #8506, .T. ) ;
#4573 = VERTEX_POINT ( 'NONE', #10724 ) ;
#4574 = EDGE_CURVE ( 'NONE', #4724, #1575, #8871, .T. ) ;
#4575 = CARTESIAN_POINT ( 'NONE',  ( 6.500000000000000000, 15.50000000000000000, 8.669999999999999929 ) ) ;
#4576 = AXIS2_PLACEMENT_3D ( 'NONE', #5906, #8487, #21 ) ;
#4577 = STYLED_ITEM ( 'NONE', ( #6675 ), #3881 ) ;
#4578 = CARTESIAN_POINT ( 'NONE',  ( 4.416251525940070088, 15.50000000000003908, -8.543498959855842401 ) ) ;
#4579 = CARTESIAN_POINT ( 'NONE',  ( 9.600000000000001421, 5.799999999999998046, 2.493767091948869030 ) ) ;
#4580 = CARTESIAN_POINT ( 'NONE',  ( 8.300000000000018474, 8.999999999999996447, 6.185584415584417073 ) ) ;
#4581 = ORIENTED_EDGE ( 'NONE', *, *, #7847, .T. ) ;
#4582 = DIRECTION ( 'NONE',  ( 0.0000000000000000000, -0.0000000000000000000, 1.000000000000000000 ) ) ;
#4583 = ORIENTED_EDGE ( 'NONE', *, *, #7428, .T. ) ;
#4584 = DIRECTION ( 'NONE',  ( 0.0000000000000000000, -1.000000000000000000, 0.0000000000000000000 ) ) ;
#4585 = EDGE_LOOP ( 'NONE', ( #9040, #8054, #7999, #7389 ) ) ;
#4586 = CARTESIAN_POINT ( 'NONE',  ( 9.650000000000005684, 15.20000000000007567, -4.009999999999996234 ) ) ;
#4587 = AXIS2_PLACEMENT_3D ( 'NONE', #3124, #9930, #2233 ) ;
#4588 = CARTESIAN_POINT ( 'NONE',  ( 4.500000000000000888, 15.30259718358289689, 2.457436327059514536 ) ) ;
#4589 = ORIENTED_EDGE ( 'NONE', *, *, #10507, .F. ) ;
#4590 = ORIENTED_EDGE ( 'NONE', *, *, #6011, .F. ) ;
#4591 = ADVANCED_FACE ( 'NONE', ( #468 ), #236, .F. ) ;
#4592 = CARTESIAN_POINT ( 'NONE',  ( 4.299999999999999822, 9.000000000000001776, 2.575601281123931496 ) ) ;
#4593 = ORIENTED_EDGE ( 'NONE', *, *, #2682, .F. ) ;
#4594 = CARTESIAN_POINT ( 'NONE',  ( 7.059646634423480727, 14.50000000000000178, 3.485625443503097998 ) ) ;
#4595 = CARTESIAN_POINT ( 'NONE',  ( 9.628445380721959879, 13.20000000000010054, 0.3043973317526560973 ) ) ;
#4596 = FACE_BOUND ( 'NONE', #8111, .T. ) ;
#4597 = VECTOR ( 'NONE', #146, 1000.000000000000000 ) ;
#4598 = VERTEX_POINT ( 'NONE', #3776 ) ;
#4599 = CARTESIAN_POINT ( 'NONE',  ( 4.515384615402476598, 15.50000000000000000, -6.634063386496173109 ) ) ;
#4600 = VERTEX_POINT ( 'NONE', #9779 ) ;
#4601 = CARTESIAN_POINT ( 'NONE',  ( 10.19999999999999751, 5.049748449477494461, 8.901572392209656570 ) ) ;
#4602 = ORIENTED_EDGE ( 'NONE', *, *, #5918, .T. ) ;
#4603 = ORIENTED_EDGE ( 'NONE', *, *, #3619, .T. ) ;
#4604 = EDGE_LOOP ( 'NONE', ( #10844, #1370, #6815, #3214 ) ) ;
#4605 = EDGE_CURVE ( 'NONE', #7687, #8956, #7187, .T. ) ;
#4606 = CARTESIAN_POINT ( 'NONE',  ( 7.057641814740406971, 14.49999999999817568, -7.946241661717849958 ) ) ;
#4607 = CYLINDRICAL_SURFACE ( 'NONE', #8212, 0.2000000000000001499 ) ;
#4608 = CARTESIAN_POINT ( 'NONE',  ( 8.500000000000000000, 15.19999999999999929, -9.070000000000000284 ) ) ;
#4609 = SURFACE_SIDE_STYLE ('',( #3879 ) ) ;
#4610 = LINE ( 'NONE', #3078, #4032 ) ;
#4611 = VECTOR ( 'NONE', #4723, 1000.000000000000000 ) ;
#4612 = FACE_OUTER_BOUND ( 'NONE', #4360, .T. ) ;
#4613 = CARTESIAN_POINT ( 'NONE',  ( 6.500000000000000000, 15.50000000000000000, 7.620000000000000107 ) ) ;
#4614 = SURFACE_SIDE_STYLE ('',( #8092 ) ) ;
#4615 = ADVANCED_FACE ( 'NONE', ( #7302 ), #872, .T. ) ;
#4616 = LINE ( 'NONE', #2035, #7930 ) ;
#4617 = ORIENTED_EDGE ( 'NONE', *, *, #3458, .F. ) ;
#4618 = CARTESIAN_POINT ( 'NONE',  ( 0.7749999999999999112, -4.440892098500626162E-16, -9.119999999999999218 ) ) ;
#4619 = CIRCLE ( 'NONE', #4078, 0.2999999999999999334 ) ;
#4620 = CARTESIAN_POINT ( 'NONE',  ( 8.501103551519475943, 15.30150824295816570, -5.078715244836780940 ) ) ;
#4621 = B_SPLINE_CURVE_WITH_KNOTS ( 'NONE', 3,
 ( #4836, #3989, #4313, #5983, #6455, #1730 ),
 .UNSPECIFIED., .F., .F.,
 ( 4, 2, 4 ),
 ( 0.0000000000000000000, 0.5000000000000000000, 1.000000000000000000 ),
 .UNSPECIFIED. ) ;
#4622 =( LENGTH_UNIT ( ) NAMED_UNIT ( * ) SI_UNIT ( .MILLI., .METRE. ) );
#4623 = DIRECTION ( 'NONE',  ( -1.000000000000000000, 0.0000000000000000000, 0.0000000000000000000 ) ) ;
#4624 = VECTOR ( 'NONE', #2196, 1000.000000000000000 ) ;
#4625 = DIRECTION ( 'NONE',  ( 0.0000000000000000000, 0.0000000000000000000, -1.000000000000000000 ) ) ;
#4626 = ORIENTED_EDGE ( 'NONE', *, *, #3377, .F. ) ;
#4627 = EDGE_CURVE ( 'NONE', #10213, #6735, #7238, .T. ) ;
#4628 = EDGE_CURVE ( 'NONE', #6724, #9959, #5829, .T. ) ;
#4629 = CARTESIAN_POINT ( 'NONE',  ( 8.299999999999998934, 15.53376032063300016, 2.660455311262019951 ) ) ;
#4630 = ORIENTED_EDGE ( 'NONE', *, *, #8185, .T. ) ;
#4631 = DIRECTION ( 'NONE',  ( 1.000000000000000000, -0.0000000000000000000, 0.0000000000000000000 ) ) ;
#4632 = AXIS2_PLACEMENT_3D ( 'NONE', #4986, #459, #9080 ) ;
#4633 = CARTESIAN_POINT ( 'NONE',  ( 4.499999999999998224, 15.50000000000000000, 5.160000000000000142 ) ) ;
#4634 = DIRECTION ( 'NONE',  ( -2.556434596176350141E-15, -1.000000000000000000, -0.0000000000000000000 ) ) ;
#4635 = ORIENTED_EDGE ( 'NONE', *, *, #6623, .T. ) ;
#4636 = CARTESIAN_POINT ( 'NONE',  ( 4.505159402840263283, 15.50000000000000000, -6.617770142149338675 ) ) ;
#4637 = ADVANCED_FACE ( 'NONE', ( #10260 ), #3033, .T. ) ;
#4638 = ORIENTED_EDGE ( 'NONE', *, *, #5452, .F. ) ;
#4639 = DIRECTION ( 'NONE',  ( 0.0000000000000000000, 0.9284351071399689070, -0.3714946188439269825 ) ) ;
#4640 = ORIENTED_EDGE ( 'NONE', *, *, #2122, .F. ) ;
#4641 = CARTESIAN_POINT ( 'NONE',  ( 9.554397331752658928, 15.20000000000010054, -4.188445380721964817 ) ) ;
#4642 = AXIS2_PLACEMENT_3D ( 'NONE', #4515, #1826, #6253 ) ;
#4643 = CIRCLE ( 'NONE', #9468, 0.2999999999999999334 ) ;
#4644 = CARTESIAN_POINT ( 'NONE',  ( 4.447640122440170707, 15.50000000000000000, -6.467419462942110897 ) ) ;
#4645 = ORIENTED_EDGE ( 'NONE', *, *, #5581, .F. ) ;
#4646 = VERTEX_POINT ( 'NONE', #6770 ) ;
#4647 = VERTEX_POINT ( 'NONE', #5037 ) ;
#4648 = CARTESIAN_POINT ( 'NONE',  ( 8.499991117421787479, 15.29997552248377524, 8.770695768309463958 ) ) ;
#4649 = CARTESIAN_POINT ( 'NONE',  ( -0.9999999999999997780, 15.50000000000000000, -4.962580537057890595 ) ) ;
#4650 = CARTESIAN_POINT ( 'NONE',  ( 9.599999999999999645, 5.298675942255757221, -2.471267616961486446 ) ) ;
#4651 = CARTESIAN_POINT ( 'NONE',  ( 10.19999999999999929, 6.650913555578649827, 8.342125371792686650 ) ) ;
#4652 = VECTOR ( 'NONE', #7673, 999.9999999999998863 ) ;
#4653 = ORIENTED_EDGE ( 'NONE', *, *, #7012, .F. ) ;
#4654 = DIRECTION ( 'NONE',  ( -1.000000000000000000, 0.0000000000000000000, 0.0000000000000000000 ) ) ;
#4655 = EDGE_CURVE ( 'NONE', #6724, #4647, #9086, .T. ) ;
#4656 = VERTEX_POINT ( 'NONE', #6505 ) ;
#4657 = CARTESIAN_POINT ( 'NONE',  ( 10.19999999999999929, 4.540232308810306705, 6.658379459198858541 ) ) ;
#4658 = ORIENTED_EDGE ( 'NONE', *, *, #3311, .T. ) ;
#4659 = EDGE_CURVE ( 'NONE', #5947, #3861, #7404, .T. ) ;
#4660 = CARTESIAN_POINT ( 'NONE',  ( 9.600000000000001421, 5.500000000000000000, -2.459999999999979536 ) ) ;
#4661 = VERTEX_POINT ( 'NONE', #4783 ) ;
#4662 = CARTESIAN_POINT ( 'NONE',  ( 6.500000000000000888, 14.49999999999890754, -6.995000000010573871 ) ) ;
#4663 = CARTESIAN_POINT ( 'NONE',  ( 10.19999999999999929, 5.799999999999999822, 6.303755341891159603 ) ) ;
#4664 = CARTESIAN_POINT ( 'NONE',  ( 9.018600732609508341, 13.20000000000020002, 7.219999999999999751 ) ) ;
#4665 = CARTESIAN_POINT ( 'NONE',  ( 5.954378302844778759, 14.50000000000000178, -0.3161215661621438744 ) ) ;
#4666 = CARTESIAN_POINT ( 'NONE',  ( 9.450000000000001066, 15.20000000000005080, -4.209999999999999964 ) ) ;
#4667 =( BOUNDED_SURFACE ( )  B_SPLINE_SURFACE ( 3, 3, ( 
 ( #10722, #5665, #4778, #2191 ),
 ( #6348, #9997, #1463, #9084 ),
 ( #4043, #10613, #8142, #1415 ),
 ( #8246, #9778, #570, #8927 ) ),
 .UNSPECIFIED., .F., .F., .F. ) 
 B_SPLINE_SURFACE_WITH_KNOTS ( ( 4, 4 ),
 ( 4, 4 ),
 ( 0.0000000000000000000, 1.000000000000000000 ),
 ( 0.0000000000000000000, 1.000000000000000000 ),
 .UNSPECIFIED. ) 
 GEOMETRIC_REPRESENTATION_ITEM ( )  RATIONAL_B_SPLINE_SURFACE ( (
 ( 1.000000000000000000, 0.9738459485536677951, 0.9738459485536677951, 1.000000000000000000),
 ( 0.8047378541242627970, 0.7836906988866858548, 0.7836906988866858548, 0.8047378541242627970),
 ( 0.8047378541242627970, 0.7836906988866858548, 0.7836906988866858548, 0.8047378541242627970),
 ( 1.000000000000000000, 0.9738459485536677951, 0.9738459485536677951, 1.000000000000000000) ) ) 
 REPRESENTATION_ITEM ( '' )  SURFACE ( )  );
#4668 = FACE_OUTER_BOUND ( 'NONE', #9102, .T. ) ;
#4669 = VERTEX_POINT ( 'NONE', #9945 ) ;
#4670 = CARTESIAN_POINT ( 'NONE',  ( 9.050000000000000711, 8.699999999999999289, 9.919999999999999929 ) ) ;
#4671 = ORIENTED_EDGE ( 'NONE', *, *, #11030, .F. ) ;
#4672 = ORIENTED_EDGE ( 'NONE', *, *, #5365, .T. ) ;
#4673 = CARTESIAN_POINT ( 'NONE',  ( 11.19999999999999574, 6.597954544511837049, -9.381583229548395408 ) ) ;
#4674 = CARTESIAN_POINT ( 'NONE',  ( 4.499999999999938716, 15.50000000000000000, -1.039230484541292521 ) ) ;
#4675 = CARTESIAN_POINT ( 'NONE',  ( 8.499999999999996447, 15.35235987755982912, 8.772580537057889316 ) ) ;
#4676 = EDGE_CURVE ( 'NONE', #5386, #6325, #8572, .T. ) ;
#4677 = VERTEX_POINT ( 'NONE', #7686 ) ;
#4678 = CARTESIAN_POINT ( 'NONE',  ( 8.299999999999988276, 8.999999999999998224, 1.434415584415585920 ) ) ;
#4679 = CARTESIAN_POINT ( 'NONE',  ( 4.515384615381938360, 15.50000000000000000, -2.824063386455573976 ) ) ;
#4680 = ORIENTED_EDGE ( 'NONE', *, *, #1214, .F. ) ;
#4681 = CARTESIAN_POINT ( 'NONE',  ( 7.399999999999999467, 12.00000000000000000, 9.399999999999998579 ) ) ;
#4682 = VERTEX_POINT ( 'NONE', #776 ) ;
#4683 = FACE_OUTER_BOUND ( 'NONE', #6205, .T. ) ;
#4684 = DIRECTION ( 'NONE',  ( 2.556434596176350141E-15, 1.000000000000000000, 0.0000000000000000000 ) ) ;
#4685 = CARTESIAN_POINT ( 'NONE',  ( 6.500000000000000888, 14.60000000001571152, 6.569999999953779479 ) ) ;
#4686 = EDGE_CURVE ( 'NONE', #7588, #7053, #2506, .T. ) ;
#4687 = VERTEX_POINT ( 'NONE', #838 ) ;
#4688 = B_SPLINE_CURVE_WITH_KNOTS ( 'NONE', 3,
 ( #361, #7086, #7990, #6918 ),
 .UNSPECIFIED., .F., .F.,
 ( 4, 4 ),
 ( 0.0000000000000000000, 1.000000000000000000 ),
 .UNSPECIFIED. ) ;
#4689 = EDGE_CURVE ( 'NONE', #7986, #10898, #4621, .T. ) ;
#4690 = CARTESIAN_POINT ( 'NONE',  ( 11.19999999999999929, 6.500075950070542952, 5.954847903296915490 ) ) ;
#4691 = ORIENTED_EDGE ( 'NONE', *, *, #10988, .T. ) ;
#4692 = CARTESIAN_POINT ( 'NONE',  ( 6.500000000000000000, 14.50000000000000000, 3.810000000000000053 ) ) ;
#4693 = CARTESIAN_POINT ( 'NONE',  ( 4.499999999999988454, 15.50000000000000000, -4.849230484541146247 ) ) ;
#4694 = DIRECTION ( 'NONE',  ( -1.000000000000000000, 0.0000000000000000000, 0.0000000000000000000 ) ) ;
#4695 = ORIENTED_EDGE ( 'NONE', *, *, #1917, .F. ) ;
#4696 = CARTESIAN_POINT ( 'NONE',  ( 9.650000000000005684, 15.20000000000007390, -3.610000000000004761 ) ) ;
#4697 = DIRECTION ( 'NONE',  ( -2.775557561562891351E-16, 7.993605777301225541E-14, -1.000000000000000000 ) ) ;
#4698 = VECTOR ( 'NONE', #4396, 1000.000000000000000 ) ;
#4699 = ORIENTED_EDGE ( 'NONE', *, *, #4886, .T. ) ;
#4700 = CARTESIAN_POINT ( 'NONE',  ( 4.299999999999999822, 9.000000000000000000, 8.854398718876073104 ) ) ;
#4701 = CARTESIAN_POINT ( 'NONE',  ( 9.350000000000003197, 7.594504036232978983, 3.113983483139010300 ) ) ;
#4702 = CARTESIAN_POINT ( 'NONE',  ( 8.862475782649550382, 13.20000000000010054, -3.485000000000000320 ) ) ;
#4703 = ORIENTED_EDGE ( 'NONE', *, *, #6398, .T. ) ;
#4704 = CARTESIAN_POINT ( 'NONE',  ( 9.552801572920238016, 13.20000000000010232, -8.000415261434735470 ) ) ;
#4705 = EDGE_LOOP ( 'NONE', ( #10840, #153, #10200, #7563, #10013, #8783, #9638, #2077 ) ) ;
#4706 = CARTESIAN_POINT ( 'NONE',  ( 4.781862296044550931, 15.50000000000000000, 0.3430138993750392884 ) ) ;
#4707 = ORIENTED_EDGE ( 'NONE', *, *, #635, .F. ) ;
#4708 = VECTOR ( 'NONE', #3416, 1000.000000000000000 ) ;
#4709 = DIRECTION ( 'NONE',  ( 0.0000000000000000000, -0.0000000000000000000, -1.000000000000000000 ) ) ;
#4710 = VERTEX_POINT ( 'NONE', #3082 ) ;
#4711 = ORIENTED_EDGE ( 'NONE', *, *, #7944, .T. ) ;
#4712 = CARTESIAN_POINT ( 'NONE',  ( 4.299999999999982947, 9.000000000000000000, -4.849230484541204866 ) ) ;
#4713 = ADVANCED_FACE ( 'NONE', ( #3349 ), #5926, .T. ) ;
#4714 = CARTESIAN_POINT ( 'NONE',  ( 10.19999999999999929, 5.799999999999999822, -1.810000000000020037 ) ) ;
#4715 = ADVANCED_FACE ( 'NONE', ( #3412 ), #2192, .T. ) ;
#4716 = VECTOR ( 'NONE', #10055, 1000.000000000000000 ) ;
#4717 = CARTESIAN_POINT ( 'NONE',  ( 9.018600732609499460, 13.20000000000010054, -7.820000000000000284 ) ) ;
#4718 =( NAMED_UNIT ( * ) SI_UNIT ( $, .STERADIAN. ) SOLID_ANGLE_UNIT ( ) );
#4719 = DIRECTION ( 'NONE',  ( 0.0000000000000000000, 0.0000000000000000000, -1.000000000000000000 ) ) ;
#4720 = CARTESIAN_POINT ( 'NONE',  ( 11.12295475980631387, 6.658561969752804899, 1.752460896820233760 ) ) ;
#4721 = CARTESIAN_POINT ( 'NONE',  ( 7.399999999999998579, 13.19999999999999574, -8.999870129870132018 ) ) ;
#4722 = AXIS2_PLACEMENT_3D ( 'NONE', #6230, #9663, #1976 ) ;
#4723 = DIRECTION ( 'NONE',  ( 1.000000000000000000, 0.0000000000000000000, 0.0000000000000000000 ) ) ;
#4724 = VERTEX_POINT ( 'NONE', #5159 ) ;
#4725 = ORIENTED_EDGE ( 'NONE', *, *, #1693, .F. ) ;
#4726 = DIRECTION ( 'NONE',  ( 0.0000000000000000000, 0.0000000000000000000, -1.000000000000000000 ) ) ;
#4727 = CARTESIAN_POINT ( 'NONE',  ( 8.404397331752653244, 15.47844538072196130, 2.657419462942109512 ) ) ;
#4728 = ORIENTED_EDGE ( 'NONE', *, *, #231, .F. ) ;
#4729 = AXIS2_PLACEMENT_3D ( 'NONE', #4519, #1325, #9739 ) ;
#4730 = DIRECTION ( 'NONE',  ( 1.000000000000000000, 0.0000000000000000000, -0.0000000000000000000 ) ) ;
#4731 = ORIENTED_EDGE ( 'NONE', *, *, #3094, .T. ) ;
#4732 = DIRECTION ( 'NONE',  ( 0.0000000000000000000, 0.0000000000000000000, 1.000000000000000000 ) ) ;
#4733 = FACE_OUTER_BOUND ( 'NONE', #10624, .T. ) ;
#4734 = ORIENTED_EDGE ( 'NONE', *, *, #3155, .T. ) ;
#4735 = AXIS2_PLACEMENT_3D ( 'NONE', #8099, #1213, #6363 ) ;
#4736 = CARTESIAN_POINT ( 'NONE',  ( 4.499999999999998224, 15.30259718358289867, 8.972563672940484736 ) ) ;
#4737 = ORIENTED_EDGE ( 'NONE', *, *, #9079, .T. ) ;
#4738 = EDGE_CURVE ( 'NONE', #5386, #10331, #4190, .T. ) ;
#4739 = CARTESIAN_POINT ( 'NONE',  ( 10.19999999999999929, 6.824791866760946846, -0.3012284570318284338 ) ) ;
#4740 = CARTESIAN_POINT ( 'NONE',  ( 5.970620788249811461, 15.50000000000000178, 6.702804678791832060 ) ) ;
#4741 = CARTESIAN_POINT ( 'NONE',  ( 4.500000000000000000, 9.034856442049489900, -1.233946037810489615 ) ) ;
#4742 = AXIS2_PLACEMENT_3D ( 'NONE', #3747, #5639, #549 ) ;
#4743 = ORIENTED_EDGE ( 'NONE', *, *, #2499, .F. ) ;
#4744 = AXIS2_PLACEMENT_3D ( 'NONE', #202, #5155, #151 ) ;
#4745 = LINE ( 'NONE', #7267, #2583 ) ;
#4746 = VERTEX_POINT ( 'NONE', #1667 ) ;
#4747 = CARTESIAN_POINT ( 'NONE',  ( 10.19999999999999929, 5.949892667124001555, 5.091655287409494690 ) ) ;
#4748 = CYLINDRICAL_SURFACE ( 'NONE', #8000, 0.2000000000000005107 ) ;
#4749 = CARTESIAN_POINT ( 'NONE',  ( 4.499999999999939604, 15.50000000000000000, -4.849230484541293684 ) ) ;
#4750 = EDGE_LOOP ( 'NONE', ( #3928, #1162, #1503, #2062 ) ) ;
#4751 = CARTESIAN_POINT ( 'NONE',  ( 4.300000000000000711, 9.000247077141525054, 2.523240196970228055 ) ) ;
#4752 = VECTOR ( 'NONE', #10987, 1000.000000000000000 ) ;
#4753 = CIRCLE ( 'NONE', #7621, 0.3000000000000159761 ) ;
#4754 = EDGE_CURVE ( 'NONE', #1020, #835, #4760, .T. ) ;
#4755 = ORIENTED_EDGE ( 'NONE', *, *, #5532, .F. ) ;
#4756 = CARTESIAN_POINT ( 'NONE',  ( 10.89999999999999858, 6.457765876465090038, -1.805000000000000160 ) ) ;
#4757 = DIRECTION ( 'NONE',  ( -0.0000000000000000000, 0.0000000000000000000, 1.000000000000000000 ) ) ;
#4758 = CARTESIAN_POINT ( 'NONE',  ( 9.599999999999999645, 5.398735346751782238, 6.270034638419192952 ) ) ;
#4759 = DIRECTION ( 'NONE',  ( 0.0000000000000000000, 0.9999156794129788750, 0.01298591791445423242 ) ) ;
#4760 = B_SPLINE_CURVE_WITH_KNOTS ( 'NONE', 3,
 ( #8510, #9030, #8198, #7353, #2447, #10776, #10832, #3137, #6710, #2782, #1897, #7048, #9577, #6268, #8678, #951, #10482, #8840 ),
 .UNSPECIFIED., .F., .F.,
 ( 4, 2, 2, 2, 2, 2, 2, 2, 4 ),
 ( 0.0000000000000000000, 0.1250000000000000000, 0.2500000000000000000, 0.3750000000000000000, 0.5000000000000000000, 0.6250000000000000000, 0.7500000000000000000, 0.8750000000000000000, 1.000000000000000000 ),
 .UNSPECIFIED. ) ;
#4761 = ORIENTED_EDGE ( 'NONE', *, *, #8451, .T. ) ;
#4762 = CARTESIAN_POINT ( 'NONE',  ( 9.350000000000001421, 6.757765876465089860, -1.805000000000000160 ) ) ;
#4763 = CARTESIAN_POINT ( 'NONE',  ( 10.19999999999999929, 4.349086444421405240, 6.897874628207441461 ) ) ;
#4764 = EDGE_LOOP ( 'NONE', ( #7246, #930, #9641, #1525 ) ) ;
#4765 = AXIS2_PLACEMENT_3D ( 'NONE', #9860, #9744, #8064 ) ;
#4766 = LINE ( 'NONE', #4821, #7088 ) ;
#4767 = ORIENTED_EDGE ( 'NONE', *, *, #4222, .T. ) ;
#4768 = EDGE_LOOP ( 'NONE', ( #3475, #9439, #5297, #4658 ) ) ;
#4769 = EDGE_CURVE ( 'NONE', #1040, #1278, #2833, .T. ) ;
#4770 = CARTESIAN_POINT ( 'NONE',  ( 10.38333333333258146, 7.009966887054360107, -9.220000000000000639 ) ) ;
#4771 = EDGE_CURVE ( 'NONE', #7315, #167, #9694, .T. ) ;
#4772 = CARTESIAN_POINT ( 'NONE',  ( 4.500000000000000000, 15.50000000000000000, 1.449999999999999956 ) ) ;
#4773 = STYLED_ITEM ( 'NONE', ( #5600 ), #6751 ) ;
#4774 = DIRECTION ( 'NONE',  ( -0.09119215051751136669, -0.9575175804338615926, 0.2735764515525319074 ) ) ;
#4775 = FACE_OUTER_BOUND ( 'NONE', #9578, .T. ) ;
#4776 = CARTESIAN_POINT ( 'NONE',  ( 8.706350832689592423, 15.20000000000007390, 7.370000000000000107 ) ) ;
#4777 = CARTESIAN_POINT ( 'NONE',  ( 6.500000000000000888, 14.49999999999890754, -0.6250000000158598690 ) ) ;
#4778 = CARTESIAN_POINT ( 'NONE',  ( 4.315797791639861991, 15.30000000000000959, 8.547545581209167409 ) ) ;
#4779 = EDGE_CURVE ( 'NONE', #9004, #953, #5322, .T. ) ;
#4780 = ORIENTED_EDGE ( 'NONE', *, *, #7092, .F. ) ;
#4781 = EDGE_CURVE ( 'NONE', #3461, #6958, #103, .T. ) ;
#4782 = VECTOR ( 'NONE', #3465, 1000.000000000000000 ) ;
#4783 = CARTESIAN_POINT ( 'NONE',  ( 11.19999999999999751, 6.457765876465027866, -2.169059865236004470 ) ) ;
#4784 = CARTESIAN_POINT ( 'NONE',  ( 11.19999999999999751, 6.437163872330799563, -1.652792750588512272 ) ) ;
#4785 = ORIENTED_EDGE ( 'NONE', *, *, #8985, .T. ) ;
#4786 = CARTESIAN_POINT ( 'NONE',  ( 4.299999999999999822, 9.000000000000000000, 1.234398718876072554 ) ) ;
#4787 = VECTOR ( 'NONE', #293, 1000.000000000000000 ) ;
#4788 = ORIENTED_EDGE ( 'NONE', *, *, #7496, .F. ) ;
#4789 = CARTESIAN_POINT ( 'NONE',  ( 4.299999999999999822, 9.000000000000000000, 8.854398718876073104 ) ) ;
#4790 = ADVANCED_FACE ( 'NONE', ( #267, #2674 ), #10374, .T. ) ;
#4791 = ADVANCED_FACE ( 'NONE', ( #6099 ), #3951, .T. ) ;
#4792 = CARTESIAN_POINT ( 'NONE',  ( 4.499999999999938716, 15.50000000000000178, 2.789756098057629696 ) ) ;
#4793 = VERTEX_POINT ( 'NONE', #6993 ) ;
#4794 = VECTOR ( 'NONE', #1418, 1000.000000000000000 ) ;
#4795 = CARTESIAN_POINT ( 'NONE',  ( 8.500000000000000000, 9.000000000000000000, 2.299999999999999822 ) ) ;
#4796 = ORIENTED_EDGE ( 'NONE', *, *, #7374, .T. ) ;
#4797 = CARTESIAN_POINT ( 'NONE',  ( 10.19999999999999929, 6.089148453074670897, 1.223996747325872159 ) ) ;
#4798 = DIRECTION ( 'NONE',  ( 0.0000000000000000000, 0.0000000000000000000, -1.000000000000000000 ) ) ;
#4799 = CARTESIAN_POINT ( 'NONE',  ( 9.650000000000000355, 13.19999999999999929, -7.419999999999999929 ) ) ;
#4800 = VECTOR ( 'NONE', #4545, 1000.000000000000000 ) ;
#4801 = VERTEX_POINT ( 'NONE', #10317 ) ;
#4802 = CARTESIAN_POINT ( 'NONE',  ( -0.9999999999999997780, 15.30259718358290044, 8.972563672940482959 ) ) ;
#4803 = VERTEX_POINT ( 'NONE', #6044 ) ;
#4804 = CARTESIAN_POINT ( 'NONE',  ( 8.501103551519484824, 15.41930204271696425, -8.887185455229515085 ) ) ;
#4805 = SURFACE_SIDE_STYLE ('',( #8113 ) ) ;
#4806 = CYLINDRICAL_SURFACE ( 'NONE', #5626, 0.2000000000000005107 ) ;
#4807 = DIRECTION ( 'NONE',  ( -3.880602260699040389E-17, 0.2747211278973781257, 0.9615239476408231623 ) ) ;
#4808 = AXIS2_PLACEMENT_3D ( 'NONE', #7141, #5463, #8153 ) ;
#4809 = AXIS2_PLACEMENT_3D ( 'NONE', #9138, #5721, #3994 ) ;
#4810 = ORIENTED_EDGE ( 'NONE', *, *, #4130, .F. ) ;
#4811 = CARTESIAN_POINT ( 'NONE',  ( 6.226543705840673404, 15.50000000000000178, -2.786928037089520860 ) ) ;
#4812 = DIRECTION ( 'NONE',  ( -1.000000000000000000, -0.0000000000000000000, -0.0000000000000000000 ) ) ;
#4813 = CARTESIAN_POINT ( 'NONE',  ( 10.19999999999999929, 6.459761569003256376, -4.771825646931496578 ) ) ;
#4814 = CARTESIAN_POINT ( 'NONE',  ( 10.19999999999999929, 6.849934046066627147, 7.773294225181983208 ) ) ;
#4815 = CARTESIAN_POINT ( 'NONE',  ( 7.399999999999999467, 12.00000000000000000, -9.399999999999998579 ) ) ;
#4816 = ORIENTED_EDGE ( 'NONE', *, *, #5888, .F. ) ;
#4817 = DIRECTION ( 'NONE',  ( -1.000000000000000000, 0.0000000000000000000, 0.0000000000000000000 ) ) ;
#4818 = VERTEX_POINT ( 'NONE', #1059 ) ;
#4819 = COLOUR_RGB ( '',1.000000000000000000, 1.000000000000000000, 1.000000000000000000 ) ;
#4820 = EDGE_CURVE ( 'NONE', #10628, #7526, #10538, .T. ) ;
#4821 = CARTESIAN_POINT ( 'NONE',  ( 9.650000000000000355, 15.19999999999999929, -7.219999999999999751 ) ) ;
#4822 = ORIENTED_EDGE ( 'NONE', *, *, #7628, .T. ) ;
#4823 = CARTESIAN_POINT ( 'NONE',  ( 9.866666666666290553, 7.009966887054360107, -9.220000000000000639 ) ) ;
#4824 = PLANE ( 'NONE',  #350 ) ;
#4825 = AXIS2_PLACEMENT_3D ( 'NONE', #664, #10920, #1661 ) ;
#4826 = DIRECTION ( 'NONE',  ( 0.0000000000000000000, 0.0000000000000000000, 1.000000000000000000 ) ) ;
#4827 = DIRECTION ( 'NONE',  ( -0.4815434123430754054, 0.8427009716003851514, -0.2407717061715385909 ) ) ;
#4828 = DIRECTION ( 'NONE',  ( 0.0000000000000000000, 0.9999156794129788750, 0.01298591791445429834 ) ) ;
#4829 = CARTESIAN_POINT ( 'NONE',  ( 11.19999999999999751, 7.500000000000000000, 9.919999999999999929 ) ) ;
#4830 = EDGE_CURVE ( 'NONE', #1010, #9060, #1110, .T. ) ;
#4831 = ADVANCED_FACE ( 'NONE', ( #1789 ), #2724, .F. ) ;
#4832 = DIRECTION ( 'NONE',  ( 0.0000000000000000000, 0.0000000000000000000, -1.000000000000000000 ) ) ;
#4833 = AXIS2_PLACEMENT_3D ( 'NONE', #1216, #9903, #2988 ) ;
#4834 = VERTEX_POINT ( 'NONE', #3632 ) ;
#4835 = VECTOR ( 'NONE', #8388, 1000.000000000000000 ) ;
#4836 = CARTESIAN_POINT ( 'NONE',  ( 4.299999999999999822, 9.000000000000000000, -2.575601281123927500 ) ) ;
#4837 = B_SPLINE_CURVE_WITH_KNOTS ( 'NONE', 3,
 ( #3639, #2328, #5696, #5648, #4813, #6485, #3062, #3226, #5744, #9120, #2384, #1545, #9922, #9163, #3010, #4917, #10918, #8329 ),
 .UNSPECIFIED., .F., .F.,
 ( 4, 2, 2, 2, 2, 2, 2, 2, 4 ),
 ( 0.0000000000000000000, 0.1250000000000000000, 0.2500000000000000000, 0.3750000000000000000, 0.5000000000000000000, 0.6250000000000000000, 0.7500000000000000000, 0.8750000000000000000, 1.000000000000000000 ),
 .UNSPECIFIED. ) ;
#4838 = DIRECTION ( 'NONE',  ( -1.000000000000000000, -1.412560544723970047E-16, 0.0000000000000000000 ) ) ;
#4839 = ORIENTED_EDGE ( 'NONE', *, *, #3168, .T. ) ;
#4840 = DIRECTION ( 'NONE',  ( 1.000000000000000000, 0.0000000000000000000, -0.0000000000000000000 ) ) ;
#4841 = DIRECTION ( 'NONE',  ( 0.0000000000000000000, 0.0000000000000000000, 1.000000000000000000 ) ) ;
#4842 = ORIENTED_EDGE ( 'NONE', *, *, #2209, .T. ) ;
#4843 = SURFACE_STYLE_USAGE ( .BOTH. , #10784 ) ;
#4844 = PLANE ( 'NONE',  #250 ) ;
#4845 = ORIENTED_EDGE ( 'NONE', *, *, #777, .T. ) ;
#4846 = CARTESIAN_POINT ( 'NONE',  ( 4.500000000000000000, 15.29999999999999893, 5.259999999999999787 ) ) ;
#4847 = ORIENTED_EDGE ( 'NONE', *, *, #10876, .T. ) ;
#4848 = ORIENTED_EDGE ( 'NONE', *, *, #5229, .F. ) ;
#4849 = EDGE_CURVE ( 'NONE', #10493, #5749, #3692, .T. ) ;
#4850 = CARTESIAN_POINT ( 'NONE',  ( 10.19999999999999929, 6.723607902282404680, -0.5907099075152311141 ) ) ;
#4851 = ADVANCED_FACE ( 'NONE', ( #10639 ), #6478, .F. ) ;
#4852 = CARTESIAN_POINT ( 'NONE',  ( 6.639788295342080815, 15.50000000000000178, -4.859611024965075465 ) ) ;
#4853 = CARTESIAN_POINT ( 'NONE',  ( 11.19999999999999574, 8.105258983167081155, 2.901027189087724611 ) ) ;
#4854 = VERTEX_POINT ( 'NONE', #10590 ) ;
#4855 = PLANE ( 'NONE',  #5800 ) ;
#4856 =( LENGTH_UNIT ( ) NAMED_UNIT ( * ) SI_UNIT ( .MILLI., .METRE. ) );
#4857 = CARTESIAN_POINT ( 'NONE',  ( 11.19999999999999929, 1.299999999999999822, 9.919999999999999929 ) ) ;
#4858 = CARTESIAN_POINT ( 'NONE',  ( 10.89999999999999858, 7.799999999999999822, 9.919999999999999929 ) ) ;
#4859 = ORIENTED_EDGE ( 'NONE', *, *, #10071, .T. ) ;
#4860 = CARTESIAN_POINT ( 'NONE',  ( 9.554397331752658928, 15.20000000000009699, -3.431554619278037066 ) ) ;
#4861 = DIRECTION ( 'NONE',  ( -1.000000000000000000, 0.0000000000000000000, -1.531342102931250010E-16 ) ) ;
#4862 = DIRECTION ( 'NONE',  ( -0.0000000000000000000, 0.9999156794129788750, -0.01298591791445429834 ) ) ;
#4863 = PLANE ( 'NONE',  #6936 ) ;
#4864 = LINE ( 'NONE', #2439, #2215 ) ;
#4865 = CYLINDRICAL_SURFACE ( 'NONE', #10383, 0.2999999999999999889 ) ;
#4866 = ORIENTED_EDGE ( 'NONE', *, *, #3690, .F. ) ;
#4867 = CARTESIAN_POINT ( 'NONE',  ( -8.599999999999999645, 6.757765876465090749, 5.814999999999999503 ) ) ;
#4868 = ORIENTED_EDGE ( 'NONE', *, *, #4222, .F. ) ;
#4869 = CARTESIAN_POINT ( 'NONE',  ( 4.499999999999979572, 8.999999999999998224, 6.185584415584417961 ) ) ;
#4870 = ORIENTED_EDGE ( 'NONE', *, *, #8788, .T. ) ;
#4871 = SURFACE_STYLE_FILL_AREA ( #5807 ) ;
#4872 = ORIENTED_EDGE ( 'NONE', *, *, #6900, .F. ) ;
#4873 = DIRECTION ( 'NONE',  ( 1.000000000000000000, 0.0000000000000000000, -0.0000000000000000000 ) ) ;
#4874 = LINE ( 'NONE', #2396, #1776 ) ;
#4875 = EDGE_CURVE ( 'NONE', #4129, #5493, #9003, .T. ) ;
#4876 = LINE ( 'NONE', #48, #7290 ) ;
#4877 = DIRECTION ( 'NONE',  ( -1.000000000000000000, 0.0000000000000000000, 0.0000000000000000000 ) ) ;
#4878 = AXIS2_PLACEMENT_3D ( 'NONE', #8650, #4502, #5185 ) ;
#4879 = SURFACE_SIDE_STYLE ('',( #1361 ) ) ;
#4880 = CARTESIAN_POINT ( 'NONE',  ( 4.382847915768466329, 15.49994977653716077, -4.958098700075000309 ) ) ;
#4881 = CARTESIAN_POINT ( 'NONE',  ( 4.499999999999982236, 9.000000000000000000, -9.054415584415583140 ) ) ;
#4882 = ORIENTED_EDGE ( 'NONE', *, *, #231, .T. ) ;
#4883 = PRESENTATION_LAYER_ASSIGNMENT (  '', '', ( #6137 ) ) ;
#4884 = ORIENTED_EDGE ( 'NONE', *, *, #7927, .T. ) ;
#4885 = CARTESIAN_POINT ( 'NONE',  ( 4.299999999999999822, 9.000000000000001776, -6.385601281123931550 ) ) ;
#4886 = EDGE_CURVE ( 'NONE', #3676, #4510, #2272, .T. ) ;
#4887 = CARTESIAN_POINT ( 'NONE',  ( 8.299999999999998934, 15.50000000000000000, 2.657419462942109956 ) ) ;
#4888 = AXIS2_PLACEMENT_3D ( 'NONE', #50, #4536, #4487 ) ;
#4889 = CARTESIAN_POINT ( 'NONE',  ( 4.299999999999970512, 15.30000000000000071, 8.659230484541330597 ) ) ;
#4890 = CARTESIAN_POINT ( 'NONE',  ( 4.394278064412620921, 15.49999999999997335, 2.851613484342540250 ) ) ;
#4891 = B_SPLINE_CURVE_WITH_KNOTS ( 'NONE', 3,
 ( #6816, #829, #11029, #4131 ),
 .UNSPECIFIED., .F., .F.,
 ( 4, 4 ),
 ( 0.0000000000000000000, 1.000000000000000000 ),
 .UNSPECIFIED. ) ;
#4892 = ORIENTED_EDGE ( 'NONE', *, *, #736, .F. ) ;
#4893 = DIRECTION ( 'NONE',  ( -1.000000000000000000, -0.0000000000000000000, -0.0000000000000000000 ) ) ;
#4894 = VERTEX_POINT ( 'NONE', #5533 ) ;
#4895 = ORIENTED_EDGE ( 'NONE', *, *, #4574, .F. ) ;
#4896 = DIRECTION ( 'NONE',  ( -1.000000000000000000, -1.445602896647339903E-15, -0.0000000000000000000 ) ) ;
#4897 = VECTOR ( 'NONE', #9856, 1000.000000000000000 ) ;
#4898 = CARTESIAN_POINT ( 'NONE',  ( 10.19999999999999929, 6.849934046066257665, 0.1532942251828033897 ) ) ;
#4899 = DIRECTION ( 'NONE',  ( 0.0000000000000000000, -1.000000000000000000, 0.0000000000000000000 ) ) ;
#4900 = CARTESIAN_POINT ( 'NONE',  ( 10.89999999999999858, 6.585137115330579327, 5.723760026997124051 ) ) ;
#4901 = CARTESIAN_POINT ( 'NONE',  ( 9.630415261434805529, 13.20000000000010232, -7.317198427079784295 ) ) ;
#4902 = ORIENTED_EDGE ( 'NONE', *, *, #4781, .F. ) ;
#4903 = DIRECTION ( 'NONE',  ( -1.000000000000000000, 0.0000000000000000000, -1.531342102931250010E-16 ) ) ;
#4904 = VECTOR ( 'NONE', #10843, 1000.000000000000000 ) ;
#4905 = AXIS2_PLACEMENT_3D ( 'NONE', #2295, #5714, #4719 ) ;
#4906 = DIRECTION ( 'NONE',  ( -0.09119215051751136669, -0.9575175804338617036, -0.2735764515525318519 ) ) ;
#4907 = EDGE_CURVE ( 'NONE', #8858, #307, #4, .T. ) ;
#4908 = SURFACE_STYLE_USAGE ( .BOTH. , #822 ) ;
#4909 = ADVANCED_FACE ( 'NONE', ( #9971 ), #4806, .T. ) ;
#4910 = LINE ( 'NONE', #6695, #9200 ) ;
#4911 = ORIENTED_EDGE ( 'NONE', *, *, #7456, .T. ) ;
#4912 = CARTESIAN_POINT ( 'NONE',  ( 4.500000000000000888, 15.30259718358289689, -2.457436327059514536 ) ) ;
#4913 = ORIENTED_EDGE ( 'NONE', *, *, #7255, .F. ) ;
#4914 = CARTESIAN_POINT ( 'NONE',  ( -8.599999999999999645, 6.757765876465090749, -5.814999999999999503 ) ) ;
#4915 = VECTOR ( 'NONE', #6377, 1000.000000000000000 ) ;
#4916 = VECTOR ( 'NONE', #2321, 1000.000000000000000 ) ;
#4917 = CARTESIAN_POINT ( 'NONE',  ( 10.19999999999999929, 6.089148453074670897, -2.586003252674127673 ) ) ;
#4918 = DIRECTION ( 'NONE',  ( 0.0000000000000000000, 0.0000000000000000000, 1.000000000000000000 ) ) ;
#4919 = CARTESIAN_POINT ( 'NONE',  ( 4.299999999999999822, 8.997200455540209418, -2.575564923403668605 ) ) ;
#4920 = ORIENTED_EDGE ( 'NONE', *, *, #8310, .F. ) ;
#4921 = CARTESIAN_POINT ( 'NONE',  ( 4.500000000000001776, 15.42062190192916304, -8.971030884390531313 ) ) ;
#4922 = ORIENTED_EDGE ( 'NONE', *, *, #5314, .F. ) ;
#4923 = CARTESIAN_POINT ( 'NONE',  ( 8.899999999999998579, 13.19999999999999929, -8.019999999999999574 ) ) ;
#4924 = EDGE_CURVE ( 'NONE', #3173, #8598, #9298, .T. ) ;
#4925 = VECTOR ( 'NONE', #1501, 1000.000000000000000 ) ;
#4926 = ORIENTED_EDGE ( 'NONE', *, *, #3664, .F. ) ;
#4927 = B_SPLINE_CURVE_WITH_KNOTS ( 'NONE', 3,
 ( #1814, #9441, #6970, #5188, #4456, #6916 ),
 .UNSPECIFIED., .F., .F.,
 ( 4, 2, 4 ),
 ( 0.0000000000000000000, 0.5000000000000000000, 1.000000000000000000 ),
 .UNSPECIFIED. ) ;
#4928 = CARTESIAN_POINT ( 'NONE',  ( 8.766061818946786488, 15.20000000000020002, -4.059999999999999609 ) ) ;
#4929 = DIRECTION ( 'NONE',  ( 0.0000000000000000000, -0.9999156794129789860, -0.01298591791445430008 ) ) ;
#4930 = CARTESIAN_POINT ( 'NONE',  ( 9.449999999999999289, 13.20000000000005258, 4.209999999999999964 ) ) ;
#4931 = CARTESIAN_POINT ( 'NONE',  ( 10.19999999999999929, 5.500000000000000000, 3.810000000000000053 ) ) ;
#4932 = VECTOR ( 'NONE', #6236, 1000.000000000000000 ) ;
#4933 = ORIENTED_EDGE ( 'NONE', *, *, #4988, .F. ) ;
#4934 = CARTESIAN_POINT ( 'NONE',  ( 11.14537003589765085, 6.817899133917356913, 9.220000000000000639 ) ) ;
#4935 = CARTESIAN_POINT ( 'NONE',  ( 8.404397331752658573, 9.000585821344337489, 1.412851539416722257 ) ) ;
#4936 = DIRECTION ( 'NONE',  ( 0.0000000000000000000, 0.9999156794129788750, 0.01298591791445429834 ) ) ;
#4937 = ORIENTED_EDGE ( 'NONE', *, *, #9300, .F. ) ;
#4938 = VECTOR ( 'NONE', #4087, 1000.000000000000000 ) ;
#4939 = DIRECTION ( 'NONE',  ( -1.531342102931250010E-16, 0.0000000000000000000, -1.000000000000000000 ) ) ;
#4940 = ORIENTED_EDGE ( 'NONE', *, *, #3254, .T. ) ;
#4941 = CARTESIAN_POINT ( 'NONE',  ( 4.299999999999999822, 9.000000000000001776, 6.385601281123931550 ) ) ;
#4942 = DIRECTION ( 'NONE',  ( 1.000000000000000000, 0.0000000000000000000, 0.0000000000000000000 ) ) ;
#4943 = DIRECTION ( 'NONE',  ( 0.0000000000000000000, 0.0000000000000000000, 1.000000000000000000 ) ) ;
#4944 = VECTOR ( 'NONE', #6882, 1000.000000000000000 ) ;
#4945 = ORIENTED_EDGE ( 'NONE', *, *, #10255, .F. ) ;
#4946 = FILL_AREA_STYLE_COLOUR ( '', #8156 ) ;
#4947 = ORIENTED_EDGE ( 'NONE', *, *, #6466, .F. ) ;
#4948 = EDGE_CURVE ( 'NONE', #4026, #5209, #1282, .T. ) ;
#4949 = CARTESIAN_POINT ( 'NONE',  ( 4.499999999999938716, 15.50000000000000178, 2.770769515458706422 ) ) ;
#4950 = VERTEX_POINT ( 'NONE', #7210 ) ;
#4951 = PLANE ( 'NONE',  #2890 ) ;
#4952 =( BOUNDED_CURVE ( )  B_SPLINE_CURVE ( 3, ( #3673, #10522, #8053, #5412 ),
 .UNSPECIFIED., .F., .T. ) 
 B_SPLINE_CURVE_WITH_KNOTS ( ( 4, 4 ),
 ( 0.0000000000000000000, 1.000000000000000000 ),
 .UNSPECIFIED. ) 
 CURVE ( )  GEOMETRIC_REPRESENTATION_ITEM ( )  RATIONAL_B_SPLINE_CURVE ( ( 1.000000000000000000, 0.9738459485536662408, 0.9738459485536662408, 1.000000000000000000 ) ) 
 REPRESENTATION_ITEM ( '' )  );
#4953 = ORIENTED_EDGE ( 'NONE', *, *, #7574, .T. ) ;
#4954 = ORIENTED_EDGE ( 'NONE', *, *, #7905, .F. ) ;
#4955 = CARTESIAN_POINT ( 'NONE',  ( 4.499999999999998224, 15.50000000000000000, -2.459999999999999520 ) ) ;
#4956 = AXIS2_PLACEMENT_3D ( 'NONE', #4038, #10879, #10154 ) ;
#4957 = FILL_AREA_STYLE_COLOUR ( '', #2804 ) ;
#4958 = CARTESIAN_POINT ( 'NONE',  ( 10.20000000000000462, 6.366384717017712802, -6.541254660168080548 ) ) ;
#4959 = DIRECTION ( 'NONE',  ( -0.0000000000000000000, -0.0000000000000000000, -1.000000000000000000 ) ) ;
#4960 = ORIENTED_EDGE ( 'NONE', *, *, #3756, .T. ) ;
#4961 = DIRECTION ( 'NONE',  ( -1.000000000000000000, 0.0000000000000000000, -1.531342102931250010E-16 ) ) ;
#4962 = VERTEX_POINT ( 'NONE', #7161 ) ;
#4963 = DIRECTION ( 'NONE',  ( -0.0000000000000000000, -0.0000000000000000000, -1.000000000000000000 ) ) ;
#4964 = CIRCLE ( 'NONE', #7297, 0.1999999999999901301 ) ;
#4965 = EDGE_CURVE ( 'NONE', #4803, #6987, #5689, .T. ) ;
#4966 = ADVANCED_FACE ( 'NONE', ( #5483 ), #2356, .T. ) ;
#4967 = DIRECTION ( 'NONE',  ( 0.0000000000000000000, 1.000000000000000000, 0.0000000000000000000 ) ) ;
#4968 = CARTESIAN_POINT ( 'NONE',  ( 1.699999999999999956, 8.699999999999999289, 9.919999999999999929 ) ) ;
#4969 = SURFACE_STYLE_FILL_AREA ( #8431 ) ;
#4970 = ORIENTED_EDGE ( 'NONE', *, *, #6872, .T. ) ;
#4971 = CARTESIAN_POINT ( 'NONE',  ( 4.500000000000000000, 15.30000000000000426, 6.467419462942113562 ) ) ;
#4972 = VERTEX_POINT ( 'NONE', #7328 ) ;
#4973 = CARTESIAN_POINT ( 'NONE',  ( -8.599999999999999645, 5.500000000000000000, -7.620000000000000107 ) ) ;
#4974 = COLOUR_RGB ( '',1.000000000000000000, 1.000000000000000000, 1.000000000000000000 ) ;
#4975 = CARTESIAN_POINT ( 'NONE',  ( 9.600000000000001421, 5.200000000000000178, 6.303767091948868639 ) ) ;
#4976 = CARTESIAN_POINT ( 'NONE',  ( 5.275000000000000355, 1.915630352757239914E-16, 9.919999999999999929 ) ) ;
#4977 = LINE ( 'NONE', #5088, #6069 ) ;
#4978 = ORIENTED_EDGE ( 'NONE', *, *, #5029, .T. ) ;
#4979 = CARTESIAN_POINT ( 'NONE',  ( 9.554397331752658928, 15.20000000000009699, 7.998445380721962650 ) ) ;
#4980 = CARTESIAN_POINT ( 'NONE',  ( 9.600000000000001421, 5.399158108464382266, -8.970000000000020179 ) ) ;
#4981 = ORIENTED_EDGE ( 'NONE', *, *, #93, .F. ) ;
#4982 = FILL_AREA_STYLE_COLOUR ( '', #6198 ) ;
#4983 = VECTOR ( 'NONE', #10066, 1000.000000000000000 ) ;
#4984 = ORIENTED_EDGE ( 'NONE', *, *, #1610, .T. ) ;
#4985 = CARTESIAN_POINT ( 'NONE',  ( 8.352359877559830892, 15.50000000000000533, 1.152580537057889654 ) ) ;
#4986 = CARTESIAN_POINT ( 'NONE',  ( 8.299999999999998934, 15.29999999999999893, -9.070000000000000284 ) ) ;
#4987 = DIRECTION ( 'NONE',  ( -0.0000000000000000000, 1.000000000000000000, -0.0000000000000000000 ) ) ;
#4988 = EDGE_CURVE ( 'NONE', #167, #36, #2205, .T. ) ;
#4989 = DIRECTION ( 'NONE',  ( -1.000000000000000000, 0.0000000000000000000, -1.531342102931250010E-16 ) ) ;
#4990 = AXIS2_PLACEMENT_3D ( 'NONE', #7067, #7178, #5341 ) ;
#4991 = EDGE_CURVE ( 'NONE', #10628, #6351, #7431, .T. ) ;
#4992 = ORIENTED_EDGE ( 'NONE', *, *, #3772, .F. ) ;
#4993 = CARTESIAN_POINT ( 'NONE',  ( 4.505265930546623387, 15.49999999999999467, -6.617997816569411995 ) ) ;
#4994 = CARTESIAN_POINT ( 'NONE',  ( 7.340710297231248127, 15.50000000000000178, 8.264090782344945652 ) ) ;
#4995 = CARTESIAN_POINT ( 'NONE',  ( 8.706350832689590646, 13.20000000000020002, -7.169999999999999929 ) ) ;
#4996 = ORIENTED_EDGE ( 'NONE', *, *, #8474, .T. ) ;
#4997 = AXIS2_PLACEMENT_3D ( 'NONE', #5485, #6153, #9695 ) ;
#4998 = VECTOR ( 'NONE', #1011, 1000.000000000000000 ) ;
#4999 = DIRECTION ( 'NONE',  ( -0.4961389383568320377, 0.8682431421244601877, 0.0000000000000000000 ) ) ;
#5000 = ORIENTED_EDGE ( 'NONE', *, *, #8230, .F. ) ;
#5001 = DIRECTION ( 'NONE',  ( 0.0000000000000000000, 0.0000000000000000000, -1.000000000000000000 ) ) ;
#5002 = PLANE ( 'NONE',  #5762 ) ;
#5003 = EDGE_CURVE ( 'NONE', #8313, #6464, #9393, .T. ) ;
#5004 = COLOUR_RGB ( '',1.000000000000000000, 1.000000000000000000, 1.000000000000000000 ) ;
#5005 =( LENGTH_UNIT ( ) NAMED_UNIT ( * ) SI_UNIT ( .MILLI., .METRE. ) );
#5006 = VECTOR ( 'NONE', #4634, 1000.000000000000000 ) ;
#5007 = DIRECTION ( 'NONE',  ( 1.000000000000000000, -0.0000000000000000000, 0.0000000000000000000 ) ) ;
#5008 = ORIENTED_EDGE ( 'NONE', *, *, #1155, .F. ) ;
#5009 = VERTEX_POINT ( 'NONE', #3163 ) ;
#5010 = CARTESIAN_POINT ( 'NONE',  ( 8.299999999999998934, 15.53376032063300016, -1.149544688737980103 ) ) ;
#5011 = VERTEX_POINT ( 'NONE', #5740 ) ;
#5012 = PRODUCT ( 'CUI_DEVICES_TBP02P1-381-05BE', 'CUI_DEVICES_TBP02P1-381-05BE', '', ( #3996 ) ) ;
#5013 = ORIENTED_EDGE ( 'NONE', *, *, #5449, .F. ) ;
#5014 = ORIENTED_EDGE ( 'NONE', *, *, #6622, .F. ) ;
#5015 = CARTESIAN_POINT ( 'NONE',  ( 10.19999999999999929, 5.799999999999999822, -8.936244658108840611 ) ) ;
#5016 = DIRECTION ( 'NONE',  ( -1.000000000000000000, 0.0000000000000000000, -0.0000000000000000000 ) ) ;
#5017 = ADVANCED_FACE ( 'NONE', ( #7666 ), #7547, .T. ) ;
#5018 = DIRECTION ( 'NONE',  ( 0.0000000000000000000, 0.0000000000000000000, -1.000000000000000000 ) ) ;
#5019 = CARTESIAN_POINT ( 'NONE',  ( 4.500000000000010658, 9.000000000000000000, -2.375584415584412579 ) ) ;
#5020 = CARTESIAN_POINT ( 'NONE',  ( 8.417152084231538822, 15.49994977653716077, -8.768098700074997254 ) ) ;
#5021 = LINE ( 'NONE', #8376, #8890 ) ;
#5022 = FILL_AREA_STYLE_COLOUR ( '', #10445 ) ;
#5023 = PRESENTATION_STYLE_ASSIGNMENT (( #1599 ) ) ;
#5024 = ORIENTED_EDGE ( 'NONE', *, *, #3872, .F. ) ;
#5025 = CARTESIAN_POINT ( 'NONE',  ( 8.299999999999998934, 15.30259718358289689, 6.267436327059514589 ) ) ;
#5026 = ORIENTED_EDGE ( 'NONE', *, *, #2691, .T. ) ;
#5027 = ORIENTED_EDGE ( 'NONE', *, *, #9937, .F. ) ;
#5028 = CARTESIAN_POINT ( 'NONE',  ( 8.501103551519481272, 15.41930204271695715, 2.542814544770482854 ) ) ;
#5029 = EDGE_CURVE ( 'NONE', #8573, #4573, #8886, .T. ) ;
#5030 = CARTESIAN_POINT ( 'NONE',  ( 4.300008882578205238, 15.41711772838280403, 8.769174440960128436 ) ) ;
#5031 = PLANE ( 'NONE',  #7056 ) ;
#5032 = LINE ( 'NONE', #7677, #8057 ) ;
#5033 = ORIENTED_EDGE ( 'NONE', *, *, #8867, .F. ) ;
#5034 = ORIENTED_EDGE ( 'NONE', *, *, #9914, .T. ) ;
#5035 = CARTESIAN_POINT ( 'NONE',  ( 4.505265930546594966, 15.50000000000000355, -2.807997816569389737 ) ) ;
#5036 = DIRECTION ( 'NONE',  ( 0.0000000000000000000, 0.01298591791445111512, -0.9999156794129788750 ) ) ;
#5037 = CARTESIAN_POINT ( 'NONE',  ( 6.500000000000000888, 14.59999999999999964, -2.759999999969391382 ) ) ;
#5038 = ORIENTED_EDGE ( 'NONE', *, *, #7156, .T. ) ;
#5039 = ADVANCED_FACE ( 'NONE', ( #10859, #6589 ), #1651, .T. ) ;
#5040 = DIRECTION ( 'NONE',  ( 0.0000000000000000000, 0.0000000000000000000, -1.000000000000000000 ) ) ;
#5041 = DIRECTION ( 'NONE',  ( 0.0000000000000000000, 0.0000000000000000000, 1.000000000000000000 ) ) ;
#5042 = DIRECTION ( 'NONE',  ( 0.0000000000000000000, -0.0000000000000000000, 1.000000000000000000 ) ) ;
#5043 = CARTESIAN_POINT ( 'NONE',  ( -0.9999999999999997780, 15.50000000000000000, 2.657419462942109956 ) ) ;
#5044 = VERTEX_POINT ( 'NONE', #4858 ) ;
#5045 = CARTESIAN_POINT ( 'NONE',  ( 4.299999999999979394, 15.41715728752538439, -6.580769515458704255 ) ) ;
#5046 = CARTESIAN_POINT ( 'NONE',  ( 11.19999999999999751, 6.437573370562688524, 5.967439509484836258 ) ) ;
#5047 = CARTESIAN_POINT ( 'NONE',  ( 8.478443606496757212, 15.40439955824826690, -8.772090523840631704 ) ) ;
#5048 = VERTEX_POINT ( 'NONE', #8269 ) ;
#5049 = EDGE_CURVE ( 'NONE', #4214, #7551, #4910, .T. ) ;
#5050 = EDGE_CURVE ( 'NONE', #9959, #4656, #10076, .T. ) ;
#5051 = CARTESIAN_POINT ( 'NONE',  ( 10.90000000000000036, 8.261222984376010103, 0.9633885283112848530 ) ) ;
#5052 = VERTEX_POINT ( 'NONE', #710 ) ;
#5053 = CARTESIAN_POINT ( 'NONE',  ( 8.499999999999998224, 13.19999999999999929, 4.059999999999999609 ) ) ;
#5054 = VECTOR ( 'NONE', #5220, 1000.000000000000000 ) ;
#5055 = CYLINDRICAL_SURFACE ( 'NONE', #7390, 1.049999999999999822 ) ;
#5056 = CARTESIAN_POINT ( 'NONE',  ( 8.706350832689592423, 15.20000000000007390, 7.370000000000000107 ) ) ;
#5057 = ORIENTED_EDGE ( 'NONE', *, *, #91, .F. ) ;
#5058 = ORIENTED_EDGE ( 'NONE', *, *, #6700, .T. ) ;
#5059 = CARTESIAN_POINT ( 'NONE',  ( 4.299999999999999822, 15.50000000000000000, -9.070000000000000284 ) ) ;
#5060 = B_SPLINE_CURVE_WITH_KNOTS ( 'NONE', 3,
 ( #3640, #5331, #7057, #8689 ),
 .UNSPECIFIED., .F., .F.,
 ( 4, 4 ),
 ( 0.0000000000000000000, 1.000000000000000000 ),
 .UNSPECIFIED. ) ;
#5061 = AXIS2_PLACEMENT_3D ( 'NONE', #8202, #9093, #4841 ) ;
#5062 = CARTESIAN_POINT ( 'NONE',  ( 9.650000000000005684, 15.19999999999999929, 0.4000000000000001887 ) ) ;
#5063 = EDGE_CURVE ( 'NONE', #2393, #3261, #4126, .T. ) ;
#5064 = CARTESIAN_POINT ( 'NONE',  ( 9.650000000000000355, 13.20000000000007567, 4.009999999999995346 ) ) ;
#5065 = DIRECTION ( 'NONE',  ( 0.0000000000000000000, -0.0000000000000000000, 1.000000000000000000 ) ) ;
#5066 = ORIENTED_EDGE ( 'NONE', *, *, #7766, .F. ) ;
#5067 = ORIENTED_EDGE ( 'NONE', *, *, #1959, .T. ) ;
#5068 = LINE ( 'NONE', #8480, #5692 ) ;
#5069 = LINE ( 'NONE', #10291, #10160 ) ;
#5070 = CARTESIAN_POINT ( 'NONE',  ( 9.018600732609497683, 13.20000000000010054, 0.3999999999999993006 ) ) ;
#5071 = AXIS2_PLACEMENT_3D ( 'NONE', #3532, #1070, #10382 ) ;
#5072 = CARTESIAN_POINT ( 'NONE',  ( 10.19999999999999751, 5.049748449476882506, 1.281572392209514133 ) ) ;
#5073 = CARTESIAN_POINT ( 'NONE',  ( 11.13628631504909805, 6.642889288475296361, -2.066079218936136552 ) ) ;
#5074 = ORIENTED_EDGE ( 'NONE', *, *, #10878, .F. ) ;
#5075 =( LENGTH_UNIT ( ) NAMED_UNIT ( * ) SI_UNIT ( .MILLI., .METRE. ) );
#5076 = CARTESIAN_POINT ( 'NONE',  ( 8.706350832689631503, 15.20000000000007567, 0.2499999999999993616 ) ) ;
#5077 = CARTESIAN_POINT ( 'NONE',  ( 1.474999999999999867, 2.099999999999999645, -4.709999999999999964 ) ) ;
#5078 = CYLINDRICAL_SURFACE ( 'NONE', #8993, 0.3000000000000159761 ) ;
#5079 = EDGE_CURVE ( 'NONE', #4710, #917, #2325, .T. ) ;
#5080 = DIRECTION ( 'NONE',  ( 1.000000000000000000, -0.0000000000000000000, 0.0000000000000000000 ) ) ;
#5081 = ORIENTED_EDGE ( 'NONE', *, *, #6421, .T. ) ;
#5082 = CIRCLE ( 'NONE', #5071, 1.650000000000000355 ) ;
#5083 = LINE ( 'NONE', #10134, #8392 ) ;
#5084 = ORIENTED_EDGE ( 'NONE', *, *, #1229, .F. ) ;
#5085 = CYLINDRICAL_SURFACE ( 'NONE', #8220, 2.199999999999999734 ) ;
#5086 = DIRECTION ( 'NONE',  ( -0.0000000000000000000, -0.0000000000000000000, -1.000000000000000000 ) ) ;
#5087 = DIRECTION ( 'NONE',  ( -0.0000000000000000000, -0.0000000000000000000, -1.000000000000000000 ) ) ;
#5088 = CARTESIAN_POINT ( 'NONE',  ( 8.899999999999998579, 13.19999999999999929, -3.409999999999999698 ) ) ;
#5089 = AXIS2_PLACEMENT_3D ( 'NONE', #5010, #2312, #4162 ) ;
#5090 = EDGE_LOOP ( 'NONE', ( #2007, #2894, #10835, #3467 ) ) ;
#5091 = CARTESIAN_POINT ( 'NONE',  ( 8.899795149060295785, 13.20000000000010054, -4.181611873707318239 ) ) ;
#5092 =( BOUNDED_CURVE ( )  B_SPLINE_CURVE ( 3, ( #5284, #8697, #4442, #10443 ),
 .UNSPECIFIED., .F., .T. ) 
 B_SPLINE_CURVE_WITH_KNOTS ( ( 4, 4 ),
 ( 0.0000000000000000000, 1.000000000000000000 ),
 .UNSPECIFIED. ) 
 CURVE ( )  GEOMETRIC_REPRESENTATION_ITEM ( )  RATIONAL_B_SPLINE_CURVE ( ( 1.000000000000000000, 0.8974358974358995766, 0.8974358974358995766, 1.000000000000000000 ) ) 
 REPRESENTATION_ITEM ( '' )  );
#5093 = CARTESIAN_POINT ( 'NONE',  ( 4.500000000000002665, 15.49994977653715900, -8.768098700075004359 ) ) ;
#5094 = ORIENTED_EDGE ( 'NONE', *, *, #8523, .T. ) ;
#5095 = CARTESIAN_POINT ( 'NONE',  ( 4.447644537455778924, 15.50000000000000178, 1.152147660960549880 ) ) ;
#5096 = EDGE_CURVE ( 'NONE', #4724, #8081, #3423, .T. ) ;
#5097 = CARTESIAN_POINT ( 'NONE',  ( 10.50000000000000000, 1.299999999999999822, 9.919999999999999929 ) ) ;
#5098 = ADVANCED_FACE ( 'NONE', ( #656 ), #9274, .F. ) ;
#5099 = ORIENTED_EDGE ( 'NONE', *, *, #5941, .T. ) ;
#5100 = VECTOR ( 'NONE', #6943, 1000.000000000000000 ) ;
#5101 = DIRECTION ( 'NONE',  ( 2.556434596176350141E-15, 1.000000000000000000, 0.0000000000000000000 ) ) ;
#5102 = FACE_OUTER_BOUND ( 'NONE', #9652, .T. ) ;
#5103 = SURFACE_STYLE_FILL_AREA ( #9418 ) ;
#5104 = CARTESIAN_POINT ( 'NONE',  ( 1.274999999999999911, -3.734611826138641261E-16, 2.299999999999999822 ) ) ;
#5105 = EDGE_LOOP ( 'NONE', ( #10526, #8707, #8860, #1060 ) ) ;
#5106 = CARTESIAN_POINT ( 'NONE',  ( 8.862475782649546829, 13.20000000000010054, -3.484999999999998543 ) ) ;
#5107 = CARTESIAN_POINT ( 'NONE',  ( 4.381965328900975010, 15.30259718358289511, -5.162563672940487791 ) ) ;
#5108 = CIRCLE ( 'NONE', #6362, 0.2999999999999990452 ) ;
#5109 = VECTOR ( 'NONE', #3684, 1000.000000000000000 ) ;
#5110 = DIRECTION ( 'NONE',  ( 0.0000000000000000000, -0.0000000000000000000, -1.000000000000000000 ) ) ;
#5111 = ORIENTED_EDGE ( 'NONE', *, *, #10039, .F. ) ;
#5112 = EDGE_CURVE ( 'NONE', #1202, #8020, #10464, .T. ) ;
#5113 = B_SPLINE_CURVE_WITH_KNOTS ( 'NONE', 3,
 ( #10897, #3207, #5774, #8477 ),
 .UNSPECIFIED., .F., .F.,
 ( 4, 4 ),
 ( 0.0000000000000000000, 1.000000000000000000 ),
 .UNSPECIFIED. ) ;
#5114 = EDGE_CURVE ( 'NONE', #8236, #5927, #7599, .T. ) ;
#5115 = CARTESIAN_POINT ( 'NONE',  ( 10.89999999999999858, 6.585137115330399027, -1.913760026997224806 ) ) ;
#5116 = ORIENTED_EDGE ( 'NONE', *, *, #3524, .F. ) ;
#5117 = CARTESIAN_POINT ( 'NONE',  ( 8.500000000000000000, 9.000000000000000000, 5.244415584415589748 ) ) ;
#5118 = B_SPLINE_CURVE_WITH_KNOTS ( 'NONE', 3,
 ( #3211, #4223, #2594, #7655 ),
 .UNSPECIFIED., .F., .F.,
 ( 4, 4 ),
 ( 0.0000000000000000000, 1.000000000000000000 ),
 .UNSPECIFIED. ) ;
#5119 = VECTOR ( 'NONE', #7300, 1000.000000000000000 ) ;
#5120 = MECHANICAL_DESIGN_GEOMETRIC_PRESENTATION_REPRESENTATION (  '', ( #4577 ), #6542 ) ;
#5121 = CARTESIAN_POINT ( 'NONE',  ( 10.19999999999999929, 4.349080460362420020, 4.531920433081698008 ) ) ;
#5122 = EDGE_CURVE ( 'NONE', #6417, #4669, #7806, .T. ) ;
#5123 = CARTESIAN_POINT ( 'NONE',  ( 9.450000000000001066, 13.20000000000005258, 3.409999999999999698 ) ) ;
#5124 = ORIENTED_EDGE ( 'NONE', *, *, #9198, .F. ) ;
#5125 = VERTEX_POINT ( 'NONE', #9626 ) ;
#5126 = DIRECTION ( 'NONE',  ( -1.000000000000000000, 0.0000000000000000000, 0.0000000000000000000 ) ) ;
#5127 = DIRECTION ( 'NONE',  ( -1.000000000000000000, 0.0000000000000000000, 0.0000000000000000000 ) ) ;
#5128 = CARTESIAN_POINT ( 'NONE',  ( 10.89999999999962377, 7.009966887054290829, -9.219999999999933138 ) ) ;
#5129 = DIRECTION ( 'NONE',  ( -0.0000000000000000000, 0.9999156794129788750, -0.01298591791445429834 ) ) ;
#5130 = EDGE_LOOP ( 'NONE', ( #5924, #10941, #10594, #5742, #6771, #2493, #6371, #5629 ) ) ;
#5131 = ORIENTED_EDGE ( 'NONE', *, *, #117, .F. ) ;
#5132 = CYLINDRICAL_SURFACE ( 'NONE', #147, 0.2000000000000005107 ) ;
#5133 = CARTESIAN_POINT ( 'NONE',  ( 8.299999999999997158, 9.000000000000000000, -5.244415584415590637 ) ) ;
#5134 = DIRECTION ( 'NONE',  ( 0.09480909262799622206, 0.9954954725939522131, 0.0000000000000000000 ) ) ;
#5135 = CIRCLE ( 'NONE', #5320, 0.1999999999999996503 ) ;
#5137 = EDGE_CURVE ( 'NONE', #5910, #6866, #8229, .T. ) ;
#5136 = FACE_OUTER_BOUND ( 'NONE', #4383, .T. ) ;
#5138 = CARTESIAN_POINT ( 'NONE',  ( 9.449999999999999289, 13.20000000000005258, 4.209999999999999964 ) ) ;
#5139 = EDGE_CURVE ( 'NONE', #7551, #10885, #989, .T. ) ;
#5140 = LINE ( 'NONE', #1768, #2242 ) ;
#5141 = CARTESIAN_POINT ( 'NONE',  ( 4.694285714285667765, 15.41715728752538084, 7.946615295141566726 ) ) ;
#5142 = DIRECTION ( 'NONE',  ( 0.09480909262799622206, 0.9954954725939522131, 0.0000000000000000000 ) ) ;
#5143 = FACE_OUTER_BOUND ( 'NONE', #10226, .T. ) ;
#5144 = VECTOR ( 'NONE', #4774, 1000.000000000000227 ) ;
#5145 = CARTESIAN_POINT ( 'NONE',  ( 8.300000000000018474, 8.999999999999996447, -6.185584415584417073 ) ) ;
#5146 = ORIENTED_EDGE ( 'NONE', *, *, #4375, .T. ) ;
#5147 = CARTESIAN_POINT ( 'NONE',  ( 8.299999999999998934, 15.30259718358290044, 6.267436327059515477 ) ) ;
#5148 = VERTEX_POINT ( 'NONE', #7787 ) ;
#5149 = ORIENTED_EDGE ( 'NONE', *, *, #10732, .T. ) ;
#5150 = LINE ( 'NONE', #4302, #4467 ) ;
#5151 = CARTESIAN_POINT ( 'NONE',  ( 7.045621697155285190, 14.50000000000000178, 0.3161215661615636718 ) ) ;
#5152 = CARTESIAN_POINT ( 'NONE',  ( 4.499999999999977796, 15.50000000000000000, 1.039230484541130650 ) ) ;
#5153 = CARTESIAN_POINT ( 'NONE',  ( 8.500000000000000000, 9.000000000000000000, -5.044398718876070831 ) ) ;
#5154 = VECTOR ( 'NONE', #2808, 1000.000000000000000 ) ;
#5155 = DIRECTION ( 'NONE',  ( 0.0000000000000000000, 1.000000000000000000, 0.0000000000000000000 ) ) ;
#5156 = ORIENTED_EDGE ( 'NONE', *, *, #6986, .F. ) ;
#5157 = DIRECTION ( 'NONE',  ( -1.000000000000000000, 0.0000000000000000000, 0.0000000000000000000 ) ) ;
#5158 = DIRECTION ( 'NONE',  ( -0.0000000000000000000, -1.000000000000000000, -0.0000000000000000000 ) ) ;
#5159 = CARTESIAN_POINT ( 'NONE',  ( 9.449999999999999289, 15.20000000000005080, -7.220000000000000639 ) ) ;
#5160 = ORIENTED_EDGE ( 'NONE', *, *, #2578, .T. ) ;
#5161 = VECTOR ( 'NONE', #1219, 1000.000000000000114 ) ;
#5162 = CARTESIAN_POINT ( 'NONE',  ( 4.298896448480522992, 15.30150824295816214, -1.268715244836776224 ) ) ;
#5163 = DIRECTION ( 'NONE',  ( 1.000000000000000000, 0.0000000000000000000, -0.0000000000000000000 ) ) ;
#5164 = CARTESIAN_POINT ( 'NONE',  ( 8.958889746352314276, 15.20000000000010054, 8.020000000000001350 ) ) ;
#5165 = CARTESIAN_POINT ( 'NONE',  ( 11.18914246427791248, 6.546115909585980219, 5.500464568577722702 ) ) ;
#5166 = ADVANCED_FACE ( 'NONE', ( #86 ), #3561, .T. ) ;
#5167 = ORIENTED_EDGE ( 'NONE', *, *, #6559, .T. ) ;
#5168 = CARTESIAN_POINT ( 'NONE',  ( 4.382842712474603886, 15.50000000000000888, -6.622000263224284922 ) ) ;
#5169 = DIRECTION ( 'NONE',  ( -1.000000000000000000, 0.0000000000000000000, -0.0000000000000000000 ) ) ;
#5170 = LINE ( 'NONE', #6614, #1373 ) ;
#5171 = CARTESIAN_POINT ( 'NONE',  ( 4.346153846153809397, 15.30000000000000249, -2.930651128465033839 ) ) ;
#5172 = DIRECTION ( 'NONE',  ( 0.0000000000000000000, 1.000000000000000000, 0.0000000000000000000 ) ) ;
#5173 = AXIS2_PLACEMENT_3D ( 'NONE', #10620, #5561, #2915 ) ;
#5174 = CARTESIAN_POINT ( 'NONE',  ( 10.19999999999999929, 4.912252741034763837, 5.035019845508514003 ) ) ;
#5175 = EDGE_CURVE ( 'NONE', #4214, #1278, #1713, .T. ) ;
#5176 = ADVANCED_FACE ( 'NONE', ( #7730 ), #194, .T. ) ;
#5177 = CARTESIAN_POINT ( 'NONE',  ( -8.599999999999999645, 6.757765876465089860, -5.615000000000001101 ) ) ;
#5178 = ORIENTED_EDGE ( 'NONE', *, *, #3873, .F. ) ;
#5179 = ORIENTED_EDGE ( 'NONE', *, *, #8544, .F. ) ;
#5180 = CARTESIAN_POINT ( 'NONE',  ( 1.474999999999999867, 2.099999999999999645, -4.709999999999999964 ) ) ;
#5181 = ORIENTED_EDGE ( 'NONE', *, *, #11043, .F. ) ;
#5182 = AXIS2_PLACEMENT_3D ( 'NONE', #10277, #4327, #1686 ) ;
#5183 = DIRECTION ( 'NONE',  ( 1.000000000000000000, 1.445602896647339903E-15, 0.0000000000000000000 ) ) ;
#5184 = CARTESIAN_POINT ( 'NONE',  ( 11.19999999999999929, 6.524695076595960153, -9.220000000000000639 ) ) ;
#5185 = DIRECTION ( 'NONE',  ( 1.000000000000000000, 0.0000000000000000000, 0.0000000000000000000 ) ) ;
#5186 = ORIENTED_EDGE ( 'NONE', *, *, #5796, .F. ) ;
#5187 = ORIENTED_EDGE ( 'NONE', *, *, #1340, .F. ) ;
#5188 = CARTESIAN_POINT ( 'NONE',  ( 4.321556393503234617, 15.40439955824826157, 8.772090523840631704 ) ) ;
#5189 = CARTESIAN_POINT ( 'NONE',  ( 20.10000000000000142, 5.500000000000000000, 7.620000000000000107 ) ) ;
#5190 = DIRECTION ( 'NONE',  ( 2.168404344971008868E-15, -5.543383885983003833E-30, -1.000000000000000000 ) ) ;
#5191 = B_SPLINE_CURVE_WITH_KNOTS ( 'NONE', 3,
 ( #10810, #9817, #2071, #8181, #9983, #7282 ),
 .UNSPECIFIED., .F., .F.,
 ( 4, 2, 4 ),
 ( 0.0000000000000000000, 0.5000000000000000000, 1.000000000000000000 ),
 .UNSPECIFIED. ) ;
#5192 = CARTESIAN_POINT ( 'NONE',  ( 9.599999999999999645, 5.199999999999999289, -1.316232908051130801 ) ) ;
#5193 = CARTESIAN_POINT ( 'NONE',  ( 6.637444678594553338, 15.50000000000000178, -6.569999999999999396 ) ) ;
#5194 = VERTEX_POINT ( 'NONE', #5145 ) ;
#5195 = LINE ( 'NONE', #8551, #3133 ) ;
#5196 = CARTESIAN_POINT ( 'NONE',  ( 9.018600732609508341, 13.20000000000007567, -0.4000000000000001887 ) ) ;
#5197 = CARTESIAN_POINT ( 'NONE',  ( 4.395602668247344802, 9.000585821344344595, -1.412851539416723368 ) ) ;
#5198 = CARTESIAN_POINT ( 'NONE',  ( 11.19102793644913341, 6.539533659356203898, -5.497532036110412967 ) ) ;
#5199 = DIRECTION ( 'NONE',  ( 2.556434596176350141E-15, 1.000000000000000000, 0.0000000000000000000 ) ) ;
#5200 = CARTESIAN_POINT ( 'NONE',  ( 10.19999999999999929, 5.050107332876494937, -5.091655287409605712 ) ) ;
#5201 = ADVANCED_FACE ( 'NONE', ( #10359 ), #9507, .F. ) ;
#5202 = ORIENTED_EDGE ( 'NONE', *, *, #1123, .T. ) ;
#5203 = EDGE_CURVE ( 'NONE', #7958, #7268, #5681, .T. ) ;
#5204 = CARTESIAN_POINT ( 'NONE',  ( 8.958889746352323158, 15.20000000000010054, 3.410000000000000142 ) ) ;
#5205 = CARTESIAN_POINT ( 'NONE',  ( 6.500000000000000888, 14.49999999999890754, 0.6250000000107445164 ) ) ;
#5206 = CARTESIAN_POINT ( 'NONE',  ( 9.449999999999999289, 13.19999999999999929, -0.2000000000000000944 ) ) ;
#5207 = CARTESIAN_POINT ( 'NONE',  ( 10.90000000000000213, 7.433118221720769192, -8.719606495276035929 ) ) ;
#5208 = CARTESIAN_POINT ( 'NONE',  ( 4.499999999999998224, 15.30259718358288978, -6.267436327059519918 ) ) ;
#5209 = VERTEX_POINT ( 'NONE', #9432 ) ;
#5210 = DIRECTION ( 'NONE',  ( 0.0000000000000000000, -0.0000000000000000000, -1.000000000000000000 ) ) ;
#5211 = VERTEX_POINT ( 'NONE', #5887 ) ;
#5212 = CARTESIAN_POINT ( 'NONE',  ( 4.299999999999999822, 9.000000000000000000, 9.070000000000000284 ) ) ;
#5213 = DIRECTION ( 'NONE',  ( -0.0000000000000000000, -0.0000000000000000000, -1.000000000000000000 ) ) ;
#5214 = ORIENTED_EDGE ( 'NONE', *, *, #10929, .F. ) ;
#5215 = EDGE_CURVE ( 'NONE', #7500, #268, #10298, .T. ) ;
#5216 = CARTESIAN_POINT ( 'NONE',  ( 8.499999999999996447, 15.35235987755982912, 1.152580537057889654 ) ) ;
#5217 = VERTEX_POINT ( 'NONE', #5056 ) ;
#5218 = DIRECTION ( 'NONE',  ( 0.0000000000000000000, -0.9999156794129789860, 0.01298591791445430008 ) ) ;
#5219 = B_SPLINE_CURVE_WITH_KNOTS ( 'NONE', 3,
 ( #2975, #5559, #10509, #6350, #3603, #5503, #408, #8930, #10670, #300, #6240, #10617 ),
 .UNSPECIFIED., .F., .F.,
 ( 4, 2, 2, 2, 2, 4 ),
 ( 0.0000000000000000000, 0.2500000000000019984, 0.3750000000000021094, 0.5000000000000022204, 0.7500000000000011102, 1.000000000000000000 ),
 .UNSPECIFIED. ) ;
#5220 = DIRECTION ( 'NONE',  ( 0.0000000000000000000, 0.0000000000000000000, 1.000000000000000000 ) ) ;
#5221 = CARTESIAN_POINT ( 'NONE',  ( 9.349999999999997868, 7.009966887054303264, -9.219999999999933138 ) ) ;
#5222 = CARTESIAN_POINT ( 'NONE',  ( 10.19999999999999751, 5.799999999999996270, 2.493730699165118470 ) ) ;
#5223 = EDGE_LOOP ( 'NONE', ( #8218, #1190 ) ) ;
#5224 = CARTESIAN_POINT ( 'NONE',  ( 9.502359877559829471, 13.20000000000010054, -4.209999999999999076 ) ) ;
#5225 = CARTESIAN_POINT ( 'NONE',  ( 8.369143109499557198, 15.42062190192916482, 1.351030884390530318 ) ) ;
#5226 = CARTESIAN_POINT ( 'NONE',  ( 4.299999999999999822, 15.50000000000000000, 1.152580537057889654 ) ) ;
#5227 = ORIENTED_EDGE ( 'NONE', *, *, #3841, .F. ) ;
#5228 = ORIENTED_EDGE ( 'NONE', *, *, #4492, .F. ) ;
#5229 = EDGE_CURVE ( 'NONE', #9396, #5947, #9445, .T. ) ;
#5230 = CARTESIAN_POINT ( 'NONE',  ( 11.07573593128806699, 6.585137115330581103, 1.913760026997121999 ) ) ;
#5231 =( BOUNDED_SURFACE ( )  B_SPLINE_SURFACE ( 3, 3, ( 
 ( #2101, #2871, #9041, #6361 ),
 ( #7309, #10734, #9729, #4511 ),
 ( #3727, #8987, #10574, #10680 ),
 ( #5465, #2200, #479, #5623 ) ),
 .UNSPECIFIED., .F., .F., .F. ) 
 B_SPLINE_SURFACE_WITH_KNOTS ( ( 4, 4 ),
 ( 4, 4 ),
 ( 0.0000000000000000000, 1.000000000000000000 ),
 ( 0.0000000000000000000, 1.000000000000000000 ),
 .UNSPECIFIED. ) 
 GEOMETRIC_REPRESENTATION_ITEM ( )  RATIONAL_B_SPLINE_SURFACE ( (
 ( 1.000000000000000000, 0.8974358974359007979, 0.8974358974359007979, 1.000000000000000000),
 ( 0.8047378541243690453, 0.7222006383167441923, 0.7222006383167441923, 0.8047378541243690453),
 ( 0.8047378541243690453, 0.7222006383167441923, 0.7222006383167441923, 0.8047378541243690453),
 ( 1.000000000000000000, 0.8974358974359007979, 0.8974358974359007979, 1.000000000000000000) ) ) 
 REPRESENTATION_ITEM ( '' )  SURFACE ( )  );
#5232 = DIRECTION ( 'NONE',  ( 0.0000000000000000000, -0.0000000000000000000, 1.000000000000000000 ) ) ;
#5233 = CARTESIAN_POINT ( 'NONE',  ( 10.59529231284949979, 2.099999999999999645, 186.4960000000000093 ) ) ;
#5234 = CARTESIAN_POINT ( 'NONE',  ( 4.694285714285673983, 15.30000000000000071, 3.483384704858462300 ) ) ;
#5235 = ORIENTED_EDGE ( 'NONE', *, *, #10071, .F. ) ;
#5236 = CARTESIAN_POINT ( 'NONE',  ( 4.505159402840951621, 15.50000000000000000, -4.812229857848385528 ) ) ;
#5237 = CARTESIAN_POINT ( 'NONE',  ( 4.346153846150550670, 9.000000000000000000, 4.689348871541406005 ) ) ;
#5238 = DIRECTION ( 'NONE',  ( 1.000000000000000000, 0.0000000000000000000, 0.0000000000000000000 ) ) ;
#5239 = ADVANCED_FACE ( 'NONE', ( #3427 ), #9368, .T. ) ;
#5240 = LINE ( 'NONE', #9438, #4518 ) ;
#5241 = VERTEX_POINT ( 'NONE', #2414 ) ;
#5242 = CARTESIAN_POINT ( 'NONE',  ( 4.300008882578209679, 15.29997552248377701, 6.469304231690532703 ) ) ;
#5243 = CARTESIAN_POINT ( 'NONE',  ( 10.19999999999999929, 4.276392097717352847, 0.5907099075146537981 ) ) ;
#5244 = DIRECTION ( 'NONE',  ( -7.885106708985485090E-16, 0.0000000000000000000, -1.000000000000000000 ) ) ;
#5245 = ORIENTED_EDGE ( 'NONE', *, *, #5573, .T. ) ;
#5246 = VECTOR ( 'NONE', #10595, 1000.000000000000000 ) ;
#5247 = DIRECTION ( 'NONE',  ( 0.0000000000000000000, 0.0000000000000000000, 1.000000000000000000 ) ) ;
#5248 = EDGE_CURVE ( 'NONE', #8169, #5217, #6843, .T. ) ;
#5249 = CARTESIAN_POINT ( 'NONE',  ( 4.500000000000015987, 8.999999999999998224, -1.434415584415589251 ) ) ;
#5250 = DIRECTION ( 'NONE',  ( 0.0000000000000000000, 1.000000000000000000, 0.0000000000000000000 ) ) ;
#5251 = EDGE_CURVE ( 'NONE', #10352, #3811, #3688, .T. ) ;
#5252 = CARTESIAN_POINT ( 'NONE',  ( 9.650000000000000355, 13.20000000000007567, -7.819999999999996732 ) ) ;
#5253 = ORIENTED_EDGE ( 'NONE', *, *, #3235, .T. ) ;
#5254 = AXIS2_PLACEMENT_3D ( 'NONE', #972, #10446, #7976 ) ;
#5255 = CARTESIAN_POINT ( 'NONE',  ( 6.499999999999998224, 15.50000000000000000, -8.970000000000000639 ) ) ;
#5256 = CARTESIAN_POINT ( 'NONE',  ( 4.499999999999948486, 15.30000000000000959, -8.659230484541323491 ) ) ;
#5257 = PRESENTATION_STYLE_ASSIGNMENT (( #10420 ) ) ;
#5258 = CARTESIAN_POINT ( 'NONE',  ( 5.855841053720030054, 15.50000000000000000, 4.650635418993701364 ) ) ;
#5259 = EDGE_LOOP ( 'NONE', ( #7670, #10847, #5494, #7802 ) ) ;
#5260 = CARTESIAN_POINT ( 'NONE',  ( 9.600000000000001421, 5.500000000000000000, -8.970000000000020179 ) ) ;
#5261 = EDGE_CURVE ( 'NONE', #3545, #6351, #9193, .T. ) ;
#5262 = ORIENTED_EDGE ( 'NONE', *, *, #7011, .F. ) ;
#5263 = CYLINDRICAL_SURFACE ( 'NONE', #1183, 0.2999999999999999334 ) ;
#5264 = ORIENTED_EDGE ( 'NONE', *, *, #1135, .T. ) ;
#5265 = ADVANCED_FACE ( 'NONE', ( #631 ), #4307, .T. ) ;
#5266 = VECTOR ( 'NONE', #2689, 1000.000000000000000 ) ;
#5267 = LINE ( 'NONE', #5212, #4944 ) ;
#5268 = CARTESIAN_POINT ( 'NONE',  ( 4.500000000000000000, 15.30259718358289867, 2.457436327059514536 ) ) ;
#5269 = CARTESIAN_POINT ( 'NONE',  ( 8.825156416238813861, 13.20000000000010054, -7.898388126292690714 ) ) ;
#5270 = FACE_OUTER_BOUND ( 'NONE', #10062, .T. ) ;
#5271 = ORIENTED_EDGE ( 'NONE', *, *, #4779, .T. ) ;
#5272 = DIRECTION ( 'NONE',  ( -1.000000000000000000, -0.0000000000000000000, 0.0000000000000000000 ) ) ;
#5273 = CARTESIAN_POINT ( 'NONE',  ( 8.499999999999998224, 9.000247077141519725, 5.096759803029771163 ) ) ;
#5274 = COLOUR_RGB ( '',1.000000000000000000, 1.000000000000000000, 1.000000000000000000 ) ;
#5275 = DIRECTION ( 'NONE',  ( 0.0000000000000000000, 0.9999156794129788750, 0.01298591791445429834 ) ) ;
#5276 = CARTESIAN_POINT ( 'NONE',  ( 9.650000000000002132, 13.20000000000007567, 7.420000000000003482 ) ) ;
#5277 = ORIENTED_EDGE ( 'NONE', *, *, #8011, .T. ) ;
#5278 = EDGE_CURVE ( 'NONE', #7883, #8614, #4110, .T. ) ;
#5279 = CARTESIAN_POINT ( 'NONE',  ( 8.418034671099025701, 15.37173446289487266, 1.351665786196171837 ) ) ;
#5280 = EDGE_CURVE ( 'NONE', #8526, #7355, #4155, .T. ) ;
#5281 = CARTESIAN_POINT ( 'NONE',  ( 8.822247607754853505, 15.20000000000010054, -7.344591709434454607 ) ) ;
#5282 = ORIENTED_EDGE ( 'NONE', *, *, #9898, .T. ) ;
#5283 = VERTEX_POINT ( 'NONE', #3313 ) ;
#5284 = CARTESIAN_POINT ( 'NONE',  ( 4.515384615381938360, 15.50000000000000000, 4.795936613544426130 ) ) ;
#5285 = DIRECTION ( 'NONE',  ( -2.168404344971008868E-15, 5.543383885983003833E-30, -1.000000000000000000 ) ) ;
#5286 = DIRECTION ( 'NONE',  ( -0.09119215051751136669, -0.9575175804338617036, 0.2735764515525318519 ) ) ;
#5287 = AXIS2_PLACEMENT_3D ( 'NONE', #10891, #4213, #4943 ) ;
#5288 = AXIS2_PLACEMENT_3D ( 'NONE', #7101, #1947, #4522 ) ;
#5289 = CARTESIAN_POINT ( 'NONE',  ( 11.19999999999999929, 1.300000000000000044, 9.919999999999999929 ) ) ;
#5290 = DIRECTION ( 'NONE',  ( -0.0000000000000000000, -0.6189924607046914939, -0.7853969274136174405 ) ) ;
#5291 = CARTESIAN_POINT ( 'NONE',  ( 8.299999999999998934, 15.29999999999999893, 8.772580537057883987 ) ) ;
#5292 = VECTOR ( 'NONE', #10774, 1000.000000000000000 ) ;
#5293 = CARTESIAN_POINT ( 'NONE',  ( 10.19999999999999929, 5.799999999999999822, 2.493755341891159993 ) ) ;
#5294 = COLOUR_RGB ( '',0.2862745098039215508, 0.6431372549019607199, 0.8666666666666666963 ) ;
#5295 = DIRECTION ( 'NONE',  ( -1.000000000000000000, -0.0000000000000000000, 0.0000000000000000000 ) ) ;
#5296 = ORIENTED_EDGE ( 'NONE', *, *, #7879, .F. ) ;
#5297 = ORIENTED_EDGE ( 'NONE', *, *, #49, .T. ) ;
#5298 = CARTESIAN_POINT ( 'NONE',  ( 4.299999999999960743, 9.000000000000000000, 0.9830235042407663437 ) ) ;
#5299 = PLANE ( 'NONE',  #774 ) ;
#5300 = DIRECTION ( 'NONE',  ( 1.000000000000000000, 0.0000000000000000000, 0.0000000000000000000 ) ) ;
#5301 = CARTESIAN_POINT ( 'NONE',  ( 7.339650184518088594, 15.50000000000000178, -8.265274055973661049 ) ) ;
#5302 = VECTOR ( 'NONE', #9056, 1000.000000000000000 ) ;
#5303 = EDGE_CURVE ( 'NONE', #7749, #3861, #6728, .T. ) ;
#5304 = EDGE_LOOP ( 'NONE', ( #4810, #5895, #1530, #10967 ) ) ;
#5305 = DIRECTION ( 'NONE',  ( 0.0000000000000000000, 0.0000000000000000000, 1.000000000000000000 ) ) ;
#5306 = CARTESIAN_POINT ( 'NONE',  ( 9.554397331752658928, 15.20000000000010054, 3.431554619278036622 ) ) ;
#5307 = PLANE ( 'NONE',  #8273 ) ;
#5308 =( NAMED_UNIT ( * ) SI_UNIT ( $, .STERADIAN. ) SOLID_ANGLE_UNIT ( ) );
#5309 = CARTESIAN_POINT ( 'NONE',  ( 9.600000000000001421, 5.799999999999998046, 1.316236820298942733 ) ) ;
#5310 = VERTEX_POINT ( 'NONE', #123 ) ;
#5311 = DIRECTION ( 'NONE',  ( 0.0000000000000000000, 1.000000000000000000, -0.0000000000000000000 ) ) ;
#5312 = DIRECTION ( 'NONE',  ( 0.0000000000000000000, 0.0000000000000000000, 1.000000000000000000 ) ) ;
#5313 = CYLINDRICAL_SURFACE ( 'NONE', #9676, 0.1999999999999996503 ) ;
#5314 = EDGE_CURVE ( 'NONE', #2998, #9408, #2858, .T. ) ;
#5315 = ORIENTED_EDGE ( 'NONE', *, *, #5722, .F. ) ;
#5316 = EDGE_CURVE ( 'NONE', #4677, #6576, #6902, .T. ) ;
#5317 = DIRECTION ( 'NONE',  ( 1.000000000000000000, -0.0000000000000000000, 0.0000000000000000000 ) ) ;
#5318 = ORIENTED_EDGE ( 'NONE', *, *, #2240, .T. ) ;
#5319 = DIRECTION ( 'NONE',  ( -0.0000000000000000000, -1.000000000000000000, -0.0000000000000000000 ) ) ;
#5320 = AXIS2_PLACEMENT_3D ( 'NONE', #7544, #10909, #1595 ) ;
#5321 = DIRECTION ( 'NONE',  ( 0.0000000000000000000, 0.0000000000000000000, -1.000000000000000000 ) ) ;
#5322 = LINE ( 'NONE', #1167, #1874 ) ;
#5323 = ORIENTED_EDGE ( 'NONE', *, *, #10989, .T. ) ;
#5324 = LINE ( 'NONE', #10540, #3385 ) ;
#5325 = EDGE_LOOP ( 'NONE', ( #9782, #3149, #9414, #2670, #6679, #5228, #3306, #7424 ) ) ;
#5326 = EDGE_CURVE ( 'NONE', #1812, #2502, #8810, .T. ) ;
#5327 = CARTESIAN_POINT ( 'NONE',  ( 9.350000000000001421, 7.533139384197908406, -0.8592130655509196968 ) ) ;
#5328 = CIRCLE ( 'NONE', #3344, 0.2000000000000001499 ) ;
#5329 = DIRECTION ( 'NONE',  ( -3.880602260699040389E-17, 0.2747211278973781257, 0.9615239476408231623 ) ) ;
#5330 = CARTESIAN_POINT ( 'NONE',  ( 6.500000000000000000, 15.50000000000000000, -4.859999999999999432 ) ) ;
#5331 = CARTESIAN_POINT ( 'NONE',  ( 8.770205957768219207, 15.20000000000010054, 7.870408290565558573 ) ) ;
#5332 = ORIENTED_EDGE ( 'NONE', *, *, #3511, .T. ) ;
#5333 = CARTESIAN_POINT ( 'NONE',  ( 9.502359877559834800, 15.20000000000010054, 0.4000000000000001332 ) ) ;
#5334 = CARTESIAN_POINT ( 'NONE',  ( 8.299999999999998934, 15.30259718358289689, 1.352563672940485517 ) ) ;
#5335 = CARTESIAN_POINT ( 'NONE',  ( 4.505265930546594966, 15.50000000000000355, 1.002002183430608762 ) ) ;
#5336 = EDGE_LOOP ( 'NONE', ( #1426, #9343, #5625 ) ) ;
#5337 = COLOUR_RGB ( '',1.000000000000000000, 1.000000000000000000, 1.000000000000000000 ) ;
#5338 = VERTEX_POINT ( 'NONE', #6291 ) ;
#5339 = CARTESIAN_POINT ( 'NONE',  ( 8.299999999999982947, 8.999999999999996447, 2.375584415584409914 ) ) ;
#5340 = EDGE_CURVE ( 'NONE', #2230, #1286, #4562, .T. ) ;
#5341 = DIRECTION ( 'NONE',  ( 0.0000000000000000000, 0.0000000000000000000, -1.000000000000000000 ) ) ;
#5342 = EDGE_CURVE ( 'NONE', #3443, #11026, #5985, .T. ) ;
#5343 = PLANE ( 'NONE',  #424 ) ;
#5344 = VECTOR ( 'NONE', #737, 1000.000000000000000 ) ;
#5345 = CARTESIAN_POINT ( 'NONE',  ( 8.299999999999998934, 15.29999999999999893, -8.772580537057883987 ) ) ;
#5346 = DIRECTION ( 'NONE',  ( 0.0000000000000000000, 0.0000000000000000000, -1.000000000000000000 ) ) ;
#5347 = SURFACE_STYLE_USAGE ( .BOTH. , #4614 ) ;
#5348 = AXIS2_PLACEMENT_3D ( 'NONE', #3848, #1221, #8060 ) ;
#5349 = AXIS2_PLACEMENT_3D ( 'NONE', #10780, #10104, #4840 ) ;
#5350 = DIRECTION ( 'NONE',  ( 2.556434596176350141E-15, 1.000000000000000000, 0.0000000000000000000 ) ) ;
#5351 = DIRECTION ( 'NONE',  ( 2.556434596176350141E-15, 1.000000000000000000, 0.0000000000000000000 ) ) ;
#5352 = ORIENTED_EDGE ( 'NONE', *, *, #11030, .T. ) ;
#5353 = ORIENTED_EDGE ( 'NONE', *, *, #3155, .F. ) ;
#5354 = CARTESIAN_POINT ( 'NONE',  ( 10.19999999999999929, 5.799999999999999822, -1.316244658108839838 ) ) ;
#5355 =( LENGTH_UNIT ( ) NAMED_UNIT ( * ) SI_UNIT ( .MILLI., .METRE. ) );
#5356 = CARTESIAN_POINT ( 'NONE',  ( 9.599999999999999645, 5.298675942255757221, 1.338732383038513607 ) ) ;
#5357 = ORIENTED_EDGE ( 'NONE', *, *, #10677, .F. ) ;
#5358 = DIRECTION ( 'NONE',  ( 0.0000000000000000000, 0.0000000000000000000, 1.000000000000000000 ) ) ;
#5359 = CARTESIAN_POINT ( 'NONE',  ( -0.9999999999999997780, 15.30259718358288978, 2.457436327059512760 ) ) ;
#5360 = DIRECTION ( 'NONE',  ( 1.000000000000000000, -0.0000000000000000000, 0.0000000000000000000 ) ) ;
#5361 = DIRECTION ( 'NONE',  ( -1.000000000000000000, 0.0000000000000000000, -0.0000000000000000000 ) ) ;
#5362 = CARTESIAN_POINT ( 'NONE',  ( 10.19999999999999929, 4.276392097717352847, -3.219290092485347365 ) ) ;
#5363 = ORIENTED_EDGE ( 'NONE', *, *, #9794, .F. ) ;
#5364 = AXIS2_PLACEMENT_3D ( 'NONE', #6156, #2787, #1957 ) ;
#5365 = EDGE_CURVE ( 'NONE', #7953, #8934, #2746, .T. ) ;
#5366 = CARTESIAN_POINT ( 'NONE',  ( 8.500000000000001776, 9.000247077141519725, 8.906759803029768108 ) ) ;
#5367 = CARTESIAN_POINT ( 'NONE',  ( 4.299999999999958078, 15.30000000000000071, -8.659230484541332373 ) ) ;
#5368 = CARTESIAN_POINT ( 'NONE',  ( 10.89999999999962377, 7.009966887054290829, -9.219999999999933138 ) ) ;
#5369 = VERTEX_POINT ( 'NONE', #2030 ) ;
#5370 = CARTESIAN_POINT ( 'NONE',  ( 0.7749999999999999112, 2.100000000000000089, 4.709999999999999076 ) ) ;
#5371 = LINE ( 'NONE', #9518, #5996 ) ;
#5372 = VERTEX_POINT ( 'NONE', #295 ) ;
#5373 = VECTOR ( 'NONE', #476, 1000.000000000000000 ) ;
#5374 = PRODUCT_DEFINITION ( 'UNKNOWN', '', #5871, #6747 ) ;
#5375 = DIRECTION ( 'NONE',  ( -0.0000000000000000000, 0.9999156794129788750, -0.01298591791445429834 ) ) ;
#5376 = ORIENTED_EDGE ( 'NONE', *, *, #8144, .F. ) ;
#5377 = VERTEX_POINT ( 'NONE', #3544 ) ;
#5378 = EDGE_CURVE ( 'NONE', #8308, #9396, #3713, .T. ) ;
#5379 = CARTESIAN_POINT ( 'NONE',  ( 8.300000000000018474, 8.999999999999996447, 6.185584415584417073 ) ) ;
#5380 = ADVANCED_FACE ( 'NONE', ( #6962 ), #1161, .T. ) ;
#5381 = ORIENTED_EDGE ( 'NONE', *, *, #10239, .F. ) ;
#5382 = SURFACE_SIDE_STYLE ('',( #213 ) ) ;
#5383 = CARTESIAN_POINT ( 'NONE',  ( 6.824302354728491338, 14.50000000000000000, 4.369838653676188400 ) ) ;
#5384 = CARTESIAN_POINT ( 'NONE',  ( 6.667669354536904791, 14.49999999999999822, 8.244267176339137748 ) ) ;
#5385 = CARTESIAN_POINT ( 'NONE',  ( 4.299999999999981171, 9.000000000000000000, -8.659230484541227568 ) ) ;
#5386 = VERTEX_POINT ( 'NONE', #3652 ) ;
#5387 = CARTESIAN_POINT ( 'NONE',  ( 10.59529231284949979, 2.099999999999999645, -194.1160000000000139 ) ) ;
#5388 = ORIENTED_EDGE ( 'NONE', *, *, #3094, .F. ) ;
#5389 = CARTESIAN_POINT ( 'NONE',  ( 8.299999999999997158, 15.30259718358289689, 1.352563672940485962 ) ) ;
#5390 = CARTESIAN_POINT ( 'NONE',  ( 11.19999999999999574, 6.731164430319653391, -5.266558709807513949 ) ) ;
#5391 = EDGE_CURVE ( 'NONE', #6443, #1801, #1977, .T. ) ;
#5392 = ORIENTED_EDGE ( 'NONE', *, *, #3169, .F. ) ;
#5393 = EDGE_LOOP ( 'NONE', ( #5634, #1624, #5353, #7524 ) ) ;
#5394 = PLANE ( 'NONE',  #9260 ) ;
#5395 = ORIENTED_EDGE ( 'NONE', *, *, #9271, .T. ) ;
#5396 = DIRECTION ( 'NONE',  ( -1.531342102931250010E-16, 0.0000000000000000000, 1.000000000000000000 ) ) ;
#5397 = LINE ( 'NONE', #3485, #10982 ) ;
#5398 = DIRECTION ( 'NONE',  ( 0.0000000000000000000, 0.0000000000000000000, -1.000000000000000000 ) ) ;
#5399 = CARTESIAN_POINT ( 'NONE',  ( -8.599999999999999645, 7.009966887054149609, 9.220000000000000639 ) ) ;
#5400 = CARTESIAN_POINT ( 'NONE',  ( 4.515384615384575362, 15.50000000000000000, 8.605936613539205027 ) ) ;
#5401 = ADVANCED_FACE ( 'NONE', ( #8701 ), #7876, .T. ) ;
#5402 = EDGE_CURVE ( 'NONE', #11067, #1965, #1884, .T. ) ;
#5403 = CARTESIAN_POINT ( 'NONE',  ( 4.430856890500437295, 15.42062190192916127, -6.268969115609471565 ) ) ;
#5404 = FILL_AREA_STYLE_COLOUR ( '', #312 ) ;
#5405 = CARTESIAN_POINT ( 'NONE',  ( 4.500000000000000000, 15.30000000000000426, -2.657419462942109512 ) ) ;
#5406 = VERTEX_POINT ( 'NONE', #2803 ) ;
#5407 = CARTESIAN_POINT ( 'NONE',  ( 11.07573593128806699, 8.211661298107264528, -6.629041674233256742 ) ) ;
#5408 = CARTESIAN_POINT ( 'NONE',  ( 9.599999999999999645, 5.799999999999999822, -9.619999999999979678 ) ) ;
#5409 = LINE ( 'NONE', #7307, #4477 ) ;
#5410 = CARTESIAN_POINT ( 'NONE',  ( 11.12637783952699344, 6.654901203254107500, -1.750474915913451834 ) ) ;
#5411 = EDGE_CURVE ( 'NONE', #6735, #10783, #6233, .T. ) ;
#5412 = CARTESIAN_POINT ( 'NONE',  ( 4.500000000000013323, 15.50000000000000000, -8.659230484541135198 ) ) ;
#5413 = CARTESIAN_POINT ( 'NONE',  ( 9.599999999999999645, 5.799999999999999822, 9.619999999999979678 ) ) ;
#5414 = DIRECTION ( 'NONE',  ( -0.1937864182129900026, 0.9810437422032618482, 0.0000000000000000000 ) ) ;
#5415 = EDGE_LOOP ( 'NONE', ( #1969, #2477, #878 ) ) ;
#5416 = CARTESIAN_POINT ( 'NONE',  ( 9.450000000000001066, 15.20000000000005080, 3.409999999999999698 ) ) ;
#5417 = CARTESIAN_POINT ( 'NONE',  ( 4.299999999999955413, 15.30000000000001137, -8.602270736744564772 ) ) ;
#5418 = LINE ( 'NONE', #426, #10992 ) ;
#5419 = CARTESIAN_POINT ( 'NONE',  ( 8.706350832689629726, 15.19999999999999929, -7.370000000000000107 ) ) ;
#5420 = CARTESIAN_POINT ( 'NONE',  ( 8.501103551519474166, 15.30150824295816392, -1.268715244836778666 ) ) ;
#5421 = ORIENTED_EDGE ( 'NONE', *, *, #2537, .T. ) ;
#5422 = CARTESIAN_POINT ( 'NONE',  ( 8.958889746352308947, 13.20000000000010054, 8.020000000000001350 ) ) ;
#5423 = EDGE_CURVE ( 'NONE', #3221, #7883, #2086, .T. ) ;
#5424 = CARTESIAN_POINT ( 'NONE',  ( 9.450000000000001066, 15.20000000000005080, -4.209999999999999964 ) ) ;
#5425 = CARTESIAN_POINT ( 'NONE',  ( 4.499999999999998224, 15.30259718358289334, 2.457436327059514536 ) ) ;
#5426 = EDGE_LOOP ( 'NONE', ( #2313, #5038, #414, #287 ) ) ;
#5427 = VECTOR ( 'NONE', #5190, 1000.000000000000000 ) ;
#5428 = CARTESIAN_POINT ( 'NONE',  ( 5.274999999999995026, -1.169172603250133504E-15, 6.119999999999976126 ) ) ;
#5429 =( LENGTH_UNIT ( ) NAMED_UNIT ( * ) SI_UNIT ( .MILLI., .METRE. ) );
#5430 = ORIENTED_EDGE ( 'NONE', *, *, #1877, .T. ) ;
#5431 = LINE ( 'NONE', #6381, #6966 ) ;
#5432 = PLANE ( 'NONE',  #6481 ) ;
#5433 = CARTESIAN_POINT ( 'NONE',  ( 8.404397331752656797, 9.000585821344337489, -1.412851539416726920 ) ) ;
#5434 = CARTESIAN_POINT ( 'NONE',  ( 10.19999999999999929, 6.089148453074681555, 8.843996747325862273 ) ) ;
#5435 = ORIENTED_EDGE ( 'NONE', *, *, #10305, .F. ) ;
#5436 = VECTOR ( 'NONE', #5932, 1000.000000000000000 ) ;
#5437 = CARTESIAN_POINT ( 'NONE',  ( 11.19999999999999929, 6.524695076595960153, 9.220000000000000639 ) ) ;
#5438 = EDGE_LOOP ( 'NONE', ( #2914, #10145, #6209, #1727 ) ) ;
#5439 = CARTESIAN_POINT ( 'NONE',  ( 10.19999999999999929, 4.276481181967710654, 7.029406771101597506 ) ) ;
#5440 = ADVANCED_FACE ( 'NONE', ( #5500 ), #519, .T. ) ;
#5441 = DIRECTION ( 'NONE',  ( 0.0000000000000000000, 1.000000000000000000, 0.0000000000000000000 ) ) ;
#5442 = ORIENTED_EDGE ( 'NONE', *, *, #3759, .T. ) ;
#5443 = VECTOR ( 'NONE', #8003, 1000.000000000000114 ) ;
#5444 = FACE_OUTER_BOUND ( 'NONE', #10916, .T. ) ;
#5445 =( LENGTH_UNIT ( ) NAMED_UNIT ( * ) SI_UNIT ( .MILLI., .METRE. ) );
#5446 = CARTESIAN_POINT ( 'NONE',  ( 4.499999999999999112, 15.50000000000000000, -1.152580537057890098 ) ) ;
#5447 = CARTESIAN_POINT ( 'NONE',  ( 5.940353365576804379, 14.50000000000000178, 0.3243745564968517625 ) ) ;
#5448 = VECTOR ( 'NONE', #309, 1000.000000000000114 ) ;
#5449 = EDGE_CURVE ( 'NONE', #9610, #9396, #6401, .T. ) ;
#5450 = VECTOR ( 'NONE', #11075, 1000.000000000000000 ) ;
#5452 = EDGE_CURVE ( 'NONE', #4687, #3704, #5938, .T. ) ;
#5451 = CARTESIAN_POINT ( 'NONE',  ( 9.599999999999999645, 5.601324057744217377, -2.460010611124493707 ) ) ;
#5453 = CARTESIAN_POINT ( 'NONE',  ( 4.346153846153805844, 15.30000000000000071, 8.499348871534966321 ) ) ;
#5454 = CARTESIAN_POINT ( 'NONE',  ( 7.000760935641103799, 14.49999999999999467, -3.427010491025856087 ) ) ;
#5455 = SURFACE_STYLE_FILL_AREA ( #8814 ) ;
#5456 = CARTESIAN_POINT ( 'NONE',  ( 9.449999999999999289, 13.19999999999999929, 0.4000000000000001887 ) ) ;
#5457 = ORIENTED_EDGE ( 'NONE', *, *, #9302, .F. ) ;
#5458 = CARTESIAN_POINT ( 'NONE',  ( 11.19999999999999574, 8.094916023144861583, -8.448561371225164152 ) ) ;
#5459 = AXIS2_PLACEMENT_3D ( 'NONE', #916, #4552, #4498 ) ;
#5460 = COLOUR_RGB ( '',1.000000000000000000, 1.000000000000000000, 1.000000000000000000 ) ;
#5461 = EDGE_CURVE ( 'NONE', #3802, #5125, #1362, .T. ) ;
#5462 = CARTESIAN_POINT ( 'NONE',  ( 8.417803733038713432, 15.50259483730813237, -5.076103730624436317 ) ) ;
#5463 = DIRECTION ( 'NONE',  ( 0.0000000000000000000, -0.9999156794129789860, -0.01298591791445430008 ) ) ;
#5464 = ORIENTED_EDGE ( 'NONE', *, *, #6421, .F. ) ;
#5465 = CARTESIAN_POINT ( 'NONE',  ( 4.515384615384590461, 15.50000000000000000, -6.634063386460820055 ) ) ;
#5466 = AXIS2_PLACEMENT_3D ( 'NONE', #180, #7013, #1918 ) ;
#5467 = LINE ( 'NONE', #9901, #8140 ) ;
#5468 = EDGE_LOOP ( 'NONE', ( #4895, #11105, #2810, #2176 ) ) ;
#5469 = LINE ( 'NONE', #7365, #3198 ) ;
#5470 = ORIENTED_EDGE ( 'NONE', *, *, #8088, .T. ) ;
#5471 = EDGE_CURVE ( 'NONE', #1420, #9347, #6346, .T. ) ;
#5472 = LINE ( 'NONE', #8829, #4597 ) ;
#5473 = EDGE_CURVE ( 'NONE', #2657, #5369, #8340, .T. ) ;
#5474 = VECTOR ( 'NONE', #3446, 1000.000000000000000 ) ;
#5475 = CARTESIAN_POINT ( 'NONE',  ( 8.500000000000000000, 15.20000000000004192, -7.870000000000000107 ) ) ;
#5476 = CARTESIAN_POINT ( 'NONE',  ( 9.018600732609510118, 13.20000000000020002, 7.419999999999999929 ) ) ;
#5477 = FACE_OUTER_BOUND ( 'NONE', #7, .T. ) ;
#5478 = VERTEX_POINT ( 'NONE', #10826 ) ;
#5479 = PLANE ( 'NONE',  #7627 ) ;
#5480 = ORIENTED_EDGE ( 'NONE', *, *, #789, .T. ) ;
#5481 = DIRECTION ( 'NONE',  ( 1.000000000000000000, 0.0000000000000000000, -0.0000000000000000000 ) ) ;
#5482 = AXIS2_PLACEMENT_3D ( 'NONE', #1729, #1836, #5321 ) ;
#5483 = FACE_OUTER_BOUND ( 'NONE', #262, .T. ) ;
#5484 = VERTEX_POINT ( 'NONE', #8868 ) ;
#5485 = CARTESIAN_POINT ( 'NONE',  ( 4.499999999999952927, 15.30000000000001137, 4.849230484541330100 ) ) ;
#5486 = CARTESIAN_POINT ( 'NONE',  ( 8.478445380721957747, 9.000489967319664331, 6.281201508996597127 ) ) ;
#5487 = CARTESIAN_POINT ( 'NONE',  ( 8.369143109499562527, 15.42062190192916482, 8.971030884390531313 ) ) ;
#5488 = DIRECTION ( 'NONE',  ( 1.000000000000000000, 0.0000000000000000000, -0.0000000000000000000 ) ) ;
#5489 = CARTESIAN_POINT ( 'NONE',  ( 10.19999999999999929, 6.824881032803769010, 7.921344894286256100 ) ) ;
#5490 = VECTOR ( 'NONE', #7945, 1000.000000000000114 ) ;
#5491 = DIRECTION ( 'NONE',  ( -0.09119215051751136669, -0.9575175804338617036, -0.2735764515525318519 ) ) ;
#5492 = CARTESIAN_POINT ( 'NONE',  ( 4.694285714285668654, 15.41715728752538261, 0.3266152951415693395 ) ) ;
#5493 = VERTEX_POINT ( 'NONE', #1196 ) ;
#5494 = ORIENTED_EDGE ( 'NONE', *, *, #9720, .T. ) ;
#5495 = ORIENTED_EDGE ( 'NONE', *, *, #2578, .F. ) ;
#5496 = VECTOR ( 'NONE', #8545, 1000.000000000000000 ) ;
#5497 = CARTESIAN_POINT ( 'NONE',  ( 9.554397331752658928, 15.20000000000010054, 7.241554619278035787 ) ) ;
#5498 = DIRECTION ( 'NONE',  ( 0.0000000000000000000, 0.9999156794129789860, 0.01298591791445430008 ) ) ;
#5499 = EDGE_CURVE ( 'NONE', #9069, #10727, #8089, .T. ) ;
#5500 = FACE_OUTER_BOUND ( 'NONE', #6976, .T. ) ;
#5501 = CONICAL_SURFACE ( 'NONE', #673, 1.049999999976589660, 1.339705659597135723 ) ;
#5502 = CARTESIAN_POINT ( 'NONE',  ( 4.299999999999999822, 15.29999999999999893, 4.962580537057889707 ) ) ;
#5503 = CARTESIAN_POINT ( 'NONE',  ( 5.890793016934015469, 14.49999999999999822, 7.457761698817453322 ) ) ;
#5504 = ORIENTED_EDGE ( 'NONE', *, *, #5342, .T. ) ;
#5505 = CARTESIAN_POINT ( 'NONE',  ( 11.07573593128806877, 6.585611271177847392, -5.706508905719283931 ) ) ;
#5506 = AXIS2_PLACEMENT_3D ( 'NONE', #10712, #4367, #10321 ) ;
#5507 = EDGE_CURVE ( 'NONE', #5795, #4565, #569, .T. ) ;
#5508 = EDGE_CURVE ( 'NONE', #8940, #10605, #462, .T. ) ;
#5509 = CARTESIAN_POINT ( 'NONE',  ( 4.416251525940030120, 15.49999999999998046, -0.9234989598558087653 ) ) ;
#5510 = ORIENTED_EDGE ( 'NONE', *, *, #10901, .F. ) ;
#5511 = DIRECTION ( 'NONE',  ( -1.000000000000000000, 0.0000000000000000000, 0.0000000000000000000 ) ) ;
#5512 = ORIENTED_EDGE ( 'NONE', *, *, #912, .F. ) ;
#5513 = CARTESIAN_POINT ( 'NONE',  ( 8.499991117421794584, 15.41711772838280048, 4.959174440960125274 ) ) ;
#5514 = VECTOR ( 'NONE', #384, 1000.000000000000000 ) ;
#5515 = CARTESIAN_POINT ( 'NONE',  ( 8.706350832689631503, 15.20000000000007567, 4.059999999999999609 ) ) ;
#5516 = EDGE_CURVE ( 'NONE', #6958, #3335, #7351, .T. ) ;
#5517 = ORIENTED_EDGE ( 'NONE', *, *, #7092, .T. ) ;
#5518 = DIRECTION ( 'NONE',  ( 0.0000000000000000000, 0.0000000000000000000, -1.000000000000000000 ) ) ;
#5519 = ORIENTED_EDGE ( 'NONE', *, *, #7214, .T. ) ;
#5520 = FACE_OUTER_BOUND ( 'NONE', #1652, .T. ) ;
#5521 = STYLED_ITEM ( 'NONE', ( #9600 ), #9887 ) ;
#5522 = CARTESIAN_POINT ( 'NONE',  ( 5.582979071374142066, 15.50000000000000533, 7.089895681406767736 ) ) ;
#5523 = CARTESIAN_POINT ( 'NONE',  ( 8.706350832689629726, 15.19999999999999929, 3.560000000000000053 ) ) ;
#5524 = B_SPLINE_CURVE_WITH_KNOTS ( 'NONE', 3,
 ( #2458, #787, #3360, #7461 ),
 .UNSPECIFIED., .F., .F.,
 ( 4, 4 ),
 ( 0.0000000000000000000, 1.000000000000000000 ),
 .UNSPECIFIED. ) ;
#5525 = ORIENTED_EDGE ( 'NONE', *, *, #1630, .F. ) ;
#5526 = DIRECTION ( 'NONE',  ( -0.0000000000000000000, -0.0000000000000000000, -1.000000000000000000 ) ) ;
#5527 = EDGE_LOOP ( 'NONE', ( #10606, #10555, #8999, #340 ) ) ;
#5528 = CARTESIAN_POINT ( 'NONE',  ( 10.19999999999999929, 6.650913555578844338, 4.532125371792556479 ) ) ;
#5529 = CARTESIAN_POINT ( 'NONE',  ( 8.822247607754860610, 15.20000000000010054, -3.534591709434444784 ) ) ;
#5530 = AXIS2_PLACEMENT_3D ( 'NONE', #4971, #8558, #712 ) ;
#5531 = EDGE_CURVE ( 'NONE', #6735, #10175, #4610, .T. ) ;
#5532 = EDGE_CURVE ( 'NONE', #4129, #10898, #2243, .T. ) ;
#5533 = CARTESIAN_POINT ( 'NONE',  ( 9.349999999999997868, 6.757765876465089860, -1.805000000000001048 ) ) ;
#5534 = ORIENTED_EDGE ( 'NONE', *, *, #10418, .T. ) ;
#5535 = CARTESIAN_POINT ( 'NONE',  ( 4.499999999999999112, 15.30259718358289689, 5.162563672940486015 ) ) ;
#5536 = DIRECTION ( 'NONE',  ( -1.000000000000000000, 8.673617379884726514E-15, 0.0000000000000000000 ) ) ;
#5537 = LINE ( 'NONE', #1287, #897 ) ;
#5538 = CARTESIAN_POINT ( 'NONE',  ( 7.000760935641106464, 14.50000000000000355, 4.192989508974142687 ) ) ;
#5539 = CARTESIAN_POINT ( 'NONE',  ( 9.350000000000001421, 7.533139384197908406, 2.950786934449079357 ) ) ;
#5540 = CARTESIAN_POINT ( 'NONE',  ( 4.500000000000000000, 15.50000000000000000, -2.657419462942110400 ) ) ;
#5541 = VECTOR ( 'NONE', #6203, 1000.000000000000000 ) ;
#5542 = ORIENTED_EDGE ( 'NONE', *, *, #4282, .T. ) ;
#5543 = DIRECTION ( 'NONE',  ( -1.839858232096614207E-15, 0.0000000000000000000, -1.000000000000000000 ) ) ;
#5544 = ORIENTED_EDGE ( 'NONE', *, *, #10405, .T. ) ;
#5545 = CARTESIAN_POINT ( 'NONE',  ( 4.694285714285674871, 15.41715728752538261, -0.3266152951415378647 ) ) ;
#5546 = EDGE_LOOP ( 'NONE', ( #11019, #6514, #8335, #7645, #9090, #4239, #1963, #8559, #5262, #6696, #3204, #8056 ) ) ;
#5547 = DIRECTION ( 'NONE',  ( 0.0000000000000000000, -1.000000000000000000, 0.0000000000000000000 ) ) ;
#5548 = VERTEX_POINT ( 'NONE', #10611 ) ;
#5549 = EDGE_CURVE ( 'NONE', #145, #4803, #7256, .T. ) ;
#5550 = VERTEX_POINT ( 'NONE', #2516 ) ;
#5551 = DIRECTION ( 'NONE',  ( 2.168404344971008868E-15, -5.543383885983003833E-30, 1.000000000000000000 ) ) ;
#5552 = CARTESIAN_POINT ( 'NONE',  ( 11.19999999999999929, 6.965034458301987641, 2.588861267652192932 ) ) ;
#5553 = LINE ( 'NONE', #1252, #1491 ) ;
#5554 = CARTESIAN_POINT ( 'NONE',  ( 5.954378302844777870, 14.50000000000000000, -4.126121566162143317 ) ) ;
#5555 = CARTESIAN_POINT ( 'NONE',  ( 6.332330645463420282, 14.49999999999999645, -0.6242671763391439699 ) ) ;
#5556 = DIRECTION ( 'NONE',  ( 0.0000000000000000000, 0.0000000000000000000, 1.000000000000000000 ) ) ;
#5557 = EDGE_CURVE ( 'NONE', #6753, #8777, #4339, .T. ) ;
#5558 = CARTESIAN_POINT ( 'NONE',  ( 11.06313763527704808, 6.722696155360179837, 2.023134900347069998 ) ) ;
#5559 = CARTESIAN_POINT ( 'NONE',  ( 6.332330645463551733, 14.49999999999999822, 6.995732823660855360 ) ) ;
#5560 = ORIENTED_EDGE ( 'NONE', *, *, #10058, .T. ) ;
#5561 = DIRECTION ( 'NONE',  ( 0.0000000000000000000, 1.000000000000000000, -0.0000000000000000000 ) ) ;
#5562 = CARTESIAN_POINT ( 'NONE',  ( 8.706350832689631503, 15.20000000000007567, -7.870000000000000107 ) ) ;
#5563 = VERTEX_POINT ( 'NONE', #5935 ) ;
#5564 = DIRECTION ( 'NONE',  ( 0.0000000000000000000, 0.0000000000000000000, 1.000000000000000000 ) ) ;
#5565 = EDGE_LOOP ( 'NONE', ( #4089, #345, #847, #3434 ) ) ;
#5566 = CARTESIAN_POINT ( 'NONE',  ( 10.98160625616217523, 6.757307097671983342, -1.805319687706822496 ) ) ;
#5567 = EDGE_CURVE ( 'NONE', #1692, #1685, #4099, .T. ) ;
#5568 = DIRECTION ( 'NONE',  ( 3.880602260699040389E-17, -0.2747211278973781257, -0.9615239476408231623 ) ) ;
#5569 = EDGE_LOOP ( 'NONE', ( #415, #2983, #6197, #3867 ) ) ;
#5570 = CARTESIAN_POINT ( 'NONE',  ( 4.299999999999973177, 15.30000000000000071, -2.770769515458670007 ) ) ;
#5571 = ORIENTED_EDGE ( 'NONE', *, *, #10938, .T. ) ;
#5572 = FACE_OUTER_BOUND ( 'NONE', #1644, .T. ) ;
#5573 = EDGE_CURVE ( 'NONE', #3802, #5406, #10757, .T. ) ;
#5574 = CARTESIAN_POINT ( 'NONE',  ( 6.500000000000000888, 15.50000000000000000, 8.669999999999999929 ) ) ;
#5575 = FACE_OUTER_BOUND ( 'NONE', #9649, .T. ) ;
#5576 = EDGE_LOOP ( 'NONE', ( #3809, #8286, #1614, #9583 ) ) ;
#5577 = CARTESIAN_POINT ( 'NONE',  ( 11.19999999999999751, 6.457765876464969246, 5.979059865235982762 ) ) ;
#5578 = ORIENTED_EDGE ( 'NONE', *, *, #9784, .F. ) ;
#5579 = DIRECTION ( 'NONE',  ( 0.0000000000000000000, 0.01298591791445111512, -0.9999156794129788750 ) ) ;
#5580 = EDGE_CURVE ( 'NONE', #6375, #40, #10099, .T. ) ;
#5581 = EDGE_CURVE ( 'NONE', #4656, #4647, #11016, .T. ) ;
#5582 = LINE ( 'NONE', #9155, #11042 ) ;
#5583 = ORIENTED_EDGE ( 'NONE', *, *, #1655, .F. ) ;
#5584 = CARTESIAN_POINT ( 'NONE',  ( 4.382842712474576352, 15.49999999999997691, -4.849230484541295461 ) ) ;
#5585 = ORIENTED_EDGE ( 'NONE', *, *, #8761, .F. ) ;
#5586 = CARTESIAN_POINT ( 'NONE',  ( 4.298896448480524768, 15.30150824295816214, 5.078715244836778275 ) ) ;
#5587 = ORIENTED_EDGE ( 'NONE', *, *, #8451, .F. ) ;
#5588 = DIRECTION ( 'NONE',  ( 1.000000000000000000, 0.0000000000000000000, 0.0000000000000000000 ) ) ;
#5589 = CARTESIAN_POINT ( 'NONE',  ( 8.899795149060299337, 15.20000000000010054, 7.248388126292680589 ) ) ;
#5590 = CARTESIAN_POINT ( 'NONE',  ( 8.706350832689590646, 13.20000000000020002, -0.4500000000000002887 ) ) ;
#5591 = B_SPLINE_CURVE_WITH_KNOTS ( 'NONE', 3,
 ( #1114, #6273, #1066, #7861 ),
 .UNSPECIFIED., .F., .F.,
 ( 4, 4 ),
 ( 0.0000000000000000000, 1.000000000000000000 ),
 .UNSPECIFIED. ) ;
#5592 = ADVANCED_FACE ( 'NONE', ( #3189 ), #2297, .T. ) ;
#5593 = FACE_OUTER_BOUND ( 'NONE', #3495, .T. ) ;
#5594 = EDGE_CURVE ( 'NONE', #2462, #2720, #6204, .T. ) ;
#5595 = VERTEX_POINT ( 'NONE', #5876 ) ;
#5596 = CARTESIAN_POINT ( 'NONE',  ( 8.299999999999998934, 15.50000000000000000, 8.772580537057889316 ) ) ;
#5597 = ORIENTED_EDGE ( 'NONE', *, *, #6474, .F. ) ;
#5598 = LINE ( 'NONE', #7225, #9035 ) ;
#5599 = ORIENTED_EDGE ( 'NONE', *, *, #2472, .T. ) ;
#5600 = PRESENTATION_STYLE_ASSIGNMENT (( #8916 ) ) ;
#5601 = EDGE_LOOP ( 'NONE', ( #692, #5724 ) ) ;
#5602 = LINE ( 'NONE', #1457, #7306 ) ;
#5603 = DIRECTION ( 'NONE',  ( -0.0000000000000000000, 1.000000000000000000, -0.0000000000000000000 ) ) ;
#5604 = AXIS2_PLACEMENT_3D ( 'NONE', #9950, #10005, #2305 ) ;
#5605 = LINE ( 'NONE', #3983, #8188 ) ;
#5606 = ADVANCED_FACE ( 'NONE', ( #9305 ), #3448, .T. ) ;
#5607 = EDGE_CURVE ( 'NONE', #5241, #9858, #9557, .T. ) ;
#5608 = DIRECTION ( 'NONE',  ( 1.445602896647339903E-15, -1.000000000000000000, 0.0000000000000000000 ) ) ;
#5609 =( BOUNDED_CURVE ( )  B_SPLINE_CURVE ( 3, ( #6704, #10142, #2440, #1449 ),
 .UNSPECIFIED., .F., .T. ) 
 B_SPLINE_CURVE_WITH_KNOTS ( ( 4, 4 ),
 ( 0.0000000000000000000, 1.000000000000000000 ),
 .UNSPECIFIED. ) 
 CURVE ( )  GEOMETRIC_REPRESENTATION_ITEM ( )  RATIONAL_B_SPLINE_CURVE ( ( 1.000000000000000000, 0.6812076559308991586, 0.6812076559308991586, 1.000000000000000000 ) ) 
 REPRESENTATION_ITEM ( '' )  );
#5610 = CARTESIAN_POINT ( 'NONE',  ( 1.474999999999999867, 2.099999999999999645, -8.519999999999996021 ) ) ;
#5611 = PLANE ( 'NONE',  #8509 ) ;
#5612 = ORIENTED_EDGE ( 'NONE', *, *, #10047, .F. ) ;
#5613 = VECTOR ( 'NONE', #5286, 1000.000000000000114 ) ;
#5614 = DIRECTION ( 'NONE',  ( 1.000000000000000000, -0.0000000000000000000, 0.0000000000000000000 ) ) ;
#5615 = CARTESIAN_POINT ( 'NONE',  ( 8.499999999999998224, 15.30000000000000249, -2.657419462942113064 ) ) ;
#5616 = ORIENTED_EDGE ( 'NONE', *, *, #401, .T. ) ;
#5617 = ORIENTED_EDGE ( 'NONE', *, *, #10889, .T. ) ;
#5618 = CARTESIAN_POINT ( 'NONE',  ( 4.299999999999999822, 15.29999999999999893, 8.772580537057889316 ) ) ;
#5619 = PLANE ( 'NONE',  #5604 ) ;
#5620 = VECTOR ( 'NONE', #5802, 1000.000000000000000 ) ;
#5621 = DIRECTION ( 'NONE',  ( 0.0000000000000000000, 1.000000000000000000, -0.0000000000000000000 ) ) ;
#5622 = ORIENTED_EDGE ( 'NONE', *, *, #7065, .F. ) ;
#5623 = CARTESIAN_POINT ( 'NONE',  ( 4.515384615384574474, 15.50000000000000000, -8.605936613539203250 ) ) ;
#5624 = DIRECTION ( 'NONE',  ( -1.000000000000000000, 0.0000000000000000000, -0.0000000000000000000 ) ) ;
#5625 = ORIENTED_EDGE ( 'NONE', *, *, #6543, .T. ) ;
#5626 = AXIS2_PLACEMENT_3D ( 'NONE', #6433, #9749, #4694 ) ;
#5627 = AXIS2_PLACEMENT_3D ( 'NONE', #10328, #2630, #6053 ) ;
#5628 = DIRECTION ( 'NONE',  ( 0.0000000000000000000, 0.0000000000000000000, -1.000000000000000000 ) ) ;
#5629 = ORIENTED_EDGE ( 'NONE', *, *, #4441, .T. ) ;
#5630 = CARTESIAN_POINT ( 'NONE',  ( 8.499991117421787479, 15.29997552248377701, -6.469304231690530926 ) ) ;
#5631 = ADVANCED_FACE ( 'NONE', ( #8747 ), #8452, .T. ) ;
#5632 = CARTESIAN_POINT ( 'NONE',  ( 4.299999999999960743, 15.50000000000009948, 1.039230484541330268 ) ) ;
#5633 = CARTESIAN_POINT ( 'NONE',  ( 4.299999999999981171, 9.000000000000000000, -2.770769515458773924 ) ) ;
#5634 = ORIENTED_EDGE ( 'NONE', *, *, #7917, .T. ) ;
#5635 = AXIS2_PLACEMENT_3D ( 'NONE', #10296, #5305, #931 ) ;
#5636 = CARTESIAN_POINT ( 'NONE',  ( 0.7749999999999999112, 2.100000000000000089, 0.8999999999999989120 ) ) ;
#5637 = CARTESIAN_POINT ( 'NONE',  ( 4.299999999999999822, 9.000000000000000000, 5.259999999999999787 ) ) ;
#5638 = DIRECTION ( 'NONE',  ( 0.5329387100211778749, -0.0000000000000000000, 0.8461538461538559153 ) ) ;
#5639 = DIRECTION ( 'NONE',  ( 2.556434596176350141E-15, 1.000000000000000000, 0.0000000000000000000 ) ) ;
#5640 = ORIENTED_EDGE ( 'NONE', *, *, #2263, .F. ) ;
#5641 = CARTESIAN_POINT ( 'NONE',  ( 8.500000000000000000, 15.30000000000000071, 5.259999999999999787 ) ) ;
#5642 = VECTOR ( 'NONE', #4123, 999.9999999999998863 ) ;
#5643 = MECHANICAL_DESIGN_GEOMETRIC_PRESENTATION_REPRESENTATION (  '', ( #5997 ), #818 ) ;
#5644 = CARTESIAN_POINT ( 'NONE',  ( 10.19999999999999929, 5.500000000000000000, 7.620000000000000107 ) ) ;
#5646 = EDGE_CURVE ( 'NONE', #8061, #3089, #9591, .T. ) ;
#5645 = PLANE ( 'NONE',  #1656 ) ;
#5647 = ADVANCED_FACE ( 'NONE', ( #3705 ), #963, .T. ) ;
#5648 = CARTESIAN_POINT ( 'NONE',  ( 10.19999999999999929, 6.347787413311805516, -4.871616845588177647 ) ) ;
#5649 = CARTESIAN_POINT ( 'NONE',  ( 10.19999999999999929, 6.347787413310921778, 6.558383154410925009 ) ) ;
#5650 = EDGE_LOOP ( 'NONE', ( #3837, #9928, #2043, #9710 ) ) ;
#5651 = DIRECTION ( 'NONE',  ( 0.0000000000000000000, 0.0000000000000000000, 1.000000000000000000 ) ) ;
#5652 = ORIENTED_EDGE ( 'NONE', *, *, #6622, .T. ) ;
#5653 = FACE_OUTER_BOUND ( 'NONE', #9406, .T. ) ;
#5654 = EDGE_LOOP ( 'NONE', ( #9467, #5913, #762, #5332 ) ) ;
#5655 = VECTOR ( 'NONE', #2602, 1000.000000000000000 ) ;
#5656 = LINE ( 'NONE', #7173, #7271 ) ;
#5657 = VERTEX_POINT ( 'NONE', #7817 ) ;
#5658 = CARTESIAN_POINT ( 'NONE',  ( 5.274999999999997691, -1.622981582793030970E-15, 5.309999999999982734 ) ) ;
#5659 = CARTESIAN_POINT ( 'NONE',  ( 8.706350832689590646, 13.20000000000010054, -4.060000000000000497 ) ) ;
#5660 = CIRCLE ( 'NONE', #827, 0.2000000000000001499 ) ;
#5661 = CARTESIAN_POINT ( 'NONE',  ( 9.650000000000002132, 13.20000000000010054, 4.062359877559829968 ) ) ;
#5662 = CYLINDRICAL_SURFACE ( 'NONE', #4905, 1.350000000000019629 ) ;
#5663 = CARTESIAN_POINT ( 'NONE',  ( 7.399999999999999467, 12.19999999999999929, 9.400000000000000355 ) ) ;
#5664 = B_SPLINE_CURVE_WITH_KNOTS ( 'NONE', 3,
 ( #2392, #5095, #10149, #2444, #3411, #10259 ),
 .UNSPECIFIED., .F., .F.,
 ( 4, 2, 4 ),
 ( 0.0000000000000000000, 0.5000000000000000000, 1.000000000000000000 ),
 .UNSPECIFIED. ) ;
#5665 = CARTESIAN_POINT ( 'NONE',  ( 4.299999999999955413, 15.30000000000001315, 8.602270736744566548 ) ) ;
#5666 = VECTOR ( 'NONE', #10580, 1000.000000000000114 ) ;
#5667 = CARTESIAN_POINT ( 'NONE',  ( 8.706350832689629726, 13.19999999999999929, 7.370000000000000107 ) ) ;
#5668 = EDGE_CURVE ( 'NONE', #9262, #2332, #6953, .T. ) ;
#5669 = ADVANCED_FACE ( 'NONE', ( #10386 ), #8583, .F. ) ;
#5670 = ORIENTED_EDGE ( 'NONE', *, *, #2653, .T. ) ;
#5671 = DIRECTION ( 'NONE',  ( 1.000000000000000000, 0.0000000000000000000, 0.0000000000000000000 ) ) ;
#5672 = CARTESIAN_POINT ( 'NONE',  ( 8.478445380721961300, 15.40439733175265857, 2.657419462942110400 ) ) ;
#5673 = ORIENTED_EDGE ( 'NONE', *, *, #3339, .T. ) ;
#5674 = CARTESIAN_POINT ( 'NONE',  ( 4.447640122440170707, 9.000432863930482696, 9.054409962806099443 ) ) ;
#5675 = CARTESIAN_POINT ( 'NONE',  ( 8.500000000000000000, 15.20000000000002593, -4.060000000000000497 ) ) ;
#5676 = ORIENTED_EDGE ( 'NONE', *, *, #8297, .F. ) ;
#5677 = STYLED_ITEM ( 'NONE', ( #7983 ), #8488 ) ;
#5678 = CARTESIAN_POINT ( 'NONE',  ( 9.599999999999999645, 5.500000000000000000, -1.349991669323390209 ) ) ;
#5679 = ORIENTED_EDGE ( 'NONE', *, *, #7534, .F. ) ;
#5680 = ORIENTED_EDGE ( 'NONE', *, *, #9135, .T. ) ;
#5681 = B_SPLINE_CURVE_WITH_KNOTS ( 'NONE', 3,
 ( #2607, #861, #2525, #7470, #2467, #1521, #6006, #5946, #4269, #7708 ),
 .UNSPECIFIED., .F., .F.,
 ( 4, 2, 2, 2, 4 ),
 ( 0.0000000000000000000, 0.2500000000000000000, 0.5000000000000000000, 0.7500000000000000000, 1.000000000000000000 ),
 .UNSPECIFIED. ) ;
#5682 = CARTESIAN_POINT ( 'NONE',  ( 4.075000000000001954, 2.099999999999996980, 2.909999999999961062 ) ) ;
#5683 = CARTESIAN_POINT ( 'NONE',  ( 10.19999999999999929, 5.799999999999997158, -6.303730699165117635 ) ) ;
#5684 = CARTESIAN_POINT ( 'NONE',  ( 10.97950105288107281, 6.757765876465092525, -2.005445337934412375 ) ) ;
#5685 = LINE ( 'NONE', #10959, #7808 ) ;
#5686 = PLANE ( 'NONE',  #7982 ) ;
#5687 = DIRECTION ( 'NONE',  ( 0.0000000000000000000, -0.0000000000000000000, -1.000000000000000000 ) ) ;
#5688 = ADVANCED_FACE ( 'NONE', ( #2572 ), #5995, .T. ) ;
#5689 = LINE ( 'NONE', #2061, #1688 ) ;
#5690 = ORIENTED_EDGE ( 'NONE', *, *, #5079, .T. ) ;
#5691 = CARTESIAN_POINT ( 'NONE',  ( 4.447644537455780700, 15.50000000000000178, -4.962147660960551043 ) ) ;
#5692 = VECTOR ( 'NONE', #6800, 1000.000000000000000 ) ;
#5693 = ORIENTED_EDGE ( 'NONE', *, *, #8942, .T. ) ;
#5694 = CARTESIAN_POINT ( 'NONE',  ( 9.600000000000001421, 5.500000000000000000, 1.350000000000020517 ) ) ;
#5695 = CARTESIAN_POINT ( 'NONE',  ( 4.346153846153829825, 15.30000000000000071, 6.740651128465056985 ) ) ;
#5696 = CARTESIAN_POINT ( 'NONE',  ( 10.19999999999999929, 6.087747258964867569, -5.035019845508762693 ) ) ;
#5697 = LINE ( 'NONE', #3118, #8481 ) ;
#5698 = ORIENTED_EDGE ( 'NONE', *, *, #191, .F. ) ;
#5699 = CARTESIAN_POINT ( 'NONE',  ( 4.800100321853031815, 15.50000000000000000, -7.969605793915301106 ) ) ;
#5700 = VECTOR ( 'NONE', #10695, 1000.000000000000000 ) ;
#5701 = CARTESIAN_POINT ( 'NONE',  ( 9.600000000000001421, 5.200000000000000178, -8.936236820298940842 ) ) ;
#5702 = ORIENTED_EDGE ( 'NONE', *, *, #91, .T. ) ;
#5703 = VECTOR ( 'NONE', #7825, 1000.000000000000000 ) ;
#5704 = LINE ( 'NONE', #10816, #7635 ) ;
#5705 = ADVANCED_FACE ( 'NONE', ( #909 ), #9164, .T. ) ;
#5706 = ADVANCED_FACE ( 'NONE', ( #8130 ), #2180, .T. ) ;
#5707 = ORIENTED_EDGE ( 'NONE', *, *, #9235, .F. ) ;
#5708 = LINE ( 'NONE', #9128, #328 ) ;
#5709 = DIRECTION ( 'NONE',  ( 0.0000000000000000000, 0.01298591791445111512, -0.9999156794129788750 ) ) ;
#5710 = AXIS2_PLACEMENT_3D ( 'NONE', #5644, #4861, #9064 ) ;
#5711 = B_SPLINE_CURVE_WITH_KNOTS ( 'NONE', 3,
 ( #10034, #4084, #5091, #833 ),
 .UNSPECIFIED., .F., .F.,
 ( 4, 4 ),
 ( 0.0000000000000000000, 1.000000000000000000 ),
 .UNSPECIFIED. ) ;
#5712 = CARTESIAN_POINT ( 'NONE',  ( 8.706350832689640384, 13.19999999999999929, 4.059999999999999609 ) ) ;
#5713 = DIRECTION ( 'NONE',  ( -1.000000000000000000, 0.0000000000000000000, -0.0000000000000000000 ) ) ;
#5714 = DIRECTION ( 'NONE',  ( -1.000000000000000000, 0.0000000000000000000, 0.0000000000000000000 ) ) ;
#5715 = EDGE_CURVE ( 'NONE', #10991, #1621, #5786, .T. ) ;
#5716 = CARTESIAN_POINT ( 'NONE',  ( 4.500031197697169638, 15.50000000000000000, 2.790005518453553712 ) ) ;
#5717 = CARTESIAN_POINT ( 'NONE',  ( 20.10000000000000142, 5.500000000000000000, -3.810000000000000053 ) ) ;
#5718 = ORIENTED_EDGE ( 'NONE', *, *, #8336, .T. ) ;
#5719 = CARTESIAN_POINT ( 'NONE',  ( 8.499999999999994671, 13.20000000000005080, 0.2499999999999993616 ) ) ;
#5720 = EDGE_LOOP ( 'NONE', ( #6279, #583, #3636, #3400 ) ) ;
#5721 = DIRECTION ( 'NONE',  ( -1.000000000000000000, 0.0000000000000000000, 0.0000000000000000000 ) ) ;
#5722 = EDGE_CURVE ( 'NONE', #8505, #3443, #5598, .T. ) ;
#5723 = ADVANCED_FACE ( 'NONE', ( #5653 ), #3923, .F. ) ;
#5724 = ORIENTED_EDGE ( 'NONE', *, *, #3246, .T. ) ;
#5725 = CARTESIAN_POINT ( 'NONE',  ( 10.59529231284949979, 2.099999999999999645, -190.3060000000000400 ) ) ;
#5726 = CARTESIAN_POINT ( 'NONE',  ( 8.899999999999998579, 13.19999999999999929, 0.4000000000000001887 ) ) ;
#5727 = ORIENTED_EDGE ( 'NONE', *, *, #6739, .T. ) ;
#5728 = SURFACE_STYLE_FILL_AREA ( #6678 ) ;
#5729 =( BOUNDED_SURFACE ( )  B_SPLINE_SURFACE ( 3, 3, ( 
 ( #1496, #661, #7497, #9227 ),
 ( #10700, #9870, #1343, #5973 ),
 ( #9513, #9461, #4354, #7792 ),
 ( #1659, #9339, #5030, #2498 ) ),
 .UNSPECIFIED., .F., .F., .F. ) 
 B_SPLINE_SURFACE_WITH_KNOTS ( ( 4, 4 ),
 ( 4, 4 ),
 ( 0.0000000000000000000, 1.000000000000000000 ),
 ( 0.0000000000000000000, 1.000000000000000000 ),
 .UNSPECIFIED. ) 
 GEOMETRIC_REPRESENTATION_ITEM ( )  RATIONAL_B_SPLINE_SURFACE ( (
 ( 1.000000000000000000, 0.8047378541243568328, 0.8047378541243568328, 1.000000000000000000),
 ( 0.8025111867385987807, 0.6458111303268110337, 0.6458111303268110337, 0.8025111867385987807),
 ( 0.8025111867385987807, 0.6458111303268110337, 0.6458111303268110337, 0.8025111867385987807),
 ( 1.000000000000000000, 0.8047378541243568328, 0.8047378541243568328, 1.000000000000000000) ) ) 
 REPRESENTATION_ITEM ( '' )  SURFACE ( )  );
#5730 = ORIENTED_EDGE ( 'NONE', *, *, #2250, .T. ) ;
#5731 = ORIENTED_EDGE ( 'NONE', *, *, #677, .F. ) ;
#5732 = CARTESIAN_POINT ( 'NONE',  ( 11.20000000000000284, 5.500000000000000000, 0.0000000000000000000 ) ) ;
#5733 = CARTESIAN_POINT ( 'NONE',  ( 4.500000000000000000, 15.50000000000000000, 1.152580537057889654 ) ) ;
#5734 = CARTESIAN_POINT ( 'NONE',  ( 7.549924752704438191, 15.50000000000000000, -3.948850468481452047 ) ) ;
#5735 = CARTESIAN_POINT ( 'NONE',  ( 11.19999999999999929, 6.504433618017671392, -2.142354443021663002 ) ) ;
#5736 = ADVANCED_FACE ( 'NONE', ( #560 ), #2016, .T. ) ;
#5737 = CARTESIAN_POINT ( 'NONE',  ( -0.9999999999999997780, 15.30259718358288978, -5.162563672940487791 ) ) ;
#5738 = CARTESIAN_POINT ( 'NONE',  ( 4.500000000000000000, 8.997200455540209418, -2.575564923403670381 ) ) ;
#5739 = DIRECTION ( 'NONE',  ( 0.0000000000000000000, 0.0000000000000000000, -1.000000000000000000 ) ) ;
#5740 = CARTESIAN_POINT ( 'NONE',  ( 8.300000000000014921, 8.999999999999998224, 9.054415584415581364 ) ) ;
#5741 = CARTESIAN_POINT ( 'NONE',  ( 4.499999999999999112, 15.30259718358289689, 5.162563672940485127 ) ) ;
#5742 = ORIENTED_EDGE ( 'NONE', *, *, #1574, .F. ) ;
#5743 = CARTESIAN_POINT ( 'NONE',  ( 8.500000000000000000, 15.50000000000000000, -7.870000000000000107 ) ) ;
#5744 = CARTESIAN_POINT ( 'NONE',  ( 10.19999999999999929, 6.850057444366775883, -3.963294361549619449 ) ) ;
#5745 = CARTESIAN_POINT ( 'NONE',  ( 8.499999999999998224, 13.19999999999999929, 7.870000000000000107 ) ) ;
#5746 = CARTESIAN_POINT ( 'NONE',  ( 6.500000000000000888, 14.60000000001571152, -7.620000000000000107 ) ) ;
#5747 = ADVANCED_FACE ( 'NONE', ( #9072 ), #75, .T. ) ;
#5748 = ORIENTED_EDGE ( 'NONE', *, *, #5766, .T. ) ;
#5749 = VERTEX_POINT ( 'NONE', #722 ) ;
#5750 = CARTESIAN_POINT ( 'NONE',  ( 4.500000000000000000, 15.30259718358290044, -8.972563672940486512 ) ) ;
#5751 = ORIENTED_EDGE ( 'NONE', *, *, #3737, .F. ) ;
#5752 = CARTESIAN_POINT ( 'NONE',  ( 8.706350832689590646, 15.20000000000010054, -7.870000000000000107 ) ) ;
#5753 = ORIENTED_EDGE ( 'NONE', *, *, #2299, .F. ) ;
#5754 = LINE ( 'NONE', #7512, #10559 ) ;
#5755 = DIRECTION ( 'NONE',  ( -1.000000000000000000, 0.0000000000000000000, 0.0000000000000000000 ) ) ;
#5756 = CARTESIAN_POINT ( 'NONE',  ( 9.018600732609499460, 13.20000000000010054, 4.009999999999999787 ) ) ;
#5757 = EDGE_CURVE ( 'NONE', #3012, #7915, #4187, .T. ) ;
#5758 = VECTOR ( 'NONE', #4757, 1000.000000000000000 ) ;
#5759 = CARTESIAN_POINT ( 'NONE',  ( 8.418034671099025701, 15.37173446289487266, -2.458334213803828661 ) ) ;
#5760 = CARTESIAN_POINT ( 'NONE',  ( 6.500000000000000000, 15.50000000000000000, 1.049999999999999822 ) ) ;
#5761 = CARTESIAN_POINT ( 'NONE',  ( 9.018600732609499460, 13.20000000000007567, 4.209999999999999964 ) ) ;
#5762 = AXIS2_PLACEMENT_3D ( 'NONE', #2523, #740, #8532 ) ;
#5763 = ORIENTED_EDGE ( 'NONE', *, *, #7093, .F. ) ;
#5764 = DIRECTION ( 'NONE',  ( 0.0000000000000000000, 0.0000000000000000000, -1.000000000000000000 ) ) ;
#5765 = DIRECTION ( 'NONE',  ( 0.0000000000000000000, 1.000000000000000000, 0.0000000000000000000 ) ) ;
#5766 = EDGE_CURVE ( 'NONE', #7315, #10352, #2390, .T. ) ;
#5767 = EDGE_CURVE ( 'NONE', #7860, #3606, #1648, .T. ) ;
#5768 = CARTESIAN_POINT ( 'NONE',  ( 4.394278064412623586, 15.50000000000000888, 4.768386515657503821 ) ) ;
#5769 = ORIENTED_EDGE ( 'NONE', *, *, #5920, .T. ) ;
#5770 = VECTOR ( 'NONE', #6116, 1000.000000000000000 ) ;
#5771 = DIRECTION ( 'NONE',  ( 0.0000000000000000000, -0.0000000000000000000, 1.000000000000000000 ) ) ;
#5772 = CARTESIAN_POINT ( 'NONE',  ( 9.599999999999999645, 5.298735346751792363, -5.148711301363028348 ) ) ;
#5773 = EDGE_LOOP ( 'NONE', ( #2730, #1164, #5903, #3721 ) ) ;
#5774 = CARTESIAN_POINT ( 'NONE',  ( 8.825156416238812085, 15.20000000000020002, -0.2783881262926809486 ) ) ;
#5775 = ORIENTED_EDGE ( 'NONE', *, *, #1917, .T. ) ;
#5776 = EDGE_LOOP ( 'NONE', ( #3815, #8765, #311, #5718 ) ) ;
#5777 = CARTESIAN_POINT ( 'NONE',  ( 8.706350832689592423, 15.20000000000007390, -7.370000000000000107 ) ) ;
#5778 = AXIS2_PLACEMENT_3D ( 'NONE', #10761, #2068, #2175 ) ;
#5779 = CARTESIAN_POINT ( 'NONE',  ( 9.650000000000000355, 13.19999999999999929, 3.410000000000000142 ) ) ;
#5780 = CARTESIAN_POINT ( 'NONE',  ( 10.19999999999999929, 6.744302374902851227, -7.014999515783608253 ) ) ;
#5781 = CARTESIAN_POINT ( 'NONE',  ( 8.299999999999998934, 15.50000000000000000, 6.467419462942110009 ) ) ;
#5782 = ORIENTED_EDGE ( 'NONE', *, *, #4267, .T. ) ;
#5783 = FILL_AREA_STYLE_COLOUR ( '', #5460 ) ;
#5784 = VERTEX_POINT ( 'NONE', #772 ) ;
#5785 =( NAMED_UNIT ( * ) PLANE_ANGLE_UNIT ( ) SI_UNIT ( $, .RADIAN. ) );
#5786 = B_SPLINE_CURVE_WITH_KNOTS ( 'NONE', 3,
 ( #8234, #4601, #1242, #2955, #449, #2073, #8967, #339, #7121, #8914, #2131, #5439, #4763, #4657, #3868, #7284, #2231, #1401 ),
 .UNSPECIFIED., .F., .F.,
 ( 4, 2, 2, 2, 2, 2, 2, 2, 4 ),
 ( 0.0000000000000000000, 0.1250000000000000000, 0.2500000000000000000, 0.3750000000000000000, 0.5000000000000000000, 0.6250000000000000000, 0.7500000000000000000, 0.8750000000000000000, 1.000000000000000000 ),
 .UNSPECIFIED. ) ;
#5787 = MECHANICAL_DESIGN_GEOMETRIC_PRESENTATION_REPRESENTATION (  '', ( #2924 ), #7408 ) ;
#5788 = VECTOR ( 'NONE', #6820, 1000.000000000000000 ) ;
#5789 = CARTESIAN_POINT ( 'NONE',  ( 8.706350832689640384, 13.19999999999999929, -3.560000000000000497 ) ) ;
#5790 = FACE_OUTER_BOUND ( 'NONE', #9199, .T. ) ;
#5791 = DIRECTION ( 'NONE',  ( -0.0000000000000000000, -0.9999156794129788750, 0.01298591791445429834 ) ) ;
#5792 = ORIENTED_EDGE ( 'NONE', *, *, #2097, .T. ) ;
#5793 = CARTESIAN_POINT ( 'NONE',  ( 4.382847915768459224, 15.49994977653715544, -2.661901299924994913 ) ) ;
#5794 = ADVANCED_FACE ( 'NONE', ( #7504 ), #1453, .T. ) ;
#5795 = VERTEX_POINT ( 'NONE', #2283 ) ;
#5796 = EDGE_CURVE ( 'NONE', #4669, #2287, #10201, .T. ) ;
#5797 = ORIENTED_EDGE ( 'NONE', *, *, #10596, .F. ) ;
#5798 = CARTESIAN_POINT ( 'NONE',  ( 8.501103551519475943, 15.30150824295816570, 2.541284755163222275 ) ) ;
#5799 = VECTOR ( 'NONE', #5791, 1000.000000000000114 ) ;
#5800 = AXIS2_PLACEMENT_3D ( 'NONE', #10906, #8265, #590 ) ;
#5801 = CARTESIAN_POINT ( 'NONE',  ( 8.500000000000000000, 15.30000000000000071, -8.772580537057883987 ) ) ;
#5802 = DIRECTION ( 'NONE',  ( 1.531342102931250010E-16, -0.0000000000000000000, 1.000000000000000000 ) ) ;
#5803 = LINE ( 'NONE', #6818, #4835 ) ;
#5804 = CARTESIAN_POINT ( 'NONE',  ( 9.599999999999999645, 5.199999999999999289, -1.810000000000020037 ) ) ;
#5805 = ORIENTED_EDGE ( 'NONE', *, *, #78, .F. ) ;
#5806 = DIRECTION ( 'NONE',  ( -0.0000000000000000000, -0.0000000000000000000, 1.000000000000000000 ) ) ;
#5807 = FILL_AREA_STYLE ('',( #4982 ) ) ;
#5808 = AXIS2_PLACEMENT_3D ( 'NONE', #3301, #733, #3420 ) ;
#5809 = CIRCLE ( 'NONE', #9594, 0.2000000000000001499 ) ;
#5810 = ORIENTED_EDGE ( 'NONE', *, *, #3619, .F. ) ;
#5811 = CARTESIAN_POINT ( 'NONE',  ( 8.299999999999998934, 15.50000000000000000, 4.962580537057889707 ) ) ;
#5812 = CARTESIAN_POINT ( 'NONE',  ( 11.20000000000000107, 7.399894512352670262, 3.478717852600954785 ) ) ;
#5813 = LINE ( 'NONE', #7513, #3889 ) ;
#5814 = CARTESIAN_POINT ( 'NONE',  ( 8.299999999999997158, 15.30259718358289689, -8.972563672940484736 ) ) ;
#5815 = AXIS2_PLACEMENT_3D ( 'NONE', #4613, #354, #3775 ) ;
#5816 = VERTEX_POINT ( 'NONE', #4869 ) ;
#5817 = FACE_OUTER_BOUND ( 'NONE', #10814, .T. ) ;
#5818 = CARTESIAN_POINT ( 'NONE',  ( 4.500000000000003553, 15.49994977653715722, -4.958098700075001197 ) ) ;
#5819 = FACE_OUTER_BOUND ( 'NONE', #1203, .T. ) ;
#5820 = VECTOR ( 'NONE', #1125, 1000.000000000000000 ) ;
#5821 = EDGE_CURVE ( 'NONE', #3248, #246, #7277, .T. ) ;
#5822 = FILL_AREA_STYLE_COLOUR ( '', #4974 ) ;
#5823 = EDGE_LOOP ( 'NONE', ( #8346, #9457, #7419, #680, #4816, #9498, #410, #1089 ) ) ;
#5824 = CARTESIAN_POINT ( 'NONE',  ( 4.299999999999999822, 9.000247077141525054, 6.333240196970226776 ) ) ;
#5825 = CARTESIAN_POINT ( 'NONE',  ( 10.19999999999999751, 5.049748449476882506, 5.091572392209513964 ) ) ;
#5826 = CARTESIAN_POINT ( 'NONE',  ( 4.315797791639868208, 15.41715728752538794, 4.737545581209156254 ) ) ;
#5827 = CONICAL_SURFACE ( 'NONE', #10332, 1.049999999976589660, 1.339705659597135723 ) ;
#5828 = CARTESIAN_POINT ( 'NONE',  ( 4.346153846153807621, 15.30000000000000249, 8.499348871534969874 ) ) ;
#5829 = B_SPLINE_CURVE_WITH_KNOTS ( 'NONE', 3,
 ( #7134, #6294, #2033, #5454, #3942, #10206, #899, #9292, #523, #6824, #2245, #11038 ),
 .UNSPECIFIED., .F., .F.,
 ( 4, 2, 2, 2, 2, 4 ),
 ( 0.0000000000000000000, 0.2499999999999993339, 0.3749999999999994449, 0.4999999999999995559, 0.7499999999999997780, 1.000000000000000000 ),
 .UNSPECIFIED. ) ;
#5830 = CARTESIAN_POINT ( 'NONE',  ( 0.0000000000000000000, 8.199999999999999289, 9.919999999999999929 ) ) ;
#5831 = ORIENTED_EDGE ( 'NONE', *, *, #9684, .T. ) ;
#5832 = ADVANCED_FACE ( 'NONE', ( #2333 ), #271, .F. ) ;
#5833 = EDGE_CURVE ( 'NONE', #10327, #8505, #5108, .T. ) ;
#5834 = ORIENTED_EDGE ( 'NONE', *, *, #5137, .F. ) ;
#5835 = VERTEX_POINT ( 'NONE', #9344 ) ;
#5836 = DIRECTION ( 'NONE',  ( -1.000000000000000000, 0.0000000000000000000, 0.0000000000000000000 ) ) ;
#5837 = AXIS2_PLACEMENT_3D ( 'NONE', #460, #926, #1130 ) ;
#5838 = PLANE ( 'NONE',  #1919 ) ;
#5839 = DIRECTION ( 'NONE',  ( 0.0000000000000000000, 0.0000000000000000000, 1.000000000000000000 ) ) ;
#5840 = CARTESIAN_POINT ( 'NONE',  ( 11.19999999999999929, 1.299999999999999822, 9.919999999999999929 ) ) ;
#5841 = DIRECTION ( 'NONE',  ( 1.000000000000000000, -0.0000000000000000000, 0.0000000000000000000 ) ) ;
#5842 = ADVANCED_FACE ( 'NONE', ( #6708 ), #1237, .T. ) ;
#5843 = PRESENTATION_STYLE_ASSIGNMENT (( #3964 ) ) ;
#5844 = VECTOR ( 'NONE', #10865, 1000.000000000000000 ) ;
#5845 = UNCERTAINTY_MEASURE_WITH_UNIT (LENGTH_MEASURE( 1.000000000000000082E-05 ), #305, 'distance_accuracy_value', 'NONE');
#5846 = LINE ( 'NONE', #5077, #6729 ) ;
#5847 = DIRECTION ( 'NONE',  ( 0.0000000000000000000, -0.0000000000000000000, -1.000000000000000000 ) ) ;
#5848 = SURFACE_SIDE_STYLE ('',( #4969 ) ) ;
#5849 = ORIENTED_EDGE ( 'NONE', *, *, #9235, .T. ) ;
#5850 = ORIENTED_EDGE ( 'NONE', *, *, #9490, .T. ) ;
#5851 = CARTESIAN_POINT ( 'NONE',  ( 4.299999999999982059, 15.30000000000000249, -1.039230484541302069 ) ) ;
#5852 = COLOUR_RGB ( '',1.000000000000000000, 1.000000000000000000, 1.000000000000000000 ) ;
#5853 = CARTESIAN_POINT ( 'NONE',  ( 8.706350832689631503, 13.20000000000007567, -3.560000000000000497 ) ) ;
#5854 = CARTESIAN_POINT ( 'NONE',  ( 20.10000000000000142, 5.500000000000000000, 5.160000000000020570 ) ) ;
#5855 = LINE ( 'NONE', #4919, #1786 ) ;
#5856 = ORIENTED_EDGE ( 'NONE', *, *, #6957, .F. ) ;
#5857 = CARTESIAN_POINT ( 'NONE',  ( 6.500000000000000888, 15.50000000000000000, 1.049999999999999822 ) ) ;
#5858 = EDGE_CURVE ( 'NONE', #10103, #6168, #995, .T. ) ;
#5859 = DIRECTION ( 'NONE',  ( 0.5329387100211774309, -0.0000000000000000000, 0.8461538461538559153 ) ) ;
#5860 = EDGE_LOOP ( 'NONE', ( #1173, #2786, #1802, #6667 ) ) ;
#5861 = ADVANCED_FACE ( 'NONE', ( #6648 ), #3122, .F. ) ;
#5862 = SURFACE_STYLE_USAGE ( .BOTH. , #724 ) ;
#5863 = VECTOR ( 'NONE', #4063, 1000.000000000000114 ) ;
#5864 = CIRCLE ( 'NONE', #517, 0.1999999999999999278 ) ;
#5865 = DIRECTION ( 'NONE',  ( 0.0000000000000000000, 0.0000000000000000000, -1.000000000000000000 ) ) ;
#5866 = B_SPLINE_CURVE_WITH_KNOTS ( 'NONE', 3,
 ( #6703, #601, #8438, #10141 ),
 .UNSPECIFIED., .F., .F.,
 ( 4, 4 ),
 ( 0.0000000000000000000, 1.000000000000000000 ),
 .UNSPECIFIED. ) ;
#5867 = ORIENTED_EDGE ( 'NONE', *, *, #2691, .F. ) ;
#5868 = DIRECTION ( 'NONE',  ( 1.000000000000000000, 0.0000000000000000000, -0.0000000000000000000 ) ) ;
#5869 = DIRECTION ( 'NONE',  ( 0.0000000000000000000, -0.01298591791445112553, -0.9999156794129789860 ) ) ;
#5870 = CARTESIAN_POINT ( 'NONE',  ( 1.699999999999999956, 8.699999999999999289, 9.919999999999999929 ) ) ;
#5871 = PRODUCT_DEFINITION_FORMATION_WITH_SPECIFIED_SOURCE ( 'ANY', '', #5012, .NOT_KNOWN. ) ;
#5872 = CARTESIAN_POINT ( 'NONE',  ( 4.299999999999999822, 15.30000000000000249, -1.152580537057887655 ) ) ;
#5873 = CIRCLE ( 'NONE', #1058, 0.2000000000000001499 ) ;
#5874 = EDGE_LOOP ( 'NONE', ( #10787, #1047, #9957, #8305, #10834, #10573, #5652, #3418, #4711, #6142, #6951, #3195, #9760, #1471, #3290, #8737 ) ) ;
#5875 = CARTESIAN_POINT ( 'NONE',  ( 11.00229562440566866, 6.990318788096377745, 9.220000000000004192 ) ) ;
#5876 = CARTESIAN_POINT ( 'NONE',  ( 8.706350832689631503, 13.20000000000007567, -3.560000000000000497 ) ) ;
#5877 = EDGE_CURVE ( 'NONE', #2232, #6016, #2671, .T. ) ;
#5878 = CARTESIAN_POINT ( 'NONE',  ( 4.599999999999980105, 15.50000000000009948, -6.580769515458699814 ) ) ;
#5879 = ORIENTED_EDGE ( 'NONE', *, *, #8252, .T. ) ;
#5880 = CIRCLE ( 'NONE', #5530, 0.2000000000000001499 ) ;
#5881 = VECTOR ( 'NONE', #9229, 1000.000000000000000 ) ;
#5882 = CARTESIAN_POINT ( 'NONE',  ( 4.299999999999999822, 9.000000000000000000, 9.070000000000000284 ) ) ;
#5883 = ORIENTED_EDGE ( 'NONE', *, *, #9447, .T. ) ;
#5884 = DIRECTION ( 'NONE',  ( 0.0000000000000000000, 0.01298591791445429834, -0.9999156794129788750 ) ) ;
#5885 = DIRECTION ( 'NONE',  ( 0.0000000000000000000, -0.0000000000000000000, -1.000000000000000000 ) ) ;
#5886 = VECTOR ( 'NONE', #5129, 1000.000000000000000 ) ;
#5887 = CARTESIAN_POINT ( 'NONE',  ( 9.349999999999997868, 6.757765876465089860, 2.004999999999999005 ) ) ;
#5888 = EDGE_CURVE ( 'NONE', #7095, #344, #4475, .T. ) ;
#5889 = ORIENTED_EDGE ( 'NONE', *, *, #7156, .F. ) ;
#5890 = EDGE_LOOP ( 'NONE', ( #365, #2019, #2373, #672 ) ) ;
#5891 = CARTESIAN_POINT ( 'NONE',  ( 4.499999999999999112, 15.50000000000000000, 6.467419462942110009 ) ) ;
#5892 = CARTESIAN_POINT ( 'NONE',  ( 9.449999999999999289, 15.20000000000004903, 8.019999999999999574 ) ) ;
#5893 = CARTESIAN_POINT ( 'NONE',  ( 4.905714285714244838, 15.50000000000000000, -4.176205027885967702 ) ) ;
#5894 =( NAMED_UNIT ( * ) SI_UNIT ( $, .STERADIAN. ) SOLID_ANGLE_UNIT ( ) );
#5895 = ORIENTED_EDGE ( 'NONE', *, *, #10811, .F. ) ;
#5896 = ORIENTED_EDGE ( 'NONE', *, *, #4521, .T. ) ;
#5897 = CARTESIAN_POINT ( 'NONE',  ( 4.500000000000015987, 8.999999999999998224, -1.434415584415589251 ) ) ;
#5898 = APPLICATION_CONTEXT ( 'automotive_design' ) ;
#5899 = LINE ( 'NONE', #9443, #9241 ) ;
#5900 = CARTESIAN_POINT ( 'NONE',  ( 4.299999999999981171, 9.000000000000000000, 8.659230484541227568 ) ) ;
#5901 = DIRECTION ( 'NONE',  ( 2.556434596176350141E-15, 1.000000000000000000, 0.0000000000000000000 ) ) ;
#5902 = CARTESIAN_POINT ( 'NONE',  ( 10.90000000000000036, 8.261222984376010103, 4.773388528311286017 ) ) ;
#5903 = ORIENTED_EDGE ( 'NONE', *, *, #7441, .T. ) ;
#5904 = EDGE_CURVE ( 'NONE', #1924, #8410, #3462, .T. ) ;
#5905 = CARTESIAN_POINT ( 'NONE',  ( 9.449999999999999289, 13.20000000000005258, -7.220000000000000639 ) ) ;
#5906 = CARTESIAN_POINT ( 'NONE',  ( 2.949999999999960210, 15.50000000000009948, 3.810000000000000053 ) ) ;
#5907 = DIRECTION ( 'NONE',  ( 0.0000000000000000000, 0.2290393337309896971, 0.9734171683322954127 ) ) ;
#5908 = CARTESIAN_POINT ( 'NONE',  ( 11.19999999999999751, 6.457765876464967469, -5.450940134764018730 ) ) ;
#5909 = CARTESIAN_POINT ( 'NONE',  ( 9.350000000000001421, 7.700040180165418136, -3.986946022887794872 ) ) ;
#5910 = VERTEX_POINT ( 'NONE', #6990 ) ;
#5911 = CARTESIAN_POINT ( 'NONE',  ( 5.274999999999997691, -1.622981582793030970E-15, -2.310000000000016929 ) ) ;
#5912 = ORIENTED_EDGE ( 'NONE', *, *, #3904, .T. ) ;
#5913 = ORIENTED_EDGE ( 'NONE', *, *, #9085, .F. ) ;
#5914 = CARTESIAN_POINT ( 'NONE',  ( 8.499991117421789255, 15.29997552248377701, 2.659304231690530873 ) ) ;
#5915 = CARTESIAN_POINT ( 'NONE',  ( 9.350000000000001421, 7.574478805434901929, 6.816948345697659839 ) ) ;
#5916 = CYLINDRICAL_SURFACE ( 'NONE', #3472, 0.1999999999999996503 ) ;
#5917 = CARTESIAN_POINT ( 'NONE',  ( 9.553153407200335678, 15.20000000000009699, -8.000060258680024461 ) ) ;
#5918 = EDGE_CURVE ( 'NONE', #807, #8071, #7837, .T. ) ;
#5919 = ORIENTED_EDGE ( 'NONE', *, *, #8411, .F. ) ;
#5920 = EDGE_CURVE ( 'NONE', #9314, #8956, #9407, .T. ) ;
#5921 = SURFACE_STYLE_FILL_AREA ( #4027 ) ;
#5922 = EDGE_LOOP ( 'NONE', ( #4180, #9931, #3231, #6617 ) ) ;
#5923 = CARTESIAN_POINT ( 'NONE',  ( 4.599999999999959677, 15.30000000000000071, 1.039230484541330268 ) ) ;
#5924 = ORIENTED_EDGE ( 'NONE', *, *, #2853, .T. ) ;
#5925 = CARTESIAN_POINT ( 'NONE',  ( 9.018600732609503012, 15.20000000000007567, -8.019999999999999574 ) ) ;
#5926 = PLANE ( 'NONE',  #2394 ) ;
#5927 = VERTEX_POINT ( 'NONE', #3409 ) ;
#5928 = CARTESIAN_POINT ( 'NONE',  ( 6.375000000000000000, 3.469446951953613696E-16, -9.919999999999999929 ) ) ;
#5929 = ADVANCED_FACE ( 'NONE', ( #896 ), #2559, .T. ) ;
#5930 = SURFACE_SIDE_STYLE ('',( #7565 ) ) ;
#5931 = FACE_OUTER_BOUND ( 'NONE', #7768, .T. ) ;
#5932 = DIRECTION ( 'NONE',  ( -0.4815434123430756830, 0.8427009716003850404, 0.2407717061715385354 ) ) ;
#5933 = ORIENTED_EDGE ( 'NONE', *, *, #5365, .F. ) ;
#5934 = DIRECTION ( 'NONE',  ( 0.0000000000000000000, 1.000000000000000000, 0.0000000000000000000 ) ) ;
#5935 = CARTESIAN_POINT ( 'NONE',  ( 8.706350832689631503, 15.20000000000007567, 7.870000000000000107 ) ) ;
#5936 = DIRECTION ( 'NONE',  ( 0.0000000000000000000, -0.0000000000000000000, -1.000000000000000000 ) ) ;
#5937 = ORIENTED_EDGE ( 'NONE', *, *, #9939, .F. ) ;
#5938 = B_SPLINE_CURVE_WITH_KNOTS ( 'NONE', 3,
 ( #7296, #8244, #9025, #9832, #10721, #8036, #8925, #6500, #2143, #4720, #6564, #2907, #10666 ),
 .UNSPECIFIED., .F., .F.,
 ( 4, 2, 2, 1, 2, 2, 4 ),
 ( 0.0000000000000000000, 0.2499999999999966138, 0.3749999999999927836, 0.4374999999999907851, 0.4687499999999898415, 0.4999999999999888423, 1.000000000000000000 ),
 .UNSPECIFIED. ) ;
#5939 = LINE ( 'NONE', #2687, #866 ) ;
#5940 = ORIENTED_EDGE ( 'NONE', *, *, #10305, .T. ) ;
#5941 = EDGE_CURVE ( 'NONE', #6507, #3496, #5371, .T. ) ;
#5942 = PLANE ( 'NONE',  #7685 ) ;
#5943 = EDGE_CURVE ( 'NONE', #7301, #632, #7818, .T. ) ;
#5944 = VECTOR ( 'NONE', #5964, 1000.000000000000000 ) ;
#5945 = FILL_AREA_STYLE_COLOUR ( '', #10978 ) ;
#5946 = CARTESIAN_POINT ( 'NONE',  ( 9.349999999999996092, 7.250021384072764974, -6.247591293058016859 ) ) ;
#5947 = VERTEX_POINT ( 'NONE', #1834 ) ;
#5948 = VERTEX_POINT ( 'NONE', #834 ) ;
#5949 = VECTOR ( 'NONE', #6671, 1000.000000000000000 ) ;
#5950 = DIRECTION ( 'NONE',  ( 0.0000000000000000000, 0.0000000000000000000, -1.000000000000000000 ) ) ;
#5951 = DIRECTION ( 'NONE',  ( 0.0000000000000000000, 0.0000000000000000000, -1.000000000000000000 ) ) ;
#5952 = CARTESIAN_POINT ( 'NONE',  ( 9.599999999999999645, 5.199999999999999289, 1.999999999999980016 ) ) ;
#5953 = ORIENTED_EDGE ( 'NONE', *, *, #6296, .T. ) ;
#5954 = ORIENTED_EDGE ( 'NONE', *, *, #8171, .T. ) ;
#5955 = DIRECTION ( 'NONE',  ( -1.000000000000000000, 0.0000000000000000000, 0.0000000000000000000 ) ) ;
#5956 = PLANE ( 'NONE',  #8351 ) ;
#5957 = CARTESIAN_POINT ( 'NONE',  ( 4.505265930546623387, 15.49999999999999467, 6.617997816569411995 ) ) ;
#5958 = PRESENTATION_LAYER_ASSIGNMENT (  '', '', ( #3464 ) ) ;
#5959 = CARTESIAN_POINT ( 'NONE',  ( 10.19999999999999929, 4.540238430996691221, 0.9618256469312105317 ) ) ;
#5960 = CARTESIAN_POINT ( 'NONE',  ( 11.19999999999999929, 7.799999999999999822, -9.220000000000000639 ) ) ;
#5961 = LINE ( 'NONE', #6924, #1885 ) ;
#5962 = CARTESIAN_POINT ( 'NONE',  ( 4.694285714285672206, 15.30000000000000071, 7.293384704858461909 ) ) ;
#5963 = FACE_OUTER_BOUND ( 'NONE', #10132, .T. ) ;
#5964 = DIRECTION ( 'NONE',  ( 1.000000000000000000, 0.0000000000000000000, 0.0000000000000000000 ) ) ;
#5965 = DIRECTION ( 'NONE',  ( 0.0000000000000000000, 0.0000000000000000000, -1.000000000000000000 ) ) ;
#5966 = ORIENTED_EDGE ( 'NONE', *, *, #10498, .F. ) ;
#5967 = MECHANICAL_DESIGN_GEOMETRIC_PRESENTATION_REPRESENTATION (  '', ( #6682 ), #7403 ) ;
#5968 = CARTESIAN_POINT ( 'NONE',  ( 8.299999999999998934, 15.49994977653715900, 6.471901299924996742 ) ) ;
#5969 = ORIENTED_EDGE ( 'NONE', *, *, #1793, .F. ) ;
#5970 = EDGE_CURVE ( 'NONE', #5493, #4164, #7904, .T. ) ;
#5971 = ORIENTED_EDGE ( 'NONE', *, *, #6067, .T. ) ;
#5972 = CARTESIAN_POINT ( 'NONE',  ( 6.500000000000000000, 15.50000000000000000, -3.810000000000000053 ) ) ;
#5973 = CARTESIAN_POINT ( 'NONE',  ( 4.381965328900981227, 15.30259718358289334, 8.972563672940482959 ) ) ;
#5974 = DIRECTION ( 'NONE',  ( -1.000000000000000000, 0.0000000000000000000, 0.0000000000000000000 ) ) ;
#5975 = CARTESIAN_POINT ( 'NONE',  ( 5.855797167303218309, 15.50000000000000533, 2.969200400650591209 ) ) ;
#5976 = VECTOR ( 'NONE', #7473, 1000.000000000000000 ) ;
#5977 = ORIENTED_EDGE ( 'NONE', *, *, #4754, .T. ) ;
#5978 = FACE_OUTER_BOUND ( 'NONE', #2923, .T. ) ;
#5979 = ORIENTED_EDGE ( 'NONE', *, *, #3081, .T. ) ;
#5980 = CARTESIAN_POINT ( 'NONE',  ( 6.500000000000000000, 13.19999999999999929, 8.999870129870130242 ) ) ;
#5981 = EDGE_LOOP ( 'NONE', ( #10483, #5363, #9088, #5352 ) ) ;
#5982 = FACE_OUTER_BOUND ( 'NONE', #10740, .T. ) ;
#5983 = CARTESIAN_POINT ( 'NONE',  ( 4.395602668247343026, 9.000585821344342818, -2.397148460583271135 ) ) ;
#5984 = ORIENTED_EDGE ( 'NONE', *, *, #2003, .T. ) ;
#5985 = CIRCLE ( 'NONE', #5459, 1.649999999999999911 ) ;
#5986 = ADVANCED_FACE ( 'NONE', ( #2721 ), #204, .F. ) ;
#5987 = CARTESIAN_POINT ( 'NONE',  ( 4.500000000000000888, 15.50259483730812882, -1.266103730624432933 ) ) ;
#5988 = VECTOR ( 'NONE', #8834, 1000.000000000000000 ) ;
#5989 = ADVANCED_FACE ( 'NONE', ( #3519 ), #5263, .T. ) ;
#5990 = LINE ( 'NONE', #956, #7493 ) ;
#5991 = FACE_OUTER_BOUND ( 'NONE', #2960, .T. ) ;
#5992 = PLANE ( 'NONE',  #3152 ) ;
#5993 = CARTESIAN_POINT ( 'NONE',  ( 11.19999999999999751, 6.504433618017671392, 5.477645556978338881 ) ) ;
#5994 = ORIENTED_EDGE ( 'NONE', *, *, #8547, .F. ) ;
#5995 = PLANE ( 'NONE',  #10485 ) ;
#5996 = VECTOR ( 'NONE', #5210, 1000.000000000000000 ) ;
#5997 = STYLED_ITEM ( 'NONE', ( #6066 ), #3965 ) ;
#5998 = DIRECTION ( 'NONE',  ( -0.0000000000000000000, 0.9999156794129788750, 0.01298591791445429834 ) ) ;
#5999 = EDGE_CURVE ( 'NONE', #3335, #8884, #6939, .T. ) ;
#6000 = VERTEX_POINT ( 'NONE', #3629 ) ;
#6001 = CARTESIAN_POINT ( 'NONE',  ( 10.50000000000000178, 1.314814814814815103, 9.919999999999999929 ) ) ;
#6002 = PLANE ( 'NONE',  #9477 ) ;
#6003 = AXIS2_PLACEMENT_3D ( 'NONE', #5878, #10937, #9306 ) ;
#6004 = AXIS2_PLACEMENT_3D ( 'NONE', #2528, #5950, #5127 ) ;
#6005 = CARTESIAN_POINT ( 'NONE',  ( 10.19999999999999929, 4.910851546925825595, 2.586003252674016650 ) ) ;
#6006 = CARTESIAN_POINT ( 'NONE',  ( 9.349999999999994316, 7.572597067020653938, -6.813512615486456703 ) ) ;
#6007 = VERTEX_POINT ( 'NONE', #7043 ) ;
#6008 = ORIENTED_EDGE ( 'NONE', *, *, #2712, .T. ) ;
#6009 = DIRECTION ( 'NONE',  ( 0.0000000000000000000, 0.0000000000000000000, -1.000000000000000000 ) ) ;
#6010 = EDGE_CURVE ( 'NONE', #6299, #7559, #10476, .T. ) ;
#6011 = EDGE_CURVE ( 'NONE', #3255, #3338, #1948, .T. ) ;
#6012 = CIRCLE ( 'NONE', #9606, 1.350000000000019629 ) ;
#6013 = DIRECTION ( 'NONE',  ( 1.000000000000000000, 0.0000000000000000000, -0.0000000000000000000 ) ) ;
#6014 = CARTESIAN_POINT ( 'NONE',  ( 11.16025675710863752, 6.781038105844885422, -9.219993931714322244 ) ) ;
#6015 = CARTESIAN_POINT ( 'NONE',  ( 8.902703957544252589, 15.20000000000010054, -7.994591709434452298 ) ) ;
#6016 = VERTEX_POINT ( 'NONE', #4247 ) ;
#6017 = ORIENTED_EDGE ( 'NONE', *, *, #4830, .T. ) ;
#6018 = CARTESIAN_POINT ( 'NONE',  ( 4.500000000000000888, 15.50259483730813415, 6.353896269375568728 ) ) ;
#6019 = CARTESIAN_POINT ( 'NONE',  ( 8.352359877559830892, 9.000432863930479144, -2.375590037193903825 ) ) ;
#6020 = CARTESIAN_POINT ( 'NONE',  ( 8.499999999999998224, 15.30000000000000249, -1.152580537057889654 ) ) ;
#6021 = AXIS2_PLACEMENT_3D ( 'NONE', #2216, #5638, #3797 ) ;
#6022 = CARTESIAN_POINT ( 'NONE',  ( 0.7749999999999999112, -4.440892098500626162E-16, -6.120000000000000107 ) ) ;
#6023 = CARTESIAN_POINT ( 'NONE',  ( 6.500000000000000888, 15.50000000000000000, -6.570000000000001172 ) ) ;
#6024 = ORIENTED_EDGE ( 'NONE', *, *, #7726, .T. ) ;
#6025 = DIRECTION ( 'NONE',  ( -0.09119215051751136669, -0.9575175804338615926, 0.2735764515525319074 ) ) ;
#6026 = LINE ( 'NONE', #9329, #5655 ) ;
#6027 = CARTESIAN_POINT ( 'NONE',  ( 4.299999999999999822, 15.29999999999999893, -8.772580537057889316 ) ) ;
#6028 = DIRECTION ( 'NONE',  ( 0.0000000000000000000, 0.01298591791445429834, -0.9999156794129788750 ) ) ;
#6029 = CARTESIAN_POINT ( 'NONE',  ( 2.949999999999960210, 15.30000000000000071, 7.620000000000000107 ) ) ;
#6030 = ORIENTED_EDGE ( 'NONE', *, *, #3042, .F. ) ;
#6031 = CARTESIAN_POINT ( 'NONE',  ( 4.382196266961285502, 15.50259483730812349, -2.543896269375566010 ) ) ;
#6032 = ORIENTED_EDGE ( 'NONE', *, *, #2275, .T. ) ;
#6033 = ORIENTED_EDGE ( 'NONE', *, *, #3407, .T. ) ;
#6034 = CARTESIAN_POINT ( 'NONE',  ( 8.300000000000000711, 15.30259718358289867, 2.457436327059514536 ) ) ;
#6035 = CARTESIAN_POINT ( 'NONE',  ( 8.862475782649553935, 15.20000000000009877, 0.3250000000000015099 ) ) ;
#6036 = CARTESIAN_POINT ( 'NONE',  ( 10.20000000000000107, 5.799999999999998934, 5.126269301653440635 ) ) ;
#6037 = CARTESIAN_POINT ( 'NONE',  ( 5.476879472618592537, 15.50000000000000178, 3.536494556683479562 ) ) ;
#6038 = AXIS2_PLACEMENT_3D ( 'NONE', #8725, #7832, #9437 ) ;
#6039 = FACE_OUTER_BOUND ( 'NONE', #5874, .T. ) ;
#6040 = ORIENTED_EDGE ( 'NONE', *, *, #8997, .T. ) ;
#6041 = DIRECTION ( 'NONE',  ( 1.000000000000000000, 0.0000000000000000000, 0.0000000000000000000 ) ) ;
#6042 = ADVANCED_FACE ( 'NONE', ( #7681, #11098, #8569, #1279, #6476, #3854 ), #9912, .T. ) ;
#6043 = DIRECTION ( 'NONE',  ( 1.000000000000000000, -2.556434596176350141E-15, 2.168404344971008868E-15 ) ) ;
#6044 = CARTESIAN_POINT ( 'NONE',  ( 4.499999999999999112, 15.50000000000000000, -1.152580537057890098 ) ) ;
#6045 = EDGE_LOOP ( 'NONE', ( #7323, #4114, #8160, #4653 ) ) ;
#6046 = VECTOR ( 'NONE', #4326, 1000.000000000000000 ) ;
#6047 = CARTESIAN_POINT ( 'NONE',  ( 4.500000000000002665, 15.49994977653715544, -1.148098700075000256 ) ) ;
#6048 = CARTESIAN_POINT ( 'NONE',  ( 1.275000000000001910, -2.393375078017628291E-16, -2.310000000000001386 ) ) ;
#6049 = DIRECTION ( 'NONE',  ( 1.000000000000000000, 0.0000000000000000000, 0.0000000000000000000 ) ) ;
#6050 = DIRECTION ( 'NONE',  ( 0.0000000000000000000, -0.0000000000000000000, 1.000000000000000000 ) ) ;
#6051 = CARTESIAN_POINT ( 'NONE',  ( 11.12903984464571749, 6.651555434169502234, 5.558652224964649058 ) ) ;
#6052 = ORIENTED_EDGE ( 'NONE', *, *, #10278, .T. ) ;
#6053 = DIRECTION ( 'NONE',  ( 0.0000000000000000000, -0.01298591791445111512, -0.9999156794129788750 ) ) ;
#6054 = CONICAL_SURFACE ( 'NONE', #5173, 1.050000000046220627, 1.339705659593408482 ) ;
#6055 = EDGE_CURVE ( 'NONE', #2074, #2441, #3000, .T. ) ;
#6056 = CARTESIAN_POINT ( 'NONE',  ( 11.19999999999999929, 7.399894512352668485, -4.141282147399050650 ) ) ;
#6057 = ORIENTED_EDGE ( 'NONE', *, *, #9914, .F. ) ;
#6058 = ORIENTED_EDGE ( 'NONE', *, *, #9324, .F. ) ;
#6059 = LINE ( 'NONE', #10274, #1565 ) ;
#6060 = DIRECTION ( 'NONE',  ( 0.0000000000000000000, -0.01298591791445111512, 0.9999156794129788750 ) ) ;
#6061 = VECTOR ( 'NONE', #6609, 1000.000000000000114 ) ;
#6062 = EDGE_CURVE ( 'NONE', #6129, #6781, #8167, .T. ) ;
#6063 =( NAMED_UNIT ( * ) SI_UNIT ( $, .STERADIAN. ) SOLID_ANGLE_UNIT ( ) );
#6064 = CARTESIAN_POINT ( 'NONE',  ( 4.694285714285668654, 15.41715728752538261, 4.136615295141569781 ) ) ;
#6065 = ORIENTED_EDGE ( 'NONE', *, *, #8252, .F. ) ;
#6067 = EDGE_CURVE ( 'NONE', #3831, #8858, #10316, .T. ) ;
#6066 = PRESENTATION_STYLE_ASSIGNMENT (( #1751 ) ) ;
#6068 = AXIS2_PLACEMENT_3D ( 'NONE', #1046, #7789, #1937 ) ;
#6069 = VECTOR ( 'NONE', #9166, 1000.000000000000000 ) ;
#6070 = CYLINDRICAL_SURFACE ( 'NONE', #1338, 0.1999999999999996503 ) ;
#6071 = DIRECTION ( 'NONE',  ( 0.0000000000000000000, 1.000000000000000000, 0.0000000000000000000 ) ) ;
#6072 = DIRECTION ( 'NONE',  ( 2.556434596176350141E-15, 1.000000000000000000, 0.0000000000000000000 ) ) ;
#6073 = ORIENTED_EDGE ( 'NONE', *, *, #1527, .F. ) ;
#6074 = CARTESIAN_POINT ( 'NONE',  ( 4.381965328900974121, 15.37173446289487089, 6.268334213803830046 ) ) ;
#6075 = ADVANCED_FACE ( 'NONE', ( #10587 ), #8008, .F. ) ;
#6076 = CARTESIAN_POINT ( 'NONE',  ( 10.20000000000000284, 4.633615282982283645, -6.541254660168083213 ) ) ;
#6077 = CARTESIAN_POINT ( 'NONE',  ( 4.315797791639890413, 15.29999999999999538, -0.9275455812091073504 ) ) ;
#6078 = EDGE_CURVE ( 'NONE', #9499, #3350, #491, .T. ) ;
#6079 = ORIENTED_EDGE ( 'NONE', *, *, #7019, .F. ) ;
#6080 = LINE ( 'NONE', #9502, #8141 ) ;
#6081 = CARTESIAN_POINT ( 'NONE',  ( 4.499999999999998224, 15.50000000000000000, 6.580769515458847252 ) ) ;
#6082 = EDGE_LOOP ( 'NONE', ( #2847, #4272, #987, #5912 ) ) ;
#6083 = CARTESIAN_POINT ( 'NONE',  ( 9.600000000000001421, 5.500000000000000000, 6.270008330676609454 ) ) ;
#6084 = LINE ( 'NONE', #5359, #7257 ) ;
#6085 = FILL_AREA_STYLE ('',( #8611 ) ) ;
#6086 = CARTESIAN_POINT ( 'NONE',  ( -0.9999999999999997780, 15.50000000000000000, -2.459999999999999520 ) ) ;
#6087 = EDGE_LOOP ( 'NONE', ( #2164, #8094, #8133, #8016 ) ) ;
#6088 = EDGE_CURVE ( 'NONE', #2502, #6884, #475, .T. ) ;
#6089 = CARTESIAN_POINT ( 'NONE',  ( 8.862475782649546829, 13.20000000000010054, 0.3250000000000015099 ) ) ;
#6090 = ADVANCED_FACE ( 'NONE', ( #2884 ), #8836, .T. ) ;
#6091 = CARTESIAN_POINT ( 'NONE',  ( 6.500000000000000888, 14.49999999999890754, -0.6250000000158598690 ) ) ;
#6092 = FACE_OUTER_BOUND ( 'NONE', #5325, .T. ) ;
#6093 = CARTESIAN_POINT ( 'NONE',  ( 9.599999999999999645, 5.298735346751792363, 2.471288698636970871 ) ) ;
#6094 = ORIENTED_EDGE ( 'NONE', *, *, #10665, .T. ) ;
#6095 = CARTESIAN_POINT ( 'NONE',  ( 11.20000000000000284, 5.500000000000000000, 7.620000000000000107 ) ) ;
#6096 = ORIENTED_EDGE ( 'NONE', *, *, #2369, .T. ) ;
#6097 = DIRECTION ( 'NONE',  ( 0.0000000000000000000, 0.0000000000000000000, -1.000000000000000000 ) ) ;
#6098 = CARTESIAN_POINT ( 'NONE',  ( 4.499999999999988454, 15.50000000000000000, -1.039230484541145749 ) ) ;
#6099 = FACE_OUTER_BOUND ( 'NONE', #3731, .T. ) ;
#6100 = ORIENTED_EDGE ( 'NONE', *, *, #191, .T. ) ;
#6101 = FACE_OUTER_BOUND ( 'NONE', #12, .T. ) ;
#6102 = ORIENTED_EDGE ( 'NONE', *, *, #7918, .T. ) ;
#6103 = CARTESIAN_POINT ( 'NONE',  ( 4.499999999999999112, 15.29999999999999893, -6.467419462942110009 ) ) ;
#6104 = CARTESIAN_POINT ( 'NONE',  ( 9.018600732609503012, 15.20000000000007567, 8.019999999999999574 ) ) ;
#6105 = DIRECTION ( 'NONE',  ( 0.0000000000000000000, 0.0000000000000000000, -1.000000000000000000 ) ) ;
#6106 = CARTESIAN_POINT ( 'NONE',  ( 8.706350832689592423, 15.20000000000007390, 3.560000000000000053 ) ) ;
#6107 = B_SPLINE_CURVE_WITH_KNOTS ( 'NONE', 3,
 ( #6845, #2527, #5236, #7014 ),
 .UNSPECIFIED., .F., .F.,
 ( 4, 4 ),
 ( 0.0000000000000000000, 1.000000000000000000 ),
 .UNSPECIFIED. ) ;
#6108 = ORIENTED_EDGE ( 'NONE', *, *, #10418, .F. ) ;
#6109 = CARTESIAN_POINT ( 'NONE',  ( 6.500000000000000000, 14.50000000000000000, -3.810000000000000053 ) ) ;
#6110 = CARTESIAN_POINT ( 'NONE',  ( 4.499999999999958256, 15.50000000000000178, 1.020243901942415876 ) ) ;
#6111 = ORIENTED_EDGE ( 'NONE', *, *, #9497, .T. ) ;
#6112 = ORIENTED_EDGE ( 'NONE', *, *, #5452, .T. ) ;
#6113 = DIRECTION ( 'NONE',  ( 0.8682431421244601877, 0.4961389383568320377, -0.0000000000000000000 ) ) ;
#6114 = CARTESIAN_POINT ( 'NONE',  ( 8.862475782649546829, 13.20000000000010054, 4.135000000000001563 ) ) ;
#6115 = ADVANCED_FACE ( 'NONE', ( #2999 ), #5479, .F. ) ;
#6116 = DIRECTION ( 'NONE',  ( -0.0000000000000000000, 0.0000000000000000000, 1.000000000000000000 ) ) ;
#6117 = CARTESIAN_POINT ( 'NONE',  ( 4.416251525940039890, 15.50000000000000178, 2.886501040144178631 ) ) ;
#6118 = CARTESIAN_POINT ( 'NONE',  ( 5.274999999999997691, -1.622981582793030970E-15, 1.499999999999983125 ) ) ;
#6119 = LINE ( 'NONE', #7880, #6511 ) ;
#6120 = CARTESIAN_POINT ( 'NONE',  ( 4.075000000000000178, 2.099999999999999645, 84.34799999999999898 ) ) ;
#6121 = CARTESIAN_POINT ( 'NONE',  ( 8.500000000000000000, 9.000000000000000000, 2.575601281123929276 ) ) ;
#6122 = ORIENTED_EDGE ( 'NONE', *, *, #5411, .F. ) ;
#6123 = CARTESIAN_POINT ( 'NONE',  ( 7.399999999999999467, 12.19999999999999929, -9.399999999999998579 ) ) ;
#6124 = EDGE_CURVE ( 'NONE', #9359, #5835, #1106, .T. ) ;
#6125 = ADVANCED_FACE ( 'NONE', ( #10691 ), #263, .T. ) ;
#6126 = CARTESIAN_POINT ( 'NONE',  ( 4.299999999999982947, 9.000000000000000000, 2.770769515458794796 ) ) ;
#6127 = CARTESIAN_POINT ( 'NONE',  ( 6.500000000000000888, 15.50000000000000000, 1.049999999999999822 ) ) ;
#6128 = CARTESIAN_POINT ( 'NONE',  ( 7.339650184518088594, 15.50000000000000533, -6.974725944026340940 ) ) ;
#6129 = VERTEX_POINT ( 'NONE', #10536 ) ;
#6130 =( GEOMETRIC_REPRESENTATION_CONTEXT ( 3 ) GLOBAL_UNCERTAINTY_ASSIGNED_CONTEXT ( ( #10128 ) ) GLOBAL_UNIT_ASSIGNED_CONTEXT ( ( #26, #7893, #3507 ) ) REPRESENTATION_CONTEXT ( 'NONE', 'WORKASPACE' ) );
#6131 = CARTESIAN_POINT ( 'NONE',  ( 4.299999999999999822, 9.000000000000000000, 5.259999999999999787 ) ) ;
#6132 = DIRECTION ( 'NONE',  ( 0.0000000000000000000, -1.000000000000000000, 0.0000000000000000000 ) ) ;
#6133 = PLANE ( 'NONE',  #1124 ) ;
#6134 = CARTESIAN_POINT ( 'NONE',  ( 9.554397331752657152, 13.20000000000010232, -3.431554619278038842 ) ) ;
#6135 = DIRECTION ( 'NONE',  ( 0.0000000000000000000, 0.0000000000000000000, 1.000000000000000000 ) ) ;
#6136 = ORIENTED_EDGE ( 'NONE', *, *, #7857, .F. ) ;
#6137 = STYLED_ITEM ( 'NONE', ( #7359 ), #1470 ) ;
#6138 = CARTESIAN_POINT ( 'NONE',  ( 4.075000000000001954, 2.099999999999999645, -8.519999999999962270 ) ) ;
#6139 = FACE_OUTER_BOUND ( 'NONE', #8363, .T. ) ;
#6140 = CARTESIAN_POINT ( 'NONE',  ( 4.299999999999963407, 9.000000000000000000, -4.793023504240736976 ) ) ;
#6141 = LINE ( 'NONE', #2772, #1972 ) ;
#6142 = ORIENTED_EDGE ( 'NONE', *, *, #791, .T. ) ;
#6143 = FACE_BOUND ( 'NONE', #1271, .T. ) ;
#6144 = VERTEX_POINT ( 'NONE', #2831 ) ;
#6145 = CARTESIAN_POINT ( 'NONE',  ( -8.599999999999999645, 5.500000000000000000, 7.620000000000000107 ) ) ;
#6146 = EDGE_LOOP ( 'NONE', ( #5805, #1431, #1310, #7908 ) ) ;
#6147 = MECHANICAL_DESIGN_GEOMETRIC_PRESENTATION_REPRESENTATION (  '', ( #3464 ), #781 ) ;
#6148 = DIRECTION ( 'NONE',  ( 0.0000000000000000000, 0.9284351071399689070, 0.3714946188439269825 ) ) ;
#6149 = EDGE_CURVE ( 'NONE', #2349, #5310, #2001, .T. ) ;
#6150 = ADVANCED_FACE ( 'NONE', ( #11020 ), #8046, .T. ) ;
#6151 = CARTESIAN_POINT ( 'NONE',  ( 20.10000000000000142, 5.500000000000000000, 0.0000000000000000000 ) ) ;
#6152 = ORIENTED_EDGE ( 'NONE', *, *, #6794, .F. ) ;
#6153 = DIRECTION ( 'NONE',  ( -2.775557561562891351E-16, 7.993605777301225541E-14, -1.000000000000000000 ) ) ;
#6154 = DIRECTION ( 'NONE',  ( 0.0000000000000000000, -1.000000000000000000, 0.0000000000000000000 ) ) ;
#6155 = ORIENTED_EDGE ( 'NONE', *, *, #10520, .F. ) ;
#6156 = CARTESIAN_POINT ( 'NONE',  ( 4.500000000000000000, 15.29999999999999893, 1.449999999999999956 ) ) ;
#6157 = CARTESIAN_POINT ( 'NONE',  ( 6.774086015149549667, 15.50000000000000178, 4.832964660753650499 ) ) ;
#6158 = VECTOR ( 'NONE', #3171, 1000.000000000000000 ) ;
#6159 = CARTESIAN_POINT ( 'NONE',  ( 8.352359877559825563, 9.000432863930480920, -1.434409962806100891 ) ) ;
#6160 = CARTESIAN_POINT ( 'NONE',  ( 8.899795149060299337, 15.20000000000010054, -4.181611873707318239 ) ) ;
#6161 = ORIENTED_EDGE ( 'NONE', *, *, #8435, .F. ) ;
#6162 = SURFACE_SIDE_STYLE ('',( #168 ) ) ;
#6163 = CARTESIAN_POINT ( 'NONE',  ( 8.299999999999997158, 15.49994977653715544, 1.148098700075000478 ) ) ;
#6164 = CARTESIAN_POINT ( 'NONE',  ( 4.315797791639875314, 15.30000000000001137, 0.9275455812091499830 ) ) ;
#6165 = ORIENTED_EDGE ( 'NONE', *, *, #7143, .F. ) ;
#6166 = AXIS2_PLACEMENT_3D ( 'NONE', #4670, #1138, #3718 ) ;
#6167 = COLOUR_RGB ( '',1.000000000000000000, 1.000000000000000000, 1.000000000000000000 ) ;
#6168 = VERTEX_POINT ( 'NONE', #8428 ) ;
#6169 = CARTESIAN_POINT ( 'NONE',  ( 4.515384615403285729, 15.50000000000000000, 2.824063386497793537 ) ) ;
#6170 = DIRECTION ( 'NONE',  ( 0.0000000000000000000, 0.0000000000000000000, -1.000000000000000000 ) ) ;
#6171 = CARTESIAN_POINT ( 'NONE',  ( 4.299999999999960743, 15.50000000000009948, -2.770769515458670007 ) ) ;
#6172 = MECHANICAL_DESIGN_GEOMETRIC_PRESENTATION_REPRESENTATION (  '', ( #620 ), #3487 ) ;
#6173 = CARTESIAN_POINT ( 'NONE',  ( 4.346153846153822720, 15.30000000000000071, 2.930651128465056932 ) ) ;
#6174 = PLANE ( 'NONE',  #10664 ) ;
#6175 = EDGE_CURVE ( 'NONE', #10377, #1898, #9109, .T. ) ;
#6176 = CARTESIAN_POINT ( 'NONE',  ( 4.499999999999999112, 15.30259718358289689, -6.267436327059513701 ) ) ;
#6177 = B_SPLINE_CURVE_WITH_KNOTS ( 'NONE', 3,
 ( #758, #4175, #2713, #1218, #5366, #10417 ),
 .UNSPECIFIED., .F., .F.,
 ( 4, 2, 4 ),
 ( 0.0000000000000000000, 0.5000000000000000000, 1.000000000000000000 ),
 .UNSPECIFIED. ) ;
#6178 = VECTOR ( 'NONE', #1909, 1000.000000000000000 ) ;
#6179 = DIRECTION ( 'NONE',  ( 0.0000000000000000000, 0.0000000000000000000, -1.000000000000000000 ) ) ;
#6180 = AXIS2_PLACEMENT_3D ( 'NONE', #693, #3256, #4216 ) ;
#6181 = LINE ( 'NONE', #7082, #7192 ) ;
#6182 = ORIENTED_EDGE ( 'NONE', *, *, #10938, .F. ) ;
#6183 = CARTESIAN_POINT ( 'NONE',  ( 4.500000000000002665, 15.49994977653715900, 6.471901299924999407 ) ) ;
#6184 = CARTESIAN_POINT ( 'NONE',  ( 11.19999999999999751, 7.500000000000000000, 9.919999999999999929 ) ) ;
#6185 = SURFACE_STYLE_USAGE ( .BOTH. , #4879 ) ;
#6186 = CARTESIAN_POINT ( 'NONE',  ( 6.774835278577244324, 15.50000000000000178, -8.642671310501730986 ) ) ;
#6187 = VECTOR ( 'NONE', #1726, 1000.000000000000000 ) ;
#6188 = VERTEX_POINT ( 'NONE', #10907 ) ;
#6189 = CARTESIAN_POINT ( 'NONE',  ( 4.299999999999981171, 9.000000000000000000, -8.659230484541227568 ) ) ;
#6190 = ADVANCED_FACE ( 'NONE', ( #6536 ), #5686, .T. ) ;
#6191 = EDGE_CURVE ( 'NONE', #1286, #96, #10856, .T. ) ;
#6192 = UNCERTAINTY_MEASURE_WITH_UNIT (LENGTH_MEASURE( 1.000000000000000082E-05 ), #4622, 'distance_accuracy_value', 'NONE');
#6193 = CARTESIAN_POINT ( 'NONE',  ( 4.499999999999977796, 15.50000000000000000, -2.770769515458869403 ) ) ;
#6194 = CARTESIAN_POINT ( 'NONE',  ( 6.500000000000000000, 15.50000000000000000, -6.570000000000000284 ) ) ;
#6195 = CARTESIAN_POINT ( 'NONE',  ( 10.89999999999999858, 6.457765876465090038, 2.004999999999999893 ) ) ;
#6196 = CARTESIAN_POINT ( 'NONE',  ( 10.19999999999999929, 4.349080460362420020, -3.088079566918301211 ) ) ;
#6197 = ORIENTED_EDGE ( 'NONE', *, *, #3246, .F. ) ;
#6198 = COLOUR_RGB ( '',1.000000000000000000, 1.000000000000000000, 1.000000000000000000 ) ;
#6199 = DIRECTION ( 'NONE',  ( -1.000000000000000000, -0.0000000000000000000, -0.0000000000000000000 ) ) ;
#6200 = CARTESIAN_POINT ( 'NONE',  ( 4.299999999999999822, 15.30000000000000249, 2.657419462942112620 ) ) ;
#6201 = EDGE_CURVE ( 'NONE', #5948, #6507, #8219, .T. ) ;
#6202 = DIRECTION ( 'NONE',  ( 0.0000000000000000000, 0.0000000000000000000, 1.000000000000000000 ) ) ;
#6203 = DIRECTION ( 'NONE',  ( -2.556434596176350141E-15, -1.000000000000000000, -0.0000000000000000000 ) ) ;
#6204 = B_SPLINE_CURVE_WITH_KNOTS ( 'NONE', 3,
 ( #7571, #10215, #8293, #618, #10936, #4042, #7460, #2402, #10882, #9246, #6613, #1564, #4994, #10048, #2344, #9181, #6721, #10158 ),
 .UNSPECIFIED., .F., .F.,
 ( 4, 2, 2, 2, 2, 2, 2, 2, 4 ),
 ( 0.0000000000000000000, 0.1250000000000000000, 0.2500000000000000000, 0.3750000000000000000, 0.5000000000000000000, 0.6250000000000000000, 0.7500000000000000000, 0.8750000000000000000, 1.000000000000000000 ),
 .UNSPECIFIED. ) ;
#6205 = EDGE_LOOP ( 'NONE', ( #8790, #10345, #3693, #1680, #3922, #1998, #6057, #9599 ) ) ;
#6206 = CARTESIAN_POINT ( 'NONE',  ( 5.476721059974257066, 15.50000000000000711, 0.2735059132293338746 ) ) ;
#6207 = EDGE_LOOP ( 'NONE', ( #5896, #4127, #5971, #544 ) ) ;
#6208 = DIRECTION ( 'NONE',  ( -1.000000000000000000, -0.0000000000000000000, -0.0000000000000000000 ) ) ;
#6209 = ORIENTED_EDGE ( 'NONE', *, *, #10948, .F. ) ;
#6210 = DIRECTION ( 'NONE',  ( 0.0000000000000000000, 0.0000000000000000000, -1.000000000000000000 ) ) ;
#6211 = CARTESIAN_POINT ( 'NONE',  ( 7.399999999999999467, 11.69999999999999929, 9.400000000000000355 ) ) ;
#6212 = ORIENTED_EDGE ( 'NONE', *, *, #8086, .F. ) ;
#6213 = VERTEX_POINT ( 'NONE', #10074 ) ;
#6214 = ORIENTED_EDGE ( 'NONE', *, *, #8740, .T. ) ;
#6215 = LINE ( 'NONE', #9645, #4998 ) ;
#6216 = AXIS2_PLACEMENT_3D ( 'NONE', #10094, #6498, #8403 ) ;
#6217 = CARTESIAN_POINT ( 'NONE',  ( 7.549924752704438191, 15.50000000000000000, 3.671149531518547615 ) ) ;
#6218 = CARTESIAN_POINT ( 'NONE',  ( 10.19999999999999929, 5.500000000000000000, -3.810000000000000053 ) ) ;
#6219 = ADVANCED_FACE ( 'NONE', ( #546 ), #9214, .F. ) ;
#6220 = CARTESIAN_POINT ( 'NONE',  ( 5.275000000000000355, 1.915630352757239914E-16, -9.919999999999999929 ) ) ;
#6221 = EDGE_CURVE ( 'NONE', #9169, #4962, #1536, .T. ) ;
#6222 = CARTESIAN_POINT ( 'NONE',  ( 11.20000000000000107, 7.406388468737293174, 7.905424429761942484 ) ) ;
#6223 = CARTESIAN_POINT ( 'NONE',  ( 8.499991117421794584, 15.41711772838280403, 1.149174440960124333 ) ) ;
#6224 = FACE_OUTER_BOUND ( 'NONE', #1054, .T. ) ;
#6225 = ORIENTED_EDGE ( 'NONE', *, *, #8819, .T. ) ;
#6226 = VECTOR ( 'NONE', #8705, 1000.000000000000000 ) ;
#6227 = EDGE_LOOP ( 'NONE', ( #2183, #7815, #4630, #9865 ) ) ;
#6228 = CARTESIAN_POINT ( 'NONE',  ( 9.018600732609513670, 15.20000000000007567, 7.220000000000000639 ) ) ;
#6229 = DIRECTION ( 'NONE',  ( 0.0000000000000000000, 0.9999156794129789860, -0.01298591791445430008 ) ) ;
#6230 = CARTESIAN_POINT ( 'NONE',  ( 0.7749999999999999112, -4.440892098500626162E-16, 9.119999999999999218 ) ) ;
#6231 = AXIS2_PLACEMENT_3D ( 'NONE', #8973, #457, #3875 ) ;
#6232 = EDGE_CURVE ( 'NONE', #5910, #7583, #2269, .T. ) ;
#6233 = LINE ( 'NONE', #9664, #8693 ) ;
#6234 = CARTESIAN_POINT ( 'NONE',  ( 9.050000000000000711, 8.699999999999999289, 9.919999999999999929 ) ) ;
#6235 =( BOUNDED_CURVE ( )  B_SPLINE_CURVE ( 3, ( #1407, #7394, #2184, #8341 ),
 .UNSPECIFIED., .F., .T. ) 
 B_SPLINE_CURVE_WITH_KNOTS ( ( 4, 4 ),
 ( 0.0000000000000000000, 1.000000000000000000 ),
 .UNSPECIFIED. ) 
 CURVE ( )  GEOMETRIC_REPRESENTATION_ITEM ( )  RATIONAL_B_SPLINE_CURVE ( ( 1.000000000000000000, 0.9738459485536774540, 0.9738459485536774540, 1.000000000000000000 ) ) 
 REPRESENTATION_ITEM ( '' )  );
#6236 = DIRECTION ( 'NONE',  ( 0.0000000000000000000, 0.0000000000000000000, -1.000000000000000000 ) ) ;
#6237 = CARTESIAN_POINT ( 'NONE',  ( 4.382196266961283726, 15.50259483730812704, -6.353896269375567840 ) ) ;
#6238 = VECTOR ( 'NONE', #2163, 1000.000000000000000 ) ;
#6239 = AXIS2_PLACEMENT_3D ( 'NONE', #8355, #9033, #4105 ) ;
#6240 = CARTESIAN_POINT ( 'NONE',  ( 6.333035873705076035, 14.49999999999999467, 8.244260304111181270 ) ) ;
#6241 = CARTESIAN_POINT ( 'NONE',  ( 10.89999999999999858, 8.107972597262831371, 8.183779834867824121 ) ) ;
#6242 = ORIENTED_EDGE ( 'NONE', *, *, #10545, .T. ) ;
#6243 = ORIENTED_EDGE ( 'NONE', *, *, #10255, .T. ) ;
#6244 = CARTESIAN_POINT ( 'NONE',  ( 8.499999999999998224, 13.19999999999999929, -7.870000000000000107 ) ) ;
#6245 = FILL_AREA_STYLE ('',( #7140 ) ) ;
#6246 = ADVANCED_FACE ( 'NONE', ( #2543 ), #9613, .T. ) ;
#6247 = CARTESIAN_POINT ( 'NONE',  ( 6.500000000000000888, 15.50000000000000000, 2.760000000000000231 ) ) ;
#6248 = VECTOR ( 'NONE', #400, 1000.000000000000000 ) ;
#6249 = ORIENTED_EDGE ( 'NONE', *, *, #9312, .F. ) ;
#6250 = CARTESIAN_POINT ( 'NONE',  ( 11.14599797265994852, 6.629634952222025035, -1.736912383582295272 ) ) ;
#6251 = CARTESIAN_POINT ( 'NONE',  ( 4.499999999999977796, 15.50000000000000000, -2.770769515458869403 ) ) ;
#6252 = CARTESIAN_POINT ( 'NONE',  ( 0.7749999999999999112, -4.440892098500626162E-16, 9.919999999999999929 ) ) ;
#6253 = DIRECTION ( 'NONE',  ( 0.0000000000000000000, 0.6189924607046914939, 0.7853969274136174405 ) ) ;
#6254 = ORIENTED_EDGE ( 'NONE', *, *, #466, .F. ) ;
#6255 = MECHANICAL_DESIGN_GEOMETRIC_PRESENTATION_REPRESENTATION (  '', ( #3758 ), #9291 ) ;
#6256 = FACE_BOUND ( 'NONE', #10254, .T. ) ;
#6257 = EDGE_CURVE ( 'NONE', #8103, #6666, #11079, .T. ) ;
#6258 = EDGE_CURVE ( 'NONE', #3119, #1454, #8870, .T. ) ;
#6259 = CARTESIAN_POINT ( 'NONE',  ( 10.59529231284949979, 2.099999999999999645, -186.4960000000000093 ) ) ;
#6260 = DIRECTION ( 'NONE',  ( 0.0000000000000000000, 0.0000000000000000000, -1.000000000000000000 ) ) ;
#6261 = ORIENTED_EDGE ( 'NONE', *, *, #5050, .T. ) ;
#6262 = CARTESIAN_POINT ( 'NONE',  ( 7.399999999999999467, 12.00000000000000000, 9.399999999999998579 ) ) ;
#6263 = PRESENTATION_LAYER_ASSIGNMENT (  '', '', ( #1970 ) ) ;
#6264 = ORIENTED_EDGE ( 'NONE', *, *, #3469, .T. ) ;
#6265 = DIRECTION ( 'NONE',  ( 0.0000000000000000000, 1.000000000000000000, 0.0000000000000000000 ) ) ;
#6266 = AXIS2_PLACEMENT_3D ( 'NONE', #4741, #8163, #8004 ) ;
#6267 = DIRECTION ( 'NONE',  ( 1.000000000000000000, 1.445602896647339903E-15, 0.0000000000000000000 ) ) ;
#6268 = CARTESIAN_POINT ( 'NONE',  ( 5.854725944026339057, 15.50000000000000533, -6.780349815481911513 ) ) ;
#6269 = ORIENTED_EDGE ( 'NONE', *, *, #7570, .F. ) ;
#6270 = EDGE_LOOP ( 'NONE', ( #8512, #6242, #10588, #4343 ) ) ;
#6271 = CARTESIAN_POINT ( 'NONE',  ( 8.902703957544250812, 13.20000000000010054, -7.245408290565539922 ) ) ;
#6272 = ORIENTED_EDGE ( 'NONE', *, *, #3181, .T. ) ;
#6273 = CARTESIAN_POINT ( 'NONE',  ( 8.766061818946781159, 13.20000000000020002, -7.370000000000000995 ) ) ;
#6275 = ADVANCED_FACE ( 'NONE', ( #4292 ), #7727, .F. ) ;
#6274 = DIRECTION ( 'NONE',  ( 0.0000000000000000000, -0.0000000000000000000, -1.000000000000000000 ) ) ;
#6276 = EDGE_CURVE ( 'NONE', #8940, #10768, #932, .T. ) ;
#6277 = CARTESIAN_POINT ( 'NONE',  ( 6.500000000000000888, 14.49999999999890754, 8.244999999990564987 ) ) ;
#6278 = DIRECTION ( 'NONE',  ( 0.0000000000000000000, 0.0000000000000000000, -1.000000000000000000 ) ) ;
#6279 = ORIENTED_EDGE ( 'NONE', *, *, #5050, .F. ) ;
#6280 = CARTESIAN_POINT ( 'NONE',  ( 11.20000000000000107, 6.786433162761723814, 9.027564823415378470 ) ) ;
#6281 = CARTESIAN_POINT ( 'NONE',  ( 4.346153846153820055, 15.30000000000001315, -2.930651128465044053 ) ) ;
#6282 = ORIENTED_EDGE ( 'NONE', *, *, #7412, .F. ) ;
#6283 = DIRECTION ( 'NONE',  ( -1.000000000000000000, -0.0000000000000000000, -0.0000000000000000000 ) ) ;
#6284 = ORIENTED_EDGE ( 'NONE', *, *, #10000, .F. ) ;
#6285 = EDGE_LOOP ( 'NONE', ( #3993, #4984, #670, #2927 ) ) ;
#6286 = ADVANCED_FACE ( 'NONE', ( #8812 ), #6861, .F. ) ;
#6287 = CARTESIAN_POINT ( 'NONE',  ( 8.499586319074962759, 9.000000000000001776, -6.329591383272660465 ) ) ;
#6288 = FACE_OUTER_BOUND ( 'NONE', #6270, .T. ) ;
#6289 = CARTESIAN_POINT ( 'NONE',  ( 11.20000000000000284, 5.500000000000000000, 0.0000000000000000000 ) ) ;
#6290 = CARTESIAN_POINT ( 'NONE',  ( 9.650000000000005684, 15.19999999999999929, -3.409999999999999698 ) ) ;
#6291 = CARTESIAN_POINT ( 'NONE',  ( 9.599999999999999645, 5.199999999999999289, 2.493767091948869030 ) ) ;
#6292 = CARTESIAN_POINT ( 'NONE',  ( 10.19999999999999929, 5.199999999999999289, 1.316269300834878919 ) ) ;
#6293 = CARTESIAN_POINT ( 'NONE',  ( 4.905714285714238621, 15.49999999999999822, 7.986205027886001062 ) ) ;
#6294 = CARTESIAN_POINT ( 'NONE',  ( 6.667669354536266191, 14.50000000000000000, -3.185732823660857527 ) ) ;
#6295 = EDGE_CURVE ( 'NONE', #1924, #3361, #3927, .T. ) ;
#6296 = EDGE_CURVE ( 'NONE', #5217, #9458, #6026, .T. ) ;
#6297 = DIRECTION ( 'NONE',  ( -0.0000000000000000000, 1.000000000000000000, 0.0000000000000000000 ) ) ;
#6298 = DIRECTION ( 'NONE',  ( -0.0000000000000000000, -0.0000000000000000000, 1.000000000000000000 ) ) ;
#6299 = VERTEX_POINT ( 'NONE', #820 ) ;
#6300 = PLANE ( 'NONE',  #10718 ) ;
#6301 = CARTESIAN_POINT ( 'NONE',  ( 8.299999999999995381, 15.30259718358289867, -5.162563672940486015 ) ) ;
#6302 = CARTESIAN_POINT ( 'NONE',  ( 8.404397331752658573, 15.47844538072196308, 8.772580537057889316 ) ) ;
#6303 = B_SPLINE_CURVE_WITH_KNOTS ( 'NONE', 3,
 ( #768, #3341, #10193, #7675 ),
 .UNSPECIFIED., .F., .F.,
 ( 4, 4 ),
 ( 0.0000000000000000000, 1.000000000000000000 ),
 .UNSPECIFIED. ) ;
#6304 = ORIENTED_EDGE ( 'NONE', *, *, #10996, .T. ) ;
#6305 = DIRECTION ( 'NONE',  ( 1.000000000000000000, -0.0000000000000000000, 0.0000000000000000000 ) ) ;
#6306 = CARTESIAN_POINT ( 'NONE',  ( 4.500031197697132335, 15.50000000000000000, -2.790005518428885889 ) ) ;
#6307 = ORIENTED_EDGE ( 'NONE', *, *, #7582, .F. ) ;
#6308 = CARTESIAN_POINT ( 'NONE',  ( 10.19999999999999929, 4.540232308810720596, -4.771620540801446708 ) ) ;
#6309 = ORIENTED_EDGE ( 'NONE', *, *, #6749, .T. ) ;
#6310 = LINE ( 'NONE', #2769, #1022 ) ;
#6311 = PRESENTATION_LAYER_ASSIGNMENT (  '', '', ( #952 ) ) ;
#6312 = LINE ( 'NONE', #1996, #6504 ) ;
#6313 = LINE ( 'NONE', #8108, #8401 ) ;
#6314 = ORIENTED_EDGE ( 'NONE', *, *, #860, .F. ) ;
#6315 = CARTESIAN_POINT ( 'NONE',  ( 8.501103551519477719, 15.41930204271695892, -1.267185455229517865 ) ) ;
#6316 = ORIENTED_EDGE ( 'NONE', *, *, #5557, .T. ) ;
#6317 = DIRECTION ( 'NONE',  ( 1.000000000000000000, 1.445602896647339903E-15, 0.0000000000000000000 ) ) ;
#6318 =( LENGTH_UNIT ( ) NAMED_UNIT ( * ) SI_UNIT ( .MILLI., .METRE. ) );
#6319 = ADVANCED_FACE ( 'NONE', ( #3656 ), #4230, .F. ) ;
#6320 = CARTESIAN_POINT ( 'NONE',  ( 9.450000000000001066, 13.19999999999999929, -4.209999999999999964 ) ) ;
#6321 = MECHANICAL_DESIGN_GEOMETRIC_PRESENTATION_REPRESENTATION (  '', ( #6137 ), #10622 ) ;
#6322 = VERTEX_POINT ( 'NONE', #7980 ) ;
#6323 = B_SPLINE_CURVE_WITH_KNOTS ( 'NONE', 3,
 ( #285, #4490, #5281, #8694 ),
 .UNSPECIFIED., .F., .F.,
 ( 4, 4 ),
 ( 0.0000000000000000000, 1.000000000000000000 ),
 .UNSPECIFIED. ) ;
#6324 = DIRECTION ( 'NONE',  ( 0.0000000000000000000, -0.9999156794129788750, 0.01298591791445429834 ) ) ;
#6325 = VERTEX_POINT ( 'NONE', #5196 ) ;
#6326 = CARTESIAN_POINT ( 'NONE',  ( 9.349999999999997868, 6.757765876465089860, 1.805000000000001936 ) ) ;
#6327 = CARTESIAN_POINT ( 'NONE',  ( 8.500000000000000000, 8.999999999999998224, -8.854398718876065999 ) ) ;
#6328 = CARTESIAN_POINT ( 'NONE',  ( 9.650000000000002132, 13.20000000000010054, 0.2523598775598296373 ) ) ;
#6329 = PLANE ( 'NONE',  #5778 ) ;
#6330 = VECTOR ( 'NONE', #8580, 1000.000000000000000 ) ;
#6331 = LINE ( 'NONE', #1294, #9570 ) ;
#6332 = ORIENTED_EDGE ( 'NONE', *, *, #5668, .F. ) ;
#6333 = CARTESIAN_POINT ( 'NONE',  ( 4.905714285714237732, 15.50000000000000000, 0.3662050278860012886 ) ) ;
#6334 = ORIENTED_EDGE ( 'NONE', *, *, #2889, .F. ) ;
#6335 = PLANE ( 'NONE',  #2082 ) ;
#6336 = ORIENTED_EDGE ( 'NONE', *, *, #9977, .F. ) ;
#6337 = EDGE_CURVE ( 'NONE', #7089, #4801, #2806, .T. ) ;
#6338 = EDGE_CURVE ( 'NONE', #6821, #6168, #3393, .T. ) ;
#6339 = VERTEX_POINT ( 'NONE', #9666 ) ;
#6340 = CARTESIAN_POINT ( 'NONE',  ( 6.826241661717851628, 14.49999999999818101, -7.062358185259593135 ) ) ;
#6341 = AXIS2_PLACEMENT_3D ( 'NONE', #2667, #5974, #892 ) ;
#6342 = FILL_AREA_STYLE_COLOUR ( '', #4819 ) ;
#6343 = LINE ( 'NONE', #76, #1548 ) ;
#6344 = CYLINDRICAL_SURFACE ( 'NONE', #7222, 0.2000000000000001499 ) ;
#6345 = EDGE_CURVE ( 'NONE', #2675, #4950, #1979, .T. ) ;
#6346 = LINE ( 'NONE', #4829, #2409 ) ;
#6347 = CARTESIAN_POINT ( 'NONE',  ( 11.18915056078616566, 6.546089588455799912, -5.929551158830379975 ) ) ;
#6348 = CARTESIAN_POINT ( 'NONE',  ( 4.299999999999953637, 15.41715728752541992, 8.659230484541353690 ) ) ;
#6349 = CARTESIAN_POINT ( 'NONE',  ( 4.381965328900974121, 15.37173446289486733, -6.268334213803830934 ) ) ;
#6350 = CARTESIAN_POINT ( 'NONE',  ( 5.999239064358385498, 14.49999999999999822, 7.237010491026700798 ) ) ;
#6351 = VERTEX_POINT ( 'NONE', #465 ) ;
#6352 = CARTESIAN_POINT ( 'NONE',  ( -8.599999999999999645, 6.757765876465089860, 1.805000000000000160 ) ) ;
#6353 = VECTOR ( 'NONE', #10026, 1000.000000000000114 ) ;
#6354 = AXIS2_PLACEMENT_3D ( 'NONE', #7426, #7597, #2428 ) ;
#6355 = SURFACE_SIDE_STYLE ('',( #578 ) ) ;
#6356 = ORIENTED_EDGE ( 'NONE', *, *, #1779, .F. ) ;
#6357 = ADVANCED_FACE ( 'NONE', ( #621 ), #2244, .T. ) ;
#6358 = APPLICATION_PROTOCOL_DEFINITION ( 'draft international standard', 'automotive_design', 1998, #5898 ) ;
#6359 = EDGE_CURVE ( 'NONE', #8174, #6016, #2978, .T. ) ;
#6360 = EDGE_LOOP ( 'NONE', ( #10188, #7773, #8750, #38 ) ) ;
#6361 = CARTESIAN_POINT ( 'NONE',  ( 4.346153846153806732, 15.30000000000000071, -8.499348871534966321 ) ) ;
#6362 = AXIS2_PLACEMENT_3D ( 'NONE', #5923, #3977, #7448 ) ;
#6363 = DIRECTION ( 'NONE',  ( 2.556434596176350141E-15, 1.000000000000000000, 0.0000000000000000000 ) ) ;
#6364 = ORIENTED_EDGE ( 'NONE', *, *, #945, .F. ) ;
#6365 = DIRECTION ( 'NONE',  ( 0.0000000000000000000, 0.9999156794129788750, 0.01298591791445429834 ) ) ;
#6366 = EDGE_LOOP ( 'NONE', ( #9492, #4258, #158, #4731 ) ) ;
#6367 = CARTESIAN_POINT ( 'NONE',  ( 10.19999999999999929, 6.459761569003256376, -0.9618256469314965251 ) ) ;
#6368 = VECTOR ( 'NONE', #7269, 1000.000000000000000 ) ;
#6369 = DIRECTION ( 'NONE',  ( 1.000000000000000000, 0.0000000000000000000, 0.0000000000000000000 ) ) ;
#6370 = LINE ( 'NONE', #5523, #4109 ) ;
#6371 = ORIENTED_EDGE ( 'NONE', *, *, #3936, .F. ) ;
#6372 = DIRECTION ( 'NONE',  ( -1.000000000000000000, 0.0000000000000000000, 0.0000000000000000000 ) ) ;
#6373 = ORIENTED_EDGE ( 'NONE', *, *, #8242, .F. ) ;
#6374 = CARTESIAN_POINT ( 'NONE',  ( 10.20000000000000107, 5.799999999999998934, 5.126269301653440635 ) ) ;
#6375 = VERTEX_POINT ( 'NONE', #522 ) ;
#6376 = PLANE ( 'NONE',  #2973 ) ;
#6377 = DIRECTION ( 'NONE',  ( -0.0000000000000000000, 0.9999156794129788750, -0.01298591791445429834 ) ) ;
#6378 = LINE ( 'NONE', #5641, #2662 ) ;
#6379 = CARTESIAN_POINT ( 'NONE',  ( 4.382847915768457447, 15.49994977653715544, 1.148098700075004697 ) ) ;
#6380 = ORIENTED_EDGE ( 'NONE', *, *, #5378, .T. ) ;
#6381 = CARTESIAN_POINT ( 'NONE',  ( 6.375000000000000000, 7.799999999999999822, 9.919999999999999929 ) ) ;
#6382 = CARTESIAN_POINT ( 'NONE',  ( 0.7749999999999999112, -4.440892098500626162E-16, -2.310000000000000497 ) ) ;
#6383 = DIRECTION ( 'NONE',  ( -1.000000000000000000, 0.0000000000000000000, -1.531342102931250010E-16 ) ) ;
#6384 = CARTESIAN_POINT ( 'NONE',  ( 10.19999999999999929, 5.799999999999999822, -2.493755341891169319 ) ) ;
#6385 = ADVANCED_FACE ( 'NONE', ( #2909 ), #5611, .T. ) ;
#6386 = ORIENTED_EDGE ( 'NONE', *, *, #423, .T. ) ;
#6387 = CARTESIAN_POINT ( 'NONE',  ( 4.299999999999982947, 9.000000000000000000, -1.039230484541205257 ) ) ;
#6388 = ORIENTED_EDGE ( 'NONE', *, *, #3392, .T. ) ;
#6389 = DIRECTION ( 'NONE',  ( 0.0000000000000000000, 0.0000000000000000000, 1.000000000000000000 ) ) ;
#6390 =( NAMED_UNIT ( * ) SI_UNIT ( $, .STERADIAN. ) SOLID_ANGLE_UNIT ( ) );
#6391 = EDGE_LOOP ( 'NONE', ( #5587, #5731, #8535, #5124 ) ) ;
#6392 = ORIENTED_EDGE ( 'NONE', *, *, #7561, .T. ) ;
#6393 = VECTOR ( 'NONE', #810, 1000.000000000000114 ) ;
#6394 = DIRECTION ( 'NONE',  ( 0.0000000000000000000, -1.000000000000000000, 0.0000000000000000000 ) ) ;
#6395 = CARTESIAN_POINT ( 'NONE',  ( 11.19999999999999751, 6.731164430319653391, 2.353441290192486601 ) ) ;
#6396 = DIRECTION ( 'NONE',  ( 0.0000000000000000000, 1.000000000000000000, -0.0000000000000000000 ) ) ;
#6397 = CARTESIAN_POINT ( 'NONE',  ( 4.299999999999998934, 15.35236108383767473, -1.152333435582858945 ) ) ;
#6398 = EDGE_CURVE ( 'NONE', #10885, #2434, #10668, .T. ) ;
#6399 = ADVANCED_FACE ( 'NONE', ( #4668 ), #7241, .F. ) ;
#6400 = CARTESIAN_POINT ( 'NONE',  ( 8.766061818946786488, 15.20000000000020002, 7.370000000000000995 ) ) ;
#6401 = LINE ( 'NONE', #3882, #8319 ) ;
#6402 = VECTOR ( 'NONE', #7136, 1000.000000000000000 ) ;
#6403 = CARTESIAN_POINT ( 'NONE',  ( 9.600000000000001421, 5.799999999999998046, -2.493763179701057542 ) ) ;
#6404 = CARTESIAN_POINT ( 'NONE',  ( 4.499999999999998224, 15.30259718358289867, -8.972563672940484736 ) ) ;
#6405 = FILL_AREA_STYLE_COLOUR ( '', #9191 ) ;
#6406 = DIRECTION ( 'NONE',  ( 1.000000000000000000, 0.0000000000000000000, 0.0000000000000000000 ) ) ;
#6407 = ORIENTED_EDGE ( 'NONE', *, *, #3459, .F. ) ;
#6408 = DIRECTION ( 'NONE',  ( 0.0000000000000000000, 0.01298591791445429834, -0.9999156794129788750 ) ) ;
#6409 = VECTOR ( 'NONE', #6903, 1000.000000000000000 ) ;
#6410 = CARTESIAN_POINT ( 'NONE',  ( 4.382842712474574576, 15.49999999999997691, -1.039230484541294519 ) ) ;
#6411 = EDGE_CURVE ( 'NONE', #2393, #7782, #283, .T. ) ;
#6412 = SURFACE_STYLE_USAGE ( .BOTH. , #10676 ) ;
#6413 = ORIENTED_EDGE ( 'NONE', *, *, #5029, .F. ) ;
#6414 = CARTESIAN_POINT ( 'NONE',  ( 11.16915886945140102, 6.591411660520494209, -1.716189068572093746 ) ) ;
#6415 = MECHANICAL_DESIGN_GEOMETRIC_PRESENTATION_REPRESENTATION (  '', ( #1042 ), #7135 ) ;
#6416 = PLANE ( 'NONE',  #3480 ) ;
#6417 = VERTEX_POINT ( 'NONE', #6404 ) ;
#6418 = DIRECTION ( 'NONE',  ( 2.556434596176350141E-15, 1.000000000000000000, 0.0000000000000000000 ) ) ;
#6419 = EDGE_CURVE ( 'NONE', #368, #7883, #1363, .T. ) ;
#6420 = VERTEX_POINT ( 'NONE', #4721 ) ;
#6421 = EDGE_CURVE ( 'NONE', #7345, #8505, #2598, .T. ) ;
#6422 = CARTESIAN_POINT ( 'NONE',  ( 4.299999999999999822, 15.29999999999999893, 4.962580537057890595 ) ) ;
#6423 = AXIS2_PLACEMENT_3D ( 'NONE', #349, #1974, #8084 ) ;
#6424 = CARTESIAN_POINT ( 'NONE',  ( 10.19999999999999929, 5.200000000000000178, 7.620000000000000107 ) ) ;
#6425 = DIRECTION ( 'NONE',  ( -1.000000000000000000, -1.445602896647339903E-15, -0.0000000000000000000 ) ) ;
#6426 = ORIENTED_EDGE ( 'NONE', *, *, #109, .F. ) ;
#6427 = CARTESIAN_POINT ( 'NONE',  ( 8.300000000000000711, 15.42062190192916304, -1.351030884390530318 ) ) ;
#6428 = EDGE_LOOP ( 'NONE', ( #3086, #4945, #1377, #5033 ) ) ;
#6429 = CARTESIAN_POINT ( 'NONE',  ( 4.500000000000000000, 9.034856442049489900, 6.386053962189509825 ) ) ;
#6430 = CARTESIAN_POINT ( 'NONE',  ( 6.500000000000000888, 14.59999999999999964, 8.669999999979447480 ) ) ;
#6431 = EDGE_LOOP ( 'NONE', ( #1475, #6468, #4570, #6965 ) ) ;
#6432 = VECTOR ( 'NONE', #3110, 1000.000000000000000 ) ;
#6433 = CARTESIAN_POINT ( 'NONE',  ( 9.449999999999999289, 13.19999999999999929, -7.419999999999999929 ) ) ;
#6434 = ORIENTED_EDGE ( 'NONE', *, *, #6956, .T. ) ;
#6435 = CARTESIAN_POINT ( 'NONE',  ( 4.499999999999999112, 15.30259718358289689, 5.162563672940486015 ) ) ;
#6436 = ADVANCED_FACE ( 'NONE', ( #9136 ), #4667, .T. ) ;
#6437 = ADVANCED_FACE ( 'NONE', ( #3939 ), #9885, .T. ) ;
#6438 = DIRECTION ( 'NONE',  ( 0.0000000000000000000, 0.9999156794129788750, 0.01298591791445423242 ) ) ;
#6439 = CARTESIAN_POINT ( 'NONE',  ( 0.7749999999999999112, -4.440892098500626162E-16, -2.310000000000000497 ) ) ;
#6440 = DIRECTION ( 'NONE',  ( 0.0000000000000000000, -0.9999156794129788750, -0.01298591791445416303 ) ) ;
#6441 = LINE ( 'NONE', #4702, #7231 ) ;
#6442 = CONICAL_SURFACE ( 'NONE', #10393, 1.050000000046220627, 1.339705659593408482 ) ;
#6443 = VERTEX_POINT ( 'NONE', #1255 ) ;
#6444 = DIRECTION ( 'NONE',  ( 1.000000000000000000, 0.0000000000000000000, 0.0000000000000000000 ) ) ;
#6445 = CARTESIAN_POINT ( 'NONE',  ( 4.299999999999968736, 15.30000000000000604, -2.827729263255444714 ) ) ;
#6446 = DIRECTION ( 'NONE',  ( 1.000000000000000000, -0.0000000000000000000, -0.0000000000000000000 ) ) ;
#6447 = ORIENTED_EDGE ( 'NONE', *, *, #2221, .F. ) ;
#6448 = DIRECTION ( 'NONE',  ( -0.4961389383568320377, 0.8682431421244601877, 0.0000000000000000000 ) ) ;
#6449 = DIRECTION ( 'NONE',  ( 0.0000000000000000000, -0.01298591791445112553, 0.9999156794129789860 ) ) ;
#6450 = DIRECTION ( 'NONE',  ( -1.000000000000000000, -0.0000000000000000000, -0.0000000000000000000 ) ) ;
#6451 = CARTESIAN_POINT ( 'NONE',  ( 4.299999999999999822, 15.30000000000000249, -1.152580537057887655 ) ) ;
#6452 = CARTESIAN_POINT ( 'NONE',  ( 9.199999999999999289, 7.799999999999999822, 9.220000000000000639 ) ) ;
#6453 = DIRECTION ( 'NONE',  ( 0.0000000000000000000, 0.0000000000000000000, -1.000000000000000000 ) ) ;
#6454 = DIRECTION ( 'NONE',  ( 1.000000000000000000, 0.0000000000000000000, -0.0000000000000000000 ) ) ;
#6455 = CARTESIAN_POINT ( 'NONE',  ( 4.447640122440169819, 9.000432863930482696, -2.375590037193897608 ) ) ;
#6456 = EDGE_CURVE ( 'NONE', #3898, #323, #8460, .T. ) ;
#6457 = CARTESIAN_POINT ( 'NONE',  ( 4.075000000000000178, 2.099999999999999645, 80.53799999999999670 ) ) ;
#6458 = VERTEX_POINT ( 'NONE', #406 ) ;
#6459 = FACE_OUTER_BOUND ( 'NONE', #5776, .T. ) ;
#6460 = DIRECTION ( 'NONE',  ( 1.000000000000000000, 1.445602896647339903E-15, 0.0000000000000000000 ) ) ;
#6461 = FACE_OUTER_BOUND ( 'NONE', #5565, .T. ) ;
#6462 = CARTESIAN_POINT ( 'NONE',  ( 8.299999999999998934, 15.30259718358289689, 5.162563672940486903 ) ) ;
#6463 = CARTESIAN_POINT ( 'NONE',  ( 8.706350832689631503, 13.20000000000007567, 0.2499999999999993616 ) ) ;
#6464 = VERTEX_POINT ( 'NONE', #10272 ) ;
#6465 = ADVANCED_FACE ( 'NONE', ( #2573 ), #1741, .T. ) ;
#6466 = EDGE_CURVE ( 'NONE', #4510, #9359, #11115, .T. ) ;
#6467 = DIRECTION ( 'NONE',  ( 1.000000000000000000, -0.0000000000000000000, 0.0000000000000000000 ) ) ;
#6468 = ORIENTED_EDGE ( 'NONE', *, *, #1437, .T. ) ;
#6469 = CARTESIAN_POINT ( 'NONE',  ( 8.299999999999997158, 15.30259718358289689, -6.267436327059514589 ) ) ;
#6470 = DIRECTION ( 'NONE',  ( -0.0000000000000000000, -0.0000000000000000000, 1.000000000000000000 ) ) ;
#6471 = PLANE ( 'NONE',  #5348 ) ;
#6472 = VERTEX_POINT ( 'NONE', #10100 ) ;
#6473 = CARTESIAN_POINT ( 'NONE',  ( 10.90000000000000036, 6.757765876465089860, 5.814999999999999503 ) ) ;
#6474 = EDGE_CURVE ( 'NONE', #246, #8619, #7697, .T. ) ;
#6475 = ORIENTED_EDGE ( 'NONE', *, *, #3081, .F. ) ;
#6476 = FACE_BOUND ( 'NONE', #3043, .T. ) ;
#6477 = LINE ( 'NONE', #8839, #2432 ) ;
#6478 = CYLINDRICAL_SURFACE ( 'NONE', #4742, 0.2000000000000005107 ) ;
#6479 = ORIENTED_EDGE ( 'NONE', *, *, #5516, .F. ) ;
#6480 = CARTESIAN_POINT ( 'NONE',  ( 9.502359877559834800, 15.20000000000010054, -3.409999999999999698 ) ) ;
#6481 = AXIS2_PLACEMENT_3D ( 'NONE', #7219, #1339, #8073 ) ;
#6482 = EDGE_LOOP ( 'NONE', ( #8628, #8691 ) ) ;
#6483 = CARTESIAN_POINT ( 'NONE',  ( 1.475000000000001643, 2.100000000000000089, 0.9000000000000093481 ) ) ;
#6484 = PLANE ( 'NONE',  #9537 ) ;
#6485 = CARTESIAN_POINT ( 'NONE',  ( 10.19999999999999929, 6.650919539637638600, -4.531920433081414679 ) ) ;
#6486 = CARTESIAN_POINT ( 'NONE',  ( 5.274999999999996803, 3.050127152355400164E-16, -9.119999999999953033 ) ) ;
#6487 = ORIENTED_EDGE ( 'NONE', *, *, #1413, .T. ) ;
#6488 = CARTESIAN_POINT ( 'NONE',  ( 9.630065488425708864, 13.20000000000010054, -7.922451963829998611 ) ) ;
#6489 = ADVANCED_FACE ( 'NONE', ( #10884 ), #2405, .F. ) ;
#6490 = DIRECTION ( 'NONE',  ( 0.0000000000000000000, 0.01298591791445111512, 0.9999156794129788750 ) ) ;
#6491 = ORIENTED_EDGE ( 'NONE', *, *, #4451, .F. ) ;
#6492 = EDGE_CURVE ( 'NONE', #3606, #8919, #11049, .T. ) ;
#6493 = CARTESIAN_POINT ( 'NONE',  ( 6.500000000000000888, 14.49999999999890754, -3.184999999989255315 ) ) ;
#6494 = ORIENTED_EDGE ( 'NONE', *, *, #1340, .T. ) ;
#6495 = CARTESIAN_POINT ( 'NONE',  ( 9.650000000000000355, 13.19999999999999929, -8.019999999999999574 ) ) ;
#6496 = LINE ( 'NONE', #9129, #11088 ) ;
#6497 = CIRCLE ( 'NONE', #4888, 0.2999999999999990452 ) ;
#6498 = DIRECTION ( 'NONE',  ( 2.556434596176350141E-15, 1.000000000000000000, 0.0000000000000000000 ) ) ;
#6499 = CARTESIAN_POINT ( 'NONE',  ( 8.300000000000000711, 15.30259718358289689, -2.457436327059514536 ) ) ;
#6500 = CARTESIAN_POINT ( 'NONE',  ( 11.12903984464571927, 6.651555434169503123, 1.748652224964646784 ) ) ;
#6501 = ADVANCED_FACE ( 'NONE', ( #5819 ), #2347, .F. ) ;
#6502 = DIRECTION ( 'NONE',  ( 0.0000000000000000000, -1.000000000000000000, 0.0000000000000000000 ) ) ;
#6503 = B_SPLINE_CURVE_WITH_KNOTS ( 'NONE', 3,
 ( #4789, #3953, #6515, #10947, #5674, #9095 ),
 .UNSPECIFIED., .F., .F.,
 ( 4, 2, 4 ),
 ( 0.0000000000000000000, 0.5000000000000000000, 1.000000000000000000 ),
 .UNSPECIFIED. ) ;
#6504 = VECTOR ( 'NONE', #4684, 1000.000000000000000 ) ;
#6505 = CARTESIAN_POINT ( 'NONE',  ( 6.500000000000000888, 14.59999999999999964, -4.860000000030608724 ) ) ;
#6506 = LINE ( 'NONE', #10939, #3351 ) ;
#6507 = VERTEX_POINT ( 'NONE', #684 ) ;
#6508 = DIRECTION ( 'NONE',  ( 0.0000000000000000000, 0.01298591791445113074, 0.9999156794129788750 ) ) ;
#6509 = DIRECTION ( 'NONE',  ( 0.0000000000000000000, 0.0000000000000000000, 1.000000000000000000 ) ) ;
#6510 = ORIENTED_EDGE ( 'NONE', *, *, #2682, .T. ) ;
#6511 = VECTOR ( 'NONE', #9317, 1000.000000000000000 ) ;
#6512 = DIRECTION ( 'NONE',  ( 0.0000000000000000000, 0.0000000000000000000, 1.000000000000000000 ) ) ;
#6513 = EDGE_CURVE ( 'NONE', #9262, #145, #5170, .T. ) ;
#6514 = ORIENTED_EDGE ( 'NONE', *, *, #9644, .F. ) ;
#6515 = CARTESIAN_POINT ( 'NONE',  ( 4.321554619278038523, 9.000489967319666107, 8.958798491003406639 ) ) ;
#6516 = ORIENTED_EDGE ( 'NONE', *, *, #4991, .T. ) ;
#6517 = B_SPLINE_CURVE_WITH_KNOTS ( 'NONE', 3,
 ( #9108, #755, #4901, #706, #7542, #5905 ),
 .UNSPECIFIED., .F., .F.,
 ( 4, 2, 4 ),
 ( 0.0000000000000000000, 0.5000000000000000000, 1.000000000000000000 ),
 .UNSPECIFIED. ) ;
#6518 = CARTESIAN_POINT ( 'NONE',  ( 4.346153846153843148, 15.41715728752536485, 2.930651128465079136 ) ) ;
#6519 = EDGE_LOOP ( 'NONE', ( #659, #9145, #606, #8189 ) ) ;
#6520 = VECTOR ( 'NONE', #741, 999.9999999999998863 ) ;
#6521 = VECTOR ( 'NONE', #4828, 1000.000000000000000 ) ;
#6522 = CARTESIAN_POINT ( 'NONE',  ( 10.90000000000000036, 6.757765876465089860, 5.814999999999999503 ) ) ;
#6523 = ORIENTED_EDGE ( 'NONE', *, *, #9188, .F. ) ;
#6524 = EDGE_LOOP ( 'NONE', ( #4892, #8593, #778 ) ) ;
#6525 = CYLINDRICAL_SURFACE ( 'NONE', #119, 0.1999999999999996503 ) ;
#6526 = B_SPLINE_CURVE_WITH_KNOTS ( 'NONE', 3,
 ( #2702, #5072, #4458, #8484, #5959, #4288, #5243, #8655, #4401, #3555, #9383, #3610, #3388, #8548, #7657, #3440, #6857, #10293 ),
 .UNSPECIFIED., .F., .F.,
 ( 4, 2, 2, 2, 2, 2, 2, 2, 4 ),
 ( 0.0000000000000000000, 0.1250000000000000000, 0.2500000000000000000, 0.3750000000000000000, 0.5000000000000000000, 0.6250000000000000000, 0.7500000000000000000, 0.8750000000000000000, 1.000000000000000000 ),
 .UNSPECIFIED. ) ;
#6527 = CARTESIAN_POINT ( 'NONE',  ( 10.20000000000000462, 6.095431823076659761, -8.868909496384166147 ) ) ;
#6528 = CARTESIAN_POINT ( 'NONE',  ( 11.12419918887898973, 6.657135801018950083, -2.058314929433211926 ) ) ;
#6529 = AXIS2_PLACEMENT_3D ( 'NONE', #2504, #8393, #669 ) ;
#6530 = EDGE_CURVE ( 'NONE', #3180, #10591, #734, .T. ) ;
#6531 = EDGE_LOOP ( 'NONE', ( #9213, #1866, #6837, #9850 ) ) ;
#6532 = AXIS2_PLACEMENT_3D ( 'NONE', #1892, #5317, #7741 ) ;
#6533 = EDGE_CURVE ( 'NONE', #3704, #9984, #4261, .T. ) ;
#6534 = DIRECTION ( 'NONE',  ( 0.8461538461538553602, 0.0000000000000000000, 0.5329387100211783190 ) ) ;
#6535 = ORIENTED_EDGE ( 'NONE', *, *, #1229, .T. ) ;
#6536 = FACE_OUTER_BOUND ( 'NONE', #3978, .T. ) ;
#6537 = CARTESIAN_POINT ( 'NONE',  ( 9.350000000000001421, 6.757765876465089860, 2.004999999999999893 ) ) ;
#6538 = CARTESIAN_POINT ( 'NONE',  ( 4.346153846153809397, 15.30000000000000249, 4.689348871534965824 ) ) ;
#6539 = ORIENTED_EDGE ( 'NONE', *, *, #9999, .F. ) ;
#6540 = CARTESIAN_POINT ( 'NONE',  ( 9.449999999999999289, 15.20000000000004903, -3.409999999999999698 ) ) ;
#6541 = AXIS2_PLACEMENT_3D ( 'NONE', #9944, #10775, #3080 ) ;
#6542 =( GEOMETRIC_REPRESENTATION_CONTEXT ( 3 ) GLOBAL_UNCERTAINTY_ASSIGNED_CONTEXT ( ( #1165 ) ) GLOBAL_UNIT_ASSIGNED_CONTEXT ( ( #7531, #3316, #8418 ) ) REPRESENTATION_CONTEXT ( 'NONE', 'WORKASPACE' ) );
#6543 = EDGE_CURVE ( 'NONE', #7341, #11067, #2835, .T. ) ;
#6544 = CARTESIAN_POINT ( 'NONE',  ( 5.855841053720030054, 15.50000000000000000, -2.969364581006299630 ) ) ;
#6545 = LINE ( 'NONE', #16, #9354 ) ;
#6546 = PLANE ( 'NONE',  #4068 ) ;
#6547 = FACE_OUTER_BOUND ( 'NONE', #8666, .T. ) ;
#6548 = EDGE_LOOP ( 'NONE', ( #10442, #6332, #3229, #3708 ) ) ;
#6549 = CARTESIAN_POINT ( 'NONE',  ( 10.89999999999999858, 6.757765876465089860, 5.615000000000000213 ) ) ;
#6550 = ORIENTED_EDGE ( 'NONE', *, *, #6533, .T. ) ;
#6551 = CARTESIAN_POINT ( 'NONE',  ( 4.298896448480526544, 15.30150824295816570, -8.888715244836777885 ) ) ;
#6552 = EDGE_LOOP ( 'NONE', ( #584, #10636, #8029, #2937 ) ) ;
#6553 = VECTOR ( 'NONE', #7572, 1000.000000000000000 ) ;
#6554 = FILL_AREA_STYLE_COLOUR ( '', #2791 ) ;
#6555 = EDGE_LOOP ( 'NONE', ( #10006, #550, #6600, #1797 ) ) ;
#6556 = CARTESIAN_POINT ( 'NONE',  ( 4.075000000000000178, 2.099999999999999645, 80.53799999999999670 ) ) ;
#6557 = ADVANCED_FACE ( 'NONE', ( #6722 ), #8584, .F. ) ;
#6558 = DIRECTION ( 'NONE',  ( -1.000000000000000000, 0.0000000000000000000, -0.0000000000000000000 ) ) ;
#6559 = EDGE_CURVE ( 'NONE', #9404, #917, #10217, .T. ) ;
#6560 = AXIS2_PLACEMENT_3D ( 'NONE', #8891, #6199, #9629 ) ;
#6561 = CARTESIAN_POINT ( 'NONE',  ( 9.650000000000005684, 15.20000000000007567, -0.1999999999999957645 ) ) ;
#6562 = CARTESIAN_POINT ( 'NONE',  ( 8.299999999999998934, 15.53376032063300016, 6.470455311262020004 ) ) ;
#6563 = CARTESIAN_POINT ( 'NONE',  ( 6.175729393384009391, 14.50000000000000178, -3.250529408646912977 ) ) ;
#6564 = CARTESIAN_POINT ( 'NONE',  ( 11.06170179029220435, 6.724212694780886679, 1.787733242289373914 ) ) ;
#6565 = CARTESIAN_POINT ( 'NONE',  ( 5.875000000000000000, 2.763166679591620907E-16, 9.919999999999999929 ) ) ;
#6566 = ORIENTED_EDGE ( 'NONE', *, *, #10863, .T. ) ;
#6567 = CARTESIAN_POINT ( 'NONE',  ( 10.19999999999999929, 5.500000000000000000, -7.620000000000000107 ) ) ;
#6568 = ORIENTED_EDGE ( 'NONE', *, *, #458, .T. ) ;
#6569 = CARTESIAN_POINT ( 'NONE',  ( 4.447640122440170707, 9.000432863930484473, 6.185590037193899882 ) ) ;
#6570 = EDGE_CURVE ( 'NONE', #1454, #10980, #5524, .T. ) ;
#6571 = CARTESIAN_POINT ( 'NONE',  ( 4.505265930546575426, 15.50000000000000178, -1.002002183430568349 ) ) ;
#6572 = AXIS2_PLACEMENT_3D ( 'NONE', #9318, #5238, #5951 ) ;
#6573 = ORIENTED_EDGE ( 'NONE', *, *, #4491, .T. ) ;
#6574 = LINE ( 'NONE', #10007, #9211 ) ;
#6575 = CARTESIAN_POINT ( 'NONE',  ( 4.299999999999999822, 9.000000000000000000, 1.234398718876072554 ) ) ;
#6576 = VERTEX_POINT ( 'NONE', #7632 ) ;
#6577 = VECTOR ( 'NONE', #8398, 1000.000000000000000 ) ;
#6578 = FACE_OUTER_BOUND ( 'NONE', #5130, .T. ) ;
#6579 = ORIENTED_EDGE ( 'NONE', *, *, #9827, .F. ) ;
#6580 = EDGE_LOOP ( 'NONE', ( #1120, #8129, #559, #7834 ) ) ;
#6581 = CARTESIAN_POINT ( 'NONE',  ( 9.599999999999999645, 5.500000000000000000, -1.349991669323390209 ) ) ;
#6582 = ADVANCED_FACE ( 'NONE', ( #6780 ), #2517, .T. ) ;
#6583 = CARTESIAN_POINT ( 'NONE',  ( 8.499991117421792808, 15.41711772838280226, -6.470825559039871777 ) ) ;
#6584 = LINE ( 'NONE', #1435, #798 ) ;
#6585 = LINE ( 'NONE', #9266, #2145 ) ;
#6586 = AXIS2_PLACEMENT_3D ( 'NONE', #8681, #329, #2729 ) ;
#6587 = CARTESIAN_POINT ( 'NONE',  ( 8.499999999999998224, 9.000247077141517948, -5.096759803029775604 ) ) ;
#6588 = DIRECTION ( 'NONE',  ( 0.0000000000000000000, 0.9999156794129788750, 0.01298591791445429834 ) ) ;
#6589 = FACE_OUTER_BOUND ( 'NONE', #7224, .T. ) ;
#6590 = EDGE_LOOP ( 'NONE', ( #1657, #2976, #5571, #8199 ) ) ;
#6591 = CARTESIAN_POINT ( 'NONE',  ( 10.89999999999999858, 6.757765876465089860, -1.805000000000001048 ) ) ;
#6592 = EDGE_CURVE ( 'NONE', #5011, #9853, #8525, .T. ) ;
#6593 = ORIENTED_EDGE ( 'NONE', *, *, #2021, .F. ) ;
#6594 = DIRECTION ( 'NONE',  ( 0.0000000000000000000, 1.000000000000000000, 0.0000000000000000000 ) ) ;
#6595 = CARTESIAN_POINT ( 'NONE',  ( 6.500000000000000888, 14.59999999998728981, 0.0000000000000000000 ) ) ;
#6596 = LINE ( 'NONE', #9284, #8664 ) ;
#6597 = CARTESIAN_POINT ( 'NONE',  ( 9.506008869656211502, 15.20000000000010232, -8.019582415122371799 ) ) ;
#6598 = ORIENTED_EDGE ( 'NONE', *, *, #4686, .T. ) ;
#6599 = SURFACE_SIDE_STYLE ('',( #5921 ) ) ;
#6600 = ORIENTED_EDGE ( 'NONE', *, *, #9134, .F. ) ;
#6601 = CARTESIAN_POINT ( 'NONE',  ( 4.395602668247344802, 9.000585821344344595, -5.222851539416723199 ) ) ;
#6602 = VERTEX_POINT ( 'NONE', #1967 ) ;
#6603 = AXIS2_PLACEMENT_3D ( 'NONE', #2185, #2291, #6449 ) ;
#6604 = LINE ( 'NONE', #10204, #2246 ) ;
#6605 = ORIENTED_EDGE ( 'NONE', *, *, #5003, .T. ) ;
#6606 = EDGE_CURVE ( 'NONE', #8065, #3280, #8803, .T. ) ;
#6607 = DIRECTION ( 'NONE',  ( 0.0000000000000000000, 0.0000000000000000000, -1.000000000000000000 ) ) ;
#6608 = ADVANCED_FACE ( 'NONE', ( #6955 ), #10760, .T. ) ;
#6609 = DIRECTION ( 'NONE',  ( 0.0000000000000000000, -0.9999156794129788750, 0.01298591791445416303 ) ) ;
#6610 = CARTESIAN_POINT ( 'NONE',  ( 9.628445380721966984, 15.20000000000009699, -0.3043973317526576516 ) ) ;
#6611 = CARTESIAN_POINT ( 'NONE',  ( 9.449999999999999289, 15.20000000000004903, 0.4000000000000001887 ) ) ;
#6612 = DIRECTION ( 'NONE',  ( 0.0000000000000000000, 1.000000000000000000, 0.0000000000000000000 ) ) ;
#6613 = CARTESIAN_POINT ( 'NONE',  ( 7.523120527381292000, 15.50000000000000178, 7.893505443317199166 ) ) ;
#6614 = CARTESIAN_POINT ( 'NONE',  ( 4.499999999999998224, 9.000000000000000000, -1.434415584415590139 ) ) ;
#6615 = ADVANCED_FACE ( 'NONE', ( #10553 ), #7868, .T. ) ;
#6616 = PLANE ( 'NONE',  #140 ) ;
#6617 = ORIENTED_EDGE ( 'NONE', *, *, #7857, .T. ) ;
#6618 = LINE ( 'NONE', #576, #8042 ) ;
#6619 = CARTESIAN_POINT ( 'NONE',  ( 10.19999999999999929, 4.652212586688563967, 4.871616845588429001 ) ) ;
#6620 = CARTESIAN_POINT ( 'NONE',  ( 4.346153846153815614, 15.41715728752539150, 4.689348871534962271 ) ) ;
#6621 = ORIENTED_EDGE ( 'NONE', *, *, #2069, .F. ) ;
#6622 = EDGE_CURVE ( 'NONE', #5283, #4661, #44, .T. ) ;
#6623 = EDGE_CURVE ( 'NONE', #9222, #2617, #6323, .T. ) ;
#6624 = DIRECTION ( 'NONE',  ( -0.0000000000000000000, 1.000000000000000000, -0.0000000000000000000 ) ) ;
#6625 = EDGE_LOOP ( 'NONE', ( #10674, #8529, #8203, #4320 ) ) ;
#6626 = CARTESIAN_POINT ( 'NONE',  ( 4.500000000000000000, 15.29999999999999893, -8.772580537057889316 ) ) ;
#6627 = ORIENTED_EDGE ( 'NONE', *, *, #3442, .T. ) ;
#6628 = EDGE_LOOP ( 'NONE', ( #5797, #4842 ) ) ;
#6629 = CARTESIAN_POINT ( 'NONE',  ( 8.500000000000000000, 15.19999999999999929, -2.360000000000000320 ) ) ;
#6630 = DIRECTION ( 'NONE',  ( 0.0000000000000000000, 0.6189924607046914939, -0.7853969274136174405 ) ) ;
#6631 = CARTESIAN_POINT ( 'NONE',  ( 6.500000000000000888, 15.50000000000000000, -4.859999999999999432 ) ) ;
#6632 = CARTESIAN_POINT ( 'NONE',  ( 11.19999999999999929, 6.523844591211636512, 2.004336158226832421 ) ) ;
#6633 = ORIENTED_EDGE ( 'NONE', *, *, #2513, .F. ) ;
#6634 = CARTESIAN_POINT ( 'NONE',  ( 1.474999999999999867, 2.099999999999999645, 6.719999999999999751 ) ) ;
#6635 = DIRECTION ( 'NONE',  ( -1.000000000000000000, 0.0000000000000000000, 0.0000000000000000000 ) ) ;
#6636 = CARTESIAN_POINT ( 'NONE',  ( 6.500000000000000888, 14.60000000001571152, 8.670000000046220734 ) ) ;
#6637 = DIRECTION ( 'NONE',  ( 0.0000000000000000000, 0.0000000000000000000, -1.000000000000000000 ) ) ;
#6638 = ORIENTED_EDGE ( 'NONE', *, *, #703, .F. ) ;
#6639 = CARTESIAN_POINT ( 'NONE',  ( 4.298896448480529209, 15.30150824295815859, -2.541284755163222719 ) ) ;
#6640 = ORIENTED_EDGE ( 'NONE', *, *, #3117, .T. ) ;
#6641 = ORIENTED_EDGE ( 'NONE', *, *, #7154, .F. ) ;
#6642 = DIRECTION ( 'NONE',  ( -0.0000000000000000000, -0.0000000000000000000, 1.000000000000000000 ) ) ;
#6643 = CARTESIAN_POINT ( 'NONE',  ( 9.600000000000001421, 5.500000000000000000, 6.270008330676609454 ) ) ;
#6644 = DIRECTION ( 'NONE',  ( -1.839858232096613812E-15, 0.0000000000000000000, -1.000000000000000000 ) ) ;
#6645 = DIRECTION ( 'NONE',  ( -1.000000000000000000, 0.0000000000000000000, 0.0000000000000000000 ) ) ;
#6646 = PLANE ( 'NONE',  #9400 ) ;
#6647 = ORIENTED_EDGE ( 'NONE', *, *, #7122, .T. ) ;
#6648 = FACE_OUTER_BOUND ( 'NONE', #370, .T. ) ;
#6649 = ORIENTED_EDGE ( 'NONE', *, *, #677, .T. ) ;
#6650 = EDGE_CURVE ( 'NONE', #7920, #4598, #2849, .T. ) ;
#6651 = CARTESIAN_POINT ( 'NONE',  ( 4.500000000000000000, 9.034856442049489900, 2.576053962189510216 ) ) ;
#6652 = VERTEX_POINT ( 'NONE', #4436 ) ;
#6653 = CARTESIAN_POINT ( 'NONE',  ( 9.599999999999999645, 5.799999999999998934, -6.303767091948870416 ) ) ;
#6654 = CARTESIAN_POINT ( 'NONE',  ( 11.20000000000000284, 7.312747791839875333, 3.151193007647226096 ) ) ;
#6655 = FACE_OUTER_BOUND ( 'NONE', #9847, .T. ) ;
#6656 = LINE ( 'NONE', #10984, #1137 ) ;
#6657 = ORIENTED_EDGE ( 'NONE', *, *, #1655, .T. ) ;
#6658 = VECTOR ( 'NONE', #5488, 1000.000000000000000 ) ;
#6659 = CARTESIAN_POINT ( 'NONE',  ( 4.499999999999989342, 15.49999999999999822, -6.580769515458693597 ) ) ;
#6660 = CARTESIAN_POINT ( 'NONE',  ( 4.500000000000000000, 15.30259718358290044, -5.162563672940486903 ) ) ;
#6661 = EDGE_CURVE ( 'NONE', #3209, #52, #7919, .T. ) ;
#6662 = ADVANCED_FACE ( 'NONE', ( #6224 ), #3706, .F. ) ;
#6663 = CARTESIAN_POINT ( 'NONE',  ( 8.352355462544217346, 15.50000000000000355, -8.772147660960550652 ) ) ;
#6664 = LINE ( 'NONE', #2302, #4794 ) ;
#6665 = VECTOR ( 'NONE', #2745, 1000.000000000000000 ) ;
#6666 = VERTEX_POINT ( 'NONE', #8854 ) ;
#6667 = ORIENTED_EDGE ( 'NONE', *, *, #1026, .T. ) ;
#6668 = ORIENTED_EDGE ( 'NONE', *, *, #3132, .T. ) ;
#6669 = PLANE ( 'NONE',  #5349 ) ;
#6670 = EDGE_CURVE ( 'NONE', #6866, #938, #4323, .T. ) ;
#6671 = DIRECTION ( 'NONE',  ( -1.192092219433225878E-16, 0.2290393337309896971, 0.9734171683322954127 ) ) ;
#6672 = DIRECTION ( 'NONE',  ( -1.000000000000000000, -0.0000000000000000000, -0.0000000000000000000 ) ) ;
#6673 = EDGE_LOOP ( 'NONE', ( #9552, #6844, #3767, #4097 ) ) ;
#6674 = CIRCLE ( 'NONE', #8127, 2.199999999999999734 ) ;
#6675 = PRESENTATION_STYLE_ASSIGNMENT (( #4843 ) ) ;
#6676 = CARTESIAN_POINT ( 'NONE',  ( 4.395606856450871014, 15.47844707036062673, 6.468005325211172440 ) ) ;
#6677 = ORIENTED_EDGE ( 'NONE', *, *, #6986, .T. ) ;
#6678 = FILL_AREA_STYLE ('',( #2531 ) ) ;
#6679 = ORIENTED_EDGE ( 'NONE', *, *, #5715, .F. ) ;
#6680 = ORIENTED_EDGE ( 'NONE', *, *, #2369, .F. ) ;
#6681 = LINE ( 'NONE', #6737, #877 ) ;
#6682 = STYLED_ITEM ( 'NONE', ( #5257 ), #2486 ) ;
#6683 = EDGE_CURVE ( 'NONE', #3261, #7500, #115, .T. ) ;
#6684 = CARTESIAN_POINT ( 'NONE',  ( 8.499999999999998224, 9.000247077141519725, -2.523240196970229832 ) ) ;
#6685 = EDGE_CURVE ( 'NONE', #9103, #5550, #5660, .T. ) ;
#6686 = CARTESIAN_POINT ( 'NONE',  ( 10.20000000000000284, 6.850000000000021849, -7.923008227761048516 ) ) ;
#6687 = CARTESIAN_POINT ( 'NONE',  ( 11.07573593128806699, 8.261222984376010103, 4.773388528311284240 ) ) ;
#6688 = ORIENTED_EDGE ( 'NONE', *, *, #8336, .F. ) ;
#6689 =( NAMED_UNIT ( * ) SI_UNIT ( $, .STERADIAN. ) SOLID_ANGLE_UNIT ( ) );
#6690 = CARTESIAN_POINT ( 'NONE',  ( 8.299999999999998934, 15.49994977653715900, -8.768098700074999030 ) ) ;
#6691 = VECTOR ( 'NONE', #6013, 1000.000000000000000 ) ;
#6692 = VECTOR ( 'NONE', #1818, 1000.000000000000000 ) ;
#6693 = LINE ( 'NONE', #7486, #2253 ) ;
#6694 = CARTESIAN_POINT ( 'NONE',  ( 10.89999999999999858, 7.800000000000000711, 9.919999999999999929 ) ) ;
#6695 = CARTESIAN_POINT ( 'NONE',  ( 6.375000000000000000, 0.5000000000000000000, 9.919999999999999929 ) ) ;
#6696 = ORIENTED_EDGE ( 'NONE', *, *, #1290, .F. ) ;
#6697 = CARTESIAN_POINT ( 'NONE',  ( 4.515384615381938360, 15.50000000000000000, 4.795936613544426130 ) ) ;
#6698 = ORIENTED_EDGE ( 'NONE', *, *, #7298, .F. ) ;
#6699 = CARTESIAN_POINT ( 'NONE',  ( 8.299999999999995381, 15.30259718358289867, 2.457436327059514092 ) ) ;
#6700 = EDGE_CURVE ( 'NONE', #557, #8063, #3017, .T. ) ;
#6701 = VECTOR ( 'NONE', #8716, 1000.000000000000000 ) ;
#6702 = CARTESIAN_POINT ( 'NONE',  ( 6.824270606615706392, 14.50000000000000178, -0.5594705913530348962 ) ) ;
#6703 = CARTESIAN_POINT ( 'NONE',  ( 9.018600732609508341, 13.20000000000007567, -0.4000000000000001887 ) ) ;
#6704 = CARTESIAN_POINT ( 'NONE',  ( 11.19999999999999751, 6.457765876464969246, -5.979059865235982762 ) ) ;
#6705 = ORIENTED_EDGE ( 'NONE', *, *, #10675, .F. ) ;
#6706 = CARTESIAN_POINT ( 'NONE',  ( 9.502359877559834800, 15.20000000000010054, 8.019999999999999574 ) ) ;
#6707 = VERTEX_POINT ( 'NONE', #4660 ) ;
#6708 = FACE_OUTER_BOUND ( 'NONE', #9255, .T. ) ;
#6709 = CARTESIAN_POINT ( 'NONE',  ( 4.346153846171226576, 9.000000000000000000, -4.689348871500524929 ) ) ;
#6710 = CARTESIAN_POINT ( 'NONE',  ( 5.449999999999999289, 15.50000000000000000, -7.757444678594553444 ) ) ;
#6711 = AXIS2_PLACEMENT_3D ( 'NONE', #5059, #8, #10283 ) ;
#6712 = ORIENTED_EDGE ( 'NONE', *, *, #6767, .F. ) ;
#6713 = DIRECTION ( 'NONE',  ( 1.000000000000000000, 0.0000000000000000000, 0.0000000000000000000 ) ) ;
#6714 =( LENGTH_UNIT ( ) NAMED_UNIT ( * ) SI_UNIT ( .MILLI., .METRE. ) );
#6715 = EDGE_CURVE ( 'NONE', #4682, #4724, #4766, .T. ) ;
#6716 = CARTESIAN_POINT ( 'NONE',  ( 4.500000000000015987, 8.999999999999998224, -5.244415584415589748 ) ) ;
#6717 = CYLINDRICAL_SURFACE ( 'NONE', #596, 0.2000000000000005107 ) ;
#6718 = MECHANICAL_DESIGN_GEOMETRIC_PRESENTATION_REPRESENTATION (  '', ( #469 ), #9780 ) ;
#6719 = VERTEX_POINT ( 'NONE', #9876 ) ;
#6720 = CARTESIAN_POINT ( 'NONE',  ( 4.500000000000013323, 15.50000000000000000, 8.659230484541135198 ) ) ;
#6721 = CARTESIAN_POINT ( 'NONE',  ( 6.640175143999677232, 15.50000000000000178, 8.669604663760015484 ) ) ;
#6722 = FACE_OUTER_BOUND ( 'NONE', #3595, .T. ) ;
#6723 = CARTESIAN_POINT ( 'NONE',  ( 11.19999999999999929, 7.884692577415645331, 0.8320173653597460195 ) ) ;
#6724 = VERTEX_POINT ( 'NONE', #6493 ) ;
#6725 = DIRECTION ( 'NONE',  ( 0.0000000000000000000, -0.0000000000000000000, -1.000000000000000000 ) ) ;
#6726 = EDGE_CURVE ( 'NONE', #1040, #7588, #7344, .T. ) ;
#6727 = CARTESIAN_POINT ( 'NONE',  ( 9.450000000000001066, 13.19999999999999929, -0.3999999999999997446 ) ) ;
#6728 = LINE ( 'NONE', #10167, #3112 ) ;
#6729 = VECTOR ( 'NONE', #4906, 1000.000000000000114 ) ;
#6730 = EDGE_LOOP ( 'NONE', ( #2267, #335, #5953, #7288 ) ) ;
#6731 = FILL_AREA_STYLE ('',( #4946 ) ) ;
#6732 = CARTESIAN_POINT ( 'NONE',  ( 4.299999999999998934, 15.35236108383767295, 6.467666564417140940 ) ) ;
#6733 = CARTESIAN_POINT ( 'NONE',  ( 4.781862296044551819, 15.50000000000000000, -3.466986100624960265 ) ) ;
#6734 = FILL_AREA_STYLE_COLOUR ( '', #3573 ) ;
#6735 = VERTEX_POINT ( 'NONE', #8184 ) ;
#6736 = ORIENTED_EDGE ( 'NONE', *, *, #8659, .F. ) ;
#6737 = CARTESIAN_POINT ( 'NONE',  ( 20.10000000000000142, 5.500000000000000000, -1.350000000000020073 ) ) ;
#6738 = VECTOR ( 'NONE', #8482, 1000.000000000000000 ) ;
#6739 = EDGE_CURVE ( 'NONE', #3907, #2956, #644, .T. ) ;
#6740 = EDGE_CURVE ( 'NONE', #4834, #268, #5656, .T. ) ;
#6741 = CARTESIAN_POINT ( 'NONE',  ( 4.394278064412648455, 15.50000000000000888, 6.661613484342524316 ) ) ;
#6742 = CARTESIAN_POINT ( 'NONE',  ( 6.500000000000000888, 15.50000000000000000, -1.049999999999999822 ) ) ;
#6743 = CARTESIAN_POINT ( 'NONE',  ( 11.19999999999999751, 6.437163872330954995, 5.462792750588424617 ) ) ;
#6744 = ORIENTED_EDGE ( 'NONE', *, *, #2826, .T. ) ;
#6745 = SURFACE_SIDE_STYLE ('',( #10127 ) ) ;
#6746 = MECHANICAL_DESIGN_GEOMETRIC_PRESENTATION_REPRESENTATION (  '', ( #2449 ), #499 ) ;
#6747 = PRODUCT_DEFINITION_CONTEXT ( 'detailed design', #1750, 'design' ) ;
#6748 = CARTESIAN_POINT ( 'NONE',  ( 8.404397331752656797, 9.000585821344337489, -5.222851539416724975 ) ) ;
#6749 = EDGE_CURVE ( 'NONE', #8308, #5241, #5704, .T. ) ;
#6750 =( NAMED_UNIT ( * ) SI_UNIT ( $, .STERADIAN. ) SOLID_ANGLE_UNIT ( ) );
#6751 = ADVANCED_FACE ( 'NONE', ( #508 ), #9821, .T. ) ;
#6752 = CARTESIAN_POINT ( 'NONE',  ( 4.515384615381074163, 15.50000000000000000, -8.605936613546161240 ) ) ;
#6753 = VERTEX_POINT ( 'NONE', #1349 ) ;
#6754 = CARTESIAN_POINT ( 'NONE',  ( 4.299999999999999822, 15.29999999999999893, -2.657419462942109512 ) ) ;
#6755 = ORIENTED_EDGE ( 'NONE', *, *, #4875, .T. ) ;
#6756 = ORIENTED_EDGE ( 'NONE', *, *, #4830, .F. ) ;
#6757 = LINE ( 'NONE', #10192, #1587 ) ;
#6758 = AXIS2_PLACEMENT_3D ( 'NONE', #1023, #1128, #2852 ) ;
#6759 = CARTESIAN_POINT ( 'NONE',  ( 9.349999999999997868, 7.670728579499291655, 8.107629958652603719 ) ) ;
#6760 = CARTESIAN_POINT ( 'NONE',  ( 4.299999999999981171, 9.000000000000000000, -2.770769515458773924 ) ) ;
#6761 = DIRECTION ( 'NONE',  ( -1.000000000000000000, 0.0000000000000000000, 0.0000000000000000000 ) ) ;
#6762 = CARTESIAN_POINT ( 'NONE',  ( 9.628445380721970537, 15.20000000000010054, 7.924397331752656370 ) ) ;
#6763 = ORIENTED_EDGE ( 'NONE', *, *, #7374, .F. ) ;
#6764 = CARTESIAN_POINT ( 'NONE',  ( 4.500000000000015987, 8.999999999999998224, -5.244415584415589748 ) ) ;
#6765 = DIRECTION ( 'NONE',  ( 2.168404344971008868E-15, -5.543383885983003833E-30, -1.000000000000000000 ) ) ;
#6766 = VECTOR ( 'NONE', #2703, 1000.000000000000114 ) ;
#6767 = EDGE_CURVE ( 'NONE', #8071, #7341, #343, .T. ) ;
#6768 = CIRCLE ( 'NONE', #3368, 0.2999999999999999334 ) ;
#6769 = ADVANCED_FACE ( 'NONE', ( #2900 ), #6335, .F. ) ;
#6770 = CARTESIAN_POINT ( 'NONE',  ( 4.075000000000001954, 2.099999999999999645, 8.519999999999962270 ) ) ;
#6771 = ORIENTED_EDGE ( 'NONE', *, *, #3252, .T. ) ;
#6772 = CARTESIAN_POINT ( 'NONE',  ( 8.500000000000000000, 15.50000000000000000, -0.2500000000000002220 ) ) ;
#6773 = CARTESIAN_POINT ( 'NONE',  ( 8.300000000000000711, 15.30259718358289689, 8.972563672940486512 ) ) ;
#6774 = CARTESIAN_POINT ( 'NONE',  ( 10.89999999999999858, 6.585137115330399027, -5.723760026997225303 ) ) ;
#6775 = CARTESIAN_POINT ( 'NONE',  ( 4.416251525940023015, 15.49999999999999822, 0.9234989598558479562 ) ) ;
#6776 = AXIS2_PLACEMENT_3D ( 'NONE', #2580, #9536, #6725 ) ;
#6777 = ORIENTED_EDGE ( 'NONE', *, *, #1960, .T. ) ;
#6778 = CARTESIAN_POINT ( 'NONE',  ( 6.500000000000000000, 15.50000000000000000, 3.810000000000000053 ) ) ;
#6779 = CARTESIAN_POINT ( 'NONE',  ( 4.300008882578207015, 15.41711772838280758, -4.959174440960125274 ) ) ;
#6780 = FACE_OUTER_BOUND ( 'NONE', #9268, .T. ) ;
#6781 = VERTEX_POINT ( 'NONE', #1298 ) ;
#6782 = ORIENTED_EDGE ( 'NONE', *, *, #7905, .T. ) ;
#6783 = VECTOR ( 'NONE', #3003, 1000.000000000000000 ) ;
#6784 = AXIS2_PLACEMENT_3D ( 'NONE', #2382, #8385, #714 ) ;
#6785 = CARTESIAN_POINT ( 'NONE',  ( 10.90000000000000036, 8.261222984375919509, -0.9633885283115448672 ) ) ;
#6786 = ORIENTED_EDGE ( 'NONE', *, *, #9592, .F. ) ;
#6787 = FACE_OUTER_BOUND ( 'NONE', #2946, .T. ) ;
#6788 = CARTESIAN_POINT ( 'NONE',  ( 10.19999999999999929, 4.175208133239298292, 4.111228457032407135 ) ) ;
#6789 = B_SPLINE_CURVE_WITH_KNOTS ( 'NONE', 3,
 ( #4281, #1142, #8818, #8982 ),
 .UNSPECIFIED., .F., .F.,
 ( 4, 4 ),
 ( 0.0000000000000000000, 1.000000000000000000 ),
 .UNSPECIFIED. ) ;
#6790 = CONICAL_SURFACE ( 'NONE', #9651, 1.049999999976589660, 1.339705659597135723 ) ;
#6791 = CARTESIAN_POINT ( 'NONE',  ( 4.299999999999962519, 15.41715728752538084, 4.849230484541339870 ) ) ;
#6792 = ORIENTED_EDGE ( 'NONE', *, *, #4267, .F. ) ;
#6793 = CYLINDRICAL_SURFACE ( 'NONE', #10837, 0.2999999999999999334 ) ;
#6794 = EDGE_CURVE ( 'NONE', #7830, #203, #8970, .T. ) ;
#6795 = CYLINDRICAL_SURFACE ( 'NONE', #6004, 0.5000000000000004441 ) ;
#6796 = CARTESIAN_POINT ( 'NONE',  ( 8.862475782649553935, 15.20000000000013962, -0.3250000000000001776 ) ) ;
#6797 = LINE ( 'NONE', #7716, #4474 ) ;
#6798 = EDGE_LOOP ( 'NONE', ( #2725, #10860, #1347, #1938 ) ) ;
#6799 = VERTEX_POINT ( 'NONE', #451 ) ;
#6800 = DIRECTION ( 'NONE',  ( -1.000000000000000000, -1.066083429980355782E-17, 3.731292004931244158E-17 ) ) ;
#6801 = CARTESIAN_POINT ( 'NONE',  ( 1.474999999999999867, 2.099999999999999645, 8.519999999999996021 ) ) ;
#6802 = CARTESIAN_POINT ( 'NONE',  ( 4.346153846153831601, 15.41715728752538617, 6.740651128465060538 ) ) ;
#6803 = CARTESIAN_POINT ( 'NONE',  ( 4.499999999999979572, 8.999999999999998224, -6.185584415584417961 ) ) ;
#6804 = LINE ( 'NONE', #5960, #9297 ) ;
#6805 = DIRECTION ( 'NONE',  ( 1.000000000000000000, 0.0000000000000000000, 0.0000000000000000000 ) ) ;
#6806 = CARTESIAN_POINT ( 'NONE',  ( 4.346153846153819167, 15.50000000000009948, -4.689348871534948948 ) ) ;
#6807 = ADVANCED_FACE ( 'NONE', ( #7287 ), #4249, .T. ) ;
#6808 = EDGE_CURVE ( 'NONE', #1454, #2556, #9171, .T. ) ;
#6809 = CARTESIAN_POINT ( 'NONE',  ( 9.502359877559834800, 15.20000000000009877, 3.409999999999998366 ) ) ;
#6810 =( LENGTH_UNIT ( ) NAMED_UNIT ( * ) SI_UNIT ( .MILLI., .METRE. ) );
#6811 = ORIENTED_EDGE ( 'NONE', *, *, #3181, .F. ) ;
#6812 = CARTESIAN_POINT ( 'NONE',  ( 4.416251525940044331, 15.50000000000000355, -8.543498959855826413 ) ) ;
#6813 = ORIENTED_EDGE ( 'NONE', *, *, #2764, .F. ) ;
#6814 = CARTESIAN_POINT ( 'NONE',  ( 4.499999999999999112, 15.30259718358289689, -2.457436327059514536 ) ) ;
#6815 = ORIENTED_EDGE ( 'NONE', *, *, #7392, .T. ) ;
#6816 = CARTESIAN_POINT ( 'NONE',  ( 9.600000000000001421, 5.500000000000000000, 8.970000000000020179 ) ) ;
#6817 = DIRECTION ( 'NONE',  ( 1.000000000000000000, 0.0000000000000000000, -0.0000000000000000000 ) ) ;
#6818 = CARTESIAN_POINT ( 'NONE',  ( 10.19999999999999929, 5.799999999999999822, -5.126244658108840113 ) ) ;
#6819 = EDGE_LOOP ( 'NONE', ( #428, #1245, #8417, #5457 ) ) ;
#6820 = DIRECTION ( 'NONE',  ( -0.0000000000000000000, -0.0000000000000000000, -1.000000000000000000 ) ) ;
#6821 = VERTEX_POINT ( 'NONE', #6709 ) ;
#6822 = CARTESIAN_POINT ( 'NONE',  ( 8.500000000000000000, 13.19999999999999929, 5.259999999999999787 ) ) ;
#6823 = DIRECTION ( 'NONE',  ( -0.0000000000000000000, -0.0000000000000000000, -1.000000000000000000 ) ) ;
#6824 = CARTESIAN_POINT ( 'NONE',  ( 6.824270606615706392, 14.49999999999999645, -4.369470591353034727 ) ) ;
#6825 = EDGE_LOOP ( 'NONE', ( #11116, #4638, #4528, #3515 ) ) ;
#6826 = CARTESIAN_POINT ( 'NONE',  ( 10.20000000000000107, 5.200000000000001066, 2.493730698346557251 ) ) ;
#6827 = CARTESIAN_POINT ( 'NONE',  ( 9.650000000000000355, 13.19999999999999929, -8.019999999999999574 ) ) ;
#6828 = FACE_OUTER_BOUND ( 'NONE', #2526, .T. ) ;
#6829 = CARTESIAN_POINT ( 'NONE',  ( 11.19999999999999929, 7.312747791839874445, -0.6588069923527751781 ) ) ;
#6830 = EDGE_CURVE ( 'NONE', #8300, #3097, #7450, .T. ) ;
#6831 = CYLINDRICAL_SURFACE ( 'NONE', #4178, 0.1999999999999996503 ) ;
#6832 = EDGE_CURVE ( 'NONE', #6576, #1685, #1502, .T. ) ;
#6833 = ORIENTED_EDGE ( 'NONE', *, *, #9236, .T. ) ;
#6834 = CARTESIAN_POINT ( 'NONE',  ( 8.299999999999998934, 15.29999999999999893, 1.152580537057884547 ) ) ;
#6835 = CARTESIAN_POINT ( 'NONE',  ( 4.500000000000001776, 15.30259718358290044, -5.162563672940488679 ) ) ;
#6836 = CARTESIAN_POINT ( 'NONE',  ( 9.599999999999999645, 5.199999999999999289, -8.936244658108829952 ) ) ;
#6837 = ORIENTED_EDGE ( 'NONE', *, *, #2288, .T. ) ;
#6838 = CARTESIAN_POINT ( 'NONE',  ( 10.89999999999999858, 6.585137115330579327, 1.913760026997122887 ) ) ;
#6839 = PLANE ( 'NONE',  #6776 ) ;
#6840 =( GEOMETRIC_REPRESENTATION_CONTEXT ( 3 ) GLOBAL_UNCERTAINTY_ASSIGNED_CONTEXT ( ( #9215 ) ) GLOBAL_UNIT_ASSIGNED_CONTEXT ( ( #6810, #654, #6750 ) ) REPRESENTATION_CONTEXT ( 'NONE', 'WORKASPACE' ) );
#6841 = CARTESIAN_POINT ( 'NONE',  ( 10.19999999999999929, 5.199999999999999289, 5.126269300834878528 ) ) ;
#6842 = ADVANCED_FACE ( 'NONE', ( #7683 ), #3178, .T. ) ;
#6843 = LINE ( 'NONE', #1747, #3663 ) ;
#6844 = ORIENTED_EDGE ( 'NONE', *, *, #7232, .T. ) ;
#6845 = CARTESIAN_POINT ( 'NONE',  ( 4.499999999999988454, 15.50000000000000000, -4.849230484541146247 ) ) ;
#6846 = CIRCLE ( 'NONE', #5061, 0.2999999999999981570 ) ;
#6847 = CARTESIAN_POINT ( 'NONE',  ( 11.19999999999999751, 6.457765876464967469, 2.169059865235980933 ) ) ;
#6848 = DIRECTION ( 'NONE',  ( 1.000000000000000000, 0.0000000000000000000, 0.0000000000000000000 ) ) ;
#6849 = CARTESIAN_POINT ( 'NONE',  ( 9.018600732609503012, 15.20000000000007567, -3.409999999999999698 ) ) ;
#6850 = ORIENTED_EDGE ( 'NONE', *, *, #8399, .T. ) ;
#6851 = VERTEX_POINT ( 'NONE', #10979 ) ;
#6852 = FACE_OUTER_BOUND ( 'NONE', #1152, .T. ) ;
#6853 = DIRECTION ( 'NONE',  ( 0.0000000000000000000, -0.9999156794129789860, -0.01298591791445430008 ) ) ;
#6854 = DIRECTION ( 'NONE',  ( 0.0000000000000000000, -1.000000000000000000, 0.0000000000000000000 ) ) ;
#6855 = EDGE_CURVE ( 'NONE', #6666, #203, #6604, .T. ) ;
#6856 = CIRCLE ( 'NONE', #9926, 0.2999999999999999334 ) ;
#6857 = CARTESIAN_POINT ( 'NONE',  ( 10.19999999999999929, 5.050107332876494937, -1.281655287409605881 ) ) ;
#6858 = CARTESIAN_POINT ( 'NONE',  ( 6.774835278577243436, 15.50000000000000178, -6.597328689498271004 ) ) ;
#6859 = ORIENTED_EDGE ( 'NONE', *, *, #5767, .F. ) ;
#6860 = CARTESIAN_POINT ( 'NONE',  ( 10.50000000000000000, 1.299999999999999822, 9.919999999999999929 ) ) ;
#6861 = CYLINDRICAL_SURFACE ( 'NONE', #5815, 1.050000000000000488 ) ;
#6862 = UNCERTAINTY_MEASURE_WITH_UNIT (LENGTH_MEASURE( 1.000000000000000082E-05 ), #10266, 'distance_accuracy_value', 'NONE');
#6863 = CARTESIAN_POINT ( 'NONE',  ( 8.299999999999988276, 8.999999999999998224, -2.375584415584413911 ) ) ;
#6864 = CARTESIAN_POINT ( 'NONE',  ( 11.16047613239262581, 6.607504587451455969, -5.534956562085652010 ) ) ;
#6865 = DIRECTION ( 'NONE',  ( -0.4961389383568320377, 0.8682431421244601877, 0.0000000000000000000 ) ) ;
#6866 = VERTEX_POINT ( 'NONE', #9126 ) ;
#6867 = CIRCLE ( 'NONE', #10465, 1.649999999999999911 ) ;
#6868 = CARTESIAN_POINT ( 'NONE',  ( 8.499991117421794584, 15.41711772838280758, 6.470825559039872665 ) ) ;
#6869 = EDGE_LOOP ( 'NONE', ( #1676, #10426, #4219, #7718 ) ) ;
#6870 = ORIENTED_EDGE ( 'NONE', *, *, #3252, .F. ) ;
#6871 = CARTESIAN_POINT ( 'NONE',  ( 8.417803733038713432, 15.50259483730813059, 2.543896269375565122 ) ) ;
#6872 = EDGE_CURVE ( 'NONE', #5550, #9044, #3326, .T. ) ;
#6873 = EDGE_CURVE ( 'NONE', #8410, #1217, #2505, .T. ) ;
#6874 = CARTESIAN_POINT ( 'NONE',  ( 7.125068278012847145, 14.50000000000000000, 0.08323893275884812482 ) ) ;
#6875 = CARTESIAN_POINT ( 'NONE',  ( 4.346153846153809397, 15.30000000000000249, -2.930651128465033839 ) ) ;
#6876 = LINE ( 'NONE', #2615, #3396 ) ;
#6877 = AXIS2_PLACEMENT_3D ( 'NONE', #2985, #5568, #7995 ) ;
#6878 = STYLED_ITEM ( 'NONE', ( #2142 ), #2793 ) ;
#6879 = CARTESIAN_POINT ( 'NONE',  ( 8.499999999999994671, 13.20000000000005080, 4.059999999999999609 ) ) ;
#6880 = ORIENTED_EDGE ( 'NONE', *, *, #8867, .T. ) ;
#6881 = CARTESIAN_POINT ( 'NONE',  ( 8.299999999999998934, 15.50000000000000000, -6.467419462942110009 ) ) ;
#6882 = DIRECTION ( 'NONE',  ( 0.0000000000000000000, 0.0000000000000000000, 1.000000000000000000 ) ) ;
#6883 = CARTESIAN_POINT ( 'NONE',  ( 4.300008882578203462, 15.41711772838280226, 2.660825559039875721 ) ) ;
#6884 = VERTEX_POINT ( 'NONE', #7505 ) ;
#6885 = EDGE_CURVE ( 'NONE', #6472, #5478, #6012, .T. ) ;
#6886 = AXIS2_PLACEMENT_3D ( 'NONE', #6151, #4480, #7907 ) ;
#6887 = FACE_OUTER_BOUND ( 'NONE', #1699, .T. ) ;
#6888 =( BOUNDED_SURFACE ( )  B_SPLINE_SURFACE ( 3, 3, ( 
 ( #2626, #4196, #7625, #11044 ),
 ( #110, #3354, #9527, #4256 ),
 ( #3531, #6949, #10380, #8687 ),
 ( #6774, #1844, #10211, #1013 ) ),
 .UNSPECIFIED., .F., .F., .F. ) 
 B_SPLINE_SURFACE_WITH_KNOTS ( ( 4, 4 ),
 ( 4, 4 ),
 ( 0.0000000000000000000, 1.000000000000000000 ),
 ( 0.0000000000000000000, 1.000000000000000000 ),
 .UNSPECIFIED. ) 
 GEOMETRIC_REPRESENTATION_ITEM ( )  RATIONAL_B_SPLINE_SURFACE ( (
 ( 1.000000000000000000, 0.6621627622213605013, 0.6621627622213605013, 1.000000000000000000),
 ( 0.8047378541243649375, 0.5328674403510798019, 0.5328674403510798019, 0.8047378541243649375),
 ( 0.8047378541243649375, 0.5328674403510798019, 0.5328674403510798019, 0.8047378541243649375),
 ( 1.000000000000000000, 0.6621627622213605013, 0.6621627622213605013, 1.000000000000000000) ) ) 
 REPRESENTATION_ITEM ( '' )  SURFACE ( )  );
#6889 = CARTESIAN_POINT ( 'NONE',  ( 10.19999999999999929, 5.199999999999999289, 5.126269300834878528 ) ) ;
#6890 = CYLINDRICAL_SURFACE ( 'NONE', #852, 0.2999999999999999334 ) ;
#6891 = CARTESIAN_POINT ( 'NONE',  ( 4.346153846149470645, 9.000000000000000000, -8.499348871543542572 ) ) ;
#6892 = ORIENTED_EDGE ( 'NONE', *, *, #9007, .T. ) ;
#6893 = SURFACE_STYLE_USAGE ( .BOTH. , #6162 ) ;
#6894 = CARTESIAN_POINT ( 'NONE',  ( 11.19999999999999751, 7.841889302910824533, 6.764172355019632654 ) ) ;
#6895 = VECTOR ( 'NONE', #8731, 1000.000000000000000 ) ;
#6896 = AXIS2_PLACEMENT_3D ( 'NONE', #233, #296, #5346 ) ;
#6897 = CARTESIAN_POINT ( 'NONE',  ( 0.7749999999999999112, 2.100000000000000089, -2.910000000000001030 ) ) ;
#6898 = ORIENTED_EDGE ( 'NONE', *, *, #6062, .T. ) ;
#6899 = VERTEX_POINT ( 'NONE', #3291 ) ;
#6900 = EDGE_CURVE ( 'NONE', #7500, #10037, #5664, .T. ) ;
#6901 = EDGE_CURVE ( 'NONE', #2160, #10727, #8508, .T. ) ;
#6902 = B_SPLINE_CURVE_WITH_KNOTS ( 'NONE', 3,
 ( #4445, #9604, #8645, #1132, #973, #63 ),
 .UNSPECIFIED., .F., .F.,
 ( 4, 2, 4 ),
 ( 0.0000000000000000000, 0.5000000000000000000, 1.000000000000000000 ),
 .UNSPECIFIED. ) ;
#6903 = DIRECTION ( 'NONE',  ( -0.0000000000000000000, 1.000000000000000000, -0.0000000000000000000 ) ) ;
#6904 = CARTESIAN_POINT ( 'NONE',  ( 6.500000000000000888, 14.49999999999890754, -8.244999999990564987 ) ) ;
#6905 = CIRCLE ( 'NONE', #8845, 0.2999999999999999334 ) ;
#6906 = CARTESIAN_POINT ( 'NONE',  ( 11.19999999999999751, 6.457765876465027866, 5.450940134763995637 ) ) ;
#6907 = DIRECTION ( 'NONE',  ( -2.556434596176350141E-15, -1.000000000000000000, -0.0000000000000000000 ) ) ;
#6908 = ORIENTED_EDGE ( 'NONE', *, *, #4549, .T. ) ;
#6909 = CARTESIAN_POINT ( 'NONE',  ( 4.299999999999999822, 9.000000000000000000, 5.044398718876072607 ) ) ;
#6910 = VECTOR ( 'NONE', #8461, 1000.000000000000000 ) ;
#6911 = SURFACE_STYLE_FILL_AREA ( #976 ) ;
#6912 = EDGE_CURVE ( 'NONE', #3948, #3248, #3111, .T. ) ;
#6913 = CARTESIAN_POINT ( 'NONE',  ( 11.17423267360126360, 6.737562691934138037, -9.220004460416667769 ) ) ;
#6914 = CARTESIAN_POINT ( 'NONE',  ( 4.500000000000000000, 15.50000000000000000, -8.772580537057889316 ) ) ;
#6915 = ORIENTED_EDGE ( 'NONE', *, *, #7580, .T. ) ;
#6916 = CARTESIAN_POINT ( 'NONE',  ( 4.299999999999999822, 15.30000000000000249, 8.772580537057891092 ) ) ;
#6917 = CARTESIAN_POINT ( 'NONE',  ( 10.19999999999999751, 5.200000000000000178, -6.303730698346558192 ) ) ;
#6918 = CARTESIAN_POINT ( 'NONE',  ( 9.600000000000001421, 5.500000000000000000, 8.970000000000020179 ) ) ;
#6919 = VECTOR ( 'NONE', #8322, 1000.000000000000000 ) ;
#6920 = ORIENTED_EDGE ( 'NONE', *, *, #4283, .F. ) ;
#6921 = CARTESIAN_POINT ( 'NONE',  ( 7.029379211749970935, 15.50000000000000178, 0.9171953212081691564 ) ) ;
#6922 = LINE ( 'NONE', #1039, #3031 ) ;
#6923 = ORIENTED_EDGE ( 'NONE', *, *, #5411, .T. ) ;
#6924 = CARTESIAN_POINT ( 'NONE',  ( 9.349999999999999645, 7.799999999999999822, -9.919999999999999929 ) ) ;
#6925 = CARTESIAN_POINT ( 'NONE',  ( 4.299999999999999822, 9.000000000000000000, 9.070000000000000284 ) ) ;
#6926 = SURFACE_STYLE_USAGE ( .BOTH. , #8662 ) ;
#6927 = AXIS2_PLACEMENT_3D ( 'NONE', #4094, #1357, #3239 ) ;
#6928 = DIRECTION ( 'NONE',  ( 1.000000000000000000, 0.0000000000000000000, 0.0000000000000000000 ) ) ;
#6929 = CARTESIAN_POINT ( 'NONE',  ( 10.19999999999999929, 4.175208133239298292, -3.508771542967592083 ) ) ;
#6930 = VERTEX_POINT ( 'NONE', #5925 ) ;
#6931 = B_SPLINE_CURVE_WITH_KNOTS ( 'NONE', 3,
 ( #4776, #6400, #9617, #568 ),
 .UNSPECIFIED., .F., .F.,
 ( 4, 4 ),
 ( 0.0000000000000000000, 1.000000000000000000 ),
 .UNSPECIFIED. ) ;
#6932 = DIRECTION ( 'NONE',  ( -0.0000000000000000000, -0.0000000000000000000, 1.000000000000000000 ) ) ;
#6933 = CARTESIAN_POINT ( 'NONE',  ( 11.20000000000000284, 5.500000000000000000, 3.810000000000000053 ) ) ;
#6934 = CARTESIAN_POINT ( 'NONE',  ( 5.969997430234194269, 15.49999999999999822, 4.727094319120248578 ) ) ;
#6935 = B_SPLINE_CURVE_WITH_KNOTS ( 'NONE', 3,
 ( #9187, #6569, #688, #10003, #5824, #4941 ),
 .UNSPECIFIED., .F., .F.,
 ( 4, 2, 4 ),
 ( 0.0000000000000000000, 0.5000000000000000000, 1.000000000000000000 ),
 .UNSPECIFIED. ) ;
#6936 = AXIS2_PLACEMENT_3D ( 'NONE', #7335, #1447, #501 ) ;
#6937 = CARTESIAN_POINT ( 'NONE',  ( 5.582979071374056801, 15.50000000000000533, -0.5301043185929219526 ) ) ;
#6938 = ORIENTED_EDGE ( 'NONE', *, *, #791, .F. ) ;
#6939 = LINE ( 'NONE', #5980, #9410 ) ;
#6940 = ORIENTED_EDGE ( 'NONE', *, *, #10878, .T. ) ;
#6941 = DIRECTION ( 'NONE',  ( 0.0000000000000000000, 0.0000000000000000000, 1.000000000000000000 ) ) ;
#6942 = ADVANCED_FACE ( 'NONE', ( #3233 ), #11037, .F. ) ;
#6943 = DIRECTION ( 'NONE',  ( 0.0000000000000000000, 1.000000000000000000, -0.0000000000000000000 ) ) ;
#6944 = CARTESIAN_POINT ( 'NONE',  ( 4.299999999999999822, 15.30000000000000071, 9.070000000000000284 ) ) ;
#6945 = VECTOR ( 'NONE', #1618, 1000.000000000000000 ) ;
#6946 = CARTESIAN_POINT ( 'NONE',  ( 8.499999999999998224, 15.30000000000000249, 4.962580537057887042 ) ) ;
#6947 = ORIENTED_EDGE ( 'NONE', *, *, #9634, .T. ) ;
#6948 = DIRECTION ( 'NONE',  ( 2.556434596176350141E-15, 1.000000000000000000, 0.0000000000000000000 ) ) ;
#6949 = CARTESIAN_POINT ( 'NONE',  ( 11.07573593128806699, 8.261222984375917733, -4.773388528311546253 ) ) ;
#6950 = CARTESIAN_POINT ( 'NONE',  ( 10.97950105288106926, 6.757765876465090749, 5.614554662065589952 ) ) ;
#6951 = ORIENTED_EDGE ( 'NONE', *, *, #9923, .T. ) ;
#6952 = CARTESIAN_POINT ( 'NONE',  ( 11.20000000000000107, 7.138101254792228012, 8.586091139035984199 ) ) ;
#6953 = LINE ( 'NONE', #1121, #7619 ) ;
#6954 = AXIS2_PLACEMENT_3D ( 'NONE', #4618, #1204, #10513 ) ;
#6955 = FACE_OUTER_BOUND ( 'NONE', #7957, .T. ) ;
#6956 = EDGE_CURVE ( 'NONE', #9853, #3097, #3138, .T. ) ;
#6957 = EDGE_CURVE ( 'NONE', #2236, #9733, #2581, .T. ) ;
#6958 = VERTEX_POINT ( 'NONE', #1951 ) ;
#6959 = PLANE ( 'NONE',  #8201 ) ;
#6960 = DIRECTION ( 'NONE',  ( 0.0000000000000000000, 1.000000000000000000, 0.0000000000000000000 ) ) ;
#6961 =( GEOMETRIC_REPRESENTATION_CONTEXT ( 3 ) GLOBAL_UNCERTAINTY_ASSIGNED_CONTEXT ( ( #2603 ) ) GLOBAL_UNIT_ASSIGNED_CONTEXT ( ( #4495, #3769, #2801 ) ) REPRESENTATION_CONTEXT ( 'NONE', 'WORKASPACE' ) );
#6962 = FACE_OUTER_BOUND ( 'NONE', #3970, .T. ) ;
#6963 = CARTESIAN_POINT ( 'NONE',  ( 4.905714285714244838, 15.50000000000000000, 7.253794972114033790 ) ) ;
#6964 = CLOSED_SHELL ( 'NONE', ( #2779, #8752, #10521, #6399, #10398, #7333, #4831, #9764, #7742, #6319, #2959, #11102, #2423, #6286, #9877, #813, #9427, #8905, #10726, #8413, #3038, #10416, #10789, #1906, #2728, #5166, #10719, #9338, #592, #10216, #7119, #986, #651, #7669, #1353, #6246, #6436, #3829, #8145, #9558, #314, #10581, #6115, #4104, #10137, #1971, #1228, #2367, #6582, #4637, #230, #1887, #9361, #2353, #8253, #2190, #217, #4440, #4551, #9988, #8333, #1694, #4204, #9561, #949, #10480, #3055, #3666, #374, #7946, #4009, #10355, #9509, #10225, #4211, #5736, #2198, #7429, #3828, #1805, #964, #6125, #6190, #6042, #3968, #4091, #7179, #7546, #5929, #7002, #5606, #9149, #3337, #5794, #4225, #6075, #7891, #9022, #8194, #11013, #7650, #902, #4479, #438, #846, #1928, #10455, #1470, #2486, #189, #5239, #5265, #4426, #3790, #4791, #9719, #3806, #10387, #4030, #364, #9849, #5098, #1860, #4064, #1815, #4001, #886, #5380, #6807, #2775, #7508, #507, #7824, #9708, #1425, #10040, #9841, #4591, #10853, #5723, #9175, #6275, #481, #8123, #8690, #171, #3891, #2741, #5176, #1494, #7051, #1063, #7798, #2397, #8122, #4373, #3234, #10135, #10069, #10203, #1550, #9348, #7081, #4497, #565, #9217, #8077, #6608, #1423, #4715, #9063, #1083, #5631, #3428, #10407, #8105, #2181, #6219, #6942, #1084, #9863, #5017, #6437, #5705, #10739, #2511, #10118, #4387, #456, #3607, #6769, #1554, #2178, #3881, #8600, #10657, #7810, #859, #9842, #7348, #8889, #1024, #9900, #4312, #10263, #2290, #270, #5669, #7522, #480, #5832, #6357, #5688, #9162, #10597, #7521, #2910, #5706, #1075, #9887, #3243, #313, #1122, #5747, #4966, #3267, #5592, #4790, #2867, #1404, #5986, #4851, #2656, #7989, #3482, #10788, #7198, #9661, #255, #8384, #9411, #6090, #4028, #3857, #11056, #8507, #5861, #1628, #4189, #2969, #7988, #2410, #399, #3935, #9534, #5039, #3599, #1205, #6385, #3950, #715, #6557, #6501, #3269, #6662, #9375, #10462, #7671, #6842, #7715, #10107, #4909, #5647, #5401, #6489, #4000, #8576, #2793, #1368, #6751, #8488, #2921, #3805, #8271, #11055, #5842, #4142, #7641, #9862, #6973, #8741, #6150, #10025, #1000, #9478, #1266, #6975, #7480, #5440, #4615, #1450, #1590, #6615, #4296, #5201, #9449, #1273, #9062, #6465, #8943, #2412, #4713, #9913, #1603, #9746, #9125, #3008, #4254, #8724, #8449, #5989, #8272, #9047, #10388, #9431 ) ) ;
#6965 = ORIENTED_EDGE ( 'NONE', *, *, #2346, .T. ) ;
#6966 = VECTOR ( 'NONE', #5272, 1000.000000000000000 ) ;
#6967 = CARTESIAN_POINT ( 'NONE',  ( 8.500000000000000000, 15.50000000000000000, 0.2499999999999993616 ) ) ;
#6968 = CARTESIAN_POINT ( 'NONE',  ( 4.321554619278035858, 15.40439733175265857, -8.772580537057885763 ) ) ;
#6969 = ORIENTED_EDGE ( 'NONE', *, *, #9635, .T. ) ;
#6970 = CARTESIAN_POINT ( 'NONE',  ( 4.395606856450873678, 15.47844707036062850, 8.771994674788830437 ) ) ;
#6971 = AXIS2_PLACEMENT_3D ( 'NONE', #2363, #4278, #7475 ) ;
#6973 = ADVANCED_FACE ( 'NONE', ( #1896 ), #7803, .F. ) ;
#6972 = FACE_OUTER_BOUND ( 'NONE', #8986, .T. ) ;
#6974 = CARTESIAN_POINT ( 'NONE',  ( 5.875147500400176526, 14.50000000000000000, 3.976434284712762945 ) ) ;
#6975 = ADVANCED_FACE ( 'NONE', ( #5982 ), #10315, .T. ) ;
#6976 = EDGE_LOOP ( 'NONE', ( #855, #8915, #6475, #699 ) ) ;
#6977 = CARTESIAN_POINT ( 'NONE',  ( 8.899795149060288679, 13.20000000000010054, 0.3716118737073208500 ) ) ;
#6978 = CARTESIAN_POINT ( 'NONE',  ( 11.12904394855966217, 6.651550623841767873, -5.871354014635810969 ) ) ;
#6979 = CARTESIAN_POINT ( 'NONE',  ( 11.20000000000000284, 5.500000000000000000, 5.160000000000020570 ) ) ;
#6980 = CARTESIAN_POINT ( 'NONE',  ( 4.500000000000000000, 15.30000000000000426, -8.772580537057889316 ) ) ;
#6981 = DIRECTION ( 'NONE',  ( -0.0000000000000000000, 0.01298591791445429834, 0.9999156794129788750 ) ) ;
#6982 = VERTEX_POINT ( 'NONE', #2723 ) ;
#6983 = CARTESIAN_POINT ( 'NONE',  ( 4.346153846153808509, 15.29999999999999361, -8.499348871534984085 ) ) ;
#6984 = DIRECTION ( 'NONE',  ( 2.556434596176350141E-15, 1.000000000000000000, 0.0000000000000000000 ) ) ;
#6985 = FACE_OUTER_BOUND ( 'NONE', #1767, .T. ) ;
#6986 = EDGE_CURVE ( 'NONE', #2617, #4682, #2562, .T. ) ;
#6987 = VERTEX_POINT ( 'NONE', #6098 ) ;
#6988 = CARTESIAN_POINT ( 'NONE',  ( 8.499999999999989342, 13.20000000000010054, 3.559999999999999609 ) ) ;
#6989 = ORIENTED_EDGE ( 'NONE', *, *, #3957, .F. ) ;
#6990 = CARTESIAN_POINT ( 'NONE',  ( 9.449999999999999289, 13.20000000000005258, -3.409999999999999698 ) ) ;
#6991 = ORIENTED_EDGE ( 'NONE', *, *, #2642, .F. ) ;
#6992 = CARTESIAN_POINT ( 'NONE',  ( 5.875000000017627677, 14.49999999999817923, -7.783624617369853560 ) ) ;
#6993 = CARTESIAN_POINT ( 'NONE',  ( 9.600000000000001421, 5.799999999999998046, 2.493767091948869030 ) ) ;
#6994 = ORIENTED_EDGE ( 'NONE', *, *, #5251, .T. ) ;
#6995 = ORIENTED_EDGE ( 'NONE', *, *, #7726, .F. ) ;
#6996 = CARTESIAN_POINT ( 'NONE',  ( 8.499999999999998224, 9.000247077141517948, 6.333240196970222335 ) ) ;
#6997 = ORIENTED_EDGE ( 'NONE', *, *, #10732, .F. ) ;
#6998 = FACE_OUTER_BOUND ( 'NONE', #6628, .T. ) ;
#6999 = DIRECTION ( 'NONE',  ( 0.0000000000000000000, 1.000000000000000000, 0.0000000000000000000 ) ) ;
#7000 = CARTESIAN_POINT ( 'NONE',  ( 11.20000000000000107, 6.602014929506932361, 1.556420798553478368 ) ) ;
#7001 = CARTESIAN_POINT ( 'NONE',  ( 11.16612991718305281, 6.597505421442272144, 5.528863470054532492 ) ) ;
#7002 = ADVANCED_FACE ( 'NONE', ( #9520 ), #1057, .T. ) ;
#7003 = ORIENTED_EDGE ( 'NONE', *, *, #3650, .T. ) ;
#7004 = CYLINDRICAL_SURFACE ( 'NONE', #5627, 0.2000000000000001499 ) ;
#7005 = CARTESIAN_POINT ( 'NONE',  ( 9.628445380721970537, 15.20000000000010054, 4.114397331752656761 ) ) ;
#7006 = ORIENTED_EDGE ( 'NONE', *, *, #5229, .T. ) ;
#7007 = ORIENTED_EDGE ( 'NONE', *, *, #9674, .F. ) ;
#7008 = DIRECTION ( 'NONE',  ( -2.775557561562891351E-16, 7.993605777301225541E-14, -1.000000000000000000 ) ) ;
#7009 = DIRECTION ( 'NONE',  ( 0.9954954725939522131, -0.09480909262799622206, 0.0000000000000000000 ) ) ;
#7010 = FACE_OUTER_BOUND ( 'NONE', #8325, .T. ) ;
#7011 = EDGE_CURVE ( 'NONE', #4245, #1241, #5267, .T. ) ;
#7012 = EDGE_CURVE ( 'NONE', #8614, #6420, #154, .T. ) ;
#7013 = DIRECTION ( 'NONE',  ( 2.556434596176350141E-15, 1.000000000000000000, 0.0000000000000000000 ) ) ;
#7014 = CARTESIAN_POINT ( 'NONE',  ( 4.515384615403285729, 15.50000000000000000, -4.795936613502206569 ) ) ;
#7015 = CARTESIAN_POINT ( 'NONE',  ( 4.500000000000000000, 15.29999999999999893, 5.259999999999999787 ) ) ;
#7016 = CARTESIAN_POINT ( 'NONE',  ( 6.500000000000000000, 11.69999999999999929, 9.400000000000000355 ) ) ;
#7017 = CIRCLE ( 'NONE', #3622, 0.2999999999999999334 ) ;
#7018 = CARTESIAN_POINT ( 'NONE',  ( 8.899795149060294008, 15.20000000000010054, -3.438388126292679203 ) ) ;
#7019 = EDGE_CURVE ( 'NONE', #1801, #10138, #4310, .T. ) ;
#7020 = ORIENTED_EDGE ( 'NONE', *, *, #10322, .F. ) ;
#7021 = ORIENTED_EDGE ( 'NONE', *, *, #6276, .T. ) ;
#7022 = CARTESIAN_POINT ( 'NONE',  ( 4.430856890500439960, 15.42062190192916482, 6.268969115609471565 ) ) ;
#7023 = SURFACE_SIDE_STYLE ('',( #1986 ) ) ;
#7024 = DIRECTION ( 'NONE',  ( 0.0000000000000000000, -0.9615239476408231623, -0.2747211278973781257 ) ) ;
#7025 = CARTESIAN_POINT ( 'NONE',  ( 7.145274055973660055, 15.50000000000000533, -8.459650184518089588 ) ) ;
#7026 = VERTEX_POINT ( 'NONE', #1787 ) ;
#7027 = VECTOR ( 'NONE', #3162, 1000.000000000000000 ) ;
#7028 = CARTESIAN_POINT ( 'NONE',  ( 8.500000000000000000, 15.30000000000000071, 9.070000000000000284 ) ) ;
#7029 = CARTESIAN_POINT ( 'NONE',  ( 9.628445380721966984, 15.20000000000009699, 3.505602668247341569 ) ) ;
#7030 = DIRECTION ( 'NONE',  ( 0.0000000000000000000, 0.0000000000000000000, -1.000000000000000000 ) ) ;
#7031 = CARTESIAN_POINT ( 'NONE',  ( 9.650000000000000355, 13.20000000000007567, -3.610000000000004761 ) ) ;
#7032 = CARTESIAN_POINT ( 'NONE',  ( 10.90000000000000036, 6.757765876465089860, -5.615000000000000213 ) ) ;
#7033 = EDGE_CURVE ( 'NONE', #8169, #5484, #206, .T. ) ;
#7034 = ORIENTED_EDGE ( 'NONE', *, *, #466, .T. ) ;
#7035 = EDGE_CURVE ( 'NONE', #6464, #11095, #41, .T. ) ;
#7036 =( GEOMETRIC_REPRESENTATION_CONTEXT ( 3 ) GLOBAL_UNCERTAINTY_ASSIGNED_CONTEXT ( ( #5845 ) ) GLOBAL_UNIT_ASSIGNED_CONTEXT ( ( #305, #983, #8653 ) ) REPRESENTATION_CONTEXT ( 'NONE', 'WORKASPACE' ) );
#7037 = CYLINDRICAL_SURFACE ( 'NONE', #655, 0.2000000000000001499 ) ;
#7038 =( LENGTH_UNIT ( ) NAMED_UNIT ( * ) SI_UNIT ( .MILLI., .METRE. ) );
#7039 = FACE_OUTER_BOUND ( 'NONE', #4560, .T. ) ;
#7040 = CARTESIAN_POINT ( 'NONE',  ( 8.499999999999998224, 15.30000000000000249, 6.467419462942110009 ) ) ;
#7041 = FACE_BOUND ( 'NONE', #1683, .T. ) ;
#7042 = ORIENTED_EDGE ( 'NONE', *, *, #9575, .T. ) ;
#7043 = CARTESIAN_POINT ( 'NONE',  ( 10.20000000000000107, 5.200000000000001066, -1.316269301653442803 ) ) ;
#7044 = VERTEX_POINT ( 'NONE', #3631 ) ;
#7045 = B_SPLINE_CURVE_WITH_KNOTS ( 'NONE', 3,
 ( #8896, #4636, #8062, #10854 ),
 .UNSPECIFIED., .F., .F.,
 ( 4, 4 ),
 ( 0.0000000000000000000, 1.000000000000000000 ),
 .UNSPECIFIED. ) ;
#7046 = VECTOR ( 'NONE', #9301, 1000.000000000000000 ) ;
#7047 = FACE_OUTER_BOUND ( 'NONE', #8899, .T. ) ;
#7048 = CARTESIAN_POINT ( 'NONE',  ( 5.582524292228029594, 15.50000000000000533, -7.091200070610555350 ) ) ;
#7049 = EDGE_LOOP ( 'NONE', ( #595, #10219, #6314, #4358 ) ) ;
#7050 = EDGE_LOOP ( 'NONE', ( #1432, #133, #2752, #4780 ) ) ;
#7051 = ADVANCED_FACE ( 'NONE', ( #7047 ), #10479, .T. ) ;
#7052 = PLANE ( 'NONE',  #10888 ) ;
#7053 = VERTEX_POINT ( 'NONE', #8010 ) ;
#7054 = CARTESIAN_POINT ( 'NONE',  ( 9.349999999999999645, 7.264052568565430690, 1.318493352674610541 ) ) ;
#7055 = CARTESIAN_POINT ( 'NONE',  ( 7.416841637360986006, 15.50000000000000000, 3.279847354514334956 ) ) ;
#7056 = AXIS2_PLACEMENT_3D ( 'NONE', #9228, #8277, #3973 ) ;
#7057 = CARTESIAN_POINT ( 'NONE',  ( 8.822247607754858834, 15.20000000000010054, 7.895408290565558929 ) ) ;
#7058 = FILL_AREA_STYLE_COLOUR ( '', #7600 ) ;
#7059 = EDGE_LOOP ( 'NONE', ( #5099, #5034, #2845, #3276 ) ) ;
#7060 = DIRECTION ( 'NONE',  ( 0.0000000000000000000, 0.0000000000000000000, 1.000000000000000000 ) ) ;
#7061 = DIRECTION ( 'NONE',  ( -4.336808689942017736E-16, 1.000000000000000000, 0.0000000000000000000 ) ) ;
#7062 = ORIENTED_EDGE ( 'NONE', *, *, #8402, .F. ) ;
#7063 = AXIS2_PLACEMENT_3D ( 'NONE', #11023, #5080, #5965 ) ;
#7064 = ORIENTED_EDGE ( 'NONE', *, *, #1477, .T. ) ;
#7065 = EDGE_CURVE ( 'NONE', #5816, #10768, #3053, .T. ) ;
#7066 = CARTESIAN_POINT ( 'NONE',  ( 4.905714285714243950, 15.50000000000000178, -0.3662050278859768082 ) ) ;
#7067 = CARTESIAN_POINT ( 'NONE',  ( 7.399999999999999467, 11.69999999999999929, -9.019350649350650784 ) ) ;
#7068 = B_SPLINE_CURVE_WITH_KNOTS ( 'NONE', 3,
 ( #5540, #334, #389, #3757, #3011, #2893 ),
 .UNSPECIFIED., .F., .F.,
 ( 4, 2, 4 ),
 ( 0.0000000000000000000, 0.5000000000000000000, 1.000000000000000000 ),
 .UNSPECIFIED. ) ;
#7069 = LINE ( 'NONE', #8756, #8828 ) ;
#7070 = AXIS2_PLACEMENT_3D ( 'NONE', #3015, #8852, #6389 ) ;
#7071 = CONICAL_SURFACE ( 'NONE', #4744, 1.050000000046220627, 1.339705659593408482 ) ;
#7072 = DIRECTION ( 'NONE',  ( 0.0000000000000000000, 0.0000000000000000000, -1.000000000000000000 ) ) ;
#7073 = B_SPLINE_CURVE_WITH_KNOTS ( 'NONE', 3,
 ( #8412, #739, #7578, #3307 ),
 .UNSPECIFIED., .F., .F.,
 ( 4, 4 ),
 ( 0.0000000000000000000, 1.000000000000000000 ),
 .UNSPECIFIED. ) ;
#7074 = DIRECTION ( 'NONE',  ( 0.0000000000000000000, -0.01298591791445111512, -0.9999156794129788750 ) ) ;
#7075 = DIRECTION ( 'NONE',  ( -0.0000000000000000000, 1.000000000000000000, 0.0000000000000000000 ) ) ;
#7076 =( NAMED_UNIT ( * ) PLANE_ANGLE_UNIT ( ) SI_UNIT ( $, .RADIAN. ) );
#7077 = VECTOR ( 'NONE', #297, 1000.000000000000000 ) ;
#7078 = EDGE_CURVE ( 'NONE', #3108, #11026, #3900, .T. ) ;
#7079 = CARTESIAN_POINT ( 'NONE',  ( 8.706350832689640384, 13.19999999999999929, 0.2499999999999993616 ) ) ;
#7080 = VECTOR ( 'NONE', #10240, 1000.000000000000000 ) ;
#7081 = ADVANCED_FACE ( 'NONE', ( #9693 ), #4748, .T. ) ;
#7082 = CARTESIAN_POINT ( 'NONE',  ( 6.500000000000000000, 15.50000000000000000, 6.570000000000000284 ) ) ;
#7083 = ORIENTED_EDGE ( 'NONE', *, *, #2238, .F. ) ;
#7084 = ORIENTED_EDGE ( 'NONE', *, *, #2069, .T. ) ;
#7085 = CARTESIAN_POINT ( 'NONE',  ( 11.19999999999999574, 6.504999529626092070, -9.232444090643557644 ) ) ;
#7086 = CARTESIAN_POINT ( 'NONE',  ( 9.599999999999999645, 5.701324057744237450, 8.958732383038514158 ) ) ;
#7087 =( NAMED_UNIT ( * ) PLANE_ANGLE_UNIT ( ) SI_UNIT ( $, .RADIAN. ) );
#7088 = VECTOR ( 'NONE', #6446, 1000.000000000000000 ) ;
#7089 = VERTEX_POINT ( 'NONE', #1227 ) ;
#7090 = DIRECTION ( 'NONE',  ( 0.0000000000000000000, 0.0000000000000000000, -1.000000000000000000 ) ) ;
#7091 = CARTESIAN_POINT ( 'NONE',  ( 2.949999999999960210, 15.30000000000000071, -3.810000000000000053 ) ) ;
#7092 = EDGE_CURVE ( 'NONE', #6000, #2520, #6477, .T. ) ;
#7093 = EDGE_CURVE ( 'NONE', #5795, #6339, #9861, .T. ) ;
#7094 = CARTESIAN_POINT ( 'NONE',  ( 10.19999999999999929, 4.276481181967474399, -4.400593228898320497 ) ) ;
#7095 = VERTEX_POINT ( 'NONE', #3909 ) ;
#7096 = AXIS2_PLACEMENT_3D ( 'NONE', #3245, #9424, #9247 ) ;
#7097 = CARTESIAN_POINT ( 'NONE',  ( 8.299999999999998934, 15.50000000000000000, -8.772580537057889316 ) ) ;
#7098 = SURFACE_STYLE_USAGE ( .BOTH. , #10582 ) ;
#7099 = CARTESIAN_POINT ( 'NONE',  ( 6.359824856000593662, 15.50000000000000178, 6.570395336239988282 ) ) ;
#7100 = CARTESIAN_POINT ( 'NONE',  ( 5.659276828702123119, 15.50000000000000533, 4.454288580358102934 ) ) ;
#7101 = CARTESIAN_POINT ( 'NONE',  ( 4.299999999999999822, 9.000000000000000000, -2.360000000000000320 ) ) ;
#7102 = EDGE_CURVE ( 'NONE', #6602, #8236, #8711, .T. ) ;
#7103 = VERTEX_POINT ( 'NONE', #2002 ) ;
#7104 = CARTESIAN_POINT ( 'NONE',  ( 10.19999999999999929, 6.849934046066257665, 3.963294225182804720 ) ) ;
#7105 = ORIENTED_EDGE ( 'NONE', *, *, #6650, .F. ) ;
#7106 = VECTOR ( 'NONE', #5158, 1000.000000000000000 ) ;
#7107 = DIRECTION ( 'NONE',  ( 1.000000000000000000, 0.0000000000000000000, 0.0000000000000000000 ) ) ;
#7108 = CARTESIAN_POINT ( 'NONE',  ( 4.382196266961283726, 15.50259483730812882, 2.543896269375567787 ) ) ;
#7109 = ORIENTED_EDGE ( 'NONE', *, *, #10996, .F. ) ;
#7110 = ORIENTED_EDGE ( 'NONE', *, *, #8761, .T. ) ;
#7111 = SURFACE_SIDE_STYLE ('',( #1233 ) ) ;
#7112 = LINE ( 'NONE', #10489, #2844 ) ;
#7113 =( GEOMETRIC_REPRESENTATION_CONTEXT ( 3 ) GLOBAL_UNCERTAINTY_ASSIGNED_CONTEXT ( ( #1267 ) ) GLOBAL_UNIT_ASSIGNED_CONTEXT ( ( #5445, #9770, #7129 ) ) REPRESENTATION_CONTEXT ( 'NONE', 'WORKASPACE' ) );
#7114 = CARTESIAN_POINT ( 'NONE',  ( 8.862475782649550382, 13.20000000000013785, 3.484999999999999876 ) ) ;
#7115 = CARTESIAN_POINT ( 'NONE',  ( 6.666964126296464954, 14.50000000000000000, 6.995739695888818943 ) ) ;
#7116 = CARTESIAN_POINT ( 'NONE',  ( 10.19999999999999929, 6.723607902282769722, 7.029290092485821262 ) ) ;
#7117 = VERTEX_POINT ( 'NONE', #4693 ) ;
#7118 = PRESENTATION_STYLE_ASSIGNMENT (( #6893 ) ) ;
#7119 = ADVANCED_FACE ( 'NONE', ( #1388 ), #6376, .T. ) ;
#7120 = EDGE_LOOP ( 'NONE', ( #11001, #8421, #8912, #10232 ) ) ;
#7121 = CARTESIAN_POINT ( 'NONE',  ( 10.19999999999999929, 4.149942555633348462, 7.773294361550094678 ) ) ;
#7122 = EDGE_CURVE ( 'NONE', #4026, #4424, #9116, .T. ) ;
#7123 = CARTESIAN_POINT ( 'NONE',  ( 4.394278064412622697, 15.50000000000000888, 0.9583865156575036570 ) ) ;
#7124 = EDGE_LOOP ( 'NONE', ( #7821, #9032, #1700, #419, #240, #9741 ) ) ;
#7125 = AXIS2_PLACEMENT_3D ( 'NONE', #2226, #3170, #10759 ) ;
#7126 = VERTEX_POINT ( 'NONE', #2168 ) ;
#7127 = CARTESIAN_POINT ( 'NONE',  ( 4.382842712474610103, 15.50000000000001066, -1.039230484541294741 ) ) ;
#7128 = DIRECTION ( 'NONE',  ( 0.09480909262799622206, 0.9954954725939522131, 0.0000000000000000000 ) ) ;
#7129 =( NAMED_UNIT ( * ) SI_UNIT ( $, .STERADIAN. ) SOLID_ANGLE_UNIT ( ) );
#7130 = LINE ( 'NONE', #9602, #9541 ) ;
#7131 = AXIS2_PLACEMENT_3D ( 'NONE', #6556, #563, #6448 ) ;
#7132 = CARTESIAN_POINT ( 'NONE',  ( 9.650000000000000355, 13.19999999999999929, 4.209999999999999964 ) ) ;
#7133 = CARTESIAN_POINT ( 'NONE',  ( 4.416251525940023903, 15.50000000000000178, 8.543498959855847730 ) ) ;
#7134 = CARTESIAN_POINT ( 'NONE',  ( 6.500000000000000888, 14.49999999999890754, -3.184999999989255315 ) ) ;
#7135 =( GEOMETRIC_REPRESENTATION_CONTEXT ( 3 ) GLOBAL_UNCERTAINTY_ASSIGNED_CONTEXT ( ( #24 ) ) GLOBAL_UNIT_ASSIGNED_CONTEXT ( ( #5429, #105, #1009 ) ) REPRESENTATION_CONTEXT ( 'NONE', 'WORKASPACE' ) );
#7136 = DIRECTION ( 'NONE',  ( 0.0000000000000000000, 1.000000000000000000, -0.0000000000000000000 ) ) ;
#7137 = LINE ( 'NONE', #5456, #2726 ) ;
#7138 = ORIENTED_EDGE ( 'NONE', *, *, #2042, .F. ) ;
#7139 = CARTESIAN_POINT ( 'NONE',  ( 9.599999999999999645, 5.199999999999999289, -5.126244658108840113 ) ) ;
#7140 = FILL_AREA_STYLE_COLOUR ( '', #1847 ) ;
#7141 = CARTESIAN_POINT ( 'NONE',  ( 4.500000000000000000, 15.30000000000000604, -1.152580537057885435 ) ) ;
#7142 = CIRCLE ( 'NONE', #2655, 1.050000000000000488 ) ;
#7143 = EDGE_CURVE ( 'NONE', #2998, #10424, #7922, .T. ) ;
#7144 = VERTEX_POINT ( 'NONE', #3745 ) ;
#7145 = CARTESIAN_POINT ( 'NONE',  ( 8.299999999999998934, 15.30259718358289689, 5.162563672940486015 ) ) ;
#7146 = LINE ( 'NONE', #9848, #7436 ) ;
#7147 = ORIENTED_EDGE ( 'NONE', *, *, #5203, .F. ) ;
#7148 = DIRECTION ( 'NONE',  ( -1.000000000000000000, -0.0000000000000000000, -0.0000000000000000000 ) ) ;
#7149 = VERTEX_POINT ( 'NONE', #6430 ) ;
#7150 = CIRCLE ( 'NONE', #2307, 0.2999999999999999889 ) ;
#7151 = DIRECTION ( 'NONE',  ( 2.556434596176350141E-15, 1.000000000000000000, 0.0000000000000000000 ) ) ;
#7152 = CARTESIAN_POINT ( 'NONE',  ( 6.225913984850675043, 15.50000000000000178, 6.597035339246351882 ) ) ;
#7153 = CARTESIAN_POINT ( 'NONE',  ( 9.449999999999999289, 13.19999999999999929, 7.820000000000000284 ) ) ;
#7154 = EDGE_CURVE ( 'NONE', #7507, #1444, #5582, .T. ) ;
#7155 = ORIENTED_EDGE ( 'NONE', *, *, #5303, .T. ) ;
#7156 = EDGE_CURVE ( 'NONE', #6799, #2070, #5846, .T. ) ;
#7157 = ORIENTED_EDGE ( 'NONE', *, *, #3410, .F. ) ;
#7158 = CARTESIAN_POINT ( 'NONE',  ( 10.19999999999999929, 6.850057444366775883, 3.656705638450381990 ) ) ;
#7159 = ORIENTED_EDGE ( 'NONE', *, *, #635, .T. ) ;
#7160 = CARTESIAN_POINT ( 'NONE',  ( 8.770205957768220983, 15.20000000000010054, -3.559591709434445139 ) ) ;
#7161 = CARTESIAN_POINT ( 'NONE',  ( 4.299999999999982947, 9.000000000000000000, 2.770769515458794796 ) ) ;
#7162 = ORIENTED_EDGE ( 'NONE', *, *, #11070, .F. ) ;
#7163 = LINE ( 'NONE', #3748, #3021 ) ;
#7164 = EDGE_LOOP ( 'NONE', ( #7155, #2204, #132, #7451 ) ) ;
#7165 =( NAMED_UNIT ( * ) PLANE_ANGLE_UNIT ( ) SI_UNIT ( $, .RADIAN. ) );
#7166 = CARTESIAN_POINT ( 'NONE',  ( 20.10000000000000142, 5.500000000000000000, 6.269999999999980034 ) ) ;
#7167 = CARTESIAN_POINT ( 'NONE',  ( 9.350000000000003197, 7.699908738686003673, 4.163892045775592798 ) ) ;
#7168 = FACE_OUTER_BOUND ( 'NONE', #966, .T. ) ;
#7169 = ORIENTED_EDGE ( 'NONE', *, *, #11081, .F. ) ;
#7170 = FACE_OUTER_BOUND ( 'NONE', #5860, .T. ) ;
#7171 = CARTESIAN_POINT ( 'NONE',  ( 4.346153846153806732, 15.41715728752538261, 0.8793488715349683238 ) ) ;
#7172 = ORIENTED_EDGE ( 'NONE', *, *, #6901, .T. ) ;
#7173 = CARTESIAN_POINT ( 'NONE',  ( -0.9999999999999997780, 15.30259718358290044, 1.352563672940482187 ) ) ;
#7174 = EDGE_LOOP ( 'NONE', ( #2518, #1862, #3372, #4695, #9479, #6316, #3683, #9750 ) ) ;
#7175 = ORIENTED_EDGE ( 'NONE', *, *, #4779, .F. ) ;
#7176 = CARTESIAN_POINT ( 'NONE',  ( 7.124999999982374987, 14.49999999999817923, -7.456375382630144877 ) ) ;
#7177 = EDGE_CURVE ( 'NONE', #10652, #9886, #2957, .T. ) ;
#7178 = DIRECTION ( 'NONE',  ( -1.000000000000000000, 0.0000000000000000000, 0.0000000000000000000 ) ) ;
#7179 = ADVANCED_FACE ( 'NONE', ( #10021 ), #9216, .T. ) ;
#7180 = B_SPLINE_CURVE_WITH_KNOTS ( 'NONE', 3,
 ( #9717, #9665, #7240, #10667 ),
 .UNSPECIFIED., .F., .F.,
 ( 4, 4 ),
 ( 0.0000000000000000000, 1.000000000000000000 ),
 .UNSPECIFIED. ) ;
#7181 = DIRECTION ( 'NONE',  ( -1.000000000000000000, 0.0000000000000000000, -1.531342102931250010E-16 ) ) ;
#7182 = LINE ( 'NONE', #7236, #7585 ) ;
#7183 =( BOUNDED_SURFACE ( )  B_SPLINE_SURFACE ( 3, 3, ( 
 ( #3281, #6699, #89, #6034 ),
 ( #10139, #4353, #32, #939 ),
 ( #1604, #6871, #5028, #5798 ),
 ( #767, #4181, #9337, #5914 ) ),
 .UNSPECIFIED., .F., .F., .F. ) 
 B_SPLINE_SURFACE_WITH_KNOTS ( ( 4, 4 ),
 ( 4, 4 ),
 ( 0.0000000000000000000, 1.000000000000000000 ),
 ( 0.0000000000000000000, 1.000000000000000000 ),
 .UNSPECIFIED. ) 
 GEOMETRIC_REPRESENTATION_ITEM ( )  RATIONAL_B_SPLINE_SURFACE ( (
 ( 1.000000000000000000, 0.8047378541243540573, 0.8047378541243540573, 1.000000000000000000),
 ( 0.8025111867385930076, 0.6458111303268041503, 0.6458111303268041503, 0.8025111867385930076),
 ( 0.8025111867385930076, 0.6458111303268041503, 0.6458111303268041503, 0.8025111867385930076),
 ( 1.000000000000000000, 0.8047378541243540573, 0.8047378541243540573, 1.000000000000000000) ) ) 
 REPRESENTATION_ITEM ( '' )  SURFACE ( )  );
#7184 = CARTESIAN_POINT ( 'NONE',  ( 8.500000000000000000, 9.000000000000000000, -2.375584415584410802 ) ) ;
#7185 = DIRECTION ( 'NONE',  ( 0.0000000000000000000, 0.0000000000000000000, 1.000000000000000000 ) ) ;
#7186 = CARTESIAN_POINT ( 'NONE',  ( 4.694285714285665989, 15.30000000000000071, 7.946615295141567614 ) ) ;
#7187 = LINE ( 'NONE', #1085, #4553 ) ;
#7188 = ORIENTED_EDGE ( 'NONE', *, *, #10039, .T. ) ;
#7189 = CARTESIAN_POINT ( 'NONE',  ( 5.275000000000000355, -3.169016773915444700E-17, -9.119999999999999218 ) ) ;
#7190 = ORIENTED_EDGE ( 'NONE', *, *, #8230, .T. ) ;
#7191 = CARTESIAN_POINT ( 'NONE',  ( 11.13040597165594114, 6.650075730204359381, -1.747891493408794572 ) ) ;
#7192 = VECTOR ( 'NONE', #7931, 1000.000000000000000 ) ;
#7193 = UNCERTAINTY_MEASURE_WITH_UNIT (LENGTH_MEASURE( 1.000000000000000082E-05 ), #4856, 'distance_accuracy_value', 'NONE');
#7194 = CARTESIAN_POINT ( 'NONE',  ( 9.350000000000001421, 7.799999999999999822, -9.220000000000000639 ) ) ;
#7195 = ORIENTED_EDGE ( 'NONE', *, *, #2108, .T. ) ;
#7196 = CARTESIAN_POINT ( 'NONE',  ( 8.706350832689631503, 13.20000000000007567, 7.870000000000000107 ) ) ;
#7197 = ORIENTED_EDGE ( 'NONE', *, *, #5549, .F. ) ;
#7198 = ADVANCED_FACE ( 'NONE', ( #1487 ), #3273, .T. ) ;
#7199 = CARTESIAN_POINT ( 'NONE',  ( 9.650000000000005684, 15.20000000000007390, -7.819999999999996732 ) ) ;
#7200 = B_SPLINE_CURVE_WITH_KNOTS ( 'NONE', 3,
 ( #9402, #6140, #7676, #10251 ),
 .UNSPECIFIED., .F., .F.,
 ( 4, 4 ),
 ( 0.0000000000000000000, 1.000000000000000000 ),
 .UNSPECIFIED. ) ;
#7201 = VECTOR ( 'NONE', #5250, 1000.000000000000000 ) ;
#7202 = CARTESIAN_POINT ( 'NONE',  ( 6.360211704658959242, 15.50000000000000178, 8.669611024965080404 ) ) ;
#7203 = CARTESIAN_POINT ( 'NONE',  ( 9.350000000000001421, 8.699999999999999289, -9.919999999999999929 ) ) ;
#7204 = ORIENTED_EDGE ( 'NONE', *, *, #8805, .T. ) ;
#7205 = CARTESIAN_POINT ( 'NONE',  ( 8.369143109499560751, 15.42062190192916304, -1.351030884390530318 ) ) ;
#7206 = ORIENTED_EDGE ( 'NONE', *, *, #4355, .T. ) ;
#7207 = CARTESIAN_POINT ( 'NONE',  ( 10.19999999999999929, 6.459761569003256376, 2.848174353068504416 ) ) ;
#7208 = ORIENTED_EDGE ( 'NONE', *, *, #2524, .T. ) ;
#7209 = UNCERTAINTY_MEASURE_WITH_UNIT (LENGTH_MEASURE( 1.000000000000000082E-05 ), #3197, 'distance_accuracy_value', 'NONE');
#7210 = CARTESIAN_POINT ( 'NONE',  ( 9.600000000000001421, 5.799999999999998046, -5.126232908051130188 ) ) ;
#7211 = ORIENTED_EDGE ( 'NONE', *, *, #6338, .T. ) ;
#7212 = VECTOR ( 'NONE', #9976, 1000.000000000000000 ) ;
#7213 = CARTESIAN_POINT ( 'NONE',  ( 4.499999999999999112, 15.50000000000000000, -4.962580537057890595 ) ) ;
#7214 = EDGE_CURVE ( 'NONE', #2520, #8897, #8268, .T. ) ;
#7215 = CARTESIAN_POINT ( 'NONE',  ( 4.499999999999952927, 15.30000000000001137, -2.770769515458670007 ) ) ;
#7216 = EDGE_CURVE ( 'NONE', #1668, #7755, #653, .T. ) ;
#7217 = ORIENTED_EDGE ( 'NONE', *, *, #4572, .T. ) ;
#7218 = CARTESIAN_POINT ( 'NONE',  ( 8.499999999999989342, 13.20000000000010054, -7.370000000000000107 ) ) ;
#7219 = CARTESIAN_POINT ( 'NONE',  ( 4.299999999999999822, 9.000000000000000000, -2.360000000000000320 ) ) ;
#7220 = CARTESIAN_POINT ( 'NONE',  ( 9.349999999999999645, 7.103079644981812102, 5.335644766631833846 ) ) ;
#7221 = CARTESIAN_POINT ( 'NONE',  ( 11.20000000000000284, 5.500000000000000000, 6.269999999999980034 ) ) ;
#7222 = AXIS2_PLACEMENT_3D ( 'NONE', #2966, #10823, #3131 ) ;
#7223 = FACE_OUTER_BOUND ( 'NONE', #2387, .T. ) ;
#7224 = EDGE_LOOP ( 'NONE', ( #7659, #8496, #2941, #7259 ) ) ;
#7225 = CARTESIAN_POINT ( 'NONE',  ( 4.346153846153805844, 15.50000000000009948, 0.8793488715349686569 ) ) ;
#7226 = ORIENTED_EDGE ( 'NONE', *, *, #5314, .T. ) ;
#7227 = DIRECTION ( 'NONE',  ( 2.556434596176350141E-15, 1.000000000000000000, 0.0000000000000000000 ) ) ;
#7228 = ORIENTED_EDGE ( 'NONE', *, *, #10827, .F. ) ;
#7229 = VERTEX_POINT ( 'NONE', #2271 ) ;
#7230 = CARTESIAN_POINT ( 'NONE',  ( 9.628445380721961655, 13.20000000000010232, -0.3043973317526565969 ) ) ;
#7231 = VECTOR ( 'NONE', #7554, 1000.000000000000000 ) ;
#7232 = EDGE_CURVE ( 'NONE', #9307, #2617, #6693, .T. ) ;
#7233 = FACE_OUTER_BOUND ( 'NONE', #2419, .T. ) ;
#7234 = B_SPLINE_CURVE_WITH_KNOTS ( 'NONE', 3,
 ( #10970, #3282, #10140, #5853 ),
 .UNSPECIFIED., .F., .F.,
 ( 4, 4 ),
 ( 0.0000000000000000000, 1.000000000000000000 ),
 .UNSPECIFIED. ) ;
#7235 = CARTESIAN_POINT ( 'NONE',  ( 10.20000000000000462, 4.149999999999979927, -7.923008227761048516 ) ) ;
#7236 = CARTESIAN_POINT ( 'NONE',  ( 5.275000000000000355, -3.169016773915444700E-17, 9.119999999999999218 ) ) ;
#7237 = DIRECTION ( 'NONE',  ( 1.000000000000000000, 0.0000000000000000000, 0.0000000000000000000 ) ) ;
#7238 = CIRCLE ( 'NONE', #6166, 0.2999999999999999334 ) ;
#7239 = VECTOR ( 'NONE', #8232, 1000.000000000000000 ) ;
#7240 = CARTESIAN_POINT ( 'NONE',  ( 4.505159402840951621, 15.50000000000000000, -1.002229857848385697 ) ) ;
#7241 = CYLINDRICAL_SURFACE ( 'NONE', #3869, 1.350000000000020073 ) ;
#7242 = EDGE_CURVE ( 'NONE', #5211, #6144, #821, .T. ) ;
#7243 = EDGE_CURVE ( 'NONE', #4818, #9397, #5135, .T. ) ;
#7244 = CARTESIAN_POINT ( 'NONE',  ( 11.12637783952699344, 6.654901203254108388, 2.059525084086548219 ) ) ;
#7245 = CARTESIAN_POINT ( 'NONE',  ( 9.599999999999999645, 5.298735346751792363, -1.338711301363028738 ) ) ;
#7246 = ORIENTED_EDGE ( 'NONE', *, *, #6295, .F. ) ;
#7247 = CARTESIAN_POINT ( 'NONE',  ( 11.19999999999999574, 7.875225272954530453, -8.378413718045008451 ) ) ;
#7248 = AXIS2_PLACEMENT_3D ( 'NONE', #3516, #5526, #6372 ) ;
#7249 = DIRECTION ( 'NONE',  ( 0.0000000000000000000, 0.0000000000000000000, 1.000000000000000000 ) ) ;
#7250 = B_SPLINE_CURVE_WITH_KNOTS ( 'NONE', 3,
 ( #10375, #5269, #8679, #1008 ),
 .UNSPECIFIED., .F., .F.,
 ( 4, 4 ),
 ( 0.0000000000000000000, 1.000000000000000000 ),
 .UNSPECIFIED. ) ;
#7251 = SURFACE_STYLE_FILL_AREA ( #2982 ) ;
#7252 = ORIENTED_EDGE ( 'NONE', *, *, #436, .F. ) ;
#7253 = CARTESIAN_POINT ( 'NONE',  ( 4.299999999999973177, 15.30000000000000071, 4.849230484541330100 ) ) ;
#7254 = EDGE_CURVE ( 'NONE', #2232, #1168, #4171, .T. ) ;
#7255 = EDGE_CURVE ( 'NONE', #8026, #7149, #1537, .T. ) ;
#7256 = CIRCLE ( 'NONE', #10308, 0.2000000000000000944 ) ;
#7257 = VECTOR ( 'NONE', #10300, 1000.000000000000000 ) ;
#7258 = CARTESIAN_POINT ( 'NONE',  ( 8.766061818946786488, 15.20000000000020002, 3.560000000000000053 ) ) ;
#7259 = ORIENTED_EDGE ( 'NONE', *, *, #458, .F. ) ;
#7260 = DIRECTION ( 'NONE',  ( 0.0000000000000000000, 0.0000000000000000000, -1.000000000000000000 ) ) ;
#7261 = ORIENTED_EDGE ( 'NONE', *, *, #9619, .T. ) ;
#7262 = CARTESIAN_POINT ( 'NONE',  ( 10.19999999999999929, 6.346386262629342134, 1.062639902568491612 ) ) ;
#7263 = VECTOR ( 'NONE', #6635, 1000.000000000000000 ) ;
#7264 = DIRECTION ( 'NONE',  ( 1.000000000000000000, -0.0000000000000000000, 0.0000000000000000000 ) ) ;
#7265 = CARTESIAN_POINT ( 'NONE',  ( 10.19999999999999929, 5.799999999999999822, 5.126244658108830343 ) ) ;
#7266 = EDGE_LOOP ( 'NONE', ( #5640, #5597, #10422, #8639 ) ) ;
#7267 = CARTESIAN_POINT ( 'NONE',  ( 4.299999999999999822, 9.034856442049489900, 2.576053962189510216 ) ) ;
#7268 = VERTEX_POINT ( 'NONE', #4232 ) ;
#7269 = DIRECTION ( 'NONE',  ( 1.531342102931250010E-16, -0.0000000000000000000, -1.000000000000000000 ) ) ;
#7270 = CARTESIAN_POINT ( 'NONE',  ( 9.650000000000003908, 15.20000000000010232, -4.062359877559829968 ) ) ;
#7271 = VECTOR ( 'NONE', #7391, 1000.000000000000000 ) ;
#7272 = CARTESIAN_POINT ( 'NONE',  ( 4.299999999999978506, 15.41715728752535952, -4.849230484541302566 ) ) ;
#7273 = CARTESIAN_POINT ( 'NONE',  ( 4.299999999999963407, 15.50000000000009948, -4.849230484541299901 ) ) ;
#7274 = LINE ( 'NONE', #2944, #10363 ) ;
#7275 = VERTEX_POINT ( 'NONE', #9330 ) ;
#7276 = CARTESIAN_POINT ( 'NONE',  ( 5.582979071374055025, 15.50000000000000533, -4.340104318592922894 ) ) ;
#7277 = B_SPLINE_CURVE_WITH_KNOTS ( 'NONE', 3,
 ( #10924, #4980, #3176, #5701 ),
 .UNSPECIFIED., .F., .F.,
 ( 4, 4 ),
 ( 0.0000000000000000000, 1.000000000000000000 ),
 .UNSPECIFIED. ) ;
#7278 = CARTESIAN_POINT ( 'NONE',  ( 8.706350832689592423, 13.20000000000010054, -7.370000000000000107 ) ) ;
#7279 = CARTESIAN_POINT ( 'NONE',  ( 8.500000000000000000, 15.50000000000000000, 5.259999999999999787 ) ) ;
#7280 = CARTESIAN_POINT ( 'NONE',  ( 8.822247607754860610, 15.20000000000010054, 4.085408290565554879 ) ) ;
#7281 = ORIENTED_EDGE ( 'NONE', *, *, #4202, .F. ) ;
#7282 = CARTESIAN_POINT ( 'NONE',  ( 8.299999999999998934, 15.50000000000000000, -4.962580537057890595 ) ) ;
#7283 = ORIENTED_EDGE ( 'NONE', *, *, #3377, .T. ) ;
#7284 = CARTESIAN_POINT ( 'NONE',  ( 10.19999999999999929, 4.910851546925712796, 6.396003252674041129 ) ) ;
#7285 = ORIENTED_EDGE ( 'NONE', *, *, #8374, .T. ) ;
#7286 = EDGE_CURVE ( 'NONE', #1621, #511, #5021, .T. ) ;
#7287 = FACE_OUTER_BOUND ( 'NONE', #264, .T. ) ;
#7288 = ORIENTED_EDGE ( 'NONE', *, *, #2092, .F. ) ;
#7289 = ORIENTED_EDGE ( 'NONE', *, *, #3130, .T. ) ;
#7290 = VECTOR ( 'NONE', #6050, 1000.000000000000000 ) ;
#7291 = DIRECTION ( 'NONE',  ( 0.0000000000000000000, 0.0000000000000000000, -1.000000000000000000 ) ) ;
#7292 = CARTESIAN_POINT ( 'NONE',  ( 11.20000000000000107, 7.065345752887019160, 4.899638316440245056 ) ) ;
#7293 = CARTESIAN_POINT ( 'NONE',  ( 10.20000000000000284, 4.149999999999980815, -7.316991772238949032 ) ) ;
#7294 = CARTESIAN_POINT ( 'NONE',  ( 4.395606856450871902, 15.47844707036062673, -1.151994674788828332 ) ) ;
#7295 = CARTESIAN_POINT ( 'NONE',  ( 4.500000000000000000, 15.50000000000000000, 9.070000000000000284 ) ) ;
#7296 = CARTESIAN_POINT ( 'NONE',  ( 11.19999999999999751, 6.457765876465027866, 1.640940134763995584 ) ) ;
#7297 = AXIS2_PLACEMENT_3D ( 'NONE', #5256, #9401, #7553 ) ;
#7298 = EDGE_CURVE ( 'NONE', #8708, #3898, #7601, .T. ) ;
#7299 = EDGE_CURVE ( 'NONE', #7634, #10352, #11021, .T. ) ;
#7300 = DIRECTION ( 'NONE',  ( -1.000000000000000000, -0.0000000000000000000, -0.0000000000000000000 ) ) ;
#7301 = VERTEX_POINT ( 'NONE', #2429 ) ;
#7302 = FACE_OUTER_BOUND ( 'NONE', #698, .T. ) ;
#7303 =( NAMED_UNIT ( * ) PLANE_ANGLE_UNIT ( ) SI_UNIT ( $, .RADIAN. ) );
#7304 = ORIENTED_EDGE ( 'NONE', *, *, #8359, .F. ) ;
#7305 = LINE ( 'NONE', #6352, #8372 ) ;
#7306 = VECTOR ( 'NONE', #4090, 1000.000000000000000 ) ;
#7307 = CARTESIAN_POINT ( 'NONE',  ( -0.9999999999999997780, 15.30259718358290044, -8.972563672940482959 ) ) ;
#7308 = ORIENTED_EDGE ( 'NONE', *, *, #1526, .F. ) ;
#7309 = CARTESIAN_POINT ( 'NONE',  ( 4.346153846153821831, 15.41715728752538261, -6.740651128465054320 ) ) ;
#7310 = AXIS2_PLACEMENT_3D ( 'NONE', #5732, #11009, #8070 ) ;
#7311 = PLANE ( 'NONE',  #4735 ) ;
#7312 = ORIENTED_EDGE ( 'NONE', *, *, #2621, .T. ) ;
#7313 = LINE ( 'NONE', #9101, #4108 ) ;
#7314 =( BOUNDED_CURVE ( )  B_SPLINE_CURVE ( 3, ( #5828, #4112, #1577, #3202 ),
 .UNSPECIFIED., .F., .T. ) 
 B_SPLINE_CURVE_WITH_KNOTS ( ( 4, 4 ),
 ( 0.0000000000000000000, 1.000000000000000000 ),
 .UNSPECIFIED. ) 
 CURVE ( )  GEOMETRIC_REPRESENTATION_ITEM ( )  RATIONAL_B_SPLINE_CURVE ( ( 1.000000000000000000, 0.8047378541243670469, 0.8047378541243670469, 1.000000000000000000 ) ) 
 REPRESENTATION_ITEM ( '' )  );
#7315 = VERTEX_POINT ( 'NONE', #4124 ) ;
#7316 = MECHANICAL_DESIGN_GEOMETRIC_PRESENTATION_REPRESENTATION (  '', ( #3554 ), #3734 ) ;
#7317 = EDGE_CURVE ( 'NONE', #5595, #2998, #9969, .T. ) ;
#7318 = CARTESIAN_POINT ( 'NONE',  ( 8.300000000000000711, 15.30259718358289689, -6.267436327059515477 ) ) ;
#7319 = CIRCLE ( 'NONE', #1244, 0.1999999999999996503 ) ;
#7320 = EDGE_CURVE ( 'NONE', #5011, #9902, #6177, .T. ) ;
#7321 = CARTESIAN_POINT ( 'NONE',  ( 4.515384615381074163, 15.50000000000000000, 8.605936613546161240 ) ) ;
#7322 = CARTESIAN_POINT ( 'NONE',  ( 4.299999999999999822, 15.50000000000000000, -2.657419462942110400 ) ) ;
#7323 = ORIENTED_EDGE ( 'NONE', *, *, #7362, .F. ) ;
#7324 = DIRECTION ( 'NONE',  ( 1.000000000000000000, 0.0000000000000000000, 0.0000000000000000000 ) ) ;
#7325 = CARTESIAN_POINT ( 'NONE',  ( 8.899795149060286903, 13.20000000000010054, 7.991611873707320512 ) ) ;
#7326 = CARTESIAN_POINT ( 'NONE',  ( 10.19999999999999929, 5.799999999999999822, 9.619999999999979678 ) ) ;
#7327 = AXIS2_PLACEMENT_3D ( 'NONE', #9682, #7148, #8826 ) ;
#7328 = CARTESIAN_POINT ( 'NONE',  ( 4.500000000000000000, 15.50000000000000000, -2.657419462942110400 ) ) ;
#7329 = ORIENTED_EDGE ( 'NONE', *, *, #726, .T. ) ;
#7330 = B_SPLINE_CURVE_WITH_KNOTS ( 'NONE', 3,
 ( #5683, #7421, #4958, #5780, #9208, #6686, #9106, #11014, #6527, #4006 ),
 .UNSPECIFIED., .F., .F.,
 ( 4, 2, 2, 2, 4 ),
 ( 0.0000000000000000000, 0.2500000000000000000, 0.5000000000000000000, 0.7500000000000000000, 1.000000000000000000 ),
 .UNSPECIFIED. ) ;
#7331 = CARTESIAN_POINT ( 'NONE',  ( 4.382196266961282838, 15.50259483730812882, 5.076103730624432764 ) ) ;
#7332 = CARTESIAN_POINT ( 'NONE',  ( 9.600000000000001421, 5.799999999999998046, 1.316236820298942733 ) ) ;
#7333 = ADVANCED_FACE ( 'NONE', ( #3566 ), #5827, .F. ) ;
#7334 = DIRECTION ( 'NONE',  ( -4.336808689942009847E-16, 1.000000000000000000, -0.0000000000000000000 ) ) ;
#7335 = CARTESIAN_POINT ( 'NONE',  ( 4.299999999999999822, 9.000000000000000000, 1.449999999999999956 ) ) ;
#7336 = AXIS2_PLACEMENT_3D ( 'NONE', #8101, #3148, #3897 ) ;
#7337 = CARTESIAN_POINT ( 'NONE',  ( 8.500000000000000000, 9.000000000000000000, 2.575601281123929276 ) ) ;
#7338 = AXIS2_PLACEMENT_3D ( 'NONE', #150, #10421, #3682 ) ;
#7339 = ORIENTED_EDGE ( 'NONE', *, *, #4311, .T. ) ;
#7340 = DIRECTION ( 'NONE',  ( 0.0000000000000000000, -0.0000000000000000000, -1.000000000000000000 ) ) ;
#7341 = VERTEX_POINT ( 'NONE', #7097 ) ;
#7342 = CARTESIAN_POINT ( 'NONE',  ( 4.382842712474577240, 15.50000000000000000, -2.770769515458652688 ) ) ;
#7343 = ORIENTED_EDGE ( 'NONE', *, *, #4106, .T. ) ;
#7344 = LINE ( 'NONE', #2182, #9233 ) ;
#7345 = VERTEX_POINT ( 'NONE', #8722 ) ;
#7346 = CARTESIAN_POINT ( 'NONE',  ( 6.500000000000000000, 15.50000000000000000, 7.620000000000000107 ) ) ;
#7347 = CARTESIAN_POINT ( 'NONE',  ( 9.050000000000000711, 8.699999999999999289, -9.919999999999999929 ) ) ;
#7348 = ADVANCED_FACE ( 'NONE', ( #6256, #8778 ), #1100, .T. ) ;
#7349 = CARTESIAN_POINT ( 'NONE',  ( 8.862475782649553935, 15.20000000000013962, -0.3250000000000001776 ) ) ;
#7350 = FILL_AREA_STYLE ('',( #8193 ) ) ;
#7351 = LINE ( 'NONE', #5663, #5292 ) ;
#7352 = CARTESIAN_POINT ( 'NONE',  ( 4.319577526170694348, 9.000000000000000000, -8.957202900839213555 ) ) ;
#7353 = CARTESIAN_POINT ( 'NONE',  ( 5.971200070610555244, 15.49999999999999822, -8.537475707771967848 ) ) ;
#7354 = DIRECTION ( 'NONE',  ( 1.000000000000000000, 0.0000000000000000000, -0.0000000000000000000 ) ) ;
#7355 = VERTEX_POINT ( 'NONE', #6138 ) ;
#7356 = ORIENTED_EDGE ( 'NONE', *, *, #4605, .T. ) ;
#7357 = DIRECTION ( 'NONE',  ( 1.000000000000000000, 1.445602896647339903E-15, 0.0000000000000000000 ) ) ;
#7358 = EDGE_CURVE ( 'NONE', #11008, #9858, #9737, .T. ) ;
#7359 = PRESENTATION_STYLE_ASSIGNMENT (( #1422 ) ) ;
#7360 = ORIENTED_EDGE ( 'NONE', *, *, #2990, .F. ) ;
#7361 = CARTESIAN_POINT ( 'NONE',  ( 4.515384615381074163, 15.50000000000000000, 8.605936613546161240 ) ) ;
#7362 = EDGE_CURVE ( 'NONE', #4493, #8614, #2665, .T. ) ;
#7363 = ORIENTED_EDGE ( 'NONE', *, *, #2876, .F. ) ;
#7364 =( GEOMETRIC_REPRESENTATION_CONTEXT ( 3 ) GLOBAL_UNCERTAINTY_ASSIGNED_CONTEXT ( ( #10478 ) ) GLOBAL_UNIT_ASSIGNED_CONTEXT ( ( #4163, #3260, #5894 ) ) REPRESENTATION_CONTEXT ( 'NONE', 'WORKASPACE' ) );
#7365 = CARTESIAN_POINT ( 'NONE',  ( 9.599999999999999645, 5.199999999999999289, -9.619999999999979678 ) ) ;
#7366 = ORIENTED_EDGE ( 'NONE', *, *, #3311, .F. ) ;
#7367 = CARTESIAN_POINT ( 'NONE',  ( 10.19999999999999751, 5.950251550523156574, -1.281572392209504807 ) ) ;
#7368 = B_SPLINE_CURVE_WITH_KNOTS ( 'NONE', 3,
 ( #10771, #3184, #8344, #6610, #10983, #6561 ),
 .UNSPECIFIED., .F., .F.,
 ( 4, 2, 4 ),
 ( 0.0000000000000000000, 0.5000000000000000000, 1.000000000000000000 ),
 .UNSPECIFIED. ) ;
#7369 = CARTESIAN_POINT ( 'NONE',  ( 7.417020928625902343, 15.50000000000000533, -3.279895681406923558 ) ) ;
#7370 = LINE ( 'NONE', #488, #7707 ) ;
#7371 = ORIENTED_EDGE ( 'NONE', *, *, #9077, .F. ) ;
#7372 = CARTESIAN_POINT ( 'NONE',  ( 8.862475782649550382, 13.20000000000013785, -0.3250000000000001776 ) ) ;
#7373 = DIRECTION ( 'NONE',  ( 1.000000000000000000, 1.412560544723970047E-16, -0.0000000000000000000 ) ) ;
#7374 = EDGE_CURVE ( 'NONE', #7149, #2720, #9564, .T. ) ;
#7375 = EDGE_CURVE ( 'NONE', #8772, #7920, #6310, .T. ) ;
#7376 = CARTESIAN_POINT ( 'NONE',  ( 8.404397331752658573, 15.47844538072196308, -2.657419462942110844 ) ) ;
#7377 = ORIENTED_EDGE ( 'NONE', *, *, #3298, .T. ) ;
#7378 = CARTESIAN_POINT ( 'NONE',  ( 4.499999999999999112, 15.30259718358289689, 5.162563672940486903 ) ) ;
#7379 = AXIS2_PLACEMENT_3D ( 'NONE', #7940, #9681, #3560 ) ;
#7380 = ORIENTED_EDGE ( 'NONE', *, *, #5507, .F. ) ;
#7381 = LINE ( 'NONE', #10030, #9486 ) ;
#7382 = CARTESIAN_POINT ( 'NONE',  ( 9.650000000000000355, 13.19999999999999929, -3.409999999999999698 ) ) ;
#7383 = CARTESIAN_POINT ( 'NONE',  ( 0.0000000000000000000, -6.931149602675205612E-17, 9.919999999999999929 ) ) ;
#7384 = DIRECTION ( 'NONE',  ( 0.0000000000000000000, 0.0000000000000000000, -1.000000000000000000 ) ) ;
#7385 = ORIENTED_EDGE ( 'NONE', *, *, #2335, .T. ) ;
#7386 = DIRECTION ( 'NONE',  ( -1.000000000000000000, 0.0000000000000000000, 0.0000000000000000000 ) ) ;
#7387 = ORIENTED_EDGE ( 'NONE', *, *, #3511, .F. ) ;
#7388 = CARTESIAN_POINT ( 'NONE',  ( 4.515384615384593125, 15.29999999999999893, -4.795936613539178772 ) ) ;
#7389 = ORIENTED_EDGE ( 'NONE', *, *, #412, .F. ) ;
#7390 = AXIS2_PLACEMENT_3D ( 'NONE', #796, #5765, #10890 ) ;
#7391 = DIRECTION ( 'NONE',  ( -1.000000000000000000, -0.0000000000000000000, -0.0000000000000000000 ) ) ;
#7392 = EDGE_CURVE ( 'NONE', #2547, #8383, #4517, .T. ) ;
#7393 = ORIENTED_EDGE ( 'NONE', *, *, #3969, .F. ) ;
#7394 = CARTESIAN_POINT ( 'NONE',  ( 4.505265930546624276, 15.50000000000000000, 6.617997816569415548 ) ) ;
#7395 = DIRECTION ( 'NONE',  ( 0.0000000000000000000, 0.0000000000000000000, -1.000000000000000000 ) ) ;
#7396 = COLOUR_RGB ( '',1.000000000000000000, 1.000000000000000000, 1.000000000000000000 ) ;
#7397 = CARTESIAN_POINT ( 'NONE',  ( 9.600000000000001421, 5.500000000000000000, 1.350000000000020517 ) ) ;
#7398 = FACE_OUTER_BOUND ( 'NONE', #3974, .T. ) ;
#7399 = DIRECTION ( 'NONE',  ( 0.0000000000000000000, -0.01298591791445111512, 0.9999156794129788750 ) ) ;
#7400 = CARTESIAN_POINT ( 'NONE',  ( 8.899795149060288679, 13.20000000000010054, 4.181611873707320903 ) ) ;
#7401 = EDGE_LOOP ( 'NONE', ( #3750, #7414, #7339, #4593 ) ) ;
#7402 = EDGE_CURVE ( 'NONE', #4669, #8174, #10527, .T. ) ;
#7403 =( GEOMETRIC_REPRESENTATION_CONTEXT ( 3 ) GLOBAL_UNCERTAINTY_ASSIGNED_CONTEXT ( ( #2060 ) ) GLOBAL_UNIT_ASSIGNED_CONTEXT ( ( #997, #1945, #3403 ) ) REPRESENTATION_CONTEXT ( 'NONE', 'WORKASPACE' ) );
#7404 = LINE ( 'NONE', #4250, #1184 ) ;
#7405 = ORIENTED_EDGE ( 'NONE', *, *, #662, .T. ) ;
#7406 = CARTESIAN_POINT ( 'NONE',  ( 4.599999999999959677, 15.50000000000009948, -2.770769515458670007 ) ) ;
#7407 = CARTESIAN_POINT ( 'NONE',  ( 4.346153846153844036, 15.41715728752536663, -0.8793488715349204732 ) ) ;
#7408 =( GEOMETRIC_REPRESENTATION_CONTEXT ( 3 ) GLOBAL_UNCERTAINTY_ASSIGNED_CONTEXT ( ( #3855 ) ) GLOBAL_UNIT_ASSIGNED_CONTEXT ( ( #3657, #7076, #8979 ) ) REPRESENTATION_CONTEXT ( 'NONE', 'WORKASPACE' ) );
#7409 = VECTOR ( 'NONE', #8745, 1000.000000000000000 ) ;
#7410 = ORIENTED_EDGE ( 'NONE', *, *, #118, .T. ) ;
#7411 = CARTESIAN_POINT ( 'NONE',  ( 8.862475782649546829, 13.20000000000010054, 4.135000000000001563 ) ) ;
#7412 = EDGE_CURVE ( 'NONE', #6753, #3164, #9239, .T. ) ;
#7413 = LINE ( 'NONE', #4113, #4012 ) ;
#7414 = ORIENTED_EDGE ( 'NONE', *, *, #3312, .F. ) ;
#7415 = VECTOR ( 'NONE', #9716, 1000.000000000000000 ) ;
#7416 = VECTOR ( 'NONE', #7446, 1000.000000000000000 ) ;
#7417 = DIRECTION ( 'NONE',  ( 0.0000000000000000000, -0.0000000000000000000, 1.000000000000000000 ) ) ;
#7418 = ORIENTED_EDGE ( 'NONE', *, *, #3168, .F. ) ;
#7419 = ORIENTED_EDGE ( 'NONE', *, *, #5757, .T. ) ;
#7420 = CARTESIAN_POINT ( 'NONE',  ( 8.300000000000000711, 15.49994977653715722, -6.471901299924996742 ) ) ;
#7421 = CARTESIAN_POINT ( 'NONE',  ( 10.20000000000000107, 6.095431823076658873, -6.371090503615834066 ) ) ;
#7422 = CARTESIAN_POINT ( 'NONE',  ( 11.19999999999999929, 6.524695076595960153, -9.220000000000000639 ) ) ;
#7423 = AXIS2_PLACEMENT_3D ( 'NONE', #8622, #5319, #7801 ) ;
#7424 = ORIENTED_EDGE ( 'NONE', *, *, #6191, .F. ) ;
#7425 = CIRCLE ( 'NONE', #284, 0.2000000000000000944 ) ;
#7426 = CARTESIAN_POINT ( 'NONE',  ( 4.499999999999999112, 15.29999999999999893, -4.962580537057890595 ) ) ;
#7427 = CARTESIAN_POINT ( 'NONE',  ( 4.299999999999999822, 9.000000000000000000, 9.070000000000000284 ) ) ;
#7428 = EDGE_CURVE ( 'NONE', #8897, #3390, #3735, .T. ) ;
#7429 = ADVANCED_FACE ( 'NONE', ( #256 ), #7037, .T. ) ;
#7430 = CARTESIAN_POINT ( 'NONE',  ( 8.478445380721957747, 9.000489967319664331, -5.148798491003405253 ) ) ;
#7431 = B_SPLINE_CURVE_WITH_KNOTS ( 'NONE', 3,
 ( #2217, #3798, #10244, #7489, #3334, #594, #2492, #8492, #5909, #4235, #8378, #3220, #7603, #1489, #9332 ),
 .UNSPECIFIED., .F., .F.,
 ( 4, 1, 2, 2, 2, 2, 2, 4 ),
 ( 0.0000000000000000000, 0.1249999999999995837, 0.1874999999999994726, 0.2499999999999993894, 0.4999999999999990008, 0.6249999999999990008, 0.7499999999999990008, 1.000000000000000000 ),
 .UNSPECIFIED. ) ;
#7432 = CARTESIAN_POINT ( 'NONE',  ( 4.346153846153807621, 15.30000000000000249, -8.499348871534969874 ) ) ;
#7433 = VERTEX_POINT ( 'NONE', #5416 ) ;
#7434 = LINE ( 'NONE', #7273, #6783 ) ;
#7435 = VECTOR ( 'NONE', #10241, 1000.000000000000000 ) ;
#7436 = VECTOR ( 'NONE', #2817, 1000.000000000000000 ) ;
#7437 = B_SPLINE_CURVE_WITH_KNOTS ( 'NONE', 3,
 ( #2482, #646, #3157, #2372, #3213, #5781 ),
 .UNSPECIFIED., .F., .F.,
 ( 4, 2, 4 ),
 ( 0.0000000000000000000, 0.5000000000000000000, 1.000000000000000000 ),
 .UNSPECIFIED. ) ;
#7438 = LINE ( 'NONE', #4914, #11100 ) ;
#7439 = CARTESIAN_POINT ( 'NONE',  ( 4.299999999999981171, 15.30000000000000426, 6.637729263255476297 ) ) ;
#7440 = DIRECTION ( 'NONE',  ( 0.0000000000000000000, 0.0000000000000000000, 1.000000000000000000 ) ) ;
#7441 = EDGE_CURVE ( 'NONE', #511, #10174, #5472, .T. ) ;
#7442 = DIRECTION ( 'NONE',  ( -0.0000000000000000000, 1.000000000000000000, 0.0000000000000000000 ) ) ;
#7443 = CARTESIAN_POINT ( 'NONE',  ( 0.2999999999999999889, 7.899999999999999467, 9.919999999999999929 ) ) ;
#7444 = VERTEX_POINT ( 'NONE', #8001 ) ;
#7445 = B_SPLINE_CURVE_WITH_KNOTS ( 'NONE', 3,
 ( #3794, #3963, #9910, #7372 ),
 .UNSPECIFIED., .F., .F.,
 ( 4, 4 ),
 ( 0.0000000000000000000, 1.000000000000000000 ),
 .UNSPECIFIED. ) ;
#7446 = DIRECTION ( 'NONE',  ( 0.0000000000000000000, -0.0000000000000000000, 1.000000000000000000 ) ) ;
#7447 = EDGE_LOOP ( 'NONE', ( #4299, #1299, #9237, #9765 ) ) ;
#7448 = DIRECTION ( 'NONE',  ( 0.0000000000000000000, 0.0000000000000000000, -1.000000000000000000 ) ) ;
#7449 = AXIS2_PLACEMENT_3D ( 'NONE', #9357, #1679, #5110 ) ;
#7450 = LINE ( 'NONE', #10872, #4938 ) ;
#7451 = ORIENTED_EDGE ( 'NONE', *, *, #10340, .T. ) ;
#7452 = CYLINDRICAL_SURFACE ( 'NONE', #8561, 1.050000000000000488 ) ;
#7453 = CARTESIAN_POINT ( 'NONE',  ( 10.38333333333333108, 7.009966887054361884, 9.219999999999799911 ) ) ;
#7454 = MECHANICAL_DESIGN_GEOMETRIC_PRESENTATION_REPRESENTATION (  '', ( #9068 ), #3333 ) ;
#7455 = CARTESIAN_POINT ( 'NONE',  ( 8.299999999999998934, 15.29999999999999893, 5.259999999999999787 ) ) ;
#7456 = EDGE_CURVE ( 'NONE', #4834, #3261, #9970, .T. ) ;
#7457 = CARTESIAN_POINT ( 'NONE',  ( 8.299999999999998934, 15.29999999999999893, 9.070000000000000284 ) ) ;
#7458 = EDGE_CURVE ( 'NONE', #6213, #4324, #971, .T. ) ;
#7459 = FACE_OUTER_BOUND ( 'NONE', #7401, .T. ) ;
#7460 = CARTESIAN_POINT ( 'NONE',  ( 7.416841637360987782, 15.50000000000000000, 7.089847354514337674 ) ) ;
#7461 = CARTESIAN_POINT ( 'NONE',  ( 8.862475782649550382, 15.20000000000009877, -7.945000000000000284 ) ) ;
#7462 = EDGE_LOOP ( 'NONE', ( #657, #1313, #10261, #5084, #2599, #7577, #742, #5782 ) ) ;
#7463 = CIRCLE ( 'NONE', #4244, 1.350000000000020073 ) ;
#7464 = SURFACE_STYLE_USAGE ( .BOTH. , #8146 ) ;
#7465 = B_SPLINE_CURVE_WITH_KNOTS ( 'NONE', 3,
 ( #8964, #2282, #5699, #1179, #1240, #4599 ),
 .UNSPECIFIED., .F., .F.,
 ( 4, 2, 4 ),
 ( 0.0000000000000000000, 0.4999999999999993339, 1.000000000000000000 ),
 .UNSPECIFIED. ) ;
#7466 = ORIENTED_EDGE ( 'NONE', *, *, #2430, .T. ) ;
#7467 = DIRECTION ( 'NONE',  ( -0.0000000000000000000, -0.0000000000000000000, 1.000000000000000000 ) ) ;
#7468 = CARTESIAN_POINT ( 'NONE',  ( 8.958889746352317829, 13.20000000000010054, 7.220000000000000639 ) ) ;
#7469 = CONICAL_SURFACE ( 'NONE', #9996, 1.049999999976589660, 1.339705659597135723 ) ;
#7470 = CARTESIAN_POINT ( 'NONE',  ( 9.349999999999992539, 7.668798143926986555, -8.112336383482839253 ) ) ;
#7471 = ORIENTED_EDGE ( 'NONE', *, *, #10238, .F. ) ;
#7472 = CARTESIAN_POINT ( 'NONE',  ( 8.500000000000000000, 9.000000000000000000, 9.919999999999999929 ) ) ;
#7473 = DIRECTION ( 'NONE',  ( 2.556434596176350141E-15, 1.000000000000000000, 0.0000000000000000000 ) ) ;
#7474 = EDGE_LOOP ( 'NONE', ( #1076, #1777, #6712, #2776 ) ) ;
#7475 = DIRECTION ( 'NONE',  ( 0.0000000000000000000, -0.0000000000000000000, 1.000000000000000000 ) ) ;
#7476 = ORIENTED_EDGE ( 'NONE', *, *, #2634, .F. ) ;
#7477 = VERTEX_POINT ( 'NONE', #1940 ) ;
#7478 = CARTESIAN_POINT ( 'NONE',  ( 4.499999999999998224, 15.50000000000000000, 1.350000000000000533 ) ) ;
#7479 = CARTESIAN_POINT ( 'NONE',  ( 20.10000000000000142, 5.500000000000000000, 2.459999999999979980 ) ) ;
#7480 = ADVANCED_FACE ( 'NONE', ( #10362 ), #3079, .T. ) ;
#7481 = CARTESIAN_POINT ( 'NONE',  ( 7.523120527381448319, 15.50000000000000178, -3.536494556683633661 ) ) ;
#7482 = CARTESIAN_POINT ( 'NONE',  ( 9.650000000000005684, 15.19999999999999929, 8.019999999999999574 ) ) ;
#7483 = B_SPLINE_CURVE_WITH_KNOTS ( 'NONE', 3,
 ( #10165, #7468, #7528, #10279 ),
 .UNSPECIFIED., .F., .F.,
 ( 4, 4 ),
 ( 0.0000000000000000000, 1.000000000000000000 ),
 .UNSPECIFIED. ) ;
#7484 = CARTESIAN_POINT ( 'NONE',  ( 10.19999999999999751, 5.799999999999996270, -1.316269300834881362 ) ) ;
#7485 = CARTESIAN_POINT ( 'NONE',  ( 8.418034671099025701, 15.37173446289487799, -8.971665786196176384 ) ) ;
#7486 = CARTESIAN_POINT ( 'NONE',  ( 8.862475782649550382, 13.20000000000020002, -7.294999999999999929 ) ) ;
#7487 = LINE ( 'NONE', #6694, #10785 ) ;
#7488 = B_SPLINE_CURVE_WITH_KNOTS ( 'NONE', 3,
 ( #4318, #8454, #10324, #164, #4431, #6829, #2680, #3473, #905, #7863, #3588, #782, #7000, #958 ),
 .UNSPECIFIED., .F., .F.,
 ( 4, 2, 2, 2, 2, 2, 4 ),
 ( 0.0000000000000000000, 0.1249999999999999722, 0.2499999999999999445, 0.5000000000000001110, 0.7500000000000002220, 0.8750000000000001110, 1.000000000000000000 ),
 .UNSPECIFIED. ) ;
#7489 = CARTESIAN_POINT ( 'NONE',  ( 9.349999999999999645, 7.264052568565428913, -2.491506647325389956 ) ) ;
#7490 = EDGE_LOOP ( 'NONE', ( #3840, #1269, #4970, #1428 ) ) ;
#7491 = CARTESIAN_POINT ( 'NONE',  ( 8.501103551519475943, 15.30150824295816570, 6.351284755163222329 ) ) ;
#7492 = ORIENTED_EDGE ( 'NONE', *, *, #2911, .T. ) ;
#7493 = VECTOR ( 'NONE', #9472, 1000.000000000000000 ) ;
#7494 = CARTESIAN_POINT ( 'NONE',  ( 5.450075247295675496, 15.50000000000000000, -3.671149531518757225 ) ) ;
#7495 = EDGE_CURVE ( 'NONE', #3574, #7095, #9809, .T. ) ;
#7496 = EDGE_CURVE ( 'NONE', #4818, #4710, #8723, .T. ) ;
#7497 = CARTESIAN_POINT ( 'NONE',  ( 4.499999999999998224, 15.30259718358289867, 8.972563672940482959 ) ) ;
#7498 = LINE ( 'NONE', #9340, #6158 ) ;
#7499 = CYLINDRICAL_SURFACE ( 'NONE', #4825, 0.2000000000000005107 ) ;
#7500 = VERTEX_POINT ( 'NONE', #5733 ) ;
#7501 = LINE ( 'NONE', #4246, #5788 ) ;
#7502 = AXIS2_PLACEMENT_3D ( 'NONE', #1392, #4807, #3109 ) ;
#7503 = ORIENTED_EDGE ( 'NONE', *, *, #6411, .F. ) ;
#7504 = FACE_OUTER_BOUND ( 'NONE', #2870, .T. ) ;
#7505 = CARTESIAN_POINT ( 'NONE',  ( 9.018600732609499460, 13.20000000000007567, 8.019999999999999574 ) ) ;
#7506 = ORIENTED_EDGE ( 'NONE', *, *, #156, .F. ) ;
#7507 = VERTEX_POINT ( 'NONE', #3100 ) ;
#7508 = ADVANCED_FACE ( 'NONE', ( #5572 ), #8262, .T. ) ;
#7509 = DIRECTION ( 'NONE',  ( 0.0000000000000000000, 0.0000000000000000000, 1.000000000000000000 ) ) ;
#7510 = B_SPLINE_CURVE_WITH_KNOTS ( 'NONE', 3,
 ( #131, #3433, #6015, #10344 ),
 .UNSPECIFIED., .F., .F.,
 ( 4, 4 ),
 ( 0.0000000000000000000, 1.000000000000000000 ),
 .UNSPECIFIED. ) ;
#7511 = AXIS2_PLACEMENT_3D ( 'NONE', #4629, #1320, #535 ) ;
#7512 = CARTESIAN_POINT ( 'NONE',  ( 8.706350832689590646, 13.20000000000010054, -7.370000000000000107 ) ) ;
#7513 = CARTESIAN_POINT ( 'NONE',  ( 20.10000000000000142, 5.500000000000000000, -5.160000000000020570 ) ) ;
#7514 =( BOUNDED_SURFACE ( )  B_SPLINE_SURFACE ( 3, 3, ( 
 ( #9245, #681, #4147, #9422 ),
 ( #5045, #3357, #1563, #848 ),
 ( #1738, #5168, #8582, #2515 ),
 ( #6659, #908, #4993, #8406 ) ),
 .UNSPECIFIED., .F., .F., .T. ) 
 B_SPLINE_SURFACE_WITH_KNOTS ( ( 4, 4 ),
 ( 4, 4 ),
 ( 0.0000000000000000000, 1.000000000000000000 ),
 ( 0.0000000000000000000, 1.000000000000000000 ),
 .UNSPECIFIED. ) 
 GEOMETRIC_REPRESENTATION_ITEM ( )  RATIONAL_B_SPLINE_SURFACE ( (
 ( 1.000000000000000000, 0.9738459485536790083, 0.9738459485536790083, 1.000000000000000000),
 ( 0.8047378541243486172, 0.7836906988867784474, 0.7836906988867784474, 0.8047378541243486172),
 ( 0.8047378541243486172, 0.7836906988867784474, 0.7836906988867784474, 0.8047378541243486172),
 ( 1.000000000000000000, 0.9738459485536790083, 0.9738459485536790083, 1.000000000000000000) ) ) 
 REPRESENTATION_ITEM ( '' )  SURFACE ( )  );
#7515 = LINE ( 'NONE', #5043, #7778 ) ;
#7516 = ORIENTED_EDGE ( 'NONE', *, *, #5858, .T. ) ;
#7517 = CARTESIAN_POINT ( 'NONE',  ( 8.300000000000000711, 15.49994977653715722, -2.661901299925000242 ) ) ;
#7518 = CARTESIAN_POINT ( 'NONE',  ( 4.298896448480518551, 15.41930204271695359, -5.077185455229513700 ) ) ;
#7519 = CARTESIAN_POINT ( 'NONE',  ( 4.299999999999999822, 9.034856442049489900, -5.043946037810489891 ) ) ;
#7520 = ORIENTED_EDGE ( 'NONE', *, *, #8806, .F. ) ;
#7521 = ADVANCED_FACE ( 'NONE', ( #3959 ), #6525, .T. ) ;
#7522 = ADVANCED_FACE ( 'NONE', ( #5520 ), #2991, .T. ) ;
#7523 = DIRECTION ( 'NONE',  ( -1.000000000000000000, 0.0000000000000000000, 1.531342102931250010E-16 ) ) ;
#7524 = ORIENTED_EDGE ( 'NONE', *, *, #1620, .T. ) ;
#7525 = VERTEX_POINT ( 'NONE', #5682 ) ;
#7526 = VERTEX_POINT ( 'NONE', #585 ) ;
#7527 = FACE_OUTER_BOUND ( 'NONE', #6285, .T. ) ;
#7528 = CARTESIAN_POINT ( 'NONE',  ( 8.899795149060294008, 13.20000000000010054, 7.248388126292680589 ) ) ;
#7529 = CARTESIAN_POINT ( 'NONE',  ( 6.500000000000000000, 13.19999999999999929, -8.999870129870130242 ) ) ;
#7530 = ORIENTED_EDGE ( 'NONE', *, *, #662, .F. ) ;
#7531 =( LENGTH_UNIT ( ) NAMED_UNIT ( * ) SI_UNIT ( .MILLI., .METRE. ) );
#7532 = DIRECTION ( 'NONE',  ( 0.0000000000000000000, 0.0000000000000000000, 1.000000000000000000 ) ) ;
#7533 = VERTEX_POINT ( 'NONE', #7199 ) ;
#7534 = EDGE_CURVE ( 'NONE', #6417, #6016, #10629, .T. ) ;
#7535 = SURFACE_STYLE_USAGE ( .BOTH. , #4115 ) ;
#7536 = ORIENTED_EDGE ( 'NONE', *, *, #3601, .F. ) ;
#7537 = ORIENTED_EDGE ( 'NONE', *, *, #4754, .F. ) ;
#7538 = CARTESIAN_POINT ( 'NONE',  ( 4.381965328900977674, 15.30259718358289156, 1.352563672940485517 ) ) ;
#7539 = FACE_OUTER_BOUND ( 'NONE', #6366, .T. ) ;
#7540 = CARTESIAN_POINT ( 'NONE',  ( 7.523278940025857509, 15.50000000000000533, -4.083505913229331874 ) ) ;
#7541 = CARTESIAN_POINT ( 'NONE',  ( 4.299999999999999822, 15.30000000000000071, 9.070000000000000284 ) ) ;
#7542 = CARTESIAN_POINT ( 'NONE',  ( 9.505307426285828143, 13.20000000000010054, -7.220412355131952786 ) ) ;
#7543 = CARTESIAN_POINT ( 'NONE',  ( 8.369143109499564304, 15.42062190192916660, -8.971030884390529536 ) ) ;
#7544 = CARTESIAN_POINT ( 'NONE',  ( 4.500000000000000000, 15.29999999999999893, 4.962580537057889707 ) ) ;
#7545 = FILL_AREA_STYLE ('',( #5022 ) ) ;
#7546 = ADVANCED_FACE ( 'NONE', ( #4683 ), #425, .F. ) ;
#7547 = CYLINDRICAL_SURFACE ( 'NONE', #8489, 0.2999999999999990452 ) ;
#7548 = ORIENTED_EDGE ( 'NONE', *, *, #2513, .T. ) ;
#7549 = FACE_OUTER_BOUND ( 'NONE', #1516, .T. ) ;
#7550 = ORIENTED_EDGE ( 'NONE', *, *, #2992, .F. ) ;
#7551 = VERTEX_POINT ( 'NONE', #1761 ) ;
#7552 = CARTESIAN_POINT ( 'NONE',  ( 9.450000000000001066, 15.20000000000005080, -0.4000000000000001887 ) ) ;
#7553 = DIRECTION ( 'NONE',  ( -1.000000000000000000, 7.459310946700639062E-13, -4.336808689942231675E-14 ) ) ;
#7554 = DIRECTION ( 'NONE',  ( -2.556434596176350141E-15, -1.000000000000000000, -0.0000000000000000000 ) ) ;
#7555 = CARTESIAN_POINT ( 'NONE',  ( 8.899999999999998579, 15.19999999999999929, 0.4000000000000001887 ) ) ;
#7556 = CARTESIAN_POINT ( 'NONE',  ( 8.500000000000000000, 9.000000000000000000, -5.044398718876070831 ) ) ;
#7557 = ORIENTED_EDGE ( 'NONE', *, *, #8965, .F. ) ;
#7558 = CARTESIAN_POINT ( 'NONE',  ( 4.381965328900978562, 15.30259718358289334, -8.972563672940484736 ) ) ;
#7559 = VERTEX_POINT ( 'NONE', #8369 ) ;
#7560 = DIRECTION ( 'NONE',  ( -1.000000000000000000, -0.0000000000000000000, -0.0000000000000000000 ) ) ;
#7561 = EDGE_CURVE ( 'NONE', #4129, #2436, #10205, .T. ) ;
#7562 = EDGE_CURVE ( 'NONE', #7687, #10287, #5899, .T. ) ;
#7563 = ORIENTED_EDGE ( 'NONE', *, *, #3729, .F. ) ;
#7564 = CARTESIAN_POINT ( 'NONE',  ( 0.7749999999999999112, -4.440892098500626162E-16, 9.119999999999999218 ) ) ;
#7565 = SURFACE_STYLE_FILL_AREA ( #2451 ) ;
#7566 = FACE_OUTER_BOUND ( 'NONE', #11024, .T. ) ;
#7567 = DIRECTION ( 'NONE',  ( 2.556434596176350141E-15, 1.000000000000000000, 0.0000000000000000000 ) ) ;
#7568 = ORIENTED_EDGE ( 'NONE', *, *, #1620, .F. ) ;
#7569 = CARTESIAN_POINT ( 'NONE',  ( 11.06352143061839399, 6.938677207697725002, 9.220000000000002416 ) ) ;
#7570 = EDGE_CURVE ( 'NONE', #8350, #9886, #701, .T. ) ;
#7571 = CARTESIAN_POINT ( 'NONE',  ( 6.500000000000000888, 15.50000000000000000, 6.570000000000001172 ) ) ;
#7572 = DIRECTION ( 'NONE',  ( 0.0000000000000000000, 0.0000000000000000000, -1.000000000000000000 ) ) ;
#7573 = ORIENTED_EDGE ( 'NONE', *, *, #10655, .T. ) ;
#7574 = EDGE_CURVE ( 'NONE', #4454, #626, #7720, .T. ) ;
#7575 = CARTESIAN_POINT ( 'NONE',  ( 4.416251525940023903, 15.50000000000000000, -2.886501040144151542 ) ) ;
#7576 = MECHANICAL_DESIGN_GEOMETRIC_PRESENTATION_REPRESENTATION (  '', ( #2026 ), #3820 ) ;
#7577 = ORIENTED_EDGE ( 'NONE', *, *, #3957, .T. ) ;
#7578 = CARTESIAN_POINT ( 'NONE',  ( 8.899795149060295785, 13.20000000000010054, 3.438388126292680980 ) ) ;
#7579 = CARTESIAN_POINT ( 'NONE',  ( 10.19999999999999929, 4.150065953933496310, 3.656705774817668342 ) ) ;
#7580 = EDGE_CURVE ( 'NONE', #8919, #9275, #5328, .T. ) ;
#7581 = CARTESIAN_POINT ( 'NONE',  ( 4.075000000000000178, 2.099999999999999645, -84.34799999999999898 ) ) ;
#7582 = EDGE_CURVE ( 'NONE', #1602, #2820, #5069, .T. ) ;
#7583 = VERTEX_POINT ( 'NONE', #11072 ) ;
#7584 = B_SPLINE_CURVE_WITH_KNOTS ( 'NONE', 3,
 ( #11002, #10112, #2309, #633, #2470, #9953 ),
 .UNSPECIFIED., .F., .F.,
 ( 4, 2, 4 ),
 ( 0.0000000000000000000, 0.5000000000000000000, 1.000000000000000000 ),
 .UNSPECIFIED. ) ;
#7585 = VECTOR ( 'NONE', #4827, 1000.000000000000000 ) ;
#7586 = FACE_OUTER_BOUND ( 'NONE', #1099, .T. ) ;
#7587 = CARTESIAN_POINT ( 'NONE',  ( 8.706350832689592423, 15.20000000000007390, -0.2499999999999997780 ) ) ;
#7588 = VERTEX_POINT ( 'NONE', #1640 ) ;
#7589 = ORIENTED_EDGE ( 'NONE', *, *, #179, .F. ) ;
#7590 = CARTESIAN_POINT ( 'NONE',  ( 4.499999999999998224, 15.30259718358288978, -5.162563672940486015 ) ) ;
#7591 = VECTOR ( 'NONE', #7264, 1000.000000000000000 ) ;
#7592 = SURFACE_SIDE_STYLE ('',( #4167 ) ) ;
#7594 = EDGE_CURVE ( 'NONE', #5784, #4391, #10122, .T. ) ;
#7593 = CARTESIAN_POINT ( 'NONE',  ( 7.144202832697096994, 15.50000000000000533, -2.969200400651017091 ) ) ;
#7595 = DIRECTION ( 'NONE',  ( -2.168404344971008868E-15, 5.543383885983003833E-30, 1.000000000000000000 ) ) ;
#7596 = EDGE_CURVE ( 'NONE', #1004, #10402, #5118, .T. ) ;
#7597 = DIRECTION ( 'NONE',  ( 1.000000000000000000, 0.0000000000000000000, 0.0000000000000000000 ) ) ;
#7598 = DIRECTION ( 'NONE',  ( -1.000000000000000000, -1.445602896647339903E-15, -0.0000000000000000000 ) ) ;
#7599 = CIRCLE ( 'NONE', #8856, 1.650000000000000355 ) ;
#7600 = COLOUR_RGB ( '',1.000000000000000000, 1.000000000000000000, 1.000000000000000000 ) ;
#7601 = LINE ( 'NONE', #9110, #4234 ) ;
#7602 = DIRECTION ( 'NONE',  ( -1.000000000000000000, 0.0000000000000000000, 0.0000000000000000000 ) ) ;
#7603 = CARTESIAN_POINT ( 'NONE',  ( 9.350000000000003197, 7.284637115138929531, -5.145614608578810589 ) ) ;
#7604 = ORIENTED_EDGE ( 'NONE', *, *, #2310, .T. ) ;
#7605 = CARTESIAN_POINT ( 'NONE',  ( 4.599999999999980105, 15.50000000000009948, -4.849230484541299901 ) ) ;
#7606 = EDGE_LOOP ( 'NONE', ( #9743, #10429, #10370, #4152 ) ) ;
#7607 = ORIENTED_EDGE ( 'NONE', *, *, #860, .T. ) ;
#7608 = FACE_OUTER_BOUND ( 'NONE', #6428, .T. ) ;
#7609 = VECTOR ( 'NONE', #1880, 1000.000000000000000 ) ;
#7610 = CIRCLE ( 'NONE', #10656, 0.2000000000000003164 ) ;
#7611 = DIRECTION ( 'NONE',  ( 0.0000000000000000000, 1.000000000000000000, -0.0000000000000000000 ) ) ;
#7612 = LINE ( 'NONE', #5854, #2388 ) ;
#7613 = DIRECTION ( 'NONE',  ( -1.000000000000000000, 0.0000000000000000000, 0.0000000000000000000 ) ) ;
#7614 = LINE ( 'NONE', #7556, #2056 ) ;
#7615 = VERTEX_POINT ( 'NONE', #643 ) ;
#7616 = CARTESIAN_POINT ( 'NONE',  ( 4.499999999999958256, 15.50000000000000178, -2.789756098057583955 ) ) ;
#7617 = ORIENTED_EDGE ( 'NONE', *, *, #4130, .T. ) ;
#7618 =( NAMED_UNIT ( * ) PLANE_ANGLE_UNIT ( ) SI_UNIT ( $, .RADIAN. ) );
#7619 = VECTOR ( 'NONE', #4541, 1000.000000000000000 ) ;
#7620 = CARTESIAN_POINT ( 'NONE',  ( 9.650000000000000355, 15.19999999999999929, -0.3999999999999997446 ) ) ;
#7621 = AXIS2_PLACEMENT_3D ( 'NONE', #2604, #11080, #881 ) ;
#7622 = ORIENTED_EDGE ( 'NONE', *, *, #8311, .F. ) ;
#7623 = CARTESIAN_POINT ( 'NONE',  ( 4.500000000000000000, 15.30259718358289689, -1.352563672940485962 ) ) ;
#7624 = CARTESIAN_POINT ( 'NONE',  ( 4.346153846149470645, 9.000000000000000000, -8.499348871543542572 ) ) ;
#7625 = CARTESIAN_POINT ( 'NONE',  ( 11.19999999999999929, 7.884692577415645331, -2.977982634640254922 ) ) ;
#7626 = CARTESIAN_POINT ( 'NONE',  ( 8.500000000000000000, 9.000000000000000000, -1.234398718876070999 ) ) ;
#7627 = AXIS2_PLACEMENT_3D ( 'NONE', #8898, #431, #4639 ) ;
#7628 = EDGE_CURVE ( 'NONE', #6458, #7644, #4061, .T. ) ;
#7629 = ORIENTED_EDGE ( 'NONE', *, *, #8647, .T. ) ;
#7630 = CARTESIAN_POINT ( 'NONE',  ( 11.12697072614962757, 6.856269250531036974, 9.220000000000002416 ) ) ;
#7631 = CARTESIAN_POINT ( 'NONE',  ( 9.650000000000000355, 13.19999999999999929, 7.419999999999999929 ) ) ;
#7632 = CARTESIAN_POINT ( 'NONE',  ( 9.650000000000000355, 13.20000000000007567, 7.819999999999996732 ) ) ;
#7633 = ORIENTED_EDGE ( 'NONE', *, *, #10988, .F. ) ;
#7634 = VERTEX_POINT ( 'NONE', #10955 ) ;
#7635 = VECTOR ( 'NONE', #7227, 1000.000000000000000 ) ;
#7636 = DIRECTION ( 'NONE',  ( 0.0000000000000000000, -1.000000000000000000, 0.0000000000000000000 ) ) ;
#7637 = EDGE_LOOP ( 'NONE', ( #1549, #6777, #6995, #1714 ) ) ;
#7638 = CARTESIAN_POINT ( 'NONE',  ( 1.475000000000001643, 2.099999999999999645, 8.519999999999999574 ) ) ;
#7639 = FACE_OUTER_BOUND ( 'NONE', #5090, .T. ) ;
#7640 = EDGE_CURVE ( 'NONE', #9844, #9004, #9381, .T. ) ;
#7641 = ADVANCED_FACE ( 'NONE', ( #7539 ), #5838, .F. ) ;
#7642 = CARTESIAN_POINT ( 'NONE',  ( 4.315478208490514334, 9.000000000000000000, -6.691771395429919167 ) ) ;
#7643 = VECTOR ( 'NONE', #197, 1000.000000000000000 ) ;
#7644 = VERTEX_POINT ( 'NONE', #10067 ) ;
#7645 = ORIENTED_EDGE ( 'NONE', *, *, #9147, .F. ) ;
#7646 = CARTESIAN_POINT ( 'NONE',  ( 4.905714285714237732, 15.50000000000000000, 7.986205027886000174 ) ) ;
#7647 = CARTESIAN_POINT ( 'NONE',  ( 0.7749999999999999112, -4.440892098500626162E-16, -5.309999999999999609 ) ) ;
#7648 = PLANE ( 'NONE',  #3896 ) ;
#7649 =( NAMED_UNIT ( * ) SI_UNIT ( $, .STERADIAN. ) SOLID_ANGLE_UNIT ( ) );
#7650 = ADVANCED_FACE ( 'NONE', ( #2368 ), #5956, .T. ) ;
#7651 = EDGE_LOOP ( 'NONE', ( #7942, #1180, #9055, #2651 ) ) ;
#7652 = VERTEX_POINT ( 'NONE', #9207 ) ;
#7653 = CARTESIAN_POINT ( 'NONE',  ( 4.500000000000000000, 9.034856442049489900, -5.043946037810489891 ) ) ;
#7654 = VECTOR ( 'NONE', #8578, 1000.000000000000000 ) ;
#7655 = CARTESIAN_POINT ( 'NONE',  ( 4.346153846171230128, 9.000000000000000000, 6.740651128499481892 ) ) ;
#7656 = LINE ( 'NONE', #2278, #2905 ) ;
#7657 = CARTESIAN_POINT ( 'NONE',  ( 10.19999999999999929, 4.653613737370164927, -1.062639902568377703 ) ) ;
#7658 = CARTESIAN_POINT ( 'NONE',  ( 8.862475782649550382, 15.20000000000009877, -7.945000000000000284 ) ) ;
#7659 = ORIENTED_EDGE ( 'NONE', *, *, #3219, .T. ) ;
#7660 = LINE ( 'NONE', #1708, #1876 ) ;
#7661 = CARTESIAN_POINT ( 'NONE',  ( 20.10000000000000142, 5.500000000000000000, 3.810000000000000053 ) ) ;
#7662 = AXIS2_PLACEMENT_3D ( 'NONE', #130, #6848, #7771 ) ;
#7663 = UNCERTAINTY_MEASURE_WITH_UNIT (LENGTH_MEASURE( 1.000000000000000082E-05 ), #1200, 'distance_accuracy_value', 'NONE');
#7664 = CARTESIAN_POINT ( 'NONE',  ( 8.706350832689590646, 13.20000000000010054, -4.060000000000000497 ) ) ;
#7665 = CYLINDRICAL_SURFACE ( 'NONE', #221, 1.049999999999999822 ) ;
#7666 = FACE_OUTER_BOUND ( 'NONE', #723, .T. ) ;
#7667 = EDGE_LOOP ( 'NONE', ( #2156, #4433, #2316, #3766 ) ) ;
#7668 = CARTESIAN_POINT ( 'NONE',  ( 8.417803733038715208, 15.50259483730812882, 6.353896269375564287 ) ) ;
#7669 = ADVANCED_FACE ( 'NONE', ( #1532 ), #8424, .F. ) ;
#7670 = ORIENTED_EDGE ( 'NONE', *, *, #3592, .T. ) ;
#7671 = ADVANCED_FACE ( 'NONE', ( #2965 ), #3024, .T. ) ;
#7672 = ORIENTED_EDGE ( 'NONE', *, *, #8969, .F. ) ;
#7673 = DIRECTION ( 'NONE',  ( 0.0000000000000000000, 0.6189924607046909388, 0.7853969274136177736 ) ) ;
#7674 = AXIS2_PLACEMENT_3D ( 'NONE', #176, #7008, #2742 ) ;
#7675 = CARTESIAN_POINT ( 'NONE',  ( 8.862475782649553935, 15.20000000000009877, 4.135000000000001563 ) ) ;
#7676 = CARTESIAN_POINT ( 'NONE',  ( 4.316198970578240868, 9.000000000000000000, -4.736908624096956899 ) ) ;
#7677 = CARTESIAN_POINT ( 'NONE',  ( 1.474999999999999867, 2.099999999999999645, 0.8999999999999980238 ) ) ;
#7678 = ORIENTED_EDGE ( 'NONE', *, *, #6855, .T. ) ;
#7679 = DIRECTION ( 'NONE',  ( 0.0000000000000000000, 0.9999156794129788750, 0.01298591791445423242 ) ) ;
#7680 = ORIENTED_EDGE ( 'NONE', *, *, #7177, .T. ) ;
#7681 = FACE_BOUND ( 'NONE', #5546, .T. ) ;
#7682 = ORIENTED_EDGE ( 'NONE', *, *, #4907, .T. ) ;
#7683 = FACE_OUTER_BOUND ( 'NONE', #303, .T. ) ;
#7684 = AXIS2_PLACEMENT_3D ( 'NONE', #138, #4402, #5244 ) ;
#7685 = AXIS2_PLACEMENT_3D ( 'NONE', #5053, #10222, #10334 ) ;
#7686 = CARTESIAN_POINT ( 'NONE',  ( 9.449999999999999289, 13.20000000000005258, 8.019999999999999574 ) ) ;
#7687 = VERTEX_POINT ( 'NONE', #2906 ) ;
#7688 = CARTESIAN_POINT ( 'NONE',  ( 4.500000000000002665, 15.30259718358289689, -1.352563672940486184 ) ) ;
#7689 = CARTESIAN_POINT ( 'NONE',  ( 6.500000000000000888, 15.50000000000000000, 4.859999999999999432 ) ) ;
#7690 = CARTESIAN_POINT ( 'NONE',  ( 9.650000000000000355, 13.20000000000007567, 0.1999999999999953204 ) ) ;
#7691 =( GEOMETRIC_REPRESENTATION_CONTEXT ( 3 ) GLOBAL_UNCERTAINTY_ASSIGNED_CONTEXT ( ( #6192 ) ) GLOBAL_UNIT_ASSIGNED_CONTEXT ( ( #4622, #8984, #363 ) ) REPRESENTATION_CONTEXT ( 'NONE', 'WORKASPACE' ) );
#7692 = DIRECTION ( 'NONE',  ( -1.000000000000000000, 0.0000000000000000000, 0.0000000000000000000 ) ) ;
#7693 = VECTOR ( 'NONE', #2, 1000.000000000000000 ) ;
#7694 = ORIENTED_EDGE ( 'NONE', *, *, #2876, .T. ) ;
#7695 = CYLINDRICAL_SURFACE ( 'NONE', #3295, 1.049999999999999822 ) ;
#7696 = CARTESIAN_POINT ( 'NONE',  ( 8.352359877559830892, 9.000432863930479144, 1.434409962806096006 ) ) ;
#7697 = LINE ( 'NONE', #6836, #634 ) ;
#7698 = ORIENTED_EDGE ( 'NONE', *, *, #7033, .T. ) ;
#7699 = CIRCLE ( 'NONE', #4997, 0.1999999999999840516 ) ;
#7700 = PRESENTATION_LAYER_ASSIGNMENT (  '', '', ( #3758 ) ) ;
#7701 = EDGE_CURVE ( 'NONE', #9044, #4818, #6343, .T. ) ;
#7702 = CARTESIAN_POINT ( 'NONE',  ( 11.07573593128806699, 8.261222984375915956, -0.9633885283115455334 ) ) ;
#7703 = ORIENTED_EDGE ( 'NONE', *, *, #8805, .F. ) ;
#7704 = CARTESIAN_POINT ( 'NONE',  ( 8.770205957768224536, 13.20000000000010054, 4.060408290565554523 ) ) ;
#7705 = CARTESIAN_POINT ( 'NONE',  ( 6.500000000000000888, 14.60000000001571152, -6.569999999953779479 ) ) ;
#7706 = AXIS2_PLACEMENT_3D ( 'NONE', #2203, #2049, #5628 ) ;
#7707 = VECTOR ( 'NONE', #2054, 1000.000000000000000 ) ;
#7708 = CARTESIAN_POINT ( 'NONE',  ( 9.349999999999997868, 6.757765876465090749, -5.814999999999999503 ) ) ;
#7709 = VERTEX_POINT ( 'NONE', #9881 ) ;
#7710 = EDGE_LOOP ( 'NONE', ( #4703, #8640, #9982, #3249 ) ) ;
#7711 = CARTESIAN_POINT ( 'NONE',  ( 4.299999999999998934, 9.000247077141521501, 5.096759803029779157 ) ) ;
#7712 = CARTESIAN_POINT ( 'NONE',  ( 4.299999999999981171, 9.000000000000000000, 4.849230484541226183 ) ) ;
#7713 = EDGE_CURVE ( 'NONE', #8833, #8061, #9714, .T. ) ;
#7714 = CARTESIAN_POINT ( 'NONE',  ( 4.781862296044557148, 15.50000000000000000, -4.153013899375006979 ) ) ;
#7715 = ADVANCED_FACE ( 'NONE', ( #4340 ), #3498, .T. ) ;
#7716 = CARTESIAN_POINT ( 'NONE',  ( -0.9999999999999997780, 15.30259718358290044, 5.162563672940482462 ) ) ;
#7717 = ORIENTED_EDGE ( 'NONE', *, *, #2653, .F. ) ;
#7718 = ORIENTED_EDGE ( 'NONE', *, *, #1669, .F. ) ;
#7719 = CARTESIAN_POINT ( 'NONE',  ( 4.299999999999981171, 9.000000000000000000, 1.039230484541226129 ) ) ;
#7720 = LINE ( 'NONE', #4285, #5496 ) ;
#7721 = FACE_OUTER_BOUND ( 'NONE', #6798, .T. ) ;
#7722 = CARTESIAN_POINT ( 'NONE',  ( 6.500000000000000888, 15.50000000000000000, 8.669999999999999929 ) ) ;
#7723 = CARTESIAN_POINT ( 'NONE',  ( 4.299999999999980282, 15.41715728752538972, 6.580769515458705143 ) ) ;
#7724 = ORIENTED_EDGE ( 'NONE', *, *, #9898, .F. ) ;
#7725 = DIRECTION ( 'NONE',  ( 0.0000000000000000000, 0.0000000000000000000, -1.000000000000000000 ) ) ;
#7726 = EDGE_CURVE ( 'NONE', #8772, #9440, #9828, .T. ) ;
#7727 = CYLINDRICAL_SURFACE ( 'NONE', #4576, 1.649999999999999911 ) ;
#7728 = FACE_OUTER_BOUND ( 'NONE', #4336, .T. ) ;
#7729 = CARTESIAN_POINT ( 'NONE',  ( 11.06313763527704452, 6.722696155360180725, -5.596865099652931441 ) ) ;
#7730 = FACE_OUTER_BOUND ( 'NONE', #10779, .T. ) ;
#7731 = ORIENTED_EDGE ( 'NONE', *, *, #10777, .F. ) ;
#7732 = DIRECTION ( 'NONE',  ( 1.000000000000000000, -2.556434596176350141E-15, 2.168404344971008868E-15 ) ) ;
#7733 = ORIENTED_EDGE ( 'NONE', *, *, #5261, .T. ) ;
#7734 = B_SPLINE_CURVE_WITH_KNOTS ( 'NONE', 3,
 ( #8988, #7258, #1317, #2922 ),
 .UNSPECIFIED., .F., .F.,
 ( 4, 4 ),
 ( 0.0000000000000000000, 1.000000000000000000 ),
 .UNSPECIFIED. ) ;
#7735 = ORIENTED_EDGE ( 'NONE', *, *, #2003, .F. ) ;
#7736 = DIRECTION ( 'NONE',  ( -1.000000000000000000, -0.0000000000000000000, -0.0000000000000000000 ) ) ;
#7737 = CARTESIAN_POINT ( 'NONE',  ( 8.500000000000000000, 15.30000000000000071, -9.070000000000000284 ) ) ;
#7738 = CARTESIAN_POINT ( 'NONE',  ( 8.500000000000000000, 8.999999999999998224, -2.575601281123931496 ) ) ;
#7739 = CARTESIAN_POINT ( 'NONE',  ( 9.599999999999999645, 5.500000000000000000, 2.460008330676609845 ) ) ;
#7740 = EDGE_LOOP ( 'NONE', ( #10221, #7589, #4418, #8791 ) ) ;
#7741 = DIRECTION ( 'NONE',  ( 0.0000000000000000000, 0.0000000000000000000, -1.000000000000000000 ) ) ;
#7742 = ADVANCED_FACE ( 'NONE', ( #2650 ), #8900, .F. ) ;
#7743 = ORIENTED_EDGE ( 'NONE', *, *, #760, .F. ) ;
#7744 = CARTESIAN_POINT ( 'NONE',  ( 10.89999999999999858, 7.500000000000000000, -9.919999999999999929 ) ) ;
#7745 = EDGE_LOOP ( 'NONE', ( #3292, #552, #7159, #2558 ) ) ;
#7746 = EDGE_CURVE ( 'NONE', #8619, #6299, #4556, .T. ) ;
#7747 = CARTESIAN_POINT ( 'NONE',  ( 6.500000000000000888, 14.49999999999890754, -6.995000000010573871 ) ) ;
#7748 = CARTESIAN_POINT ( 'NONE',  ( 9.018600732609508341, 13.20000000000020002, -0.4000000000000001887 ) ) ;
#7749 = VERTEX_POINT ( 'NONE', #7776 ) ;
#7750 = CARTESIAN_POINT ( 'NONE',  ( 9.018600732609503012, 15.20000000000007567, 4.209999999999999964 ) ) ;
#7751 = PLANE ( 'NONE',  #10024 ) ;
#7752 = CARTESIAN_POINT ( 'NONE',  ( 6.500000000000000888, 15.50000000000000000, -8.669999999999999929 ) ) ;
#7753 = CARTESIAN_POINT ( 'NONE',  ( 4.500000000000000000, 15.50000000000000000, 5.259999999999999787 ) ) ;
#7754 = CARTESIAN_POINT ( 'NONE',  ( 11.13628631504909805, 6.642889288475297249, 5.553920781063866663 ) ) ;
#7755 = VERTEX_POINT ( 'NONE', #10715 ) ;
#7756 = CARTESIAN_POINT ( 'NONE',  ( 9.449999999999999289, 15.20000000000004903, 0.4000000000000001887 ) ) ;
#7757 = CARTESIAN_POINT ( 'NONE',  ( 11.07573593128806699, 6.663683665882840224, 9.487040526008332364 ) ) ;
#7758 = EDGE_CURVE ( 'NONE', #8360, #7103, #10348, .T. ) ;
#7759 = CARTESIAN_POINT ( 'NONE',  ( 9.650000000000000355, 13.19999999999999929, -3.610000000000000320 ) ) ;
#7760 = ORIENTED_EDGE ( 'NONE', *, *, #412, .T. ) ;
#7761 = DIRECTION ( 'NONE',  ( -1.000000000000000000, 0.0000000000000000000, 0.0000000000000000000 ) ) ;
#7762 = LINE ( 'NONE', #10395, #5703 ) ;
#7763 = CIRCLE ( 'NONE', #8447, 0.2000000000000001499 ) ;
#7764 = DIRECTION ( 'NONE',  ( -1.000000000000000000, 4.110719137385800108E-17, 0.0000000000000000000 ) ) ;
#7765 = CARTESIAN_POINT ( 'NONE',  ( 11.20000000000000284, 5.500000000000000000, 7.620000000000000107 ) ) ;
#7766 = EDGE_CURVE ( 'NONE', #7433, #5947, #1975, .T. ) ;
#7767 = ORIENTED_EDGE ( 'NONE', *, *, #7078, .T. ) ;
#7768 = EDGE_LOOP ( 'NONE', ( #967, #4483 ) ) ;
#7769 = AXIS2_PLACEMENT_3D ( 'NONE', #10543, #2840, #6274 ) ;
#7770 = CARTESIAN_POINT ( 'NONE',  ( 5.274999999999998579, -3.169016773915451479E-17, -2.310000000000000497 ) ) ;
#7771 = DIRECTION ( 'NONE',  ( 0.0000000000000000000, 0.0000000000000000000, -1.000000000000000000 ) ) ;
#7772 = LINE ( 'NONE', #8764, #2352 ) ;
#7773 = ORIENTED_EDGE ( 'NONE', *, *, #10481, .F. ) ;
#7774 = EDGE_LOOP ( 'NONE', ( #801, #817 ) ) ;
#7775 = CARTESIAN_POINT ( 'NONE',  ( 4.515384615381938360, 15.50000000000000000, -2.824063386455573976 ) ) ;
#7776 = CARTESIAN_POINT ( 'NONE',  ( 9.018600732609511894, 15.20000000000007567, 3.409999999999999698 ) ) ;
#7777 = CARTESIAN_POINT ( 'NONE',  ( 4.299999999999981171, 15.29999999999999716, 6.580769515458713137 ) ) ;
#7778 = VECTOR ( 'NONE', #4145, 1000.000000000000000 ) ;
#7779 = CARTESIAN_POINT ( 'NONE',  ( 6.500000000000000888, 15.50000000000000000, -2.760000000000000231 ) ) ;
#7780 = CARTESIAN_POINT ( 'NONE',  ( 9.599999999999999645, 5.199999999999999289, 1.316236820298941845 ) ) ;
#7781 = EDGE_CURVE ( 'NONE', #2015, #3012, #7463, .T. ) ;
#7782 = VERTEX_POINT ( 'NONE', #8862 ) ;
#7783 = CARTESIAN_POINT ( 'NONE',  ( 9.018600732609499460, 13.20000000000007567, 0.4000000000000001887 ) ) ;
#7784 = DIRECTION ( 'NONE',  ( -0.0000000000000000000, -0.9999156794129788750, -0.01298591791445429834 ) ) ;
#7785 = CARTESIAN_POINT ( 'NONE',  ( 4.499999999999998224, 15.30259718358289867, -2.457436327059515424 ) ) ;
#7786 = CARTESIAN_POINT ( 'NONE',  ( 8.822247607754849952, 13.20000000000010054, 7.895408290565551823 ) ) ;
#7787 = CARTESIAN_POINT ( 'NONE',  ( 10.19999999999999929, 5.799999999999997158, 6.303730699165117635 ) ) ;
#7788 = VECTOR ( 'NONE', #1781, 1000.000000000000114 ) ;
#7789 = DIRECTION ( 'NONE',  ( 0.5329387100211774309, -0.0000000000000000000, 0.8461538461538559153 ) ) ;
#7790 = EDGE_LOOP ( 'NONE', ( #7871, #5883, #4699, #10748 ) ) ;
#7791 = CARTESIAN_POINT ( 'NONE',  ( 9.018600732609511894, 15.20000000000007567, 3.409999999999999698 ) ) ;
#7792 = CARTESIAN_POINT ( 'NONE',  ( 4.298896448480527432, 15.30150824295816392, 8.888715244836776108 ) ) ;
#7793 = SURFACE_STYLE_FILL_AREA ( #11092 ) ;
#7794 = FACE_OUTER_BOUND ( 'NONE', #10059, .T. ) ;
#7795 = EDGE_CURVE ( 'NONE', #2556, #3071, #1194, .T. ) ;
#7796 = EDGE_LOOP ( 'NONE', ( #4603, #10951, #5889, #8540 ) ) ;
#7797 = AXIS2_PLACEMENT_3D ( 'NONE', #5387, #3703, #7866 ) ;
#7798 = ADVANCED_FACE ( 'NONE', ( #2241 ), #8239, .T. ) ;
#7799 = CARTESIAN_POINT ( 'NONE',  ( 1.475000000000001643, 2.100000000000000089, -2.909999999999990816 ) ) ;
#7800 = ORIENTED_EDGE ( 'NONE', *, *, #9659, .F. ) ;
#7801 = DIRECTION ( 'NONE',  ( 0.0000000000000000000, 0.0000000000000000000, -1.000000000000000000 ) ) ;
#7802 = ORIENTED_EDGE ( 'NONE', *, *, #9218, .T. ) ;
#7803 = PLANE ( 'NONE',  #8880 ) ;
#7804 = DIRECTION ( 'NONE',  ( -0.4815434123430756830, 0.8427009716003850404, 0.2407717061715385354 ) ) ;
#7805 = ORIENTED_EDGE ( 'NONE', *, *, #9775, .F. ) ;
#7806 = CIRCLE ( 'NONE', #4388, 0.2000000000000001499 ) ;
#7807 = CARTESIAN_POINT ( 'NONE',  ( 9.600000000000001421, 5.600841891535613293, -6.269999999999980034 ) ) ;
#7808 = VECTOR ( 'NONE', #2268, 1000.000000000000000 ) ;
#7809 = ORIENTED_EDGE ( 'NONE', *, *, #1837, .F. ) ;
#7810 = ADVANCED_FACE ( 'NONE', ( #2398 ), #8290, .T. ) ;
#7811 = CARTESIAN_POINT ( 'NONE',  ( 4.515384615403285729, 15.50000000000000000, -4.795936613502206569 ) ) ;
#7812 = DIRECTION ( 'NONE',  ( 0.0000000000000000000, -1.000000000000000000, 0.0000000000000000000 ) ) ;
#7813 = CARTESIAN_POINT ( 'NONE',  ( 4.075000000000000178, 2.099999999999999645, 76.72799999999999443 ) ) ;
#7814 = CARTESIAN_POINT ( 'NONE',  ( 11.12295475980631210, 6.658561969752804011, 5.562460896820234701 ) ) ;
#7815 = ORIENTED_EDGE ( 'NONE', *, *, #3042, .T. ) ;
#7816 = DIRECTION ( 'NONE',  ( 0.0000000000000000000, 0.0000000000000000000, 1.000000000000000000 ) ) ;
#7817 = CARTESIAN_POINT ( 'NONE',  ( 9.050000000000000711, 9.000000000000000000, -9.919999999999999929 ) ) ;
#7818 = CIRCLE ( 'NONE', #7423, 1.050000000000000488 ) ;
#7819 = AXIS2_PLACEMENT_3D ( 'NONE', #5502, #405, #3824 ) ;
#7820 = DIRECTION ( 'NONE',  ( -0.0000000000000000000, -1.000000000000000000, -0.0000000000000000000 ) ) ;
#7821 = ORIENTED_EDGE ( 'NONE', *, *, #9426, .F. ) ;
#7822 = EDGE_LOOP ( 'NONE', ( #6111, #10233, #2981, #9875 ) ) ;
#7823 = CARTESIAN_POINT ( 'NONE',  ( 11.19999999999999574, 8.105258983167081155, -0.9089728109122751087 ) ) ;
#7824 = ADVANCED_FACE ( 'NONE', ( #7566 ), #1508, .T. ) ;
#7825 = DIRECTION ( 'NONE',  ( 0.0000000000000000000, 0.0000000000000000000, -1.000000000000000000 ) ) ;
#7826 = EDGE_CURVE ( 'NONE', #11008, #8308, #2928, .T. ) ;
#7827 = VECTOR ( 'NONE', #7598, 1000.000000000000000 ) ;
#7828 = CARTESIAN_POINT ( 'NONE',  ( 8.706350832689629726, 13.19999999999999929, -4.059999999999999609 ) ) ;
#7829 = CARTESIAN_POINT ( 'NONE',  ( 4.416251525940023903, 15.50000000000000178, 4.733498959855849009 ) ) ;
#7830 = VERTEX_POINT ( 'NONE', #4144 ) ;
#7831 = VECTOR ( 'NONE', #3422, 1000.000000000000000 ) ;
#7832 = DIRECTION ( 'NONE',  ( 0.0000000000000000000, 0.0000000000000000000, 1.000000000000000000 ) ) ;
#7833 = CARTESIAN_POINT ( 'NONE',  ( 8.299999999999997158, 9.000000000000000000, -1.434415584415590139 ) ) ;
#7834 = ORIENTED_EDGE ( 'NONE', *, *, #4537, .F. ) ;
#7835 = ORIENTED_EDGE ( 'NONE', *, *, #10702, .T. ) ;
#7836 = CARTESIAN_POINT ( 'NONE',  ( 4.499999999999998224, 15.30259718358289867, 5.162563672940485127 ) ) ;
#7837 = B_SPLINE_CURVE_WITH_KNOTS ( 'NONE', 3,
 ( #4309, #2618, #3575, #7852, #10425, #6881 ),
 .UNSPECIFIED., .F., .F.,
 ( 4, 2, 4 ),
 ( 0.0000000000000000000, 0.5000000000000000000, 1.000000000000000000 ),
 .UNSPECIFIED. ) ;
#7838 = CARTESIAN_POINT ( 'NONE',  ( 8.299999999999997158, 15.50259483730813059, -5.076103730624437205 ) ) ;
#7839 = DIRECTION ( 'NONE',  ( 1.000000000000000000, 0.0000000000000000000, 0.0000000000000000000 ) ) ;
#7840 = CARTESIAN_POINT ( 'NONE',  ( 6.500000000000000888, 14.59999999998728981, 1.049999999976589660 ) ) ;
#7841 = ORIENTED_EDGE ( 'NONE', *, *, #10675, .T. ) ;
#7842 = FACE_OUTER_BOUND ( 'NONE', #4531, .T. ) ;
#7843 = CARTESIAN_POINT ( 'NONE',  ( 11.12420060861570192, 6.657134243524641448, -5.868319031419950704 ) ) ;
#7844 = DIRECTION ( 'NONE',  ( 0.0000000000000000000, 0.01298591791445111512, -0.9999156794129788750 ) ) ;
#7845 = CARTESIAN_POINT ( 'NONE',  ( 4.299999999999982059, 15.29999999999999893, 6.580769515458701591 ) ) ;
#7846 = ORIENTED_EDGE ( 'NONE', *, *, #3548, .T. ) ;
#7847 = EDGE_CURVE ( 'NONE', #10331, #10683, #7368, .T. ) ;
#7848 = CARTESIAN_POINT ( 'NONE',  ( 8.500000000000000000, 15.50000000000000000, 1.449999999999999956 ) ) ;
#7849 = CARTESIAN_POINT ( 'NONE',  ( 4.500000000000025757, 15.50000000000000355, -8.640243901942431748 ) ) ;
#7850 = CARTESIAN_POINT ( 'NONE',  ( 5.582979071374055025, 15.50000000000000533, 3.279895681407077657 ) ) ;
#7851 = CARTESIAN_POINT ( 'NONE',  ( 5.855841053720029166, 15.50000000000000000, 0.8406354189937004229 ) ) ;
#7852 = CARTESIAN_POINT ( 'NONE',  ( 8.404393143549121703, 15.47844707036062495, -6.468005325211172440 ) ) ;
#7853 = CARTESIAN_POINT ( 'NONE',  ( 6.500000000000000888, 14.49999999999890754, -8.244999999990564987 ) ) ;
#7854 = CARTESIAN_POINT ( 'NONE',  ( 4.298896448480522992, 15.30150824295816037, 2.541284755163224052 ) ) ;
#7855 = LINE ( 'NONE', #3694, #2478 ) ;
#7856 = AXIS2_PLACEMENT_3D ( 'NONE', #5928, #5040, #6713 ) ;
#7857 = EDGE_CURVE ( 'NONE', #4391, #6464, #124, .T. ) ;
#7858 = CARTESIAN_POINT ( 'NONE',  ( 4.321554619278035858, 15.40439733175265857, -6.580769515458698926 ) ) ;
#7859 = EDGE_CURVE ( 'NONE', #3606, #8936, #3933, .T. ) ;
#7860 = VERTEX_POINT ( 'NONE', #6716 ) ;
#7861 = CARTESIAN_POINT ( 'NONE',  ( 8.862475782649550382, 13.20000000000013785, -7.294999999999999929 ) ) ;
#7862 = CARTESIAN_POINT ( 'NONE',  ( 7.340723171297647731, 15.50000000000000533, 3.165711419641612512 ) ) ;
#7863 = CARTESIAN_POINT ( 'NONE',  ( 11.20000000000000107, 7.065345752887019160, 1.089638316440244559 ) ) ;
#7864 = DIRECTION ( 'NONE',  ( 2.556434596176350141E-15, 1.000000000000000000, 0.0000000000000000000 ) ) ;
#7865 = EDGE_LOOP ( 'NONE', ( #3788, #2036 ) ) ;
#7866 = DIRECTION ( 'NONE',  ( -1.000000000000000000, 4.110719137385800108E-17, 0.0000000000000000000 ) ) ;
#7867 = CARTESIAN_POINT ( 'NONE',  ( 10.89999999999999858, 8.211661298107269857, 6.629041674233260295 ) ) ;
#7868 = PLANE ( 'NONE',  #4410 ) ;
#7869 = EDGE_CURVE ( 'NONE', #8383, #5386, #10714, .T. ) ;
#7870 = VERTEX_POINT ( 'NONE', #3074 ) ;
#7871 = ORIENTED_EDGE ( 'NONE', *, *, #6124, .T. ) ;
#7872 = CARTESIAN_POINT ( 'NONE',  ( 4.299999999999982059, 15.30000000000000249, -1.039230484541302069 ) ) ;
#7873 = CARTESIAN_POINT ( 'NONE',  ( 4.299999999999999822, 15.50000000000000000, 5.259999999999999787 ) ) ;
#7874 = PRESENTATION_LAYER_ASSIGNMENT (  '', '', ( #5521 ) ) ;
#7875 = LINE ( 'NONE', #9715, #10457 ) ;
#7876 = CYLINDRICAL_SURFACE ( 'NONE', #5466, 0.2000000000000005107 ) ;
#7877 = FACE_OUTER_BOUND ( 'NONE', #4427, .T. ) ;
#7878 = EDGE_CURVE ( 'NONE', #1379, #8158, #5813, .T. ) ;
#7879 = EDGE_CURVE ( 'NONE', #11026, #7345, #615, .T. ) ;
#7880 = CARTESIAN_POINT ( 'NONE',  ( 0.7749999999999999112, -4.440892098500626162E-16, -1.499999999999999556 ) ) ;
#7881 = CARTESIAN_POINT ( 'NONE',  ( 6.375000000000000000, -1.386229920535041122E-16, -9.919999999999999929 ) ) ;
#7882 = CARTESIAN_POINT ( 'NONE',  ( 8.499999999999998224, 9.000247077141517948, 2.523240196970223614 ) ) ;
#7883 = VERTEX_POINT ( 'NONE', #9178 ) ;
#7884 = FACE_OUTER_BOUND ( 'NONE', #11034, .T. ) ;
#7885 = CARTESIAN_POINT ( 'NONE',  ( 8.499991117421794584, 15.41711772838280758, -4.959174440960128827 ) ) ;
#7886 =( BOUNDED_SURFACE ( )  B_SPLINE_SURFACE ( 3, 3, ( 
 ( #5025, #10966, #825, #5147 ),
 ( #10246, #10078, #2546, #658 ),
 ( #8433, #7668, #763, #7491 ),
 ( #5968, #1541, #6868, #8326 ) ),
 .UNSPECIFIED., .F., .F., .F. ) 
 B_SPLINE_SURFACE_WITH_KNOTS ( ( 4, 4 ),
 ( 4, 4 ),
 ( 0.0000000000000000000, 1.000000000000000000 ),
 ( 0.0000000000000000000, 1.000000000000000000 ),
 .UNSPECIFIED. ) 
 GEOMETRIC_REPRESENTATION_ITEM ( )  RATIONAL_B_SPLINE_SURFACE ( (
 ( 1.000000000000000000, 0.8047378541243540573, 0.8047378541243540573, 1.000000000000000000),
 ( 0.8025111867385901210, 0.6458111303268018188, 0.6458111303268018188, 0.8025111867385901210),
 ( 0.8025111867385901210, 0.6458111303268018188, 0.6458111303268018188, 0.8025111867385901210),
 ( 1.000000000000000000, 0.8047378541243540573, 0.8047378541243540573, 1.000000000000000000) ) ) 
 REPRESENTATION_ITEM ( '' )  SURFACE ( )  );
#7887 = DIRECTION ( 'NONE',  ( -0.0000000000000000000, 0.0000000000000000000, 1.000000000000000000 ) ) ;
#7888 = CARTESIAN_POINT ( 'NONE',  ( 6.175729393384011168, 14.50000000000000178, 4.369470591353086242 ) ) ;
#7889 = ORIENTED_EDGE ( 'NONE', *, *, #6257, .T. ) ;
#7890 = DIRECTION ( 'NONE',  ( 0.0000000000000000000, 1.000000000000000000, 0.0000000000000000000 ) ) ;
#7891 = ADVANCED_FACE ( 'NONE', ( #6655 ), #566, .T. ) ;
#7892 = CARTESIAN_POINT ( 'NONE',  ( 4.299999999999981171, 9.000000000000000000, 1.039230484541226129 ) ) ;
#7893 =( NAMED_UNIT ( * ) PLANE_ANGLE_UNIT ( ) SI_UNIT ( $, .RADIAN. ) );
#7894 = DIRECTION ( 'NONE',  ( -1.000000000000000000, 0.0000000000000000000, 0.0000000000000000000 ) ) ;
#7895 = CYLINDRICAL_SURFACE ( 'NONE', #10557, 0.2000000000000005107 ) ;
#7896 = ORIENTED_EDGE ( 'NONE', *, *, #5461, .F. ) ;
#7897 = CARTESIAN_POINT ( 'NONE',  ( 4.382842712474610103, 15.50000000000001066, 2.770769515458705534 ) ) ;
#7898 = DIRECTION ( 'NONE',  ( 4.110719137385800108E-17, 1.000000000000000000, -0.0000000000000000000 ) ) ;
#7899 = CARTESIAN_POINT ( 'NONE',  ( 4.515384615381938360, 15.50000000000000000, 0.9859366135444259660 ) ) ;
#7900 = DIRECTION ( 'NONE',  ( -1.531342102931250010E-16, 0.0000000000000000000, 1.000000000000000000 ) ) ;
#7901 = EDGE_LOOP ( 'NONE', ( #3057, #687, #10642, #10391 ) ) ;
#7902 = FACE_OUTER_BOUND ( 'NONE', #7740, .T. ) ;
#7903 = ORIENTED_EDGE ( 'NONE', *, *, #1367, .T. ) ;
#7904 = LINE ( 'NONE', #1056, #6895 ) ;
#7905 = EDGE_CURVE ( 'NONE', #4324, #8550, #5605, .T. ) ;
#7906 = CARTESIAN_POINT ( 'NONE',  ( 9.018600732609513670, 15.20000000000007567, -7.220000000000000639 ) ) ;
#7907 = DIRECTION ( 'NONE',  ( 0.0000000000000000000, 0.0000000000000000000, 1.000000000000000000 ) ) ;
#7908 = ORIENTED_EDGE ( 'NONE', *, *, #6739, .F. ) ;
#7909 = CARTESIAN_POINT ( 'NONE',  ( 4.499999999999999112, 15.50000000000000000, -6.467419462942110009 ) ) ;
#7910 = EDGE_LOOP ( 'NONE', ( #10257, #1784, #7809, #4362 ) ) ;
#7911 = CARTESIAN_POINT ( 'NONE',  ( 8.299999999999998934, 15.42062190192916660, 8.971030884390531313 ) ) ;
#7912 = CARTESIAN_POINT ( 'NONE',  ( 6.499999999999999112, 12.00000000000000000, 9.399999999999998579 ) ) ;
#7913 = CARTESIAN_POINT ( 'NONE',  ( 9.349999999999999645, 7.264052568565429802, 5.128493352674608374 ) ) ;
#7914 = LINE ( 'NONE', #10267, #4363 ) ;
#7915 = VERTEX_POINT ( 'NONE', #7397 ) ;
#7916 = CARTESIAN_POINT ( 'NONE',  ( 8.299999999999993605, 15.42062190192916304, 1.351030884390530540 ) ) ;
#7917 = EDGE_CURVE ( 'NONE', #4600, #5048, #9992, .T. ) ;
#7918 = EDGE_CURVE ( 'NONE', #7044, #4308, #9936, .T. ) ;
#7919 = LINE ( 'NONE', #3644, #10678 ) ;
#7920 = VERTEX_POINT ( 'NONE', #1459 ) ;
#7921 = CARTESIAN_POINT ( 'NONE',  ( 8.500000000000000000, 9.000000000000000000, -6.385601281123929773 ) ) ;
#7922 = B_SPLINE_CURVE_WITH_KNOTS ( 'NONE', 3,
 ( #2117, #7160, #5529, #10693 ),
 .UNSPECIFIED., .F., .F.,
 ( 4, 4 ),
 ( 0.0000000000000000000, 1.000000000000000000 ),
 .UNSPECIFIED. ) ;
#7923 = CARTESIAN_POINT ( 'NONE',  ( 7.399999999999999467, 11.69999999999999929, -9.400000000000000355 ) ) ;
#7924 = CARTESIAN_POINT ( 'NONE',  ( 4.905714285714245726, 15.50000000000000000, 3.443794972114033293 ) ) ;
#7925 = EDGE_CURVE ( 'NONE', #4165, #4972, #4876, .T. ) ;
#7927 = EDGE_CURVE ( 'NONE', #1479, #8065, #9474, .T. ) ;
#7926 = CARTESIAN_POINT ( 'NONE',  ( 4.499999999999998224, 15.30259718358288978, 6.267436327059519918 ) ) ;
#7928 = CARTESIAN_POINT ( 'NONE',  ( 4.499999999999999112, 15.50259483730812704, -6.353896269375566952 ) ) ;
#7929 = DIRECTION ( 'NONE',  ( -1.000000000000000000, -0.0000000000000000000, -0.0000000000000000000 ) ) ;
#7930 = VECTOR ( 'NONE', #6298, 1000.000000000000000 ) ;
#7931 = DIRECTION ( 'NONE',  ( 0.0000000000000000000, 1.000000000000000000, 0.0000000000000000000 ) ) ;
#7932 = ORIENTED_EDGE ( 'NONE', *, *, #156, .T. ) ;
#7933 = ORIENTED_EDGE ( 'NONE', *, *, #2345, .F. ) ;
#7934 = FACE_OUTER_BOUND ( 'NONE', #7822, .T. ) ;
#7935 = EDGE_CURVE ( 'NONE', #7860, #9275, #1795, .T. ) ;
#7936 = CARTESIAN_POINT ( 'NONE',  ( 6.332330645463421170, 14.49999999999999645, -4.434267176339142580 ) ) ;
#7937 = ORIENTED_EDGE ( 'NONE', *, *, #3949, .F. ) ;
#7938 = CARTESIAN_POINT ( 'NONE',  ( 8.417803733038716985, 15.50259483730812704, 5.076103730624432764 ) ) ;
#7939 = DIRECTION ( 'NONE',  ( -1.000000000000000000, 0.0000000000000000000, 0.0000000000000000000 ) ) ;
#7940 = CARTESIAN_POINT ( 'NONE',  ( 8.706350832689590646, 15.20000000000010054, -8.070000000000000284 ) ) ;
#7941 = CARTESIAN_POINT ( 'NONE',  ( 6.375000000000000000, 0.5000000000000000000, 9.919999999999999929 ) ) ;
#7942 = ORIENTED_EDGE ( 'NONE', *, *, #10058, .F. ) ;
#7943 = AXIS2_PLACEMENT_3D ( 'NONE', #567, #461, #3822 ) ;
#7944 = EDGE_CURVE ( 'NONE', #6899, #4687, #7488, .T. ) ;
#7945 = DIRECTION ( 'NONE',  ( -0.0000000000000000000, -0.9999156794129788750, -0.01298591791445429834 ) ) ;
#7946 = ADVANCED_FACE ( 'NONE', ( #2452 ), #6890, .T. ) ;
#7947 =( NAMED_UNIT ( * ) PLANE_ANGLE_UNIT ( ) SI_UNIT ( $, .RADIAN. ) );
#7948 = CARTESIAN_POINT ( 'NONE',  ( 9.599999999999999645, 5.701264653248205860, 2.471288698636970871 ) ) ;
#7949 = DIRECTION ( 'NONE',  ( -1.000000000000000000, 0.0000000000000000000, 0.0000000000000000000 ) ) ;
#7950 = CARTESIAN_POINT ( 'NONE',  ( 6.500000000000000000, 14.59999999999999964, -3.810000000000000053 ) ) ;
#7951 = ORIENTED_EDGE ( 'NONE', *, *, #4549, .F. ) ;
#7952 = CARTESIAN_POINT ( 'NONE',  ( 10.19999999999999929, 5.200000000000000178, -3.810000000000000053 ) ) ;
#7953 = VERTEX_POINT ( 'NONE', #7690 ) ;
#7954 = VECTOR ( 'NONE', #4759, 1000.000000000000114 ) ;
#7955 = CARTESIAN_POINT ( 'NONE',  ( 8.500000000000000000, 15.50000000000000000, 7.370000000000000107 ) ) ;
#7956 = CARTESIAN_POINT ( 'NONE',  ( 10.19999999999999929, 5.200000000000000178, 3.810000000000000053 ) ) ;
#7957 = EDGE_LOOP ( 'NONE', ( #2284, #7735, #8280, #11060 ) ) ;
#7958 = VERTEX_POINT ( 'NONE', #5221 ) ;
#7959 = CARTESIAN_POINT ( 'NONE',  ( 8.500000000000000000, 9.000000000000000000, 6.385601281123929773 ) ) ;
#7960 = ORIENTED_EDGE ( 'NONE', *, *, #8215, .T. ) ;
#7961 = SURFACE_STYLE_USAGE ( .BOTH. , #5382 ) ;
#7962 = CARTESIAN_POINT ( 'NONE',  ( 11.20000000000000284, 5.500000000000000000, 3.810000000000000053 ) ) ;
#7963 = MECHANICAL_DESIGN_GEOMETRIC_PRESENTATION_REPRESENTATION (  '', ( #6878 ), #74 ) ;
#7964 = CARTESIAN_POINT ( 'NONE',  ( 7.059646634422738209, 14.50000000000000533, 7.295625443502690821 ) ) ;
#7965 = LINE ( 'NONE', #1845, #8289 ) ;
#7966 = ORIENTED_EDGE ( 'NONE', *, *, #8088, .F. ) ;
#7967 = PLANE ( 'NONE',  #7797 ) ;
#7968 = ORIENTED_EDGE ( 'NONE', *, *, #2642, .T. ) ;
#7969 = DIRECTION ( 'NONE',  ( 0.0000000000000000000, -1.000000000000000000, 0.0000000000000000000 ) ) ;
#7970 = CARTESIAN_POINT ( 'NONE',  ( 11.19999999999999929, 7.065185354703118925, -4.899727402440841928 ) ) ;
#7971 = VECTOR ( 'NONE', #11000, 1000.000000000000000 ) ;
#7972 = ORIENTED_EDGE ( 'NONE', *, *, #9777, .T. ) ;
#7973 = DIRECTION ( 'NONE',  ( 1.445602896647339903E-15, -1.000000000000000000, 0.0000000000000000000 ) ) ;
#7974 = EDGE_CURVE ( 'NONE', #1529, #4818, #8633, .T. ) ;
#7975 = CARTESIAN_POINT ( 'NONE',  ( 9.450000000000001066, 13.19999999999999929, 3.410000000000000142 ) ) ;
#7976 = DIRECTION ( 'NONE',  ( 0.0000000000000000000, -0.9999156794129788750, -0.01298591791445429834 ) ) ;
#7977 = CIRCLE ( 'NONE', #10829, 1.049999999999999822 ) ;
#7978 = CARTESIAN_POINT ( 'NONE',  ( 8.862475782649548606, 13.20000000000010054, 7.944999999999998508 ) ) ;
#7979 = CARTESIAN_POINT ( 'NONE',  ( 9.600000000000001421, 5.500000000000000000, -2.459999999999979536 ) ) ;
#7980 = CARTESIAN_POINT ( 'NONE',  ( 4.499999999999982236, 9.000000000000000000, 9.054415584415583140 ) ) ;
#7981 = CARTESIAN_POINT ( 'NONE',  ( 9.450000000000001066, 13.19999999999999929, -7.219999999999999751 ) ) ;
#7982 = AXIS2_PLACEMENT_3D ( 'NONE', #7427, #3216, #4174 ) ;
#7983 = PRESENTATION_STYLE_ASSIGNMENT (( #4558 ) ) ;
#7984 = AXIS2_PLACEMENT_3D ( 'NONE', #5180, #10339, #9372 ) ;
#7985 = CARTESIAN_POINT ( 'NONE',  ( 5.274999999999987033, -3.931696986549483667E-16, -6.119999999999999218 ) ) ;
#7986 = VERTEX_POINT ( 'NONE', #1674 ) ;
#7987 = CARTESIAN_POINT ( 'NONE',  ( 10.89999999999999858, 6.585611271177849169, -5.706508905719283042 ) ) ;
#7988 = ADVANCED_FACE ( 'NONE', ( #4372 ), #6888, .T. ) ;
#7989 = ADVANCED_FACE ( 'NONE', ( #5931 ), #5992, .F. ) ;
#7990 = CARTESIAN_POINT ( 'NONE',  ( 9.599999999999999645, 5.601324057744236917, 8.969989388875504233 ) ) ;
#7991 = FACE_OUTER_BOUND ( 'NONE', #6227, .T. ) ;
#7992 = AXIS2_PLACEMENT_3D ( 'NONE', #4422, #1109, #3521 ) ;
#7993 = VERTEX_POINT ( 'NONE', #2950 ) ;
#7994 = CARTESIAN_POINT ( 'NONE',  ( 8.369143109499560751, 15.42062190192916660, 5.161030884390530815 ) ) ;
#7995 = DIRECTION ( 'NONE',  ( 0.0000000000000000000, -0.9615239476408231623, 0.2747211278973781257 ) ) ;
#7996 = EDGE_CURVE ( 'NONE', #3576, #7953, #548, .T. ) ;
#7997 = ORIENTED_EDGE ( 'NONE', *, *, #3892, .T. ) ;
#7998 = CARTESIAN_POINT ( 'NONE',  ( 8.500000000000000000, 9.000000000000000000, -6.185584415584419737 ) ) ;
#7999 = ORIENTED_EDGE ( 'NONE', *, *, #4150, .F. ) ;
#8000 = AXIS2_PLACEMENT_3D ( 'NONE', #2939, #10750, #1281 ) ;
#8001 = CARTESIAN_POINT ( 'NONE',  ( 5.274999999999996803, -1.081179383454223566E-15, -5.310000000000020037 ) ) ;
#8002 = CARTESIAN_POINT ( 'NONE',  ( 8.500000000000000000, 15.30000000000000071, 1.152580537057884547 ) ) ;
#8003 = DIRECTION ( 'NONE',  ( -0.0000000000000000000, 0.9999156794129788750, 0.01298591791445429834 ) ) ;
#8004 = DIRECTION ( 'NONE',  ( 0.0000000000000000000, 0.01298591791445113074, -0.9999156794129788750 ) ) ;
#8005 = ORIENTED_EDGE ( 'NONE', *, *, #2263, .T. ) ;
#8006 = LINE ( 'NONE', #2934, #5988 ) ;
#8007 = ORIENTED_EDGE ( 'NONE', *, *, #6592, .T. ) ;
#8008 = PLANE ( 'NONE',  #1369 ) ;
#8009 = VERTEX_POINT ( 'NONE', #10491 ) ;
#8010 = CARTESIAN_POINT ( 'NONE',  ( 10.50000000000000000, 1.314814814814816657, 9.919999999999999929 ) ) ;
#8011 = EDGE_CURVE ( 'NONE', #8061, #5211, #2536, .T. ) ;
#8012 = EDGE_CURVE ( 'NONE', #8026, #9839, #8039, .T. ) ;
#8013 = CARTESIAN_POINT ( 'NONE',  ( 4.499999999999940492, 15.50000000000000000, -4.830243901942369966 ) ) ;
#8014 = LINE ( 'NONE', #8904, #2842 ) ;
#8015 = PLANE ( 'NONE',  #6586 ) ;
#8016 = ORIENTED_EDGE ( 'NONE', *, *, #5888, .T. ) ;
#8017 = CARTESIAN_POINT ( 'NONE',  ( 8.417152084231538822, 15.49994977653715544, 8.768098700074997254 ) ) ;
#8018 = CARTESIAN_POINT ( 'NONE',  ( 6.666964126296234916, 14.50000000000000178, 3.185739695888821110 ) ) ;
#8019 = CARTESIAN_POINT ( 'NONE',  ( 10.20000000000000107, 5.799999999999997158, 8.936269301653442909 ) ) ;
#8020 = VERTEX_POINT ( 'NONE', #2841 ) ;
#8021 = CARTESIAN_POINT ( 'NONE',  ( 9.018600732609499460, 13.20000000000010054, 7.820000000000000284 ) ) ;
#8022 = EDGE_LOOP ( 'NONE', ( #10410, #5388, #2300, #9616 ) ) ;
#8023 = CARTESIAN_POINT ( 'NONE',  ( 4.299999999999960743, 15.41715728752538439, -2.827729263255436276 ) ) ;
#8024 = ORIENTED_EDGE ( 'NONE', *, *, #2698, .F. ) ;
#8025 =( NAMED_UNIT ( * ) PLANE_ANGLE_UNIT ( ) SI_UNIT ( $, .RADIAN. ) );
#8026 = VERTEX_POINT ( 'NONE', #6277 ) ;
#8027 = VECTOR ( 'NONE', #8736, 999.9999999999998863 ) ;
#8028 = EDGE_CURVE ( 'NONE', #4656, #7229, #2733, .T. ) ;
#8029 = ORIENTED_EDGE ( 'NONE', *, *, #5471, .T. ) ;
#8030 = DIRECTION ( 'NONE',  ( 0.0000000000000000000, -0.9999156794129789860, 0.01298591791445430008 ) ) ;
#8031 = ORIENTED_EDGE ( 'NONE', *, *, #6872, .F. ) ;
#8032 = CARTESIAN_POINT ( 'NONE',  ( 4.500000000000000000, 8.997200455540209418, -8.854435076596329779 ) ) ;
#8033 = DIRECTION ( 'NONE',  ( 0.0000000000000000000, 0.0000000000000000000, 1.000000000000000000 ) ) ;
#8034 = DIRECTION ( 'NONE',  ( 1.000000000000000000, 0.0000000000000000000, 0.0000000000000000000 ) ) ;
#8035 = CIRCLE ( 'NONE', #4088, 0.2000000000000001499 ) ;
#8036 = CARTESIAN_POINT ( 'NONE',  ( 11.14342012021064399, 6.633306743742623190, 1.738642810670368188 ) ) ;
#8037 = DIRECTION ( 'NONE',  ( -1.000000000000000000, 0.0000000000000000000, 0.0000000000000000000 ) ) ;
#8038 = CARTESIAN_POINT ( 'NONE',  ( 4.781862296044550931, 15.50000000000000000, 7.963013899375038562 ) ) ;
#8039 = B_SPLINE_CURVE_WITH_KNOTS ( 'NONE', 3,
 ( #8124, #5384, #4535, #442, #8074, #3699, #1236, #3754, #7964, #277, #7115, #10544 ),
 .UNSPECIFIED., .F., .F.,
 ( 4, 2, 2, 2, 2, 4 ),
 ( 0.0000000000000000000, 0.2499999999999976685, 0.3749999999999978906, 0.4999999999999993339, 0.7499999999999996669, 1.000000000000000000 ),
 .UNSPECIFIED. ) ;
#8040 = EDGE_CURVE ( 'NONE', #2013, #2332, #9373, .T. ) ;
#8041 = COLOUR_RGB ( '',0.2862745098039215508, 0.6431372549019607199, 0.8666666666666666963 ) ;
#8042 = VECTOR ( 'NONE', #4153, 1000.000000000000000 ) ;
#8043 = ORIENTED_EDGE ( 'NONE', *, *, #3254, .F. ) ;
#8044 = ORIENTED_EDGE ( 'NONE', *, *, #9634, .F. ) ;
#8045 = LINE ( 'NONE', #3036, #2121 ) ;
#8046 =( BOUNDED_SURFACE ( )  B_SPLINE_SURFACE ( 3, 3, ( 
 ( #4067, #8321, #10800, #1386 ),
 ( #1593, #7543, #7485, #757 ),
 ( #8267, #10960, #4804, #3272 ),
 ( #6690, #5020, #9154, #4011 ) ),
 .UNSPECIFIED., .F., .F., .F. ) 
 B_SPLINE_SURFACE_WITH_KNOTS ( ( 4, 4 ),
 ( 4, 4 ),
 ( 0.0000000000000000000, 1.000000000000000000 ),
 ( 0.0000000000000000000, 1.000000000000000000 ),
 .UNSPECIFIED. ) 
 GEOMETRIC_REPRESENTATION_ITEM ( )  RATIONAL_B_SPLINE_SURFACE ( (
 ( 1.000000000000000000, 0.8047378541243533911, 0.8047378541243533911, 1.000000000000000000),
 ( 0.8025111867385842368, 0.6458111303267964898, 0.6458111303267964898, 0.8025111867385842368),
 ( 0.8025111867385842368, 0.6458111303267964898, 0.6458111303267964898, 0.8025111867385842368),
 ( 1.000000000000000000, 0.8047378541243533911, 0.8047378541243533911, 1.000000000000000000) ) ) 
 REPRESENTATION_ITEM ( '' )  SURFACE ( )  );
#8047 = LINE ( 'NONE', #3608, #416 ) ;
#8048 = CIRCLE ( 'NONE', #1585, 1.049999999999999822 ) ;
#8049 = VECTOR ( 'NONE', #3931, 1000.000000000000000 ) ;
#8050 = ORIENTED_EDGE ( 'NONE', *, *, #6873, .F. ) ;
#8051 = CARTESIAN_POINT ( 'NONE',  ( 8.499991117421785702, 15.29997552248377524, 4.960695768309466125 ) ) ;
#8052 = EDGE_CURVE ( 'NONE', #6707, #4510, #2012, .T. ) ;
#8053 = CARTESIAN_POINT ( 'NONE',  ( 4.500000000000025757, 15.50000000000000355, -8.640243901942433524 ) ) ;
#8054 = ORIENTED_EDGE ( 'NONE', *, *, #7412, .T. ) ;
#8055 = CARTESIAN_POINT ( 'NONE',  ( 8.299999999999998934, 15.29999999999999893, -4.962580537057890595 ) ) ;
#8056 = ORIENTED_EDGE ( 'NONE', *, *, #7596, .F. ) ;
#8057 = VECTOR ( 'NONE', #3343, 1000.000000000000227 ) ;
#8058 = CARTESIAN_POINT ( 'NONE',  ( 9.449999999999999289, 13.19999999999999929, 4.209999999999999964 ) ) ;
#8059 = DIRECTION ( 'NONE',  ( 0.0000000000000000000, -0.9999156794129788750, 0.01298591791445429834 ) ) ;
#8060 = DIRECTION ( 'NONE',  ( -1.000000000000000000, 0.0000000000000000000, -0.0000000000000000000 ) ) ;
#8061 = VERTEX_POINT ( 'NONE', #2892 ) ;
#8062 = CARTESIAN_POINT ( 'NONE',  ( 4.500031197697165197, 15.50000000000000000, -6.600005518452630504 ) ) ;
#8063 = VERTEX_POINT ( 'NONE', #9758 ) ;
#8064 = DIRECTION ( 'NONE',  ( 0.0000000000000000000, 0.0000000000000000000, -1.000000000000000000 ) ) ;
#8065 = VERTEX_POINT ( 'NONE', #9586 ) ;
#8066 = EDGE_CURVE ( 'NONE', #8360, #7103, #4837, .T. ) ;
#8067 = PRESENTATION_STYLE_ASSIGNMENT (( #9002 ) ) ;
#8068 = CARTESIAN_POINT ( 'NONE',  ( 4.346153846153843148, 15.41715728752536485, -4.689348871534922303 ) ) ;
#8069 = CARTESIAN_POINT ( 'NONE',  ( 4.300008882578203462, 15.41711772838280048, 4.959174440960129715 ) ) ;
#8070 = DIRECTION ( 'NONE',  ( 0.0000000000000000000, 0.0000000000000000000, 1.000000000000000000 ) ) ;
#8071 = VERTEX_POINT ( 'NONE', #10081 ) ;
#8072 = CARTESIAN_POINT ( 'NONE',  ( 9.349999999999999645, 6.905620928614180976, 1.701581753797224206 ) ) ;
#8073 = DIRECTION ( 'NONE',  ( 0.0000000000000000000, 0.0000000000000000000, 1.000000000000000000 ) ) ;
#8074 = CARTESIAN_POINT ( 'NONE',  ( 7.045621697155223018, 14.50000000000000533, 7.936121566161562946 ) ) ;
#8075 = EDGE_CURVE ( 'NONE', #511, #1406, #291, .T. ) ;
#8076 = CARTESIAN_POINT ( 'NONE',  ( 10.19999999999999929, 6.459767691189651551, 8.581620540801017327 ) ) ;
#8077 = ADVANCED_FACE ( 'NONE', ( #600 ), #4863, .T. ) ;
#8078 = DIRECTION ( 'NONE',  ( 2.556434596176350141E-15, 1.000000000000000000, 0.0000000000000000000 ) ) ;
#8079 = CARTESIAN_POINT ( 'NONE',  ( 4.515384615384575362, 15.50000000000000000, 0.9859366135392059194 ) ) ;
#8080 = ORIENTED_EDGE ( 'NONE', *, *, #10529, .F. ) ;
#8081 = VERTEX_POINT ( 'NONE', #10806 ) ;
#8082 = VERTEX_POINT ( 'NONE', #8386 ) ;
#8083 = CARTESIAN_POINT ( 'NONE',  ( 9.650000000000002132, 13.20000000000007567, -0.1999999999999957645 ) ) ;
#8084 = DIRECTION ( 'NONE',  ( 0.0000000000000000000, 0.0000000000000000000, 1.000000000000000000 ) ) ;
#8085 = DIRECTION ( 'NONE',  ( -2.556434596176350141E-15, -1.000000000000000000, -0.0000000000000000000 ) ) ;
#8086 = EDGE_CURVE ( 'NONE', #1464, #2315, #8357, .T. ) ;
#8087 = LINE ( 'NONE', #3025, #3826 ) ;
#8088 = EDGE_CURVE ( 'NONE', #11067, #1168, #9066, .T. ) ;
#8089 = LINE ( 'NONE', #5610, #4567 ) ;
#8090 = DIRECTION ( 'NONE',  ( 0.0000000000000000000, -0.9999156794129789860, 0.01298591791445430008 ) ) ;
#8091 = CARTESIAN_POINT ( 'NONE',  ( 1.474999999999999867, 2.099999999999999645, -2.910000000000000142 ) ) ;
#8092 = SURFACE_STYLE_FILL_AREA ( #2090 ) ;
#8093 = CARTESIAN_POINT ( 'NONE',  ( 8.500000000000000000, 15.20000000000004192, 0.2499999999999993616 ) ) ;
#8094 = ORIENTED_EDGE ( 'NONE', *, *, #9544, .T. ) ;
#8095 = LINE ( 'NONE', #7189, #1766 ) ;
#8096 = CARTESIAN_POINT ( 'NONE',  ( 8.299999999999998934, 15.30259718358288978, 2.457436327059513648 ) ) ;
#8097 = CARTESIAN_POINT ( 'NONE',  ( 8.499999999999998224, 15.30000000000000249, 8.772580537057885763 ) ) ;
#8098 = FACE_OUTER_BOUND ( 'NONE', #10542, .T. ) ;
#8099 = CARTESIAN_POINT ( 'NONE',  ( 9.650000000000000355, 13.19999999999999929, 4.209999999999999964 ) ) ;
#8100 = ORIENTED_EDGE ( 'NONE', *, *, #3969, .T. ) ;
#8101 = CARTESIAN_POINT ( 'NONE',  ( 8.299999999999998934, 15.29999999999999893, 1.449999999999999956 ) ) ;
#8102 =( BOUNDED_SURFACE ( )  B_SPLINE_SURFACE ( 3, 3, ( 
 ( #695, #10009, #8419, #8361 ),
 ( #6518, #2417, #533, #3096 ),
 ( #3258, #4890, #3954, #4054 ),
 ( #9099, #3318, #4792, #4949 ) ),
 .UNSPECIFIED., .F., .F., .F. ) 
 B_SPLINE_SURFACE_WITH_KNOTS ( ( 4, 4 ),
 ( 4, 4 ),
 ( 0.0000000000000000000, 1.000000000000000000 ),
 ( 0.0000000000000000000, 1.000000000000000000 ),
 .UNSPECIFIED. ) 
 GEOMETRIC_REPRESENTATION_ITEM ( )  RATIONAL_B_SPLINE_SURFACE ( (
 ( 1.000000000000000000, 0.9738459485536656857, 0.9738459485536656857, 1.000000000000000000),
 ( 0.8047378541244120109, 0.7836906988868294066, 0.7836906988868294066, 0.8047378541244120109),
 ( 0.8047378541244120109, 0.7836906988868294066, 0.7836906988868294066, 0.8047378541244120109),
 ( 1.000000000000000000, 0.9738459485536656857, 0.9738459485536656857, 1.000000000000000000) ) ) 
 REPRESENTATION_ITEM ( '' )  SURFACE ( )  );
#8103 = VERTEX_POINT ( 'NONE', #7383 ) ;
#8104 = CARTESIAN_POINT ( 'NONE',  ( 10.19999999999999929, 5.949892667124001555, 1.281655287409493527 ) ) ;
#8105 = ADVANCED_FACE ( 'NONE', ( #4079 ), #1396, .F. ) ;
#8106 = VECTOR ( 'NONE', #5351, 1000.000000000000000 ) ;
#8107 = CARTESIAN_POINT ( 'NONE',  ( 8.500000000000000000, 15.30000000000000071, 1.449999999999999956 ) ) ;
#8108 = CARTESIAN_POINT ( 'NONE',  ( 8.500000000000000000, 13.19999999999999929, -2.360000000000000320 ) ) ;
#8109 = ORIENTED_EDGE ( 'NONE', *, *, #5970, .F. ) ;
#8110 = LINE ( 'NONE', #4802, #9389 ) ;
#8111 = EDGE_LOOP ( 'NONE', ( #2459, #1215, #7932, #9792 ) ) ;
#8112 = DIRECTION ( 'NONE',  ( -0.0000000000000000000, 0.9999156794129788750, 0.01298591791445429834 ) ) ;
#8113 = SURFACE_STYLE_FILL_AREA ( #2885 ) ;
#8114 = B_SPLINE_CURVE_WITH_KNOTS ( 'NONE', 3,
 ( #8256, #5772, #9197, #1524 ),
 .UNSPECIFIED., .F., .F.,
 ( 4, 4 ),
 ( 0.0000000000000000000, 1.000000000000000000 ),
 .UNSPECIFIED. ) ;
#8115 = CARTESIAN_POINT ( 'NONE',  ( 4.299999999999978506, 15.29999999999999361, -4.792270736744525195 ) ) ;
#8116 = VECTOR ( 'NONE', #8699, 1000.000000000000000 ) ;
#8117 = CARTESIAN_POINT ( 'NONE',  ( 0.0000000000000000000, 7.899999999999999467, -9.919999999999999929 ) ) ;
#8118 = CARTESIAN_POINT ( 'NONE',  ( 8.500000000000000000, 9.000000000000000000, 9.054415584415579588 ) ) ;
#8119 = EDGE_LOOP ( 'NONE', ( #6254, #9947, #3832 ) ) ;
#8120 = CARTESIAN_POINT ( 'NONE',  ( 6.500000000000000888, 15.50000000000000000, -2.760000000000000231 ) ) ;
#8122 = ADVANCED_FACE ( 'NONE', ( #4023 ), #7469, .F. ) ;
#8121 = DIRECTION ( 'NONE',  ( -3.880602260699040389E-17, 0.2747211278973781257, 0.9615239476408231623 ) ) ;
#8123 = ADVANCED_FACE ( 'NONE', ( #8227, #555 ), #6546, .T. ) ;
#8124 = CARTESIAN_POINT ( 'NONE',  ( 6.500000000000000888, 14.49999999999890754, 8.244999999990564987 ) ) ;
#8125 = CARTESIAN_POINT ( 'NONE',  ( 8.706350832689631503, 15.20000000000007567, 4.059999999999999609 ) ) ;
#8126 = B_SPLINE_CURVE_WITH_KNOTS ( 'NONE', 3,
 ( #4344, #6977, #879, #7783 ),
 .UNSPECIFIED., .F., .F.,
 ( 4, 4 ),
 ( 0.0000000000000000000, 1.000000000000000000 ),
 .UNSPECIFIED. ) ;
#8127 = AXIS2_PLACEMENT_3D ( 'NONE', #8975, #8034, #3075 ) ;
#8128 = LINE ( 'NONE', #4762, #4194 ) ;
#8129 = ORIENTED_EDGE ( 'NONE', *, *, #8562, .F. ) ;
#8130 = FACE_OUTER_BOUND ( 'NONE', #1813, .T. ) ;
#8131 = ORIENTED_EDGE ( 'NONE', *, *, #2345, .T. ) ;
#8132 = CARTESIAN_POINT ( 'NONE',  ( 0.0000000000000000000, 0.0000000000000000000, -9.919999999999999929 ) ) ;
#8133 = ORIENTED_EDGE ( 'NONE', *, *, #239, .T. ) ;
#8134 = VERTEX_POINT ( 'NONE', #3116 ) ;
#8135 = DIRECTION ( 'NONE',  ( 0.0000000000000000000, -1.000000000000000000, 0.0000000000000000000 ) ) ;
#8136 = DIRECTION ( 'NONE',  ( -1.000000000000000000, 0.0000000000000000000, 0.0000000000000000000 ) ) ;
#8137 = DIRECTION ( 'NONE',  ( -0.0000000000000000000, 0.9999156794129788750, -0.01298591791445429834 ) ) ;
#8138 = CARTESIAN_POINT ( 'NONE',  ( 4.499999999999998224, 9.000000000000000000, 2.375584415584409914 ) ) ;
#8139 = CARTESIAN_POINT ( 'NONE',  ( 5.875147500400179190, 14.50000000000000533, 0.1664342847127625036 ) ) ;
#8140 = VECTOR ( 'NONE', #5624, 1000.000000000000000 ) ;
#8141 = VECTOR ( 'NONE', #188, 1000.000000000000000 ) ;
#8142 = CARTESIAN_POINT ( 'NONE',  ( 4.394278064412659113, 15.50000000000004974, 8.578386515657504319 ) ) ;
#8143 = CARTESIAN_POINT ( 'NONE',  ( 4.500000000000000888, 15.30259718358289689, -6.267436327059515477 ) ) ;
#8144 = EDGE_CURVE ( 'NONE', #5657, #8354, #9010, .T. ) ;
#8145 = ADVANCED_FACE ( 'NONE', ( #3917 ), #5729, .T. ) ;
#8146 = SURFACE_SIDE_STYLE ('',( #3991 ) ) ;
#8147 = EDGE_LOOP ( 'NONE', ( #6017, #4767, #8187, #5702 ) ) ;
#8148 = CARTESIAN_POINT ( 'NONE',  ( 10.89999999999999680, 8.250260842368405179, -8.498163252473171170 ) ) ;
#8149 = VECTOR ( 'NONE', #10911, 1000.000000000000114 ) ;
#8150 = AXIS2_PLACEMENT_3D ( 'NONE', #6860, #8607, #5358 ) ;
#8151 = FACE_OUTER_BOUND ( 'NONE', #3744, .T. ) ;
#8152 = ORIENTED_EDGE ( 'NONE', *, *, #1943, .T. ) ;
#8153 = DIRECTION ( 'NONE',  ( 0.0000000000000000000, 0.01298591791445113074, -0.9999156794129788750 ) ) ;
#8154 = CYLINDRICAL_SURFACE ( 'NONE', #9955, 0.1999999999999996503 ) ;
#8155 = VECTOR ( 'NONE', #2456, 1000.000000000000000 ) ;
#8156 = COLOUR_RGB ( '',1.000000000000000000, 1.000000000000000000, 1.000000000000000000 ) ;
#8157 = DIRECTION ( 'NONE',  ( 0.0000000000000000000, 1.000000000000000000, 0.0000000000000000000 ) ) ;
#8158 = VERTEX_POINT ( 'NONE', #10250 ) ;
#8159 = CYLINDRICAL_SURFACE ( 'NONE', #3755, 0.1999999999999996503 ) ;
#8160 = ORIENTED_EDGE ( 'NONE', *, *, #1981, .F. ) ;
#8161 = CARTESIAN_POINT ( 'NONE',  ( 10.19999999999999929, 6.087747258964867569, -1.225019845508762195 ) ) ;
#8162 = CARTESIAN_POINT ( 'NONE',  ( 5.855841053719885281, 15.50000000000000000, 8.460635418993668111 ) ) ;
#8163 = DIRECTION ( 'NONE',  ( 0.0000000000000000000, -0.9999156794129789860, -0.01298591791445430008 ) ) ;
#8164 = ORIENTED_EDGE ( 'NONE', *, *, #8186, .F. ) ;
#8165 = CARTESIAN_POINT ( 'NONE',  ( 8.417152084231538822, 15.49994977653715722, -1.148098700075004253 ) ) ;
#8166 = ORIENTED_EDGE ( 'NONE', *, *, #2992, .T. ) ;
#8167 = LINE ( 'NONE', #9692, #9601 ) ;
#8168 = CARTESIAN_POINT ( 'NONE',  ( 1.399999999999999911, 8.000000000000000000, 9.919999999999999929 ) ) ;
#8169 = VERTEX_POINT ( 'NONE', #4132 ) ;
#8170 = VECTOR ( 'NONE', #7560, 1000.000000000000000 ) ;
#8171 = EDGE_CURVE ( 'NONE', #7507, #8833, #10579, .T. ) ;
#8172 = EDGE_LOOP ( 'NONE', ( #7604, #7329, #6638, #325 ) ) ;
#8173 = CARTESIAN_POINT ( 'NONE',  ( 4.382847915768459224, 15.49994977653715544, 4.958098700075004750 ) ) ;
#8174 = VERTEX_POINT ( 'NONE', #4303 ) ;
#8175 = CARTESIAN_POINT ( 'NONE',  ( 8.299999999999988276, 8.999999999999998224, 5.244415584415586196 ) ) ;
#8176 = CARTESIAN_POINT ( 'NONE',  ( 7.125068278012847145, 14.50000000000000000, 3.893238932758847692 ) ) ;
#8177 = DIRECTION ( 'NONE',  ( 1.000000000000000000, -0.0000000000000000000, 0.0000000000000000000 ) ) ;
#8178 = DIRECTION ( 'NONE',  ( 1.000000000000000000, 0.0000000000000000000, 0.0000000000000000000 ) ) ;
#8179 = VECTOR ( 'NONE', #3107, 1000.000000000000000 ) ;
#8180 = ORIENTED_EDGE ( 'NONE', *, *, #1566, .T. ) ;
#8181 = CARTESIAN_POINT ( 'NONE',  ( 8.404397331752653244, 15.47844538072196130, -4.962580537057889707 ) ) ;
#8182 = ORIENTED_EDGE ( 'NONE', *, *, #8052, .F. ) ;
#8183 = CARTESIAN_POINT ( 'NONE',  ( 4.299999999999967848, 15.30000000000000071, -2.770769515458669563 ) ) ;
#8184 = CARTESIAN_POINT ( 'NONE',  ( 9.350000000000001421, 8.699999999999999289, 9.919999999999999929 ) ) ;
#8185 = EDGE_CURVE ( 'NONE', #2050, #3173, #2553, .T. ) ;
#8186 = EDGE_CURVE ( 'NONE', #807, #11067, #1780, .T. ) ;
#8187 = ORIENTED_EDGE ( 'NONE', *, *, #9937, .T. ) ;
#8188 = VECTOR ( 'NONE', #10822, 1000.000000000000000 ) ;
#8189 = ORIENTED_EDGE ( 'NONE', *, *, #3194, .T. ) ;
#8190 = FACE_OUTER_BOUND ( 'NONE', #4768, .T. ) ;
#8191 = DIRECTION ( 'NONE',  ( -0.0000000000000000000, -0.0000000000000000000, -1.000000000000000000 ) ) ;
#8192 = DIRECTION ( 'NONE',  ( 0.0000000000000000000, 1.000000000000000000, 0.0000000000000000000 ) ) ;
#8193 = FILL_AREA_STYLE_COLOUR ( '', #7396 ) ;
#8194 = ADVANCED_FACE ( 'NONE', ( #3455 ), #5501, .F. ) ;
#8195 = CARTESIAN_POINT ( 'NONE',  ( 1.399999999999999911, 8.199999999999999289, 9.919999999999999929 ) ) ;
#8196 = VECTOR ( 'NONE', #10052, 1000.000000000000000 ) ;
#8197 = CARTESIAN_POINT ( 'NONE',  ( 4.300413680925038840, 9.000000000000001776, -8.910408616727337971 ) ) ;
#8198 = CARTESIAN_POINT ( 'NONE',  ( 6.225164721422755676, 15.50000000000000178, -8.642671310501732762 ) ) ;
#8199 = ORIENTED_EDGE ( 'NONE', *, *, #9554, .F. ) ;
#8200 = CARTESIAN_POINT ( 'NONE',  ( 4.299999999999998934, 9.000247077141521501, 1.286759803029778437 ) ) ;
#8201 = AXIS2_PLACEMENT_3D ( 'NONE', #1803, #6113, #4999 ) ;
#8202 = CARTESIAN_POINT ( 'NONE',  ( 4.599999999999959677, 15.30000000000000071, -8.659230484541330597 ) ) ;
#8203 = ORIENTED_EDGE ( 'NONE', *, *, #6513, .F. ) ;
#8204 = EDGE_CURVE ( 'NONE', #2287, #3180, #4964, .T. ) ;
#8205 = EDGE_CURVE ( 'NONE', #5369, #2657, #685, .T. ) ;
#8206 = CIRCLE ( 'NONE', #4808, 0.1999999999999999278 ) ;
#8207 = CYLINDRICAL_SURFACE ( 'NONE', #5089, 0.2000000000000000111 ) ;
#8208 = ORIENTED_EDGE ( 'NONE', *, *, #2971, .T. ) ;
#8209 = DIRECTION ( 'NONE',  ( -1.000000000000000000, 0.0000000000000000000, 0.0000000000000000000 ) ) ;
#8210 = EDGE_LOOP ( 'NONE', ( #8367, #666 ) ) ;
#8211 = CARTESIAN_POINT ( 'NONE',  ( 4.395606856450871902, 15.47844707036062850, 4.961994674788827275 ) ) ;
#8212 = AXIS2_PLACEMENT_3D ( 'NONE', #8032, #5498, #8921 ) ;
#8213 = CARTESIAN_POINT ( 'NONE',  ( 8.862475782649553935, 15.20000000000013962, -7.294999999999999929 ) ) ;
#8214 = CYLINDRICAL_SURFACE ( 'NONE', #2672, 0.2000000000000005107 ) ;
#8215 = EDGE_CURVE ( 'NONE', #3288, #5595, #7234, .T. ) ;
#8216 = ORIENTED_EDGE ( 'NONE', *, *, #5573, .F. ) ;
#8217 = CARTESIAN_POINT ( 'NONE',  ( 9.350000000000001421, 6.757765876465089860, -5.615000000000000213 ) ) ;
#8218 = ORIENTED_EDGE ( 'NONE', *, *, #3054, .T. ) ;
#8219 = LINE ( 'NONE', #10184, #7827 ) ;
#8220 = AXIS2_PLACEMENT_3D ( 'NONE', #4973, #11090, #3401 ) ;
#8221 = CARTESIAN_POINT ( 'NONE',  ( 4.299999999999999822, 15.29999999999999716, -6.467419462942111785 ) ) ;
#8222 = VERTEX_POINT ( 'NONE', #8668 ) ;
#8223 = CARTESIAN_POINT ( 'NONE',  ( 4.299999999999999822, 15.29999999999999716, -6.467419462942111785 ) ) ;
#8224 = ORIENTED_EDGE ( 'NONE', *, *, #1982, .F. ) ;
#8225 = FACE_OUTER_BOUND ( 'NONE', #3345, .T. ) ;
#8226 = CARTESIAN_POINT ( 'NONE',  ( 4.346153846171226576, 9.000000000000000000, 2.930651128499475178 ) ) ;
#8227 = FACE_BOUND ( 'NONE', #6082, .T. ) ;
#8228 = CARTESIAN_POINT ( 'NONE',  ( 10.19999999999999929, 6.723518818032546029, 8.210593228898272145 ) ) ;
#8229 = B_SPLINE_CURVE_WITH_KNOTS ( 'NONE', 3,
 ( #4350, #1772, #6134, #935, #143, #7031 ),
 .UNSPECIFIED., .F., .F.,
 ( 4, 2, 4 ),
 ( 0.0000000000000000000, 0.5000000000000000000, 1.000000000000000000 ),
 .UNSPECIFIED. ) ;
#8230 = EDGE_CURVE ( 'NONE', #9071, #8708, #6303, .T. ) ;
#8231 = ORIENTED_EDGE ( 'NONE', *, *, #2122, .T. ) ;
#8232 = DIRECTION ( 'NONE',  ( -0.0000000000000000000, -0.0000000000000000000, 1.000000000000000000 ) ) ;
#8233 = ORIENTED_EDGE ( 'NONE', *, *, #1630, .T. ) ;
#8234 = CARTESIAN_POINT ( 'NONE',  ( 10.19999999999999929, 5.199999999999999289, 8.936269300834878138 ) ) ;
#8235 = CARTESIAN_POINT ( 'NONE',  ( 8.299999999999998934, 15.29999999999999893, 4.962580537057884378 ) ) ;
#8236 = VERTEX_POINT ( 'NONE', #4241 ) ;
#8237 = CARTESIAN_POINT ( 'NONE',  ( 9.349999999999997868, 6.757765876465090749, 5.814999999999999503 ) ) ;
#8238 = CARTESIAN_POINT ( 'NONE',  ( 8.706350832689629726, 13.19999999999999929, 3.560000000000000053 ) ) ;
#8239 = CYLINDRICAL_SURFACE ( 'NONE', #6927, 0.2000000000000005107 ) ;
#8240 = LINE ( 'NONE', #403, #1854 ) ;
#8241 = EDGE_CURVE ( 'NONE', #2064, #3361, #1752, .T. ) ;
#8242 = EDGE_CURVE ( 'NONE', #2326, #4057, #10309, .T. ) ;
#8243 = CARTESIAN_POINT ( 'NONE',  ( 10.19999999999999929, 5.799999999999999822, -9.619999999999979678 ) ) ;
#8244 = CARTESIAN_POINT ( 'NONE',  ( 11.20000000000000284, 6.504433618017674945, 1.667645556978336829 ) ) ;
#8245 = ADVANCED_BREP_SHAPE_REPRESENTATION ( 'CUI_DEVICES_TBP02P1-381-05BE', ( #3965, #9277 ), #7691 ) ;
#8246 = CARTESIAN_POINT ( 'NONE',  ( 4.500000000000026645, 15.50000000000000000, 8.659230484541357242 ) ) ;
#8247 = CARTESIAN_POINT ( 'NONE',  ( 4.299999999999999822, 9.000000000000000000, -9.070000000000000284 ) ) ;
#8248 = CARTESIAN_POINT ( 'NONE',  ( 4.346153846153807621, 15.30000000000000249, -8.499348871534969874 ) ) ;
#8249 = ORIENTED_EDGE ( 'NONE', *, *, #9572, .T. ) ;
#8250 = CARTESIAN_POINT ( 'NONE',  ( 4.397194873124356640, 9.000000000000000000, -6.205169875791814782 ) ) ;
#8251 = CARTESIAN_POINT ( 'NONE',  ( 8.499999999999998224, 15.30000000000000249, 2.657419462942110400 ) ) ;
#8252 = EDGE_CURVE ( 'NONE', #10711, #5406, #1101, .T. ) ;
#8253 = ADVANCED_FACE ( 'NONE', ( #9686 ), #257, .F. ) ;
#8254 = ORIENTED_EDGE ( 'NONE', *, *, #9, .T. ) ;
#8255 = DIRECTION ( 'NONE',  ( 4.110719137385800108E-17, 1.000000000000000000, -0.0000000000000000000 ) ) ;
#8256 = CARTESIAN_POINT ( 'NONE',  ( 9.599999999999999645, 5.199999999999999289, -5.126232908051130188 ) ) ;
#8257 = ORIENTED_EDGE ( 'NONE', *, *, #7242, .F. ) ;
#8258 = CARTESIAN_POINT ( 'NONE',  ( 9.449999999999999289, 13.20000000000005258, -8.019999999999999574 ) ) ;
#8259 = EDGE_CURVE ( 'NONE', #4206, #4208, #8702, .T. ) ;
#8260 = ORIENTED_EDGE ( 'NONE', *, *, #2158, .F. ) ;
#8261 = EDGE_LOOP ( 'NONE', ( #6892, #4734, #5517, #960 ) ) ;
#8262 = CYLINDRICAL_SURFACE ( 'NONE', #4050, 0.2000000000000001499 ) ;
#8263 = CARTESIAN_POINT ( 'NONE',  ( 11.19999999999999929, 6.524695076595960153, 9.220000000000000639 ) ) ;
#8264 = CARTESIAN_POINT ( 'NONE',  ( 4.299999999999999822, 15.50000000000000000, 8.772580537057889316 ) ) ;
#8265 = DIRECTION ( 'NONE',  ( 0.8682431421244601877, 0.4961389383568320377, -0.0000000000000000000 ) ) ;
#8266 = ORIENTED_EDGE ( 'NONE', *, *, #23, .T. ) ;
#8267 = CARTESIAN_POINT ( 'NONE',  ( 8.299999999999998934, 15.50259483730813415, -8.886103730624432373 ) ) ;
#8268 = LINE ( 'NONE', #2323, #6919 ) ;
#8269 = CARTESIAN_POINT ( 'NONE',  ( 1.275000000000001910, -2.393375078017628291E-16, 5.309999999999998721 ) ) ;
#8270 = PLANE ( 'NONE',  #7502 ) ;
#8271 = ADVANCED_FACE ( 'NONE', ( #1995 ), #2719, .T. ) ;
#8272 = ADVANCED_FACE ( 'NONE', ( #6139 ), #9565, .T. ) ;
#8273 = AXIS2_PLACEMENT_3D ( 'NONE', #4514, #6028, #1935 ) ;
#8274 = LINE ( 'NONE', #5743, #3565 ) ;
#8275 = CARTESIAN_POINT ( 'NONE',  ( 10.50000000000000000, 1.314814814814816657, -9.919999999999999929 ) ) ;
#8276 = DIRECTION ( 'NONE',  ( 2.556434596176350141E-15, 1.000000000000000000, 0.0000000000000000000 ) ) ;
#8277 = DIRECTION ( 'NONE',  ( 0.0000000000000000000, -1.000000000000000000, 0.0000000000000000000 ) ) ;
#8278 = DIRECTION ( 'NONE',  ( -1.000000000000000000, -0.0000000000000000000, -0.0000000000000000000 ) ) ;
#8279 = B_SPLINE_CURVE_WITH_KNOTS ( 'NONE', 3,
 ( #3247, #9946, #8298, #1465 ),
 .UNSPECIFIED., .F., .F.,
 ( 4, 4 ),
 ( 0.0000000000000000000, 1.000000000000000000 ),
 .UNSPECIFIED. ) ;
#8280 = ORIENTED_EDGE ( 'NONE', *, *, #5833, .F. ) ;
#8281 = DIRECTION ( 'NONE',  ( 0.0000000000000000000, 1.000000000000000000, 0.0000000000000000000 ) ) ;
#8282 = VERTEX_POINT ( 'NONE', #8596 ) ;
#8283 = CARTESIAN_POINT ( 'NONE',  ( 4.430856890500440848, 15.42062190192916304, -8.971030884390531313 ) ) ;
#8284 = PRESENTATION_LAYER_ASSIGNMENT (  '', '', ( #2026 ) ) ;
#8285 = PRESENTATION_STYLE_ASSIGNMENT (( #5862 ) ) ;
#8286 = ORIENTED_EDGE ( 'NONE', *, *, #8012, .F. ) ;
#8287 = DIRECTION ( 'NONE',  ( 0.0000000000000000000, 0.0000000000000000000, 1.000000000000000000 ) ) ;
#8288 = LINE ( 'NONE', #3183, #6061 ) ;
#8289 = VECTOR ( 'NONE', #278, 1000.000000000000000 ) ;
#8290 = PLANE ( 'NONE',  #4956 ) ;
#8291 = DIRECTION ( 'NONE',  ( 0.0000000000000000000, 0.0000000000000000000, -1.000000000000000000 ) ) ;
#8292 = FACE_OUTER_BOUND ( 'NONE', #4750, .T. ) ;
#8293 = CARTESIAN_POINT ( 'NONE',  ( 6.773456294159103663, 15.50000000000000178, 6.596928037089297980 ) ) ;
#8294 = CARTESIAN_POINT ( 'NONE',  ( 8.299999999999998934, 15.29999999999999893, -1.152580537057890098 ) ) ;
#8295 = ORIENTED_EDGE ( 'NONE', *, *, #3609, .T. ) ;
#8296 = VECTOR ( 'NONE', #8059, 1000.000000000000000 ) ;
#8297 = EDGE_CURVE ( 'NONE', #8884, #2704, #2646, .T. ) ;
#8298 = CARTESIAN_POINT ( 'NONE',  ( 9.599999999999999645, 5.298675942255757221, 5.148732383038513660 ) ) ;
#8299 = ORIENTED_EDGE ( 'NONE', *, *, #10322, .T. ) ;
#8300 = VERTEX_POINT ( 'NONE', #3492 ) ;
#8301 = CYLINDRICAL_SURFACE ( 'NONE', #3186, 0.2000000000000005107 ) ;
#8302 = CARTESIAN_POINT ( 'NONE',  ( 4.500000000000000000, 15.29999999999999893, -9.070000000000000284 ) ) ;
#8303 = AXIS2_PLACEMENT_3D ( 'NONE', #6925, #10357, #2659 ) ;
#8304 = VECTOR ( 'NONE', #5300, 1000.000000000000000 ) ;
#8305 = ORIENTED_EDGE ( 'NONE', *, *, #11010, .F. ) ;
#8306 = LINE ( 'NONE', #7472, #1707 ) ;
#8307 = CARTESIAN_POINT ( 'NONE',  ( 4.447644537455780700, 15.50000000000000000, 6.467852339039450449 ) ) ;
#8308 = VERTEX_POINT ( 'NONE', #5064 ) ;
#8309 = VECTOR ( 'NONE', #10964, 1000.000000000000000 ) ;
#8310 = EDGE_CURVE ( 'NONE', #4793, #2074, #805, .T. ) ;
#8311 = EDGE_CURVE ( 'NONE', #3907, #5927, #8728, .T. ) ;
#8312 = LINE ( 'NONE', #639, #5886 ) ;
#8313 = VERTEX_POINT ( 'NONE', #11005 ) ;
#8314 = ORIENTED_EDGE ( 'NONE', *, *, #5594, .T. ) ;
#8315 = FACE_OUTER_BOUND ( 'NONE', #10097, .T. ) ;
#8316 = DIRECTION ( 'NONE',  ( -1.000000000000000000, 0.0000000000000000000, 0.0000000000000000000 ) ) ;
#8317 = CARTESIAN_POINT ( 'NONE',  ( 7.549924752704438191, 15.50000000000000000, -0.1388504684814517998 ) ) ;
#8318 = CARTESIAN_POINT ( 'NONE',  ( 11.19999999999999574, 8.105258983167166420, 4.718972810912033466 ) ) ;
#8319 = VECTOR ( 'NONE', #1414, 1000.000000000000000 ) ;
#8320 = CARTESIAN_POINT ( 'NONE',  ( 4.515384615384593125, 15.29999999999999893, -6.634063386460820944 ) ) ;
#8321 = CARTESIAN_POINT ( 'NONE',  ( 8.300000000000000711, 15.30259718358289689, -8.972563672940486512 ) ) ;
#8322 = DIRECTION ( 'NONE',  ( 0.0000000000000000000, 0.0000000000000000000, 1.000000000000000000 ) ) ;
#8323 = CARTESIAN_POINT ( 'NONE',  ( 4.499999999999998224, 9.000000000000000000, 6.185584415584419737 ) ) ;
#8324 = CARTESIAN_POINT ( 'NONE',  ( 9.649582415122374357, 15.20000000000010232, -7.363991130343824132 ) ) ;
#8325 = EDGE_LOOP ( 'NONE', ( #5679, #4671, #5435, #2986 ) ) ;
#8326 = CARTESIAN_POINT ( 'NONE',  ( 8.499991117421791031, 15.29997552248378057, 6.469304231690531815 ) ) ;
#8327 = AXIS2_PLACEMENT_3D ( 'NONE', #4995, #1567, #8349 ) ;
#8328 = CARTESIAN_POINT ( 'NONE',  ( 5.583158362638900307, 15.50000000000000000, -3.279847354514337621 ) ) ;
#8329 = CARTESIAN_POINT ( 'NONE',  ( 10.20000000000000107, 5.799999999999998934, -2.493730698346559027 ) ) ;
#8330 = DIRECTION ( 'NONE',  ( 1.000000000000000000, 0.0000000000000000000, -0.0000000000000000000 ) ) ;
#8331 = CARTESIAN_POINT ( 'NONE',  ( 8.706350832689590646, 15.20000000000010054, 4.059999999999999609 ) ) ;
#8332 = DIRECTION ( 'NONE',  ( -1.000000000000000000, -4.336808689942017736E-16, -0.0000000000000000000 ) ) ;
#8333 = ADVANCED_FACE ( 'NONE', ( #2590 ), #7648, .F. ) ;
#8334 = CARTESIAN_POINT ( 'NONE',  ( 4.300000000000000711, 9.000247077141525054, -5.096759803029772939 ) ) ;
#8335 = ORIENTED_EDGE ( 'NONE', *, *, #7065, .T. ) ;
#8336 = EDGE_CURVE ( 'NONE', #10926, #10441, #3191, .T. ) ;
#8337 = AXIS2_PLACEMENT_3D ( 'NONE', #4923, #4031, #837 ) ;
#8338 = DIRECTION ( 'NONE',  ( 0.0000000000000000000, 0.0000000000000000000, -1.000000000000000000 ) ) ;
#8339 = ORIENTED_EDGE ( 'NONE', *, *, #2097, .F. ) ;
#8340 = B_SPLINE_CURVE_WITH_KNOTS ( 'NONE', 3,
 ( #4777, #5555, #2189, #352, #4665, #9941, #8977, #8139, #5447, #9774, #1305, #464 ),
 .UNSPECIFIED., .F., .F.,
 ( 4, 2, 2, 2, 2, 4 ),
 ( 0.0000000000000000000, 0.2500000000000000000, 0.3750000000000000000, 0.5000000000000000000, 0.7500000000000000000, 1.000000000000000000 ),
 .UNSPECIFIED. ) ;
#8341 = CARTESIAN_POINT ( 'NONE',  ( 4.499999999999998224, 15.50000000000000000, 6.580769515458847252 ) ) ;
#8342 = DIRECTION ( 'NONE',  ( 0.0000000000000000000, -0.9615239476408231623, -0.2747211278973781257 ) ) ;
#8343 = VECTOR ( 'NONE', #1883, 1000.000000000000000 ) ;
#8344 = CARTESIAN_POINT ( 'NONE',  ( 9.554397331752658928, 15.20000000000010054, -0.3784453807219638755 ) ) ;
#8345 = CARTESIAN_POINT ( 'NONE',  ( 8.299999999999998934, 15.29999999999999893, 2.657419462942109956 ) ) ;
#8346 = ORIENTED_EDGE ( 'NONE', *, *, #9206, .F. ) ;
#8347 = CARTESIAN_POINT ( 'NONE',  ( 10.95405668144667644, 7.008572345271275594, 9.220000000000002416 ) ) ;
#8348 = CARTESIAN_POINT ( 'NONE',  ( 4.505159402840951621, 15.50000000000000000, 2.807770142151614134 ) ) ;
#8349 = DIRECTION ( 'NONE',  ( -1.000000000000000000, 0.0000000000000000000, 0.0000000000000000000 ) ) ;
#8350 = VERTEX_POINT ( 'NONE', #10284 ) ;
#8351 = AXIS2_PLACEMENT_3D ( 'NONE', #5779, #1702, #5016 ) ;
#8352 = CARTESIAN_POINT ( 'NONE',  ( 0.7749999999999999112, -4.440892098500626162E-16, 1.499999999999999556 ) ) ;
#8353 = ORIENTED_EDGE ( 'NONE', *, *, #3949, .T. ) ;
#8354 = VERTEX_POINT ( 'NONE', #919 ) ;
#8355 = CARTESIAN_POINT ( 'NONE',  ( 6.500000000000000000, 14.59999999999999964, -7.620000000000000107 ) ) ;
#8356 = CARTESIAN_POINT ( 'NONE',  ( 9.449999999999999289, 13.20000000000005258, -7.220000000000000639 ) ) ;
#8357 = CIRCLE ( 'NONE', #7125, 0.2000000000000001499 ) ;
#8358 = CARTESIAN_POINT ( 'NONE',  ( 4.499999999999956479, 15.49999999999999645, 4.849230484541346087 ) ) ;
#8359 = EDGE_CURVE ( 'NONE', #4052, #3865, #4438, .T. ) ;
#8360 = VERTEX_POINT ( 'NONE', #4334 ) ;
#8361 = CARTESIAN_POINT ( 'NONE',  ( 4.299999999999979394, 15.29999999999999893, 2.770769515458689991 ) ) ;
#8362 = B_SPLINE_CURVE_WITH_KNOTS ( 'NONE', 3,
 ( #1722, #6093, #998, #7739 ),
 .UNSPECIFIED., .F., .F.,
 ( 4, 4 ),
 ( 0.0000000000000000000, 1.000000000000000000 ),
 .UNSPECIFIED. ) ;
#8363 = EDGE_LOOP ( 'NONE', ( #3279, #6880, #6688, #8416, #4046, #3322 ) ) ;
#8364 = CIRCLE ( 'NONE', #6231, 1.350000000000019629 ) ;
#8365 = SURFACE_STYLE_FILL_AREA ( #747 ) ;
#8366 = ORIENTED_EDGE ( 'NONE', *, *, #5549, .T. ) ;
#8367 = ORIENTED_EDGE ( 'NONE', *, *, #239, .F. ) ;
#8368 = DIRECTION ( 'NONE',  ( -1.000000000000000000, -0.0000000000000000000, 0.0000000000000000000 ) ) ;
#8369 = CARTESIAN_POINT ( 'NONE',  ( 9.600000000000001421, 5.200000000000000178, -6.303767091948868639 ) ) ;
#8370 = CARTESIAN_POINT ( 'NONE',  ( 9.600000000000001421, 5.799999999999998046, -2.493763179701057542 ) ) ;
#8371 = FACE_OUTER_BOUND ( 'NONE', #3366, .T. ) ;
#8372 = VECTOR ( 'NONE', #3779, 1000.000000000000000 ) ;
#8373 = EDGE_CURVE ( 'NONE', #8550, #8410, #3378, .T. ) ;
#8374 = EDGE_CURVE ( 'NONE', #1522, #434, #135, .T. ) ;
#8375 = CARTESIAN_POINT ( 'NONE',  ( 9.599999999999999645, 5.799999999999998934, 6.303767091948870416 ) ) ;
#8376 = CARTESIAN_POINT ( 'NONE',  ( 9.599999999999999645, 5.199999999999999289, 6.303755341891159603 ) ) ;
#8377 = DIRECTION ( 'NONE',  ( 0.0000000000000000000, -1.000000000000000000, 0.0000000000000000000 ) ) ;
#8378 = CARTESIAN_POINT ( 'NONE',  ( 9.350000000000003197, 7.594504036232978095, -4.506016516860990251 ) ) ;
#8379 = EDGE_LOOP ( 'NONE', ( #10147, #2574, #2996, #8968 ) ) ;
#8380 = CARTESIAN_POINT ( 'NONE',  ( 4.499999999999998224, 15.30259718358289867, 1.352563672940484851 ) ) ;
#8381 = VERTEX_POINT ( 'NONE', #1635 ) ;
#8382 = VECTOR ( 'NONE', #5285, 1000.000000000000000 ) ;
#8383 = VERTEX_POINT ( 'NONE', #6796 ) ;
#8384 = ADVANCED_FACE ( 'NONE', ( #10400 ), #10336, .T. ) ;
#8385 = DIRECTION ( 'NONE',  ( 0.0000000000000000000, 0.0000000000000000000, 1.000000000000000000 ) ) ;
#8386 = CARTESIAN_POINT ( 'NONE',  ( 9.650000000000002132, 13.20000000000007567, -0.1999999999999957645 ) ) ;
#8387 = DIRECTION ( 'NONE',  ( 0.0000000000000000000, 0.0000000000000000000, 1.000000000000000000 ) ) ;
#8388 = DIRECTION ( 'NONE',  ( 1.000000000000000000, 1.445602896647339903E-15, 0.0000000000000000000 ) ) ;
#8389 = ORIENTED_EDGE ( 'NONE', *, *, #10161, .T. ) ;
#8390 = EDGE_CURVE ( 'NONE', #6443, #1420, #3830, .T. ) ;
#8391 =( NAMED_UNIT ( * ) SI_UNIT ( $, .STERADIAN. ) SOLID_ANGLE_UNIT ( ) );
#8392 = VECTOR ( 'NONE', #11025, 1000.000000000000000 ) ;
#8393 = DIRECTION ( 'NONE',  ( 0.0000000000000000000, 1.000000000000000000, -0.0000000000000000000 ) ) ;
#8394 = ORIENTED_EDGE ( 'NONE', *, *, #8242, .T. ) ;
#8395 = B_SPLINE_CURVE_WITH_KNOTS ( 'NONE', 3,
 ( #6742, #10180, #3101, #9051, #10904, #1482, #4120, #1382, #8317, #3960, #10795, #10237, #9550, #812, #6921, #3500, #2538, #6127 ),
 .UNSPECIFIED., .F., .F.,
 ( 4, 2, 2, 2, 2, 2, 2, 2, 4 ),
 ( 0.0000000000000000000, 0.1250000000000000000, 0.2500000000000000000, 0.3750000000000000000, 0.5000000000000000000, 0.6250000000000000000, 0.7500000000000000000, 0.8750000000000000000, 1.000000000000000000 ),
 .UNSPECIFIED. ) ;
#8396 = DIRECTION ( 'NONE',  ( 0.0000000000000000000, 0.0000000000000000000, -1.000000000000000000 ) ) ;
#8397 = EDGE_LOOP ( 'NONE', ( #9124, #10361 ) ) ;
#8398 = DIRECTION ( 'NONE',  ( -1.000000000000000000, -1.412560544723970047E-16, 0.0000000000000000000 ) ) ;
#8399 = EDGE_CURVE ( 'NONE', #2699, #9259, #2261, .T. ) ;
#8400 = DIRECTION ( 'NONE',  ( 0.0000000000000000000, 0.01298591791445111512, 0.9999156794129788750 ) ) ;
#8401 = VECTOR ( 'NONE', #9052, 1000.000000000000000 ) ;
#8402 = EDGE_CURVE ( 'NONE', #9839, #8026, #5219, .T. ) ;
#8403 = DIRECTION ( 'NONE',  ( -1.000000000000000000, 0.0000000000000000000, 0.0000000000000000000 ) ) ;
#8404 = CARTESIAN_POINT ( 'NONE',  ( 0.2999999999999999889, 7.899999999999999467, 9.919999999999999929 ) ) ;
#8405 = ORIENTED_EDGE ( 'NONE', *, *, #1671, .T. ) ;
#8406 = CARTESIAN_POINT ( 'NONE',  ( 4.515384615384606448, 15.49999999999999822, -6.634063386460808509 ) ) ;
#8407 = CARTESIAN_POINT ( 'NONE',  ( 8.499999999999998224, 15.35236108383768716, -8.772333435582858385 ) ) ;
#8408 = ORIENTED_EDGE ( 'NONE', *, *, #6067, .F. ) ;
#8409 = LINE ( 'NONE', #1742, #5344 ) ;
#8410 = VERTEX_POINT ( 'NONE', #8093 ) ;
#8411 = EDGE_CURVE ( 'NONE', #7830, #2434, #1309, .T. ) ;
#8412 = CARTESIAN_POINT ( 'NONE',  ( 9.018600732609508341, 13.20000000000007567, 3.409999999999999698 ) ) ;
#8413 = ADVANCED_FACE ( 'NONE', ( #9781 ), #183, .F. ) ;
#8414 = CARTESIAN_POINT ( 'NONE',  ( 10.19999999999999929, 4.149942555633471919, 3.963294361549145606 ) ) ;
#8415 = CARTESIAN_POINT ( 'NONE',  ( 4.346153846171230128, 9.000000000000000000, -6.740651128499481892 ) ) ;
#8416 = ORIENTED_EDGE ( 'NONE', *, *, #11010, .T. ) ;
#8417 = ORIENTED_EDGE ( 'NONE', *, *, #7925, .F. ) ;
#8418 =( NAMED_UNIT ( * ) SI_UNIT ( $, .STERADIAN. ) SOLID_ANGLE_UNIT ( ) );
#8419 = CARTESIAN_POINT ( 'NONE',  ( 4.299999999999978506, 15.29999999999999538, 2.827729263255476244 ) ) ;
#8420 = CARTESIAN_POINT ( 'NONE',  ( 8.706350832689592423, 15.20000000000007390, -4.059999999999999609 ) ) ;
#8421 = ORIENTED_EDGE ( 'NONE', *, *, #3578, .T. ) ;
#8422 = ORIENTED_EDGE ( 'NONE', *, *, #7826, .T. ) ;
#8423 = CARTESIAN_POINT ( 'NONE',  ( 4.499999999999996447, 15.50259483730812882, 1.266103730624434931 ) ) ;
#8424 = PLANE ( 'NONE',  #9076 ) ;
#8425 = FACE_OUTER_BOUND ( 'NONE', #3890, .T. ) ;
#8426 = LINE ( 'NONE', #705, #9854 ) ;
#8427 = CARTESIAN_POINT ( 'NONE',  ( 8.706350832689592423, 13.19999999999999929, -7.370000000000000107 ) ) ;
#8428 = CARTESIAN_POINT ( 'NONE',  ( 4.346153846153817391, 15.30000000000000071, -4.689348871534945395 ) ) ;
#8429 = UNCERTAINTY_MEASURE_WITH_UNIT (LENGTH_MEASURE( 1.000000000000000082E-05 ), #3287, 'distance_accuracy_value', 'NONE');
#8430 = CARTESIAN_POINT ( 'NONE',  ( 8.352359877559825563, 9.000432863930480920, -5.244409962806100722 ) ) ;
#8431 = FILL_AREA_STYLE ('',( #4071 ) ) ;
#8432 = ORIENTED_EDGE ( 'NONE', *, *, #868, .T. ) ;
#8433 = CARTESIAN_POINT ( 'NONE',  ( 8.299999999999998934, 15.50259483730813059, 6.353896269375566064 ) ) ;
#8434 = ORIENTED_EDGE ( 'NONE', *, *, #10915, .F. ) ;
#8435 = EDGE_CURVE ( 'NONE', #1062, #3335, #1258, .T. ) ;
#8436 = FACE_OUTER_BOUND ( 'NONE', #9597, .T. ) ;
#8437 = CARTESIAN_POINT ( 'NONE',  ( 9.018600732609503012, 15.20000000000007567, 0.4000000000000001887 ) ) ;
#8438 = CARTESIAN_POINT ( 'NONE',  ( 8.899795149060295785, 13.20000000000010054, -0.3716118737073191847 ) ) ;
#8439 = CARTESIAN_POINT ( 'NONE',  ( 8.862475782649553935, 15.20000000000009877, -3.484999999999998543 ) ) ;
#8440 = ORIENTED_EDGE ( 'NONE', *, *, #8751, .T. ) ;
#8441 = CARTESIAN_POINT ( 'NONE',  ( 4.500000000000013323, 15.50000000000000000, -8.659230484541135198 ) ) ;
#8442 = EDGE_LOOP ( 'NONE', ( #5542, #8224, #2364, #1583 ) ) ;
#8443 = CARTESIAN_POINT ( 'NONE',  ( 4.321554619278035858, 9.000489967319669660, -5.148798491003398148 ) ) ;
#8444 = ORIENTED_EDGE ( 'NONE', *, *, #1816, .T. ) ;
#8445 =( LENGTH_UNIT ( ) NAMED_UNIT ( * ) SI_UNIT ( .MILLI., .METRE. ) );
#8446 = DIRECTION ( 'NONE',  ( 0.0000000000000000000, 0.0000000000000000000, 1.000000000000000000 ) ) ;
#8447 = AXIS2_PLACEMENT_3D ( 'NONE', #5405, #10401, #4335 ) ;
#8448 = ORIENTED_EDGE ( 'NONE', *, *, #2383, .T. ) ;
#8449 = ADVANCED_FACE ( 'NONE', ( #3719 ), #10451, .T. ) ;
#8450 = CARTESIAN_POINT ( 'NONE',  ( 8.500000000000000000, 9.000000000000000000, -5.244415584415591525 ) ) ;
#8451 = EDGE_CURVE ( 'NONE', #10980, #8989, #3658, .T. ) ;
#8452 =( BOUNDED_SURFACE ( )  B_SPLINE_SURFACE ( 3, 3, ( 
 ( #5334, #1966, #5389, #4378 ),
 ( #9653, #5279, #5225, #7916 ),
 ( #1073, #8692, #1849, #4322 ),
 ( #8802, #6223, #4489, #6163 ) ),
 .UNSPECIFIED., .F., .F., .T. ) 
 B_SPLINE_SURFACE_WITH_KNOTS ( ( 4, 4 ),
 ( 4, 4 ),
 ( 0.0000000000000000000, 1.000000000000000000 ),
 ( 0.0000000000000000000, 1.000000000000000000 ),
 .UNSPECIFIED. ) 
 GEOMETRIC_REPRESENTATION_ITEM ( )  RATIONAL_B_SPLINE_SURFACE ( (
 ( 1.000000000000000000, 0.8047378541243533911, 0.8047378541243533911, 1.000000000000000000),
 ( 0.8025111867385886777, 0.6458111303268001535, 0.6458111303268001535, 0.8025111867385886777),
 ( 0.8025111867385886777, 0.6458111303268001535, 0.6458111303268001535, 0.8025111867385886777),
 ( 1.000000000000000000, 0.8047378541243533911, 0.8047378541243533911, 1.000000000000000000) ) ) 
 REPRESENTATION_ITEM ( '' )  SURFACE ( )  );
#8453 = B_SPLINE_CURVE_WITH_KNOTS ( 'NONE', 3,
 ( #4696, #1443, #10803, #4860, #6480, #6540 ),
 .UNSPECIFIED., .F., .F.,
 ( 4, 2, 4 ),
 ( 0.0000000000000000000, 0.5000000000000000000, 1.000000000000000000 ),
 .UNSPECIFIED. ) ;
#8454 = CARTESIAN_POINT ( 'NONE',  ( 11.20000000000000107, 6.601698818757336440, -1.556605991483609674 ) ) ;
#8455 = LINE ( 'NONE', #3297, #3092 ) ;
#8456 = ORIENTED_EDGE ( 'NONE', *, *, #5943, .F. ) ;
#8457 = VECTOR ( 'NONE', #10236, 1000.000000000000000 ) ;
#8458 = CARTESIAN_POINT ( 'NONE',  ( 11.18148184702750569, 6.708597587950030139, 9.220000000000000639 ) ) ;
#8459 = CARTESIAN_POINT ( 'NONE',  ( 4.499999999999988454, 15.50000000000000000, 2.770769515458854304 ) ) ;
#8460 = B_SPLINE_CURVE_WITH_KNOTS ( 'NONE', 3,
 ( #3825, #7400, #3190, #5761 ),
 .UNSPECIFIED., .F., .F.,
 ( 4, 4 ),
 ( 0.0000000000000000000, 1.000000000000000000 ),
 .UNSPECIFIED. ) ;
#8461 = DIRECTION ( 'NONE',  ( 0.0000000000000000000, 0.0000000000000000000, 1.000000000000000000 ) ) ;
#8462 = ORIENTED_EDGE ( 'NONE', *, *, #6088, .F. ) ;
#8463 = LINE ( 'NONE', #9362, #6409 ) ;
#8464 = AXIS2_PLACEMENT_3D ( 'NONE', #8302, #3995, #9843 ) ;
#8465 = EDGE_LOOP ( 'NONE', ( #9143, #9433, #1107, #6282 ) ) ;
#8466 = DIRECTION ( 'NONE',  ( 0.0000000000000000000, 0.9999156794129788750, 0.01298591791445429834 ) ) ;
#8467 = LINE ( 'NONE', #6727, #10794 ) ;
#8468 = CARTESIAN_POINT ( 'NONE',  ( 9.628445380721961655, 13.20000000000010232, 3.505602668247343789 ) ) ;
#8469 = ORIENTED_EDGE ( 'NONE', *, *, #8610, .T. ) ;
#8470 = VERTEX_POINT ( 'NONE', #8763 ) ;
#8471 = CIRCLE ( 'NONE', #235, 0.2000000000000000944 ) ;
#8472 = FACE_OUTER_BOUND ( 'NONE', #6207, .T. ) ;
#8473 = EDGE_CURVE ( 'NONE', #9984, #5211, #1086, .T. ) ;
#8474 = EDGE_CURVE ( 'NONE', #4324, #1924, #237, .T. ) ;
#8475 = FACE_OUTER_BOUND ( 'NONE', #7710, .T. ) ;
#8476 = CARTESIAN_POINT ( 'NONE',  ( 11.14878547815017740, 6.810252500686178045, -9.219994144294243910 ) ) ;
#8477 = CARTESIAN_POINT ( 'NONE',  ( 8.862475782649553935, 15.20000000000013962, -0.3250000000000001776 ) ) ;
#8478 = ORIENTED_EDGE ( 'NONE', *, *, #5449, .T. ) ;
#8479 = ORIENTED_EDGE ( 'NONE', *, *, #815, .T. ) ;
#8480 = CARTESIAN_POINT ( 'NONE',  ( 0.7749999999999999112, 2.100000000000000089, -8.519999999999999574 ) ) ;
#8481 = VECTOR ( 'NONE', #10082, 1000.000000000000000 ) ;
#8482 = DIRECTION ( 'NONE',  ( -0.0000000000000000000, -0.9999156794129788750, -0.01298591791445429834 ) ) ;
#8483 = LINE ( 'NONE', #874, #8457 ) ;
#8484 = CARTESIAN_POINT ( 'NONE',  ( 10.19999999999999929, 4.652212586688563967, 1.061616845588428948 ) ) ;
#8485 = CARTESIAN_POINT ( 'NONE',  ( 5.274999999999987033, -3.931696986549483667E-16, 6.119999999999999218 ) ) ;
#8486 = ORIENTED_EDGE ( 'NONE', *, *, #3547, .T. ) ;
#8487 = DIRECTION ( 'NONE',  ( 0.0000000000000000000, -1.000000000000000000, 0.0000000000000000000 ) ) ;
#8488 = ADVANCED_FACE ( 'NONE', ( #2034 ), #3777, .F. ) ;
#8489 = AXIS2_PLACEMENT_3D ( 'NONE', #4015, #11084, #6637 ) ;
#8490 = VECTOR ( 'NONE', #3668, 1000.000000000000000 ) ;
#8491 = CARTESIAN_POINT ( 'NONE',  ( 8.500000000000000000, 9.000000000000000000, -5.044398718876070831 ) ) ;
#8492 = CARTESIAN_POINT ( 'NONE',  ( 9.350000000000003197, 7.699908738686002785, -3.456107954224409529 ) ) ;
#8493 = ORIENTED_EDGE ( 'NONE', *, *, #8473, .F. ) ;
#8494 = CARTESIAN_POINT ( 'NONE',  ( 9.650000000000000355, 13.19999999999999929, -3.409999999999999698 ) ) ;
#8495 = ORIENTED_EDGE ( 'NONE', *, *, #7640, .F. ) ;
#8496 = ORIENTED_EDGE ( 'NONE', *, *, #8700, .T. ) ;
#8497 = CARTESIAN_POINT ( 'NONE',  ( 8.899795149060299337, 15.20000000000010054, 3.438388126292681424 ) ) ;
#8498 = AXIS2_PLACEMENT_3D ( 'NONE', #10551, #9016, #6490 ) ;
#8499 = AXIS2_PLACEMENT_3D ( 'NONE', #9342, #10922, #3174 ) ;
#8500 = CARTESIAN_POINT ( 'NONE',  ( 7.000760935641107352, 14.49999999999999822, 0.3829895089741429115 ) ) ;
#8501 = CARTESIAN_POINT ( 'NONE',  ( 4.500000000000000000, 15.29999999999999893, 9.070000000000000284 ) ) ;
#8502 = FACE_OUTER_BOUND ( 'NONE', #8972, .T. ) ;
#8503 = CARTESIAN_POINT ( 'NONE',  ( 9.449999999999999289, 15.20000000000004903, 8.019999999999999574 ) ) ;
#8504 = DIRECTION ( 'NONE',  ( -1.000000000000000000, 0.0000000000000000000, 0.0000000000000000000 ) ) ;
#8505 = VERTEX_POINT ( 'NONE', #3943 ) ;
#8506 = B_SPLINE_CURVE_WITH_KNOTS ( 'NONE', 3,
 ( #6847, #9436, #8595, #918, #4333, #1921, #3827, #9835, #7244, #5558, #9721, #4557 ),
 .UNSPECIFIED., .F., .F.,
 ( 4, 2, 2, 2, 2, 4 ),
 ( 0.0000000000000000000, 0.2500000000000006661, 0.3750000000000048850, 0.4375000000000036082, 0.5000000000000023315, 1.000000000000000000 ),
 .UNSPECIFIED. ) ;
#8507 = ADVANCED_FACE ( 'NONE', ( #625 ), #525, .T. ) ;
#8508 = LINE ( 'NONE', #10089, #10326 ) ;
#8509 = AXIS2_PLACEMENT_3D ( 'NONE', #8091, #3135, #9834 ) ;
#8510 = CARTESIAN_POINT ( 'NONE',  ( 6.500000000000000888, 15.50000000000000000, -8.669999999999999929 ) ) ;
#8511 = VECTOR ( 'NONE', #10460, 1000.000000000000000 ) ;
#8512 = ORIENTED_EDGE ( 'NONE', *, *, #6345, .T. ) ;
#8513 = CARTESIAN_POINT ( 'NONE',  ( 20.10000000000000142, 5.500000000000000000, -7.620000000000000107 ) ) ;
#8514 = CARTESIAN_POINT ( 'NONE',  ( 9.599999999999999645, 5.799999999999999822, 1.999999999999980016 ) ) ;
#8515 = CARTESIAN_POINT ( 'NONE',  ( 7.550068476083016122, 15.50000000000000533, 3.948826462070678556 ) ) ;
#8516 = SURFACE_SIDE_STYLE ('',( #5103 ) ) ;
#8517 = DIRECTION ( 'NONE',  ( 2.556434596176350141E-15, 1.000000000000000000, 0.0000000000000000000 ) ) ;
#8518 = PRESENTATION_LAYER_ASSIGNMENT (  '', '', ( #292 ) ) ;
#8519 = ORIENTED_EDGE ( 'NONE', *, *, #9206, .T. ) ;
#8520 = CARTESIAN_POINT ( 'NONE',  ( 6.500000000000000000, 15.50000000000000000, -3.810000000000000053 ) ) ;
#8521 = CARTESIAN_POINT ( 'NONE',  ( 8.299999999999988276, 8.999999999999998224, 1.434415584415585920 ) ) ;
#8522 = B_SPLINE_CURVE_WITH_KNOTS ( 'NONE', 3,
 ( #6326, #8072, #8794, #7054, #331, #1901, #1234, #3752, #386, #3697, #10433, #5327, #162, #3803, #9811 ),
 .UNSPECIFIED., .F., .F.,
 ( 4, 1, 2, 2, 2, 2, 2, 4 ),
 ( 0.0000000000000000000, 0.1249999999999998612, 0.1874999999999997502, 0.2499999999999996114, 0.4999999999999996669, 0.6249999999999997780, 0.7499999999999996669, 1.000000000000000000 ),
 .UNSPECIFIED. ) ;
#8523 = EDGE_CURVE ( 'NONE', #2591, #10848, #8279, .T. ) ;
#8524 = EDGE_CURVE ( 'NONE', #1217, #4437, #10778, .T. ) ;
#8525 = LINE ( 'NONE', #850, #1192 ) ;
#8526 = VERTEX_POINT ( 'NONE', #9087 ) ;
#8527 = ORIENTED_EDGE ( 'NONE', *, *, #8205, .T. ) ;
#8528 = CARTESIAN_POINT ( 'NONE',  ( 8.499999999999996447, 15.35235987755982912, 4.962580537057889707 ) ) ;
#8529 = ORIENTED_EDGE ( 'NONE', *, *, #11103, .T. ) ;
#8530 = DIRECTION ( 'NONE',  ( -1.000000000000000000, -0.0000000000000000000, 0.0000000000000000000 ) ) ;
#8531 = EDGE_CURVE ( 'NONE', #10535, #10728, #10001, .T. ) ;
#8532 = DIRECTION ( 'NONE',  ( -1.000000000000000000, 0.0000000000000000000, -0.0000000000000000000 ) ) ;
#8533 = CARTESIAN_POINT ( 'NONE',  ( 4.505265930546594078, 15.50000000000000000, 4.812002183430607261 ) ) ;
#8534 = VECTOR ( 'NONE', #2375, 1000.000000000000000 ) ;
#8535 = ORIENTED_EDGE ( 'NONE', *, *, #10615, .F. ) ;
#8536 = LINE ( 'NONE', #864, #4033 ) ;
#8537 = CARTESIAN_POINT ( 'NONE',  ( 1.399999999999999911, 8.199999999999999289, -9.919999999999999929 ) ) ;
#8538 = CARTESIAN_POINT ( 'NONE',  ( 11.19507686681818015, 6.637507944780398184, -9.220007156375331192 ) ) ;
#8539 = PRESENTATION_STYLE_ASSIGNMENT (( #7535 ) ) ;
#8540 = ORIENTED_EDGE ( 'NONE', *, *, #452, .T. ) ;
#8541 = ORIENTED_EDGE ( 'NONE', *, *, #3132, .F. ) ;
#8542 = CARTESIAN_POINT ( 'NONE',  ( 11.19999999999999751, 6.457765876464969246, -5.979059865235982762 ) ) ;
#8543 = VECTOR ( 'NONE', #8085, 1000.000000000000000 ) ;
#8544 = EDGE_CURVE ( 'NONE', #2622, #9347, #6506, .T. ) ;
#8545 = DIRECTION ( 'NONE',  ( 1.000000000000000000, -0.0000000000000000000, 0.0000000000000000000 ) ) ;
#8546 = CARTESIAN_POINT ( 'NONE',  ( 4.299999999999979394, 15.41715728752538261, 6.580769515458704255 ) ) ;
#8547 = EDGE_CURVE ( 'NONE', #450, #2496, #6664, .T. ) ;
#8548 = CARTESIAN_POINT ( 'NONE',  ( 10.19999999999999929, 4.540232308810720596, -0.9616205408014488754 ) ) ;
#8549 = DIRECTION ( 'NONE',  ( 0.0000000000000000000, 1.000000000000000000, 0.0000000000000000000 ) ) ;
#8550 = VERTEX_POINT ( 'NONE', #5719 ) ;
#8551 = CARTESIAN_POINT ( 'NONE',  ( 8.500000000000000000, 15.30000000000000071, 4.962580537057884378 ) ) ;
#8552 = CARTESIAN_POINT ( 'NONE',  ( 0.0000000000000000000, 0.0000000000000000000, 9.919999999999999929 ) ) ;
#8553 = AXIS2_PLACEMENT_3D ( 'NONE', #2862, #5350, #9837 ) ;
#8554 = CARTESIAN_POINT ( 'NONE',  ( 8.862475782649550382, 13.20000000000013785, 7.294999999999999929 ) ) ;
#8555 = DIRECTION ( 'NONE',  ( -0.0000000000000000000, -1.000000000000000000, -0.0000000000000000000 ) ) ;
#8556 = CARTESIAN_POINT ( 'NONE',  ( 5.875000000000000000, 0.5000000000000000000, 9.919999999999999929 ) ) ;
#8557 = ORIENTED_EDGE ( 'NONE', *, *, #10889, .F. ) ;
#8558 = DIRECTION ( 'NONE',  ( 0.0000000000000000000, -0.9999156794129789860, -0.01298591791445430008 ) ) ;
#8559 = ORIENTED_EDGE ( 'NONE', *, *, #3892, .F. ) ;
#8560 = CARTESIAN_POINT ( 'NONE',  ( 8.862475782649553935, 15.20000000000013962, 3.484999999999999876 ) ) ;
#8561 = AXIS2_PLACEMENT_3D ( 'NONE', #7346, #9078, #7509 ) ;
#8562 = EDGE_CURVE ( 'NONE', #3962, #9314, #2193, .T. ) ;
#8563 = B_SPLINE_CURVE_WITH_KNOTS ( 'NONE', 3,
 ( #276, #5589, #8909, #3698 ),
 .UNSPECIFIED., .F., .F.,
 ( 4, 4 ),
 ( 0.0000000000000000000, 1.000000000000000000 ),
 .UNSPECIFIED. ) ;
#8564 = CARTESIAN_POINT ( 'NONE',  ( 7.059646634423478062, 14.49999999999999645, -0.3243745564969026662 ) ) ;
#8565 = FACE_OUTER_BOUND ( 'NONE', #1307, .T. ) ;
#8566 = CARTESIAN_POINT ( 'NONE',  ( 9.349999999999997868, 6.757765876465089860, -2.004999999999998117 ) ) ;
#8567 = FACE_BOUND ( 'NONE', #7774, .T. ) ;
#8568 = ORIENTED_EDGE ( 'NONE', *, *, #1514, .T. ) ;
#8569 = FACE_BOUND ( 'NONE', #10650, .T. ) ;
#8570 = CARTESIAN_POINT ( 'NONE',  ( 6.173758338282151037, 14.49999999999818279, -7.062358185259594912 ) ) ;
#8571 = CIRCLE ( 'NONE', #9097, 0.1999999999999840516 ) ;
#8572 = LINE ( 'NONE', #7748, #2600 ) ;
#8573 = VERTEX_POINT ( 'NONE', #8248 ) ;
#8574 = CARTESIAN_POINT ( 'NONE',  ( 1.475000000000001643, 2.099999999999999645, -8.519999999999999574 ) ) ;
#8575 =( NAMED_UNIT ( * ) PLANE_ANGLE_UNIT ( ) SI_UNIT ( $, .RADIAN. ) );
#8576 = ADVANCED_FACE ( 'NONE', ( #574 ), #6616, .F. ) ;
#8577 = CARTESIAN_POINT ( 'NONE',  ( 8.862475782649550382, 15.20000000000009877, 7.945000000000000284 ) ) ;
#8578 = DIRECTION ( 'NONE',  ( 0.0000000000000000000, 0.0000000000000000000, 1.000000000000000000 ) ) ;
#8579 = AXIS2_PLACEMENT_3D ( 'NONE', #7941, #5414, #3617 ) ;
#8580 = DIRECTION ( 'NONE',  ( -0.0000000000000000000, -1.000000000000000000, -0.0000000000000000000 ) ) ;
#8581 = VERTEX_POINT ( 'NONE', #3034 ) ;
#8582 = CARTESIAN_POINT ( 'NONE',  ( 4.394278064412648455, 15.50000000000000888, -6.661613484342526093 ) ) ;
#8583 = PLANE ( 'NONE',  #2770 ) ;
#8584 = PLANE ( 'NONE',  #1533 ) ;
#8585 = ORIENTED_EDGE ( 'NONE', *, *, #521, .F. ) ;
#8586 = AXIS2_PLACEMENT_3D ( 'NONE', #5972, #890, #9398 ) ;
#8587 = CARTESIAN_POINT ( 'NONE',  ( 8.862475782649553935, 15.20000000000009877, 4.135000000000001563 ) ) ;
#8588 = DIRECTION ( 'NONE',  ( 0.0000000000000000000, -0.9999156794129789860, -0.01298591791445430008 ) ) ;
#8589 = EDGE_CURVE ( 'NONE', #5749, #4854, #10725, .T. ) ;
#8590 = DIRECTION ( 'NONE',  ( 0.0000000000000000000, 0.0000000000000000000, -1.000000000000000000 ) ) ;
#8591 = DIRECTION ( 'NONE',  ( -1.000000000000000000, -0.0000000000000000000, -0.0000000000000000000 ) ) ;
#8592 = ORIENTED_EDGE ( 'NONE', *, *, #9392, .F. ) ;
#8593 = ORIENTED_EDGE ( 'NONE', *, *, #8997, .F. ) ;
#8594 =( BOUNDED_CURVE ( )  B_SPLINE_CURVE ( 3, ( #10791, #8990, #1429, #3844 ),
 .UNSPECIFIED., .F., .T. ) 
 B_SPLINE_CURVE_WITH_KNOTS ( ( 4, 4 ),
 ( 0.0000000000000000000, 1.000000000000000000 ),
 .UNSPECIFIED. ) 
 CURVE ( )  GEOMETRIC_REPRESENTATION_ITEM ( )  RATIONAL_B_SPLINE_CURVE ( ( 1.000000000000000000, 0.8047378541243423999, 0.8047378541243423999, 1.000000000000000000 ) ) 
 REPRESENTATION_ITEM ( '' )  );
#8595 = CARTESIAN_POINT ( 'NONE',  ( 11.19102793644912985, 6.539533659356203010, 2.122467963889586695 ) ) ;
#8596 = CARTESIAN_POINT ( 'NONE',  ( 9.650000000000005684, 15.20000000000007390, 7.819999999999996732 ) ) ;
#8597 = CARTESIAN_POINT ( 'NONE',  ( 8.478445380721957747, 9.000489967319664331, 2.471201508996596630 ) ) ;
#8598 = VERTEX_POINT ( 'NONE', #5615 ) ;
#8599 = DIRECTION ( 'NONE',  ( -1.000000000000000000, -0.0000000000000000000, -0.0000000000000000000 ) ) ;
#8600 = ADVANCED_FACE ( 'NONE', ( #9031 ), #378, .T. ) ;
#8601 = EDGE_CURVE ( 'NONE', #9044, #9103, #1208, .T. ) ;
#8602 = DIRECTION ( 'NONE',  ( 2.556434596176350141E-15, 1.000000000000000000, 0.0000000000000000000 ) ) ;
#8603 = LINE ( 'NONE', #5070, #7212 ) ;
#8604 = B_SPLINE_CURVE_WITH_KNOTS ( 'NONE', 3,
 ( #4017, #3967, #2273, #2119, #5691, #7213 ),
 .UNSPECIFIED., .F., .F.,
 ( 4, 2, 4 ),
 ( 0.0000000000000000000, 0.5000000000000000000, 1.000000000000000000 ),
 .UNSPECIFIED. ) ;
#8605 = CARTESIAN_POINT ( 'NONE',  ( 9.350000000000001421, 7.009966887054149609, -9.220000000000000639 ) ) ;
#8606 = CARTESIAN_POINT ( 'NONE',  ( 6.175697645271917224, 14.50000000000000711, 3.250161346323669154 ) ) ;
#8607 = DIRECTION ( 'NONE',  ( -1.000000000000000000, 0.0000000000000000000, 0.0000000000000000000 ) ) ;
#8608 = CARTESIAN_POINT ( 'NONE',  ( 0.2999999999999999889, 8.199999999999999289, 9.919999999999999929 ) ) ;
#8609 = FACE_OUTER_BOUND ( 'NONE', #2257, .T. ) ;
#8610 = EDGE_CURVE ( 'NONE', #10377, #3108, #2579, .T. ) ;
#8611 = FILL_AREA_STYLE_COLOUR ( '', #10968 ) ;
#8612 = DIRECTION ( 'NONE',  ( 0.0000000000000000000, 0.9999156794129789860, 0.01298591791445430008 ) ) ;
#8613 = LINE ( 'NONE', #7998, #8759 ) ;
#8614 = VERTEX_POINT ( 'NONE', #3540 ) ;
#8615 = DIRECTION ( 'NONE',  ( 2.556434596176350141E-15, 1.000000000000000000, 0.0000000000000000000 ) ) ;
#8616 = CARTESIAN_POINT ( 'NONE',  ( 9.350000000000003197, 7.248219780323251094, 6.244251624788756949 ) ) ;
#8617 = FACE_OUTER_BOUND ( 'NONE', #1478, .T. ) ;
#8618 = CARTESIAN_POINT ( 'NONE',  ( 5.970620788249315858, 15.50000000000000178, 2.892804678791835116 ) ) ;
#8619 = VERTEX_POINT ( 'NONE', #2519 ) ;
#8620 = CARTESIAN_POINT ( 'NONE',  ( 8.862475782649546829, 13.20000000000010054, -3.484999999999998543 ) ) ;
#8621 = EDGE_LOOP ( 'NONE', ( #7366, #2443, #6108, #4617 ) ) ;
#8622 = CARTESIAN_POINT ( 'NONE',  ( 6.500000000000000000, 14.59999999999999964, -7.620000000000000107 ) ) ;
#8623 = ORIENTED_EDGE ( 'NONE', *, *, #3601, .T. ) ;
#8624 = CARTESIAN_POINT ( 'NONE',  ( 5.942358185259594805, 14.49999999999818279, -7.946241661717851734 ) ) ;
#8625 = EDGE_CURVE ( 'NONE', #1262, #9968, #5939, .T. ) ;
#8626 = EDGE_CURVE ( 'NONE', #4245, #3907, #8463, .T. ) ;
#8627 = CARTESIAN_POINT ( 'NONE',  ( 4.300008882578209679, 15.29997552248377701, 2.659304231690534426 ) ) ;
#8628 = ORIENTED_EDGE ( 'NONE', *, *, #2288, .F. ) ;
#8629 = LINE ( 'NONE', #8450, #10004 ) ;
#8630 = ORIENTED_EDGE ( 'NONE', *, *, #322, .T. ) ;
#8631 = CARTESIAN_POINT ( 'NONE',  ( 4.500000000000000000, 15.29999999999999893, 1.449999999999999956 ) ) ;
#8632 = CARTESIAN_POINT ( 'NONE',  ( 8.299999999999988276, 8.999999999999998224, 5.244415584415586196 ) ) ;
#8633 = LINE ( 'NONE', #7753, #8719 ) ;
#8634 = CARTESIAN_POINT ( 'NONE',  ( 9.554397331752653599, 13.20000000000010054, 7.241554619278036675 ) ) ;
#8635 = VERTEX_POINT ( 'NONE', #854 ) ;
#8636 = CARTESIAN_POINT ( 'NONE',  ( 11.20000000000000107, 7.002090491599401112, 8.786311136375578812 ) ) ;
#8637 = CARTESIAN_POINT ( 'NONE',  ( 9.502359877559834800, 15.20000000000010054, 4.209999999999999964 ) ) ;
#8638 = CARTESIAN_POINT ( 'NONE',  ( 4.346153846153820943, 15.30000000000001315, 0.8793488715349560003 ) ) ;
#8639 = ORIENTED_EDGE ( 'NONE', *, *, #6010, .F. ) ;
#8640 = ORIENTED_EDGE ( 'NONE', *, *, #3363, .F. ) ;
#8641 = CARTESIAN_POINT ( 'NONE',  ( 8.352359877559830892, 15.50000000000000533, 4.962580537057889707 ) ) ;
#8642 = LINE ( 'NONE', #5117, #8755 ) ;
#8643 = VECTOR ( 'NONE', #3494, 1000.000000000000114 ) ;
#8644 = DIRECTION ( 'NONE',  ( 1.000000000000000000, -0.0000000000000000000, 0.0000000000000000000 ) ) ;
#8645 = CARTESIAN_POINT ( 'NONE',  ( 9.554397331752657152, 13.20000000000010232, 7.998445380721962650 ) ) ;
#8646 = ORIENTED_EDGE ( 'NONE', *, *, #6530, .F. ) ;
#8647 = EDGE_CURVE ( 'NONE', #9499, #1004, #1568, .T. ) ;
#8648 = CARTESIAN_POINT ( 'NONE',  ( 4.299999999999960743, 9.000000000000000000, 4.793023504240767174 ) ) ;
#8649 = CARTESIAN_POINT ( 'NONE',  ( 4.346153846153822720, 15.41715728752538084, -4.689348871534944507 ) ) ;
#8650 = CARTESIAN_POINT ( 'NONE',  ( 10.89999999999999858, 6.457765876465090038, -5.615000000000000213 ) ) ;
#8651 = ORIENTED_EDGE ( 'NONE', *, *, #2855, .F. ) ;
#8652 = DIRECTION ( 'NONE',  ( 0.0000000000000000000, 0.0000000000000000000, 1.000000000000000000 ) ) ;
#8653 =( NAMED_UNIT ( * ) SI_UNIT ( $, .STERADIAN. ) SOLID_ANGLE_UNIT ( ) );
#8654 = VECTOR ( 'NONE', #3185, 1000.000000000000000 ) ;
#8655 = CARTESIAN_POINT ( 'NONE',  ( 10.19999999999999929, 4.175208133239298292, 0.3012284570324073596 ) ) ;
#8656 = DIRECTION ( 'NONE',  ( 0.0000000000000000000, -0.9999156794129788750, 0.01298591791445416303 ) ) ;
#8657 = EDGE_LOOP ( 'NONE', ( #385, #3628, #8495, #286 ) ) ;
#8658 = LINE ( 'NONE', #2601, #454 ) ;
#8659 = EDGE_CURVE ( 'NONE', #9347, #8676, #4619, .T. ) ;
#8660 = EDGE_CURVE ( 'NONE', #2711, #3270, #6059, .T. ) ;
#8661 = CARTESIAN_POINT ( 'NONE',  ( 4.299999999999999822, 9.000000000000001776, -1.234398718876068335 ) ) ;
#8662 = SURFACE_SIDE_STYLE ('',( #249 ) ) ;
#8663 = CARTESIAN_POINT ( 'NONE',  ( 10.19999999999999929, 5.500000000000000000, 3.810000000000000053 ) ) ;
#8664 = VECTOR ( 'NONE', #5087, 1000.000000000000000 ) ;
#8665 = CARTESIAN_POINT ( 'NONE',  ( 9.018600732609499460, 13.20000000000007567, 4.209999999999999964 ) ) ;
#8666 = EDGE_LOOP ( 'NONE', ( #8233, #8683, #3707, #10682 ) ) ;
#8667 = CARTESIAN_POINT ( 'NONE',  ( 8.770205957768224536, 13.20000000000010054, 0.2504082905655548030 ) ) ;
#8668 = CARTESIAN_POINT ( 'NONE',  ( 6.500000000000000888, 15.50000000000000000, 4.859999999999999432 ) ) ;
#8669 = CARTESIAN_POINT ( 'NONE',  ( 4.500031197697132335, 15.50000000000000000, 1.019994481571114608 ) ) ;
#8670 = CARTESIAN_POINT ( 'NONE',  ( 6.225913984851171534, 15.50000000000000178, 2.787035339246347831 ) ) ;
#8671 = AXIS2_PLACEMENT_3D ( 'NONE', #7091, #1268, #4625 ) ;
#8672 = ORIENTED_EDGE ( 'NONE', *, *, #10171, .T. ) ;
#8673 = CARTESIAN_POINT ( 'NONE',  ( 6.225913984851172422, 15.50000000000000178, -1.022964660753652444 ) ) ;
#8674 = VERTEX_POINT ( 'NONE', #1684 ) ;
#8675 = DIRECTION ( 'NONE',  ( 0.0000000000000000000, 0.0000000000000000000, 1.000000000000000000 ) ) ;
#8676 = VERTEX_POINT ( 'NONE', #4384 ) ;
#8677 = CARTESIAN_POINT ( 'NONE',  ( 6.336375382630145658, 14.49999999999818279, -8.244999999982375982 ) ) ;
#8678 = CARTESIAN_POINT ( 'NONE',  ( 5.971200070610556132, 15.50000000000000178, -6.702524292228028813 ) ) ;
#8679 = CARTESIAN_POINT ( 'NONE',  ( 8.766061818946806028, 13.20000000000010054, -7.870000000000012541 ) ) ;
#8680 =( GEOMETRIC_REPRESENTATION_CONTEXT ( 3 ) GLOBAL_UNCERTAINTY_ASSIGNED_CONTEXT ( ( #10692 ) ) GLOBAL_UNIT_ASSIGNED_CONTEXT ( ( #1936, #991, #5308 ) ) REPRESENTATION_CONTEXT ( 'NONE', 'WORKASPACE' ) );
#8681 = CARTESIAN_POINT ( 'NONE',  ( 8.500000000000000000, 15.50000000000000000, -9.070000000000000284 ) ) ;
#8682 = VECTOR ( 'NONE', #2829, 1000.000000000000000 ) ;
#8683 = ORIENTED_EDGE ( 'NONE', *, *, #1760, .T. ) ;
#8684 = CARTESIAN_POINT ( 'NONE',  ( 9.349999999999999645, 7.799999999999998934, 9.919999999999999929 ) ) ;
#8685 = B_SPLINE_CURVE_WITH_KNOTS ( 'NONE', 3,
 ( #3020, #4928, #3930, #9990 ),
 .UNSPECIFIED., .F., .F.,
 ( 4, 4 ),
 ( 0.0000000000000000000, 1.000000000000000000 ),
 .UNSPECIFIED. ) ;
#8686 = CARTESIAN_POINT ( 'NONE',  ( 8.500000000000000000, 8.999999999999998224, 5.044398718876068166 ) ) ;
#8687 = CARTESIAN_POINT ( 'NONE',  ( 11.07573593128806699, 6.585137115330581103, -1.896239973002878942 ) ) ;
#8688 = EDGE_CURVE ( 'NONE', #7053, #1278, #120, .T. ) ;
#8689 = CARTESIAN_POINT ( 'NONE',  ( 8.862475782649550382, 15.20000000000009877, 7.945000000000000284 ) ) ;
#8690 = ADVANCED_FACE ( 'NONE', ( #59 ), #6959, .F. ) ;
#8691 = ORIENTED_EDGE ( 'NONE', *, *, #6055, .T. ) ;
#8692 = CARTESIAN_POINT ( 'NONE',  ( 8.501103551519481272, 15.41930204271695359, 1.267185455229515201 ) ) ;
#8693 = VECTOR ( 'NONE', #5398, 1000.000000000000000 ) ;
#8694 = CARTESIAN_POINT ( 'NONE',  ( 8.862475782649553935, 15.20000000000013962, -7.294999999999999929 ) ) ;
#8695 = ORIENTED_EDGE ( 'NONE', *, *, #3037, .T. ) ;
#8696 = EDGE_LOOP ( 'NONE', ( #5583, #788, #5519, #4583 ) ) ;
#8697 = CARTESIAN_POINT ( 'NONE',  ( 4.905714285714242173, 15.50000000000000178, 4.176205027885997900 ) ) ;
#8698 = FACE_OUTER_BOUND ( 'NONE', #9574, .T. ) ;
#8699 = DIRECTION ( 'NONE',  ( -0.0000000000000000000, 1.000000000000000000, -0.0000000000000000000 ) ) ;
#8700 = EDGE_CURVE ( 'NONE', #9335, #8598, #8409, .T. ) ;
#8701 = FACE_OUTER_BOUND ( 'NONE', #9807, .T. ) ;
#8702 = B_SPLINE_CURVE_WITH_KNOTS ( 'NONE', 3,
 ( #6200, #8830, #9630, #318, #3680, #10419 ),
 .UNSPECIFIED., .F., .F.,
 ( 4, 2, 4 ),
 ( 0.0000000000000000000, 0.5000000000000000000, 1.000000000000000000 ),
 .UNSPECIFIED. ) ;
#8703 =( GEOMETRIC_REPRESENTATION_CONTEXT ( 3 ) GLOBAL_UNCERTAINTY_ASSIGNED_CONTEXT ( ( #3505 ) ) GLOBAL_UNIT_ASSIGNED_CONTEXT ( ( #3069, #8025, #6390 ) ) REPRESENTATION_CONTEXT ( 'NONE', 'WORKASPACE' ) );
#8704 = DIRECTION ( 'NONE',  ( 1.445602896647339903E-15, -1.000000000000000000, 0.0000000000000000000 ) ) ;
#8705 = DIRECTION ( 'NONE',  ( 1.000000000000000000, 1.445602896647339903E-15, 0.0000000000000000000 ) ) ;
#8706 = CARTESIAN_POINT ( 'NONE',  ( 9.600000000000001421, 5.799999999999998046, -5.126232908051130188 ) ) ;
#8707 = ORIENTED_EDGE ( 'NONE', *, *, #1693, .T. ) ;
#8708 = VERTEX_POINT ( 'NONE', #8587 ) ;
#8709 = FACE_OUTER_BOUND ( 'NONE', #589, .T. ) ;
#8710 = CARTESIAN_POINT ( 'NONE',  ( 8.299999999999997158, 15.30259718358289689, -5.162563672940486903 ) ) ;
#8711 = CIRCLE ( 'NONE', #6021, 0.2000000000000003164 ) ;
#8712 = EDGE_CURVE ( 'NONE', #2454, #9328, #3816, .T. ) ;
#8713 = LINE ( 'NONE', #8605, #5450 ) ;
#8714 = CARTESIAN_POINT ( 'NONE',  ( 7.028799929389445644, 15.50000000000000178, -8.537475707771969624 ) ) ;
#8715 = ORIENTED_EDGE ( 'NONE', *, *, #8411, .T. ) ;
#8716 = DIRECTION ( 'NONE',  ( -0.0000000000000000000, -0.0000000000000000000, 1.000000000000000000 ) ) ;
#8717 = CARTESIAN_POINT ( 'NONE',  ( 11.06170152824905273, 6.724211922911603523, -5.832262903507442253 ) ) ;
#8718 = CARTESIAN_POINT ( 'NONE',  ( 1.274999999999998801, -1.478419251352363239E-16, 6.120000000000000107 ) ) ;
#8719 = VECTOR ( 'NONE', #5042, 1000.000000000000000 ) ;
#8720 = FACE_OUTER_BOUND ( 'NONE', #2046, .T. ) ;
#8721 = ORIENTED_EDGE ( 'NONE', *, *, #6010, .T. ) ;
#8722 = CARTESIAN_POINT ( 'NONE',  ( 4.346153846153817391, 15.30000000000000071, -0.8793488715349452312 ) ) ;
#8723 = B_SPLINE_CURVE_WITH_KNOTS ( 'NONE', 3,
 ( #486, #9795, #8211, #10849, #540, #6422 ),
 .UNSPECIFIED., .F., .F.,
 ( 4, 2, 4 ),
 ( 0.0000000000000000000, 0.5000000000000000000, 1.000000000000000000 ),
 .UNSPECIFIED. ) ;
#8724 = ADVANCED_FACE ( 'NONE', ( #4151 ), #3305, .T. ) ;
#8725 = CARTESIAN_POINT ( 'NONE',  ( -8.599999999999999645, 7.009966887054149609, -9.220000000000000639 ) ) ;
#8726 = CYLINDRICAL_SURFACE ( 'NONE', #6341, 1.350000000000020073 ) ;
#8727 = DIRECTION ( 'NONE',  ( -1.000000000000000000, 0.0000000000000000000, 0.0000000000000000000 ) ) ;
#8728 = CIRCLE ( 'NONE', #10532, 0.2999999999999981570 ) ;
#8729 = CARTESIAN_POINT ( 'NONE',  ( 8.299999999999998934, 15.50000000000000000, 5.259999999999999787 ) ) ;
#8730 = ORIENTED_EDGE ( 'NONE', *, *, #1779, .T. ) ;
#8731 = DIRECTION ( 'NONE',  ( -1.000000000000000000, -0.0000000000000000000, -0.0000000000000000000 ) ) ;
#8732 = CARTESIAN_POINT ( 'NONE',  ( -0.9999999999999997780, 13.19999999999999929, -8.999870129870130242 ) ) ;
#8733 = CARTESIAN_POINT ( 'NONE',  ( 4.382847915768461888, 15.49994977653715544, 2.661901299924999797 ) ) ;
#8734 = ORIENTED_EDGE ( 'NONE', *, *, #5757, .F. ) ;
#8735 = ORIENTED_EDGE ( 'NONE', *, *, #9020, .F. ) ;
#8736 = DIRECTION ( 'NONE',  ( 0.0000000000000000000, 0.6189924607046909388, -0.7853969274136177736 ) ) ;
#8737 = ORIENTED_EDGE ( 'NONE', *, *, #8390, .F. ) ;
#8738 = CARTESIAN_POINT ( 'NONE',  ( 9.600000000000001421, 5.200000000000000178, 8.936236820298940842 ) ) ;
#8740 = EDGE_CURVE ( 'NONE', #6987, #10377, #10467, .T. ) ;
#8739 = CARTESIAN_POINT ( 'NONE',  ( 8.899795149060292232, 15.20000000000010054, 7.991611873707320512 ) ) ;
#8741 = ADVANCED_FACE ( 'NONE', ( #1078 ), #5394, .T. ) ;
#8742 = CARTESIAN_POINT ( 'NONE',  ( 9.599999999999999645, 5.199999999999999289, -2.493763179701058430 ) ) ;
#8743 = CARTESIAN_POINT ( 'NONE',  ( 4.300093593091363964, 9.000000000000000000, -8.601522475625294817 ) ) ;
#8744 = ORIENTED_EDGE ( 'NONE', *, *, #10109, .F. ) ;
#8745 = DIRECTION ( 'NONE',  ( -1.000000000000000000, 0.0000000000000000000, 0.0000000000000000000 ) ) ;
#8746 = AXIS2_PLACEMENT_3D ( 'NONE', #4564, #2869, #2918 ) ;
#8747 = FACE_OUTER_BOUND ( 'NONE', #2837, .T. ) ;
#8748 = AXIS2_PLACEMENT_3D ( 'NONE', #6123, #8652, #9612 ) ;
#8749 = CARTESIAN_POINT ( 'NONE',  ( 11.20000000000000284, 6.732126113257712596, -2.354276333122046871 ) ) ;
#8750 = ORIENTED_EDGE ( 'NONE', *, *, #789, .F. ) ;
#8751 = EDGE_CURVE ( 'NONE', #4746, #8381, #1639, .T. ) ;
#8752 = ADVANCED_FACE ( 'NONE', ( #1914 ), #8808, .F. ) ;
#8753 = CARTESIAN_POINT ( 'NONE',  ( 4.299999999999979394, 15.41715728752539327, -1.039230484541302291 ) ) ;
#8754 = SURFACE_SIDE_STYLE ('',( #2854 ) ) ;
#8755 = VECTOR ( 'NONE', #8530, 1000.000000000000000 ) ;
#8756 = CARTESIAN_POINT ( 'NONE',  ( 4.075000000000000178, 2.099999999999999645, 84.34799999999999898 ) ) ;
#8757 = CARTESIAN_POINT ( 'NONE',  ( 4.694285714285666877, 15.30000000000000071, 4.136615295141568893 ) ) ;
#8758 = DIRECTION ( 'NONE',  ( -1.000000000000000000, 0.0000000000000000000, 0.0000000000000000000 ) ) ;
#8759 = VECTOR ( 'NONE', #2661, 1000.000000000000000 ) ;
#8760 = DIRECTION ( 'NONE',  ( 4.110719137385800108E-17, 1.000000000000000000, -0.0000000000000000000 ) ) ;
#8761 = EDGE_CURVE ( 'NONE', #2827, #5194, #4270, .T. ) ;
#8762 = EDGE_CURVE ( 'NONE', #7920, #1692, #10831, .T. ) ;
#8763 = CARTESIAN_POINT ( 'NONE',  ( 4.346153846153820055, 15.30000000000000071, -6.740651128465058761 ) ) ;
#8764 = CARTESIAN_POINT ( 'NONE',  ( 9.650000000000000355, 13.19999999999999929, 7.820000000000000284 ) ) ;
#8765 = ORIENTED_EDGE ( 'NONE', *, *, #4106, .F. ) ;
#8766 = VERTEX_POINT ( 'NONE', #5339 ) ;
#8767 = CARTESIAN_POINT ( 'NONE',  ( 11.19999999999999574, 7.841889302910820092, -6.764172355019632654 ) ) ;
#8768 = PRESENTATION_LAYER_ASSIGNMENT (  '', '', ( #9852 ) ) ;
#8769 = CARTESIAN_POINT ( 'NONE',  ( 4.346153846171226576, 9.000000000000000000, 2.930651128499475178 ) ) ;
#8770 = VECTOR ( 'NONE', #2880, 1000.000000000000000 ) ;
#8771 = DIRECTION ( 'NONE',  ( -0.0000000000000000000, 1.000000000000000000, -0.0000000000000000000 ) ) ;
#8772 = VERTEX_POINT ( 'NONE', #6228 ) ;
#8773 = CARTESIAN_POINT ( 'NONE',  ( 9.599999999999999645, 5.199999999999999289, -5.126232908051130188 ) ) ;
#8774 = DIRECTION ( 'NONE',  ( 0.0000000000000000000, 0.0000000000000000000, 1.000000000000000000 ) ) ;
#8775 = CARTESIAN_POINT ( 'NONE',  ( 11.14092921890175347, 6.636678088416495314, -5.550699879796223257 ) ) ;
#8776 = CARTESIAN_POINT ( 'NONE',  ( 10.19999999999999929, 4.349086444420986908, -4.532125371792251833 ) ) ;
#8777 = VERTEX_POINT ( 'NONE', #6169 ) ;
#8778 = FACE_OUTER_BOUND ( 'NONE', #9038, .T. ) ;
#8779 = CARTESIAN_POINT ( 'NONE',  ( 4.346153846153817391, 15.41715728752540748, -8.499348871534953886 ) ) ;
#8780 = CARTESIAN_POINT ( 'NONE',  ( 9.450000000000001066, 13.20000000000005258, -0.4000000000000001887 ) ) ;
#8781 = LINE ( 'NONE', #2668, #5541 ) ;
#8782 = CARTESIAN_POINT ( 'NONE',  ( 5.659289702767262398, 15.50000000000000000, -0.6440907823440055191 ) ) ;
#8783 = ORIENTED_EDGE ( 'NONE', *, *, #4076, .T. ) ;
#8784 = CARTESIAN_POINT ( 'NONE',  ( 10.19999999999999929, 6.459767691189446381, 4.771620540801143839 ) ) ;
#8785 = ORIENTED_EDGE ( 'NONE', *, *, #10615, .T. ) ;
#8786 = UNCERTAINTY_MEASURE_WITH_UNIT (LENGTH_MEASURE( 1.000000000000000082E-05 ), #2683, 'distance_accuracy_value', 'NONE');
#8787 = DIRECTION ( 'NONE',  ( 0.0000000000000000000, -0.3714946188439269825, 0.9284351071399689070 ) ) ;
#8788 = EDGE_CURVE ( 'NONE', #7953, #8082, #8920, .T. ) ;
#8789 = DIRECTION ( 'NONE',  ( 1.000000000000000000, 0.0000000000000000000, 0.0000000000000000000 ) ) ;
#8790 = ORIENTED_EDGE ( 'NONE', *, *, #1153, .F. ) ;
#8791 = ORIENTED_EDGE ( 'NONE', *, *, #6492, .F. ) ;
#8792 = DIRECTION ( 'NONE',  ( 1.000000000000000000, -0.0000000000000000000, 0.0000000000000000000 ) ) ;
#8793 = EDGE_LOOP ( 'NONE', ( #1851, #2961, #7672, #10974, #7084, #8895, #4035, #3783, #7228, #2337, #4016, #4680 ) ) ;
#8794 = CARTESIAN_POINT ( 'NONE',  ( 9.349999999999999645, 7.103079644981811214, 1.525644766631832683 ) ) ;
#8795 = CARTESIAN_POINT ( 'NONE',  ( 4.499999999999999112, 15.50000000000000000, -4.962580537057890595 ) ) ;
#8796 = CARTESIAN_POINT ( 'NONE',  ( 9.350000000000003197, 7.700040180165420800, 3.633053977112206123 ) ) ;
#8797 = CARTESIAN_POINT ( 'NONE',  ( 9.349999999999999645, 9.000000000000000000, -9.919999999999999929 ) ) ;
#8798 = ORIENTED_EDGE ( 'NONE', *, *, #9426, .T. ) ;
#8799 = B_SPLINE_CURVE_WITH_KNOTS ( 'NONE', 3,
 ( #1017, #4434, #9650, #3590, #5333, #7756 ),
 .UNSPECIFIED., .F., .F.,
 ( 4, 2, 4 ),
 ( 0.0000000000000000000, 0.5000000000000000000, 1.000000000000000000 ),
 .UNSPECIFIED. ) ;
#8800 = CARTESIAN_POINT ( 'NONE',  ( 11.19999999999999929, 7.328782069966707446, 8.228520774359466827 ) ) ;
#8801 = ORIENTED_EDGE ( 'NONE', *, *, #10161, .F. ) ;
#8802 = CARTESIAN_POINT ( 'NONE',  ( 8.499991117421787479, 15.29997552248377524, 1.150695768309465850 ) ) ;
#8803 = LINE ( 'NONE', #6897, #5820 ) ;
#8804 = ORIENTED_EDGE ( 'NONE', *, *, #78, .T. ) ;
#8805 = EDGE_CURVE ( 'NONE', #9733, #2236, #2136, .T. ) ;
#8806 = EDGE_CURVE ( 'NONE', #8082, #2570, #407, .T. ) ;
#8807 = ORIENTED_EDGE ( 'NONE', *, *, #652, .F. ) ;
#8808 = CYLINDRICAL_SURFACE ( 'NONE', #6758, 1.050000000000000488 ) ;
#8809 = CARTESIAN_POINT ( 'NONE',  ( 10.20000000000000462, 4.633615282982281869, -8.698745339831910783 ) ) ;
#8810 = LINE ( 'NONE', #7978, #9388 ) ;
#8811 = CYLINDRICAL_SURFACE ( 'NONE', #1172, 0.2999999999999999334 ) ;
#8812 = FACE_OUTER_BOUND ( 'NONE', #396, .T. ) ;
#8813 = CARTESIAN_POINT ( 'NONE',  ( 4.382847915768459224, 15.49994977653715544, -6.471901299924998519 ) ) ;
#8814 = FILL_AREA_STYLE ('',( #5404 ) ) ;
#8815 = MECHANICAL_DESIGN_GEOMETRIC_PRESENTATION_REPRESENTATION (  '', ( #3257 ), #6840 ) ;
#8816 = CARTESIAN_POINT ( 'NONE',  ( 8.299999999999982947, 8.999999999999996447, 2.375584415584409914 ) ) ;
#8817 = ORIENTED_EDGE ( 'NONE', *, *, #5139, .F. ) ;
#8818 = CARTESIAN_POINT ( 'NONE',  ( 9.600000000000001421, 5.399158108464383155, -6.269999999999980034 ) ) ;
#8819 = EDGE_CURVE ( 'NONE', #307, #8777, #5092, .T. ) ;
#8820 = CARTESIAN_POINT ( 'NONE',  ( 6.500000000000000888, 14.59999999998728981, 3.810000000000000053 ) ) ;
#8821 = EDGE_CURVE ( 'NONE', #10327, #943, #8918, .T. ) ;
#8822 = VECTOR ( 'NONE', #4812, 1000.000000000000000 ) ;
#8823 = CARTESIAN_POINT ( 'NONE',  ( 11.06313763527704275, 6.722696155360178061, -1.786865099652928945 ) ) ;
#8824 = CARTESIAN_POINT ( 'NONE',  ( 8.500000000000000000, 9.000000000000000000, -6.385601281123928885 ) ) ;
#8825 = CARTESIAN_POINT ( 'NONE',  ( 11.20000000000000107, 6.500075950062547570, -5.475152096698511883 ) ) ;
#8826 = DIRECTION ( 'NONE',  ( 0.0000000000000000000, 0.0000000000000000000, -1.000000000000000000 ) ) ;
#8827 = ORIENTED_EDGE ( 'NONE', *, *, #7746, .T. ) ;
#8828 = VECTOR ( 'NONE', #3712, 1000.000000000000000 ) ;
#8829 = CARTESIAN_POINT ( 'NONE',  ( 9.599999999999999645, 5.199999999999999289, 9.619999999999979678 ) ) ;
#8830 = CARTESIAN_POINT ( 'NONE',  ( 4.299999999999998934, 15.35236108383767473, 2.657666564417140886 ) ) ;
#8831 = FACE_OUTER_BOUND ( 'NONE', #9904, .T. ) ;
#8832 = CARTESIAN_POINT ( 'NONE',  ( 8.706350832689590646, 13.20000000000010054, -0.2500000000000002220 ) ) ;
#8833 = VERTEX_POINT ( 'NONE', #8237 ) ;
#8834 = DIRECTION ( 'NONE',  ( -2.556434596176350141E-15, -1.000000000000000000, -0.0000000000000000000 ) ) ;
#8835 = ORIENTED_EDGE ( 'NONE', *, *, #1265, .F. ) ;
#8836 = CYLINDRICAL_SURFACE ( 'NONE', #4765, 0.1999999999999996503 ) ;
#8837 = ORIENTED_EDGE ( 'NONE', *, *, #4140, .F. ) ;
#8838 = AXIS2_PLACEMENT_3D ( 'NONE', #10599, #9701, #3864 ) ;
#8839 = CARTESIAN_POINT ( 'NONE',  ( 0.7749999999999999112, -4.440892098500626162E-16, 2.310000000000000497 ) ) ;
#8840 = CARTESIAN_POINT ( 'NONE',  ( 6.500000000000000888, 15.50000000000000000, -6.570000000000001172 ) ) ;
#8841 = ORIENTED_EDGE ( 'NONE', *, *, #1744, .F. ) ;
#8842 = CARTESIAN_POINT ( 'NONE',  ( 9.018600732609510118, 13.20000000000007567, -7.220000000000000639 ) ) ;
#8843 = ORIENTED_EDGE ( 'NONE', *, *, #868, .F. ) ;
#8844 = FILL_AREA_STYLE ('',( #9584 ) ) ;
#8845 = AXIS2_PLACEMENT_3D ( 'NONE', #367, #3785, #7939 ) ;
#8846 = CARTESIAN_POINT ( 'NONE',  ( 1.399999999999999911, 8.000000000000000000, -9.919999999999999929 ) ) ;
#8847 = AXIS2_PLACEMENT_3D ( 'NONE', #8021, #8078, #7386 ) ;
#8848 = CARTESIAN_POINT ( 'NONE',  ( 9.650000000000000355, 13.20000000000007567, 0.1999999999999953204 ) ) ;
#8849 = CARTESIAN_POINT ( 'NONE',  ( 10.19999999999999929, 5.949892667124012213, 8.901655287409488082 ) ) ;
#8850 = EDGE_CURVE ( 'NONE', #3685, #2287, #5602, .T. ) ;
#8851 = EDGE_LOOP ( 'NONE', ( #9015, #10736, #1391, #6392 ) ) ;
#8852 = DIRECTION ( 'NONE',  ( -1.000000000000000000, 0.0000000000000000000, 0.0000000000000000000 ) ) ;
#8853 = ORIENTED_EDGE ( 'NONE', *, *, #3363, .T. ) ;
#8854 = CARTESIAN_POINT ( 'NONE',  ( 0.0000000000000000000, 7.899999999999999467, 9.919999999999999929 ) ) ;
#8855 = ORIENTED_EDGE ( 'NONE', *, *, #2275, .F. ) ;
#8856 = AXIS2_PLACEMENT_3D ( 'NONE', #6029, #4464, #3449 ) ;
#8857 = VECTOR ( 'NONE', #7324, 1000.000000000000000 ) ;
#8858 = VERTEX_POINT ( 'NONE', #3981 ) ;
#8859 = CARTESIAN_POINT ( 'NONE',  ( 9.449999999999999289, 15.20000000000005080, 7.220000000000000639 ) ) ;
#8860 = ORIENTED_EDGE ( 'NONE', *, *, #4676, .F. ) ;
#8861 = DIRECTION ( 'NONE',  ( 1.000000000000000000, 0.0000000000000000000, 0.0000000000000000000 ) ) ;
#8862 = CARTESIAN_POINT ( 'NONE',  ( 8.299999999999998934, 15.30259718358288978, -1.352563672940486628 ) ) ;
#8863 = CARTESIAN_POINT ( 'NONE',  ( 4.075000000000000178, 2.100000000000000089, 6.719999999999978435 ) ) ;
#8864 = VECTOR ( 'NONE', #1785, 1000.000000000000000 ) ;
#8865 = EDGE_CURVE ( 'NONE', #626, #711, #8685, .T. ) ;
#8866 = AXIS2_PLACEMENT_3D ( 'NONE', #10893, #3093, #9140 ) ;
#8867 = EDGE_CURVE ( 'NONE', #7958, #10441, #10963, .T. ) ;
#8868 = CARTESIAN_POINT ( 'NONE',  ( 8.499999999999989342, 13.20000000000010054, 7.370000000000000107 ) ) ;
#8869 = CYLINDRICAL_SURFACE ( 'NONE', #1519, 0.2000000000000001499 ) ;
#8870 = LINE ( 'NONE', #1198, #5474 ) ;
#8871 = LINE ( 'NONE', #7981, #3842 ) ;
#8872 = AXIS2_PLACEMENT_3D ( 'NONE', #10830, #6502, #4832 ) ;
#8873 = VECTOR ( 'NONE', #9412, 1000.000000000000000 ) ;
#8874 = DIRECTION ( 'NONE',  ( -0.0000000000000000000, 1.000000000000000000, 0.0000000000000000000 ) ) ;
#8875 = EDGE_CURVE ( 'NONE', #10727, #3262, #1355, .T. ) ;
#8876 = ORIENTED_EDGE ( 'NONE', *, *, #1838, .F. ) ;
#8877 = CARTESIAN_POINT ( 'NONE',  ( 11.19999999999999574, 6.524291964997805948, -5.814589900637177955 ) ) ;
#8878 = CARTESIAN_POINT ( 'NONE',  ( 8.501103551519479495, 15.41930204271696070, -5.077185455229520805 ) ) ;
#8879 = CARTESIAN_POINT ( 'NONE',  ( 10.89999999999962377, 7.009966887054290829, 9.219999999999933138 ) ) ;
#8880 = AXIS2_PLACEMENT_3D ( 'NONE', #101, #8787, #6148 ) ;
#8881 = VERTEX_POINT ( 'NONE', #9933 ) ;
#8882 = CARTESIAN_POINT ( 'NONE',  ( 8.418034671099022148, 15.30259718358288978, 5.162563672940484238 ) ) ;
#8883 = CARTESIAN_POINT ( 'NONE',  ( 6.375000000000000000, 0.5000000000000002220, -9.919999999999999929 ) ) ;
#8884 = VERTEX_POINT ( 'NONE', #10042 ) ;
#8885 = FACE_OUTER_BOUND ( 'NONE', #4003, .T. ) ;
#8886 =( BOUNDED_CURVE ( )  B_SPLINE_CURVE ( 3, ( #7432, #3397, #6812, #6752 ),
 .UNSPECIFIED., .F., .T. ) 
 B_SPLINE_CURVE_WITH_KNOTS ( ( 4, 4 ),
 ( 0.0000000000000000000, 1.000000000000000000 ),
 .UNSPECIFIED. ) 
 CURVE ( )  GEOMETRIC_REPRESENTATION_ITEM ( )  RATIONAL_B_SPLINE_CURVE ( ( 1.000000000000000000, 0.8047378541243519479, 0.8047378541243519479, 1.000000000000000000 ) ) 
 REPRESENTATION_ITEM ( '' )  );
#8887 = EDGE_CURVE ( 'NONE', #9968, #8858, #1222, .T. ) ;
#8888 = ORIENTED_EDGE ( 'NONE', *, *, #10253, .T. ) ;
#8889 = ADVANCED_FACE ( 'NONE', ( #8190 ), #2289, .F. ) ;
#8890 = VECTOR ( 'NONE', #1649, 1000.000000000000000 ) ;
#8891 = CARTESIAN_POINT ( 'NONE',  ( 8.300000000000000711, 15.29999999999999893, 1.152580537057889654 ) ) ;
#8892 = FILL_AREA_STYLE ('',( #3623 ) ) ;
#8893 = LINE ( 'NONE', #4633, #8296 ) ;
#8894 = LINE ( 'NONE', #9857, #3004 ) ;
#8895 = ORIENTED_EDGE ( 'NONE', *, *, #1026, .F. ) ;
#8896 = CARTESIAN_POINT ( 'NONE',  ( 4.515384615402476598, 15.50000000000000000, -6.634063386496173109 ) ) ;
#8897 = VERTEX_POINT ( 'NONE', #5658 ) ;
#8898 = CARTESIAN_POINT ( 'NONE',  ( 7.399999999999999467, 13.19999999999999929, 8.999870129870130242 ) ) ;
#8899 = EDGE_LOOP ( 'NONE', ( #5933, #4870, #1188, #6908 ) ) ;
#8900 = CONICAL_SURFACE ( 'NONE', #3529, 1.049999999976589660, 1.339705659597135723 ) ;
#8901 = DIRECTION ( 'NONE',  ( 2.556434596176350141E-15, 1.000000000000000000, 0.0000000000000000000 ) ) ;
#8902 = CARTESIAN_POINT ( 'NONE',  ( 4.416251525940030120, 15.49999999999997868, -4.733498959855809041 ) ) ;
#8903 = EDGE_LOOP ( 'NONE', ( #537, #10539, #668, #10797 ) ) ;
#8904 = CARTESIAN_POINT ( 'NONE',  ( 9.599999999999999645, 5.199999999999999289, 5.126244658108830343 ) ) ;
#8905 = ADVANCED_FACE ( 'NONE', ( #2237 ), #7452, .F. ) ;
#8906 = DIRECTION ( 'NONE',  ( 0.5329387100211774309, -0.0000000000000000000, 0.8461538461538559153 ) ) ;
#8907 = CARTESIAN_POINT ( 'NONE',  ( 8.299999999999998934, 15.49994977653715722, 8.768098700074999030 ) ) ;
#8908 = VECTOR ( 'NONE', #6817, 1000.000000000000000 ) ;
#8909 = CARTESIAN_POINT ( 'NONE',  ( 8.958889746352323158, 15.20000000000010054, 7.220000000000000639 ) ) ;
#8910 = DIRECTION ( 'NONE',  ( -1.531342102931250010E-16, 0.0000000000000000000, 1.000000000000000000 ) ) ;
#8911 = DIRECTION ( 'NONE',  ( 0.0000000000000000000, -0.0000000000000000000, -1.000000000000000000 ) ) ;
#8912 = ORIENTED_EDGE ( 'NONE', *, *, #10444, .F. ) ;
#8913 = CARTESIAN_POINT ( 'NONE',  ( 9.649587644868052649, 13.20000000000010054, -7.875307426285872658 ) ) ;
#8914 = CARTESIAN_POINT ( 'NONE',  ( 10.19999999999999929, 4.150065953933617990, 7.466705774816722929 ) ) ;
#8915 = ORIENTED_EDGE ( 'NONE', *, *, #2698, .T. ) ;
#8916 = SURFACE_STYLE_USAGE ( .BOTH. , #10767 ) ;
#8917 = ORIENTED_EDGE ( 'NONE', *, *, #8052, .T. ) ;
#8918 = CIRCLE ( 'NONE', #7674, 0.1999999999999840516 ) ;
#8919 = VERTEX_POINT ( 'NONE', #612 ) ;
#8920 = LINE ( 'NONE', #9658, #4800 ) ;
#8921 = DIRECTION ( 'NONE',  ( 0.0000000000000000000, 0.01298591791445111512, -0.9999156794129788750 ) ) ;
#8922 = CARTESIAN_POINT ( 'NONE',  ( 10.19999999999999929, 5.500000000000000000, 7.620000000000000107 ) ) ;
#8923 =( NAMED_UNIT ( * ) PLANE_ANGLE_UNIT ( ) SI_UNIT ( $, .RADIAN. ) );
#8924 = VECTOR ( 'NONE', #8368, 1000.000000000000000 ) ;
#8925 = CARTESIAN_POINT ( 'NONE',  ( 11.13628631504909627, 6.642889288475298137, 1.743920781063863723 ) ) ;
#8926 = FACE_OUTER_BOUND ( 'NONE', #2391, .T. ) ;
#8927 = CARTESIAN_POINT ( 'NONE',  ( 4.515384615384647304, 15.49999999999999645, 8.605936613539228119 ) ) ;
#8928 = CARTESIAN_POINT ( 'NONE',  ( 4.499999999999999112, 15.49994977653715544, -6.471901299924998519 ) ) ;
#8929 = EDGE_CURVE ( 'NONE', #6602, #8009, #6235, .T. ) ;
#8930 = CARTESIAN_POINT ( 'NONE',  ( 5.875147500399910072, 14.49999999999999822, 7.786434284711983622 ) ) ;
#8931 = ORIENTED_EDGE ( 'NONE', *, *, #5402, .F. ) ;
#8932 = DIRECTION ( 'NONE',  ( 0.0000000000000000000, -1.000000000000000000, 0.0000000000000000000 ) ) ;
#8933 =( LENGTH_UNIT ( ) NAMED_UNIT ( * ) SI_UNIT ( .MILLI., .METRE. ) );
#8934 = VERTEX_POINT ( 'NONE', #1505 ) ;
#8935 = FILL_AREA_STYLE_COLOUR ( '', #8041 ) ;
#8936 = VERTEX_POINT ( 'NONE', #4712 ) ;
#8937 = B_SPLINE_CURVE_WITH_KNOTS ( 'NONE', 3,
 ( #3419, #1510, #4199, #8458, #10935, #11113, #3242, #4934, #7630, #732, #9355, #7569, #4259, #5875, #8347, #10269 ),
 .UNSPECIFIED., .F., .F.,
 ( 4, 2, 1, 2, 2, 1, 2, 2, 4 ),
 ( 0.0000000000000000000, 0.2500000000000020539, 0.3750000000000004441, 0.4375000000000016653, 0.5000000000000027756, 0.6250000000000086597, 0.6875000000000091038, 0.7500000000000095479, 1.000000000000000000 ),
 .UNSPECIFIED. ) ;
#8938 = CARTESIAN_POINT ( 'NONE',  ( 8.299999999999998934, 15.49994977653715367, 4.958098700075001197 ) ) ;
#8939 = FACE_OUTER_BOUND ( 'NONE', #3408, .T. ) ;
#8940 = VERTEX_POINT ( 'NONE', #10819 ) ;
#8941 = B_SPLINE_CURVE_WITH_KNOTS ( 'NONE', 3,
 ( #1570, #10836, #8250, #1467, #2304, #4885 ),
 .UNSPECIFIED., .F., .F.,
 ( 4, 2, 4 ),
 ( 0.0000000000000000000, 0.5000000000000000000, 1.000000000000000000 ),
 .UNSPECIFIED. ) ;
#8942 = EDGE_CURVE ( 'NONE', #7089, #5795, #5708, .T. ) ;
#8943 = ADVANCED_FACE ( 'NONE', ( #674 ), #4036, .F. ) ;
#8944 = LINE ( 'NONE', #4795, #1596 ) ;
#8945 = ORIENTED_EDGE ( 'NONE', *, *, #7298, .T. ) ;
#8946 = VECTOR ( 'NONE', #373, 1000.000000000000000 ) ;
#8947 = DIRECTION ( 'NONE',  ( 0.0000000000000000000, -0.9999156794129788750, -0.01298591791445429834 ) ) ;
#8948 = CARTESIAN_POINT ( 'NONE',  ( 5.659289702767228647, 15.50000000000000178, 6.975909217655804184 ) ) ;
#8949 = DIRECTION ( 'NONE',  ( -0.0000000000000000000, -1.000000000000000000, -0.0000000000000000000 ) ) ;
#8950 = ORIENTED_EDGE ( 'NONE', *, *, #1763, .T. ) ;
#8951 = CARTESIAN_POINT ( 'NONE',  ( 11.06313763526835281, 6.722696155365392556, 5.833134900339348228 ) ) ;
#8952 = ORIENTED_EDGE ( 'NONE', *, *, #423, .F. ) ;
#8953 = DIRECTION ( 'NONE',  ( 0.0000000000000000000, -0.0000000000000000000, -1.000000000000000000 ) ) ;
#8954 = CARTESIAN_POINT ( 'NONE',  ( 8.500000000000000000, 9.000000000000000000, 6.185584415584419737 ) ) ;
#8955 = CARTESIAN_POINT ( 'NONE',  ( 8.499999999999996447, 15.35235987755982912, -2.657419462942110400 ) ) ;
#8956 = VERTEX_POINT ( 'NONE', #10875 ) ;
#8957 = DIRECTION ( 'NONE',  ( -0.0000000000000000000, -0.0000000000000000000, 1.000000000000000000 ) ) ;
#8958 = CARTESIAN_POINT ( 'NONE',  ( 8.862475782649550382, 13.20000000000013785, -7.294999999999999929 ) ) ;
#8959 = CARTESIAN_POINT ( 'NONE',  ( 5.969997430234194269, 15.49999999999999822, -2.892905680879750197 ) ) ;
#8960 = CARTESIAN_POINT ( 'NONE',  ( 6.824270606615706392, 14.50000000000000355, 3.250529408646965379 ) ) ;
#8961 = CARTESIAN_POINT ( 'NONE',  ( 9.350000000000001421, 7.284637115138930419, 2.474385391421189961 ) ) ;
#8962 = LINE ( 'NONE', #7337, #7954 ) ;
#8963 = ORIENTED_EDGE ( 'NONE', *, *, #10927, .F. ) ;
#8964 = CARTESIAN_POINT ( 'NONE',  ( 4.515384615381074163, 15.50000000000000000, -8.605936613546161240 ) ) ;
#8965 = EDGE_CURVE ( 'NONE', #7345, #10377, #2112, .T. ) ;
#8966 = ORIENTED_EDGE ( 'NONE', *, *, #3469, .F. ) ;
#8967 = CARTESIAN_POINT ( 'NONE',  ( 10.19999999999999929, 4.276392097717477192, 8.210709907514775807 ) ) ;
#8968 = ORIENTED_EDGE ( 'NONE', *, *, #11043, .T. ) ;
#8969 = EDGE_CURVE ( 'NONE', #6851, #8169, #9825, .T. ) ;
#8970 = LINE ( 'NONE', #8132, #10148 ) ;
#8971 = ORIENTED_EDGE ( 'NONE', *, *, #6808, .T. ) ;
#8972 = EDGE_LOOP ( 'NONE', ( #7204, #1775, #8456, #3123 ) ) ;
#8973 = CARTESIAN_POINT ( 'NONE',  ( 11.20000000000000284, 5.500000000000000000, -7.620000000000000107 ) ) ;
#8974 = CARTESIAN_POINT ( 'NONE',  ( 4.500000000000000000, 8.997200455540209418, 1.234435076596329894 ) ) ;
#8975 = CARTESIAN_POINT ( 'NONE',  ( 10.89999999999999858, 5.500000000000000000, 3.810000000000000053 ) ) ;
#8976 = CARTESIAN_POINT ( 'NONE',  ( 5.874931721987086242, 14.50000000000000000, -3.893238932759401916 ) ) ;
#8977 = CARTESIAN_POINT ( 'NONE',  ( 5.874931721987085353, 14.50000000000000000, -0.08323893275940223713 ) ) ;
#8978 = CARTESIAN_POINT ( 'NONE',  ( 4.397546535267357726, 9.000000000000000000, -9.034482295069217628 ) ) ;
#8979 =( NAMED_UNIT ( * ) SI_UNIT ( $, .STERADIAN. ) SOLID_ANGLE_UNIT ( ) );
#8980 = CARTESIAN_POINT ( 'NONE',  ( 9.599999999999999645, 5.199999999999999289, -1.316232908051130801 ) ) ;
#8981 = ORIENTED_EDGE ( 'NONE', *, *, #5516, .T. ) ;
#8982 = CARTESIAN_POINT ( 'NONE',  ( 9.600000000000001421, 5.500000000000000000, -6.270008330676609454 ) ) ;
#8983 = CARTESIAN_POINT ( 'NONE',  ( 4.499999999999940492, 15.50000000000000000, -1.020243901942369247 ) ) ;
#8984 =( NAMED_UNIT ( * ) PLANE_ANGLE_UNIT ( ) SI_UNIT ( $, .RADIAN. ) );
#8985 = EDGE_CURVE ( 'NONE', #316, #5372, #2137, .T. ) ;
#8986 = EDGE_LOOP ( 'NONE', ( #455, #8672, #4737, #6898, #7312, #5395, #2103, #7169 ) ) ;
#8987 = CARTESIAN_POINT ( 'NONE',  ( 4.781862296044556260, 15.50000000000000178, -7.276986100624990073 ) ) ;
#8988 = CARTESIAN_POINT ( 'NONE',  ( 8.706350832689592423, 15.20000000000007390, 3.560000000000000053 ) ) ;
#8989 = VERTEX_POINT ( 'NONE', #1300 ) ;
#8990 = CARTESIAN_POINT ( 'NONE',  ( 4.382842712474610103, 15.50000000000001066, -4.849230484541294572 ) ) ;
#8991 = ORIENTED_EDGE ( 'NONE', *, *, #9963, .F. ) ;
#8992 = CARTESIAN_POINT ( 'NONE',  ( 10.19999999999999929, 6.723518818032610866, 0.5905932288983078982 ) ) ;
#8993 = AXIS2_PLACEMENT_3D ( 'NONE', #9156, #10186, #10962 ) ;
#8994 = CARTESIAN_POINT ( 'NONE',  ( 1.275000000000001910, -1.851273991774876074E-16, -9.119999999999999218 ) ) ;
#8995 = EDGE_CURVE ( 'NONE', #5478, #6472, #8364, .T. ) ;
#8996 = EDGE_LOOP ( 'NONE', ( #2276, #10268, #4103, #1790 ) ) ;
#8997 = EDGE_CURVE ( 'NONE', #4972, #4164, #2641, .T. ) ;
#8998 = CARTESIAN_POINT ( 'NONE',  ( 9.599999999999999645, 5.199999999999999289, 1.999999999999980016 ) ) ;
#8999 = ORIENTED_EDGE ( 'NONE', *, *, #6855, .F. ) ;
#9000 = CARTESIAN_POINT ( 'NONE',  ( 10.19999999999999929, 6.824791866760946846, 3.508771542968171175 ) ) ;
#9001 = UNCERTAINTY_MEASURE_WITH_UNIT (LENGTH_MEASURE( 1.000000000000000082E-05 ), #5355, 'distance_accuracy_value', 'NONE');
#9002 = SURFACE_STYLE_USAGE ( .BOTH. , #4805 ) ;
#9003 = LINE ( 'NONE', #2940, #4915 ) ;
#9004 = VERTEX_POINT ( 'NONE', #727 ) ;
#9005 = VECTOR ( 'NONE', #3009, 1000.000000000000000 ) ;
#9006 = DIRECTION ( 'NONE',  ( 0.0000000000000000000, -1.000000000000000000, 0.0000000000000000000 ) ) ;
#9007 = EDGE_CURVE ( 'NONE', #7525, #4329, #903, .T. ) ;
#9008 = DIRECTION ( 'NONE',  ( 0.0000000000000000000, -1.000000000000000000, 0.0000000000000000000 ) ) ;
#9009 = DIRECTION ( 'NONE',  ( 0.0000000000000000000, 0.0000000000000000000, 1.000000000000000000 ) ) ;
#9010 = LINE ( 'NONE', #9979, #5844 ) ;
#9011 = CARTESIAN_POINT ( 'NONE',  ( 10.19999999999999929, 6.087747258965751307, 6.394980154492133195 ) ) ;
#9012 = EDGE_LOOP ( 'NONE', ( #10053, #8888, #9897, #9127 ) ) ;
#9013 = CARTESIAN_POINT ( 'NONE',  ( 8.299999999999998934, 15.29999999999999893, -6.467419462942110009 ) ) ;
#9014 =( BOUNDED_SURFACE ( )  B_SPLINE_SURFACE ( 3, 3, ( 
 ( #884, #6814, #9221, #4912 ),
 ( #4073, #3222, #29, #3451 ),
 ( #10913, #6031, #9456, #6639 ),
 ( #2380, #5793, #4351, #9508 ) ),
 .UNSPECIFIED., .F., .F., .F. ) 
 B_SPLINE_SURFACE_WITH_KNOTS ( ( 4, 4 ),
 ( 4, 4 ),
 ( 0.0000000000000000000, 1.000000000000000000 ),
 ( 0.0000000000000000000, 1.000000000000000000 ),
 .UNSPECIFIED. ) 
 GEOMETRIC_REPRESENTATION_ITEM ( )  RATIONAL_B_SPLINE_SURFACE ( (
 ( 1.000000000000000000, 0.8047378541243528360, 0.8047378541243528360, 1.000000000000000000),
 ( 0.8025111867385963382, 0.6458111303268058156, 0.6458111303268058156, 0.8025111867385963382),
 ( 0.8025111867385963382, 0.6458111303268058156, 0.6458111303268058156, 0.8025111867385963382),
 ( 1.000000000000000000, 0.8047378541243528360, 0.8047378541243528360, 1.000000000000000000) ) ) 
 REPRESENTATION_ITEM ( '' )  SURFACE ( )  );
#9015 = ORIENTED_EDGE ( 'NONE', *, *, #10051, .F. ) ;
#9016 = DIRECTION ( 'NONE',  ( 0.0000000000000000000, 0.9999156794129789860, -0.01298591791445430008 ) ) ;
#9017 = ORIENTED_EDGE ( 'NONE', *, *, #7242, .T. ) ;
#9018 = CARTESIAN_POINT ( 'NONE',  ( 9.349999999999997868, 7.009966887054303264, -9.219999999999933138 ) ) ;
#9019 = CIRCLE ( 'NONE', #1500, 0.2999999999999999334 ) ;
#9020 = EDGE_CURVE ( 'NONE', #4138, #9004, #10262, .T. ) ;
#9021 = CARTESIAN_POINT ( 'NONE',  ( 4.346153846153817391, 15.30000000000000071, 2.930651128465054711 ) ) ;
#9022 = ADVANCED_FACE ( 'NONE', ( #1670 ), #4193, .T. ) ;
#9023 = CARTESIAN_POINT ( 'NONE',  ( 1.474999999999999867, 2.099999999999999645, 4.709999999999998188 ) ) ;
#9024 = FACE_OUTER_BOUND ( 'NONE', #5415, .T. ) ;
#9025 = CARTESIAN_POINT ( 'NONE',  ( 11.18914246427791070, 6.546115909585979331, 1.690464568577721760 ) ) ;
#9026 = VECTOR ( 'NONE', #9469, 1000.000000000000000 ) ;
#9027 = AXIS2_PLACEMENT_3D ( 'NONE', #6778, #5934, #7816 ) ;
#9028 = DIRECTION ( 'NONE',  ( -1.000000000000000000, -0.0000000000000000000, -0.0000000000000000000 ) ) ;
#9029 = ORIENTED_EDGE ( 'NONE', *, *, #8373, .T. ) ;
#9030 = CARTESIAN_POINT ( 'NONE',  ( 6.362555321405445774, 15.50000000000000178, -8.670000000000001705 ) ) ;
#9031 = FACE_OUTER_BOUND ( 'NONE', #6825, .T. ) ;
#9032 = ORIENTED_EDGE ( 'NONE', *, *, #529, .T. ) ;
#9033 = DIRECTION ( 'NONE',  ( -0.0000000000000000000, -1.000000000000000000, -0.0000000000000000000 ) ) ;
#9034 = EDGE_CURVE ( 'NONE', #1217, #10535, #10208, .T. ) ;
#9035 = VECTOR ( 'NONE', #10705, 1000.000000000000000 ) ;
#9036 =( GEOMETRIC_REPRESENTATION_CONTEXT ( 3 ) GLOBAL_UNCERTAINTY_ASSIGNED_CONTEXT ( ( #8429 ) ) GLOBAL_UNIT_ASSIGNED_CONTEXT ( ( #3287, #10085, #8391 ) ) REPRESENTATION_CONTEXT ( 'NONE', 'WORKASPACE' ) );
#9037 = CYLINDRICAL_SURFACE ( 'NONE', #8464, 0.1999999999999996503 ) ;
#9038 = EDGE_LOOP ( 'NONE', ( #8299, #5421, #5879, #6811 ) ) ;
#9039 = B_SPLINE_CURVE_WITH_KNOTS ( 'NONE', 3,
 ( #5249, #3394, #5197, #2762, #193, #8661 ),
 .UNSPECIFIED., .F., .F.,
 ( 4, 2, 4 ),
 ( 0.0000000000000000000, 0.5000000000000000000, 1.000000000000000000 ),
 .UNSPECIFIED. ) ;
#9040 = ORIENTED_EDGE ( 'NONE', *, *, #5557, .F. ) ;
#9041 = CARTESIAN_POINT ( 'NONE',  ( 4.694285714285666877, 15.30000000000000071, -7.946615295141565838 ) ) ;
#9042 = VECTOR ( 'NONE', #3559, 1000.000000000000000 ) ;
#9043 =( BOUNDED_SURFACE ( )  B_SPLINE_SURFACE ( 3, 3, ( 
 ( #10181, #3328, #2427, #6743 ),
 ( #6632, #4853, #8318, #1483 ),
 ( #10957, #3268, #6687, #10124 ),
 ( #588, #814, #5902, #4900 ) ),
 .UNSPECIFIED., .F., .F., .T. ) 
 B_SPLINE_SURFACE_WITH_KNOTS ( ( 4, 4 ),
 ( 4, 4 ),
 ( 0.0000000000000000000, 1.000000000000000000 ),
 ( 0.0000000000000000000, 1.000000000000000000 ),
 .UNSPECIFIED. ) 
 GEOMETRIC_REPRESENTATION_ITEM ( )  RATIONAL_B_SPLINE_SURFACE ( (
 ( 1.000000000000000000, 0.6621627622213605013, 0.6621627622213605013, 1.000000000000000000),
 ( 0.8047378541243649375, 0.5328674403510798019, 0.5328674403510798019, 0.8047378541243649375),
 ( 0.8047378541243649375, 0.5328674403510798019, 0.5328674403510798019, 0.8047378541243649375),
 ( 1.000000000000000000, 0.6621627622213605013, 0.6621627622213605013, 1.000000000000000000) ) ) 
 REPRESENTATION_ITEM ( '' )  SURFACE ( )  );
#9044 = VERTEX_POINT ( 'NONE', #5811 ) ;
#9045 = DIRECTION ( 'NONE',  ( 0.0000000000000000000, 0.0000000000000000000, -1.000000000000000000 ) ) ;
#9046 = ORIENTED_EDGE ( 'NONE', *, *, #4820, .T. ) ;
#9047 = ADVANCED_FACE ( 'NONE', ( #6887 ), #10091, .F. ) ;
#9048 = B_SPLINE_CURVE_WITH_KNOTS ( 'NONE', 3,
 ( #5857, #9286, #11035, #3627, #7851, #10423, #261, #6206, #9516, #1724, #9636, #6937, #8782, #10368, #9464, #8673, #1832, #1001 ),
 .UNSPECIFIED., .F., .F.,
 ( 4, 2, 2, 2, 2, 2, 2, 2, 4 ),
 ( 0.0000000000000000000, 0.1249999999999999445, 0.2499999999999999445, 0.3749999999999999445, 0.5000000000000000000, 0.6249999999999998890, 0.7499999999999998890, 0.8749999999999997780, 1.000000000000000000 ),
 .UNSPECIFIED. ) ;
#9049 = CARTESIAN_POINT ( 'NONE',  ( 10.19999999999999929, 6.347787413311805516, -1.061616845588178260 ) ) ;
#9050 = AXIS2_PLACEMENT_3D ( 'NONE', #1485, #4903, #3330 ) ;
#9051 = CARTESIAN_POINT ( 'NONE',  ( 7.030002569765866127, 15.49999999999999822, -0.9170943191201332834 ) ) ;
#9052 = DIRECTION ( 'NONE',  ( -0.0000000000000000000, -0.0000000000000000000, 1.000000000000000000 ) ) ;
#9053 = EDGE_LOOP ( 'NONE', ( #430, #6334, #7360, #1297 ) ) ;
#9054 = CARTESIAN_POINT ( 'NONE',  ( 11.16047613238704450, 6.607504587462313950, 5.895043437910080009 ) ) ;
#9055 = ORIENTED_EDGE ( 'NONE', *, *, #3458, .T. ) ;
#9056 = DIRECTION ( 'NONE',  ( 0.0000000000000000000, 0.0000000000000000000, 1.000000000000000000 ) ) ;
#9057 = DIRECTION ( 'NONE',  ( -4.336808689942009847E-16, 1.000000000000000000, -0.0000000000000000000 ) ) ;
#9058 = MECHANICAL_DESIGN_GEOMETRIC_PRESENTATION_REPRESENTATION (  '', ( #4773 ), #8703 ) ;
#9059 = CARTESIAN_POINT ( 'NONE',  ( 4.315797791639887748, 15.41715728752535952, -4.737545581209114509 ) ) ;
#9060 = VERTEX_POINT ( 'NONE', #6826 ) ;
#9061 = DIRECTION ( 'NONE',  ( 4.336808689942009847E-16, -1.000000000000000000, 0.0000000000000000000 ) ) ;
#9062 = ADVANCED_FACE ( 'NONE', ( #11106 ), #2508, .T. ) ;
#9063 = ADVANCED_FACE ( 'NONE', ( #4252 ), #2235, .T. ) ;
#9064 = DIRECTION ( 'NONE',  ( -1.531342102931250010E-16, 0.0000000000000000000, 1.000000000000000000 ) ) ;
#9065 = CARTESIAN_POINT ( 'NONE',  ( 11.20000000000000284, 5.500000000000000000, 8.970000000000020179 ) ) ;
#9066 = LINE ( 'NONE', #5801, #3724 ) ;
#9067 = CARTESIAN_POINT ( 'NONE',  ( 10.19999999999999929, 6.459761569003386938, 6.658174353068885942 ) ) ;
#9068 = STYLED_ITEM ( 'NONE', ( #8067 ), #7119 ) ;
#9069 = VERTEX_POINT ( 'NONE', #8574 ) ;
#9070 = CARTESIAN_POINT ( 'NONE',  ( 8.500000000000000000, 15.20000000000002593, -7.370000000000000107 ) ) ;
#9071 = VERTEX_POINT ( 'NONE', #7750 ) ;
#9072 = FACE_OUTER_BOUND ( 'NONE', #2000, .T. ) ;
#9073 = ORIENTED_EDGE ( 'NONE', *, *, #5999, .F. ) ;
#9074 = DIRECTION ( 'NONE',  ( 0.0000000000000000000, -0.01298591791445111512, -0.9999156794129788750 ) ) ;
#9075 = ORIENTED_EDGE ( 'NONE', *, *, #172, .F. ) ;
#9076 = AXIS2_PLACEMENT_3D ( 'NONE', #8922, #7181, #5396 ) ;
#9077 = EDGE_CURVE ( 'NONE', #3261, #10711, #1319, .T. ) ;
#9078 = DIRECTION ( 'NONE',  ( 0.0000000000000000000, 1.000000000000000000, 0.0000000000000000000 ) ) ;
#9079 = EDGE_CURVE ( 'NONE', #6719, #6129, #10944, .T. ) ;
#9080 = DIRECTION ( 'NONE',  ( -1.000000000000000000, 0.0000000000000000000, 0.0000000000000000000 ) ) ;
#9081 = CARTESIAN_POINT ( 'NONE',  ( 9.502359877559831247, 13.20000000000009877, 4.209999999999999076 ) ) ;
#9082 = DIRECTION ( 'NONE',  ( -1.000000000000000000, -0.0000000000000000000, 0.0000000000000000000 ) ) ;
#9083 = VECTOR ( 'NONE', #6406, 1000.000000000000000 ) ;
#9084 = CARTESIAN_POINT ( 'NONE',  ( 4.346153846153818279, 15.41715728752541281, 8.499348871534953886 ) ) ;
#9085 = EDGE_CURVE ( 'NONE', #7860, #9886, #8629, .T. ) ;
#9086 = LINE ( 'NONE', #1616, #2575 ) ;
#9087 = CARTESIAN_POINT ( 'NONE',  ( 4.075000000000000178, 2.100000000000000089, -6.719999999999978435 ) ) ;
#9088 = ORIENTED_EDGE ( 'NONE', *, *, #1461, .F. ) ;
#9089 = EDGE_LOOP ( 'NONE', ( #6182, #7537 ) ) ;
#9090 = ORIENTED_EDGE ( 'NONE', *, *, #288, .T. ) ;
#9091 = LINE ( 'NONE', #1421, #4450 ) ;
#9092 = VECTOR ( 'NONE', #5551, 1000.000000000000000 ) ;
#9093 = DIRECTION ( 'NONE',  ( -0.0000000000000000000, 1.000000000000000000, -0.0000000000000000000 ) ) ;
#9094 = ORIENTED_EDGE ( 'NONE', *, *, #10341, .T. ) ;
#9095 = CARTESIAN_POINT ( 'NONE',  ( 4.499999999999982236, 9.000000000000000000, 9.054415584415583140 ) ) ;
#9096 = EDGE_CURVE ( 'NONE', #344, #7477, #779, .T. ) ;
#9097 = AXIS2_PLACEMENT_3D ( 'NONE', #7215, #4697, #5536 ) ;
#9098 = EDGE_CURVE ( 'NONE', #6188, #9307, #9182, .T. ) ;
#9099 = CARTESIAN_POINT ( 'NONE',  ( 4.515384615384558487, 15.50000000000000178, 2.824063386460826219 ) ) ;
#9100 = ORIENTED_EDGE ( 'NONE', *, *, #8402, .T. ) ;
#9101 = CARTESIAN_POINT ( 'NONE',  ( 1.474999999999999867, 2.099999999999999645, -2.910000000000000142 ) ) ;
#9102 = EDGE_LOOP ( 'NONE', ( #8044, #1146, #6491, #510, #8952, #4947, #8182, #3997 ) ) ;
#9103 = VERTEX_POINT ( 'NONE', #6946 ) ;
#9104 = CARTESIAN_POINT ( 'NONE',  ( 8.299999999999998934, 15.42062190192916660, -6.268969115609469789 ) ) ;
#9105 = CIRCLE ( 'NONE', #4275, 0.3000000000000155320 ) ;
#9106 = CARTESIAN_POINT ( 'NONE',  ( 10.20000000000000462, 6.744302374902853892, -8.225000484216389296 ) ) ;
#9107 = CARTESIAN_POINT ( 'NONE',  ( 8.500000000000000000, 15.20000000000002593, 3.559999999999999609 ) ) ;
#9108 = CARTESIAN_POINT ( 'NONE',  ( 9.650000000000002132, 13.20000000000007567, -7.420000000000003482 ) ) ;
#9109 = LINE ( 'NONE', #10020, #2781 ) ;
#9110 = CARTESIAN_POINT ( 'NONE',  ( 8.862475782649550382, 13.20000000000010054, 4.134999999999999787 ) ) ;
#9111 = VECTOR ( 'NONE', #9006, 1000.000000000000000 ) ;
#9112 = VECTOR ( 'NONE', #9350, 1000.000000000000000 ) ;
#9113 = CARTESIAN_POINT ( 'NONE',  ( 4.346153846153849365, 15.30000000000000249, -4.689348871534909868 ) ) ;
#9114 = ORIENTED_EDGE ( 'NONE', *, *, #2796, .T. ) ;
#9115 = CARTESIAN_POINT ( 'NONE',  ( 4.499999999999999112, 15.50259483730812882, 5.076103730624433652 ) ) ;
#9116 = B_SPLINE_CURVE_WITH_KNOTS ( 'NONE', 3,
 ( #5424, #3001, #4641, #3856, #7270, #4586 ),
 .UNSPECIFIED., .F., .F.,
 ( 4, 2, 4 ),
 ( 0.0000000000000000000, 0.5000000000000000000, 1.000000000000000000 ),
 .UNSPECIFIED. ) ;
#9117 = ORIENTED_EDGE ( 'NONE', *, *, #1302, .T. ) ;
#9118 = CARTESIAN_POINT ( 'NONE',  ( 6.360211704658139453, 15.50000000000000178, -2.760388975034924641 ) ) ;
#9119 = DIRECTION ( 'NONE',  ( -0.0000000000000000000, -0.0000000000000000000, -1.000000000000000000 ) ) ;
#9120 = CARTESIAN_POINT ( 'NONE',  ( 10.19999999999999929, 6.849934046066257665, -3.656705774817196275 ) ) ;
#9121 = CARTESIAN_POINT ( 'NONE',  ( 4.346153846150550670, 9.000000000000000000, -2.930651128458593657 ) ) ;
#9122 = CARTESIAN_POINT ( 'NONE',  ( 5.274999999999995914, -3.931696986549483174E-16, -5.309999999999999609 ) ) ;
#9123 = PLANE ( 'NONE',  #8499 ) ;
#9124 = ORIENTED_EDGE ( 'NONE', *, *, #2588, .F. ) ;
#9125 = ADVANCED_FACE ( 'NONE', ( #10593, #1112 ), #8015, .T. ) ;
#9126 = CARTESIAN_POINT ( 'NONE',  ( 9.650000000000000355, 13.20000000000007567, -3.610000000000004761 ) ) ;
#9127 = ORIENTED_EDGE ( 'NONE', *, *, #10520, .T. ) ;
#9128 = CARTESIAN_POINT ( 'NONE',  ( 0.0000000000000000000, 8.199999999999999289, 9.919999999999999929 ) ) ;
#9129 = CARTESIAN_POINT ( 'NONE',  ( 9.599999999999999645, 5.199999999999999289, 5.809999999999980069 ) ) ;
#9130 = DIRECTION ( 'NONE',  ( -0.0000000000000000000, 1.000000000000000000, 0.0000000000000000000 ) ) ;
#9131 = DIRECTION ( 'NONE',  ( 0.0000000000000000000, 0.0000000000000000000, -1.000000000000000000 ) ) ;
#9132 = FILL_AREA_STYLE ('',( #2967 ) ) ;
#9133 = CARTESIAN_POINT ( 'NONE',  ( 8.499999999999998224, 9.000247077141519725, 1.286759803029770222 ) ) ;
#9134 = EDGE_CURVE ( 'NONE', #4493, #3221, #3635, .T. ) ;
#9135 = EDGE_CURVE ( 'NONE', #8381, #7345, #1754, .T. ) ;
#9136 = FACE_OUTER_BOUND ( 'NONE', #1354, .T. ) ;
#9137 = ORIENTED_EDGE ( 'NONE', *, *, #2120, .T. ) ;
#9138 = CARTESIAN_POINT ( 'NONE',  ( 11.20000000000000284, 5.500000000000000000, -3.810000000000000053 ) ) ;
#9139 = LINE ( 'NONE', #2251, #9170 ) ;
#9140 = DIRECTION ( 'NONE',  ( 0.0000000000000000000, -0.01298591791445111512, 0.9999156794129788750 ) ) ;
#9141 = ORIENTED_EDGE ( 'NONE', *, *, #520, .T. ) ;
#9142 = CARTESIAN_POINT ( 'NONE',  ( 4.500000000000013323, 15.50000000000000000, 8.659230484541135198 ) ) ;
#9143 = ORIENTED_EDGE ( 'NONE', *, *, #3105, .F. ) ;
#9144 = ORIENTED_EDGE ( 'NONE', *, *, #2766, .T. ) ;
#9145 = ORIENTED_EDGE ( 'NONE', *, *, #5316, .T. ) ;
#9146 = CARTESIAN_POINT ( 'NONE',  ( 4.499999999999997335, 15.30259718358289511, 1.352563672940485739 ) ) ;
#9147 = EDGE_CURVE ( 'NONE', #5009, #10768, #925, .T. ) ;
#9148 = CARTESIAN_POINT ( 'NONE',  ( 8.417152084231538822, 15.49994977653715722, -6.471901299924995854 ) ) ;
#9149 = ADVANCED_FACE ( 'NONE', ( #2836 ), #3749, .F. ) ;
#9150 = CARTESIAN_POINT ( 'NONE',  ( 6.500000000000000888, 15.50000000000000000, -2.760000000000000231 ) ) ;
#9151 = CARTESIAN_POINT ( 'NONE',  ( 11.12903984464571394, 6.651555434169500458, -2.061347775035352381 ) ) ;
#9152 = ORIENTED_EDGE ( 'NONE', *, *, #5261, .F. ) ;
#9153 = CARTESIAN_POINT ( 'NONE',  ( 10.89999999999999858, 6.757765876465089860, -5.615000000000001101 ) ) ;
#9154 = CARTESIAN_POINT ( 'NONE',  ( 8.499991117421796361, 15.41711772838280936, -8.769174440960124883 ) ) ;
#9155 = CARTESIAN_POINT ( 'NONE',  ( 9.350000000000001421, 7.009966887054149609, 9.220000000000000639 ) ) ;
#9156 = CARTESIAN_POINT ( 'NONE',  ( 4.599999999999980105, 15.50000000000009948, 2.770769515458700205 ) ) ;
#9157 = CARTESIAN_POINT ( 'NONE',  ( 9.449999999999999289, 15.20000000000005080, -7.220000000000000639 ) ) ;
#9158 = ORIENTED_EDGE ( 'NONE', *, *, #3421, .F. ) ;
#9159 = CARTESIAN_POINT ( 'NONE',  ( 4.381965328900975010, 15.37173446289487089, 5.161665786196170558 ) ) ;
#9160 = AXIS2_PLACEMENT_3D ( 'NONE', #5413, #5360, #7030 ) ;
#9161 = ORIENTED_EDGE ( 'NONE', *, *, #10927, .T. ) ;
#9162 = ADVANCED_FACE ( 'NONE', ( #6101 ), #1171, .T. ) ;
#9163 = CARTESIAN_POINT ( 'NONE',  ( 10.19999999999999929, 6.459767691189446381, -2.848379459198854491 ) ) ;
#9164 =( BOUNDED_SURFACE ( )  B_SPLINE_SURFACE ( 3, 3, ( 
 ( #9481, #10602, #1296, #1348 ),
 ( #7171, #5492, #5545, #9929 ),
 ( #393, #4706, #9705, #2897 ),
 ( #8079, #6333, #9819, #10651 ) ),
 .UNSPECIFIED., .F., .F., .T. ) 
 B_SPLINE_SURFACE_WITH_KNOTS ( ( 4, 4 ),
 ( 4, 4 ),
 ( 0.0000000000000000000, 1.000000000000000000 ),
 ( 0.0000000000000000000, 1.000000000000000000 ),
 .UNSPECIFIED. ) 
 GEOMETRIC_REPRESENTATION_ITEM ( )  RATIONAL_B_SPLINE_SURFACE ( (
 ( 1.000000000000000000, 0.8974358974359007979, 0.8974358974359007979, 1.000000000000000000),
 ( 0.8047378541243671579, 0.7222006383167424159, 0.7222006383167424159, 0.8047378541243671579),
 ( 0.8047378541243671579, 0.7222006383167424159, 0.7222006383167424159, 0.8047378541243671579),
 ( 1.000000000000000000, 0.8974358974359007979, 0.8974358974359007979, 1.000000000000000000) ) ) 
 REPRESENTATION_ITEM ( '' )  SURFACE ( )  );
#9165 = LINE ( 'NONE', #10971, #5620 ) ;
#9166 = DIRECTION ( 'NONE',  ( 1.000000000000000000, 0.0000000000000000000, -0.0000000000000000000 ) ) ;
#9167 = FACE_OUTER_BOUND ( 'NONE', #5105, .T. ) ;
#9168 = CARTESIAN_POINT ( 'NONE',  ( 4.381965328900977674, 15.37173446289487444, -8.971665786196171055 ) ) ;
#9169 = VERTEX_POINT ( 'NONE', #4592 ) ;
#9170 = VECTOR ( 'NONE', #7249, 1000.000000000000000 ) ;
#9171 = LINE ( 'NONE', #5752, #8170 ) ;
#9172 = ORIENTED_EDGE ( 'NONE', *, *, #3782, .T. ) ;
#9173 = CARTESIAN_POINT ( 'NONE',  ( 2.949999999999960210, 15.30000000000000071, 3.810000000000000053 ) ) ;
#9174 = CARTESIAN_POINT ( 'NONE',  ( 11.19999999999999929, 6.964072742177140007, 5.031973812596737261 ) ) ;
#9175 = ADVANCED_FACE ( 'NONE', ( #5270 ), #7052, .T. ) ;
#9176 = B_SPLINE_CURVE_WITH_KNOTS ( 'NONE', 3,
 ( #5106, #2455, #785, #9180 ),
 .UNSPECIFIED., .F., .F.,
 ( 4, 4 ),
 ( 0.0000000000000000000, 1.000000000000000000 ),
 .UNSPECIFIED. ) ;
#9177 = AXIS2_PLACEMENT_3D ( 'NONE', #9829, #9938, #1195 ) ;
#9178 = CARTESIAN_POINT ( 'NONE',  ( 6.499999999999999112, 12.19999999999999929, -9.399999999999998579 ) ) ;
#9179 = CARTESIAN_POINT ( 'NONE',  ( 7.399999999999995914, 15.50000000000000000, -8.970000000000000639 ) ) ;
#9180 = CARTESIAN_POINT ( 'NONE',  ( 9.018600732609499460, 13.20000000000007567, -3.409999999999999698 ) ) ;
#9181 = CARTESIAN_POINT ( 'NONE',  ( 6.774086015149597628, 15.50000000000000178, 8.642964660753648332 ) ) ;
#9182 = B_SPLINE_CURVE_WITH_KNOTS ( 'NONE', 3,
 ( #8842, #4482, #6271, #9642 ),
 .UNSPECIFIED., .F., .F.,
 ( 4, 4 ),
 ( 0.0000000000000000000, 1.000000000000000000 ),
 .UNSPECIFIED. ) ;
#9183 = DIRECTION ( 'NONE',  ( 1.000000000000000000, 0.0000000000000000000, 0.0000000000000000000 ) ) ;
#9184 = AXIS2_PLACEMENT_3D ( 'NONE', #2426, #4899, #5018 ) ;
#9185 = CARTESIAN_POINT ( 'NONE',  ( 10.19999999999999929, 5.500000000000000000, -7.620000000000000107 ) ) ;
#9186 = ORIENTED_EDGE ( 'NONE', *, *, #9697, .T. ) ;
#9187 = CARTESIAN_POINT ( 'NONE',  ( 4.499999999999979572, 8.999999999999998224, 6.185584415584417961 ) ) ;
#9188 = EDGE_CURVE ( 'NONE', #10653, #7634, #10280, .T. ) ;
#9189 = EDGE_CURVE ( 'NONE', #5011, #6322, #10176, .T. ) ;
#9190 = CARTESIAN_POINT ( 'NONE',  ( 4.075000000000001954, 2.099999999999996980, -4.710000000000039044 ) ) ;
#9191 = COLOUR_RGB ( '',1.000000000000000000, 1.000000000000000000, 1.000000000000000000 ) ;
#9192 = VECTOR ( 'NONE', #6444, 1000.000000000000000 ) ;
#9193 = LINE ( 'NONE', #5177, #9942 ) ;
#9194 = EDGE_LOOP ( 'NONE', ( #7767, #1077, #11007, #8469 ) ) ;
#9195 = FACE_OUTER_BOUND ( 'NONE', #5438, .T. ) ;
#9196 = B_SPLINE_CURVE_WITH_KNOTS ( 'NONE', 3,
 ( #1156, #10630, #7948, #4579 ),
 .UNSPECIFIED., .F., .F.,
 ( 4, 4 ),
 ( 0.0000000000000000000, 1.000000000000000000 ),
 .UNSPECIFIED. ) ;
#9197 = CARTESIAN_POINT ( 'NONE',  ( 9.599999999999999645, 5.398735346751791120, -5.159965361580809429 ) ) ;
#9198 = EDGE_CURVE ( 'NONE', #8989, #10671, #11094, .T. ) ;
#9199 = EDGE_LOOP ( 'NONE', ( #7903, #3144, #2448, #1612 ) ) ;
#9200 = VECTOR ( 'NONE', #10187, 1000.000000000000000 ) ;
#9201 = AXIS2_PLACEMENT_3D ( 'NONE', #6095, #1783, #4417 ) ;
#9202 = FACE_OUTER_BOUND ( 'NONE', #5773, .T. ) ;
#9203 = ORIENTED_EDGE ( 'NONE', *, *, #9730, .T. ) ;
#9204 = ORIENTED_EDGE ( 'NONE', *, *, #7093, .T. ) ;
#9205 = CARTESIAN_POINT ( 'NONE',  ( 8.822247607754853505, 13.20000000000010054, 7.344591709434454607 ) ) ;
#9206 = EDGE_CURVE ( 'NONE', #2015, #9259, #6681, .T. ) ;
#9207 = CARTESIAN_POINT ( 'NONE',  ( 11.19999999999999751, 7.500000000000000000, -9.220000000000000639 ) ) ;
#9208 = CARTESIAN_POINT ( 'NONE',  ( 10.20000000000000462, 6.850000000000020073, -7.316991772238950809 ) ) ;
#9209 = DIRECTION ( 'NONE',  ( -1.000000000000000000, -0.0000000000000000000, -0.0000000000000000000 ) ) ;
#9210 = VECTOR ( 'NONE', #5806, 1000.000000000000000 ) ;
#9211 = VECTOR ( 'NONE', #1472, 1000.000000000000000 ) ;
#9212 = LINE ( 'NONE', #10182, #1512 ) ;
#9213 = ORIENTED_EDGE ( 'NONE', *, *, #9775, .T. ) ;
#9214 = PLANE ( 'NONE',  #9050 ) ;
#9215 = UNCERTAINTY_MEASURE_WITH_UNIT (LENGTH_MEASURE( 1.000000000000000082E-05 ), #6810, 'distance_accuracy_value', 'NONE');
#9216 = PLANE ( 'NONE',  #1913 ) ;
#9217 = ADVANCED_FACE ( 'NONE', ( #8315 ), #3381, .T. ) ;
#9218 = EDGE_CURVE ( 'NONE', #9408, #4454, #1480, .T. ) ;
#9219 = CARTESIAN_POINT ( 'NONE',  ( 4.299999999999999822, 8.997200455540209418, 5.044435076596331946 ) ) ;
#9220 = ORIENTED_EDGE ( 'NONE', *, *, #10454, .F. ) ;
#9221 = CARTESIAN_POINT ( 'NONE',  ( 4.500000000000000888, 15.30259718358289689, -2.457436327059514536 ) ) ;
#9222 = VERTEX_POINT ( 'NONE', #5777 ) ;
#9223 = PRESENTATION_LAYER_ASSIGNMENT (  '', '', ( #469 ) ) ;
#9224 = ORIENTED_EDGE ( 'NONE', *, *, #2311, .F. ) ;
#9225 = DIRECTION ( 'NONE',  ( -1.000000000000000000, 0.0000000000000000000, 0.0000000000000000000 ) ) ;
#9226 = B_SPLINE_CURVE_WITH_KNOTS ( 'NONE', 3,
 ( #6126, #2813, #10406, #8769 ),
 .UNSPECIFIED., .F., .F.,
 ( 4, 4 ),
 ( 0.0000000000000000000, 1.000000000000000000 ),
 .UNSPECIFIED. ) ;
#9227 = CARTESIAN_POINT ( 'NONE',  ( 4.499999999999999112, 15.30259718358289689, 8.972563672940484736 ) ) ;
#9228 = CARTESIAN_POINT ( 'NONE',  ( -8.599999999999999645, 6.757765876465089860, -1.805000000000000160 ) ) ;
#9229 = DIRECTION ( 'NONE',  ( -1.000000000000000000, -0.0000000000000000000, 0.0000000000000000000 ) ) ;
#9230 = ORIENTED_EDGE ( 'NONE', *, *, #10340, .F. ) ;
#9231 = DIRECTION ( 'NONE',  ( 0.0000000000000000000, -0.0000000000000000000, 1.000000000000000000 ) ) ;
#9232 = CARTESIAN_POINT ( 'NONE',  ( 4.500000000000000000, 15.30259718358290044, -8.972563672940486512 ) ) ;
#9233 = VECTOR ( 'NONE', #3765, 1000.000000000000000 ) ;
#9234 = CARTESIAN_POINT ( 'NONE',  ( 9.600000000000001421, 5.701679554779738091, -8.958653967338976898 ) ) ;
#9235 = EDGE_CURVE ( 'NONE', #4164, #10898, #3263, .T. ) ;
#9236 = EDGE_CURVE ( 'NONE', #9458, #4111, #4533, .T. ) ;
#9237 = ORIENTED_EDGE ( 'NONE', *, *, #2085, .F. ) ;
#9238 = CARTESIAN_POINT ( 'NONE',  ( 4.430856890500442624, 15.42062190192916127, -1.351030884390530984 ) ) ;
#9239 =( BOUNDED_CURVE ( )  B_SPLINE_CURVE ( 3, ( #4468, #7897, #2821, #3620 ),
 .UNSPECIFIED., .F., .T. ) 
 B_SPLINE_CURVE_WITH_KNOTS ( ( 4, 4 ),
 ( 0.0000000000000000000, 1.000000000000000000 ),
 .UNSPECIFIED. ) 
 CURVE ( )  GEOMETRIC_REPRESENTATION_ITEM ( )  RATIONAL_B_SPLINE_CURVE ( ( 1.000000000000000000, 0.8047378541243423999, 0.8047378541243423999, 1.000000000000000000 ) ) 
 REPRESENTATION_ITEM ( '' )  );
#9240 = DIRECTION ( 'NONE',  ( -2.556434596176350141E-15, -1.000000000000000000, -0.0000000000000000000 ) ) ;
#9241 = VECTOR ( 'NONE', #9264, 1000.000000000000000 ) ;
#9242 = CARTESIAN_POINT ( 'NONE',  ( 4.346153846153819167, 15.50000000000009948, -0.8793488715349486728 ) ) ;
#9243 = FACE_OUTER_BOUND ( 'NONE', #8379, .T. ) ;
#9244 = ORIENTED_EDGE ( 'NONE', *, *, #7402, .F. ) ;
#9245 = CARTESIAN_POINT ( 'NONE',  ( 4.299999999999981171, 15.29999999999999716, -6.580769515458714025 ) ) ;
#9246 = CARTESIAN_POINT ( 'NONE',  ( 7.550068476083013458, 15.50000000000000533, 7.758826462071134245 ) ) ;
#9247 = DIRECTION ( 'NONE',  ( 0.0000000000000000000, 0.0000000000000000000, 1.000000000000000000 ) ) ;
#9248 = ORIENTED_EDGE ( 'NONE', *, *, #2238, .T. ) ;
#9249 = VECTOR ( 'NONE', #4987, 1000.000000000000000 ) ;
#9250 = FILL_AREA_STYLE ('',( #5822 ) ) ;
#9251 = ORIENTED_EDGE ( 'NONE', *, *, #3484, .F. ) ;
#9252 = DIRECTION ( 'NONE',  ( 0.0000000000000000000, 0.0000000000000000000, -1.000000000000000000 ) ) ;
#9253 = CARTESIAN_POINT ( 'NONE',  ( 4.500000000000000000, 15.50000000000000000, 8.772580537057889316 ) ) ;
#9254 = CARTESIAN_POINT ( 'NONE',  ( 4.416251525940028344, 15.50000000000000711, 4.733498959855846344 ) ) ;
#9255 = EDGE_LOOP ( 'NONE', ( #622, #209, #505 ) ) ;
#9256 = CYLINDRICAL_SURFACE ( 'NONE', #8866, 0.2000000000000001499 ) ;
#9257 = EDGE_CURVE ( 'NONE', #9397, #4710, #8035, .T. ) ;
#9258 = DIRECTION ( 'NONE',  ( 0.0000000000000000000, 1.000000000000000000, 0.0000000000000000000 ) ) ;
#9259 = VERTEX_POINT ( 'NONE', #6581 ) ;
#9260 = AXIS2_PLACEMENT_3D ( 'NONE', #10556, #9598, #2079 ) ;
#9261 = ORIENTED_EDGE ( 'NONE', *, *, #10529, .T. ) ;
#9262 = VERTEX_POINT ( 'NONE', #5897 ) ;
#9263 = CARTESIAN_POINT ( 'NONE',  ( 4.499999999999996447, 15.30259718358289689, 1.352563672940485517 ) ) ;
#9264 = DIRECTION ( 'NONE',  ( -0.0000000000000000000, 0.0000000000000000000, 1.000000000000000000 ) ) ;
#9265 = CYLINDRICAL_SURFACE ( 'NONE', #9943, 2.199999999999999734 ) ;
#9266 = CARTESIAN_POINT ( 'NONE',  ( -0.9999999999999997780, 15.50000000000000000, -6.467419462942110009 ) ) ;
#9267 = AXIS2_PLACEMENT_3D ( 'NONE', #10672, #6408, #3888 ) ;
#9268 = EDGE_LOOP ( 'NONE', ( #3702, #6833, #731, #3605, #10569, #31, #9987, #870, #8462, #10415, #5058, #7393 ) ) ;
#9269 = CARTESIAN_POINT ( 'NONE',  ( 8.500000000000000000, 15.50000000000000000, -4.060000000000000497 ) ) ;
#9270 = EDGE_CURVE ( 'NONE', #4801, #4565, #7274, .T. ) ;
#9271 = EDGE_CURVE ( 'NONE', #5377, #3948, #750, .T. ) ;
#9272 = DIRECTION ( 'NONE',  ( 0.0000000000000000000, 0.01298591791445111512, 0.9999156794129788750 ) ) ;
#9273 = CARTESIAN_POINT ( 'NONE',  ( 8.706350832689590646, 13.20000000000010054, 3.559999999999999609 ) ) ;
#9274 = PLANE ( 'NONE',  #2760 ) ;
#9275 = VERTEX_POINT ( 'NONE', #7590 ) ;
#9276 = DIRECTION ( 'NONE',  ( 0.0000000000000000000, 0.0000000000000000000, -1.000000000000000000 ) ) ;
#9277 = AXIS2_PLACEMENT_3D ( 'NONE', #630, #6512, #2252 ) ;
#9278 = ORIENTED_EDGE ( 'NONE', *, *, #7596, .T. ) ;
#9279 = CIRCLE ( 'NONE', #6603, 0.2000000000000000111 ) ;
#9280 = ORIENTED_EDGE ( 'NONE', *, *, #7456, .F. ) ;
#9281 = FACE_OUTER_BOUND ( 'NONE', #3958, .T. ) ;
#9282 = CARTESIAN_POINT ( 'NONE',  ( 8.299999999999998934, 15.50000000000000000, -2.360000000000000320 ) ) ;
#9283 = EDGE_CURVE ( 'NONE', #3012, #2015, #1941, .T. ) ;
#9284 = CARTESIAN_POINT ( 'NONE',  ( 4.299999999999999822, 15.30000000000000071, 1.449999999999999956 ) ) ;
#9285 = FACE_OUTER_BOUND ( 'NONE', #7164, .T. ) ;
#9286 = CARTESIAN_POINT ( 'NONE',  ( 6.360211704658142118, 15.50000000000000000, 1.049611024965076522 ) ) ;
#9287 = VECTOR ( 'NONE', #1601, 1000.000000000000114 ) ;
#9288 = VERTEX_POINT ( 'NONE', #700 ) ;
#9289 = CARTESIAN_POINT ( 'NONE',  ( 4.500000000000000000, 15.30259718358289867, -8.972563672940486512 ) ) ;
#9290 = ORIENTED_EDGE ( 'NONE', *, *, #2826, .F. ) ;
#9291 =( GEOMETRIC_REPRESENTATION_CONTEXT ( 3 ) GLOBAL_UNCERTAINTY_ASSIGNED_CONTEXT ( ( #9453 ) ) GLOBAL_UNIT_ASSIGNED_CONTEXT ( ( #6714, #8575, #1792 ) ) REPRESENTATION_CONTEXT ( 'NONE', 'WORKASPACE' ) );
#9292 = CARTESIAN_POINT ( 'NONE',  ( 7.124852499599955813, 14.49999999999999822, -3.976434284711657163 ) ) ;
#9293 = ORIENTED_EDGE ( 'NONE', *, *, #342, .F. ) ;
#9294 = CARTESIAN_POINT ( 'NONE',  ( 9.599999999999999645, 5.799999999999998934, 1.999999999999980016 ) ) ;
#9295 = AXIS2_PLACEMENT_3D ( 'NONE', #9851, #1378, #6365 ) ;
#9296 = DIRECTION ( 'NONE',  ( 1.000000000000000000, -2.556434596176350141E-15, -2.168404344971008868E-15 ) ) ;
#9297 = VECTOR ( 'NONE', #8549, 1000.000000000000000 ) ;
#9298 = B_SPLINE_CURVE_WITH_KNOTS ( 'NONE', 3,
 ( #3966, #494, #7376, #10802, #8955, #381 ),
 .UNSPECIFIED., .F., .F.,
 ( 4, 2, 4 ),
 ( 0.0000000000000000000, 0.5000000000000000000, 1.000000000000000000 ),
 .UNSPECIFIED. ) ;
#9299 = DIRECTION ( 'NONE',  ( -1.000000000000000000, 0.0000000000000000000, 0.0000000000000000000 ) ) ;
#9300 = EDGE_CURVE ( 'NONE', #268, #5125, #10121, .T. ) ;
#9301 = DIRECTION ( 'NONE',  ( -0.0000000000000000000, -0.0000000000000000000, -1.000000000000000000 ) ) ;
#9302 = EDGE_CURVE ( 'NONE', #485, #4165, #8571, .T. ) ;
#9303 = EDGE_LOOP ( 'NONE', ( #2798, #10985, #2113, #5253 ) ) ;
#9304 = DIRECTION ( 'NONE',  ( 0.0000000000000000000, 0.0000000000000000000, 1.000000000000000000 ) ) ;
#9305 = FACE_OUTER_BOUND ( 'NONE', #9053, .T. ) ;
#9306 = DIRECTION ( 'NONE',  ( 0.0000000000000000000, 0.0000000000000000000, 1.000000000000000000 ) ) ;
#9307 = VERTEX_POINT ( 'NONE', #8958 ) ;
#9308 = CARTESIAN_POINT ( 'NONE',  ( 10.89999999999999858, 7.500000000000000000, 9.220000000000000639 ) ) ;
#9309 = ORIENTED_EDGE ( 'NONE', *, *, #7254, .T. ) ;
#9310 = CYLINDRICAL_SURFACE ( 'NONE', #5182, 1.049999999999999822 ) ;
#9311 = LINE ( 'NONE', #4212, #4716 ) ;
#9312 = EDGE_CURVE ( 'NONE', #2496, #6930, #1285, .T. ) ;
#9313 = CARTESIAN_POINT ( 'NONE',  ( 4.500000000000000000, 15.29999999999999893, 1.152580537057889654 ) ) ;
#9314 = VERTEX_POINT ( 'NONE', #186 ) ;
#9315 = ORIENTED_EDGE ( 'NONE', *, *, #6956, .F. ) ;
#9316 = CARTESIAN_POINT ( 'NONE',  ( 10.89999999999999858, 7.500000000000000000, 9.919999999999999929 ) ) ;
#9317 = DIRECTION ( 'NONE',  ( 1.000000000000000000, 1.412560544723970047E-16, -0.0000000000000000000 ) ) ;
#9318 = CARTESIAN_POINT ( 'NONE',  ( 4.499999999999999112, 15.29999999999999893, 6.467419462942110009 ) ) ;
#9319 = ORIENTED_EDGE ( 'NONE', *, *, #3936, .T. ) ;
#9320 = ORIENTED_EDGE ( 'NONE', *, *, #5391, .F. ) ;
#9321 = CARTESIAN_POINT ( 'NONE',  ( 9.018600732609499460, 13.20000000000007567, -8.019999999999999574 ) ) ;
#9322 = CARTESIAN_POINT ( 'NONE',  ( 4.500000000000000000, 15.30000000000000604, -4.962580537057885266 ) ) ;
#9323 = DIRECTION ( 'NONE',  ( 0.0000000000000000000, 0.0000000000000000000, 1.000000000000000000 ) ) ;
#9324 = EDGE_CURVE ( 'NONE', #3443, #4156, #1187, .T. ) ;
#9325 = CARTESIAN_POINT ( 'NONE',  ( 9.449999999999999289, 13.19999999999999929, 7.419999999999999929 ) ) ;
#9326 = CARTESIAN_POINT ( 'NONE',  ( 5.875000000000000000, 1.084202172485504434E-16, 9.919999999999999929 ) ) ;
#9327 = CARTESIAN_POINT ( 'NONE',  ( 9.449999999999999289, 13.20000000000005258, 0.4000000000000001887 ) ) ;
#9328 = VERTEX_POINT ( 'NONE', #7775 ) ;
#9329 = CARTESIAN_POINT ( 'NONE',  ( 8.706350832689592423, 13.19999999999999929, 7.370000000000000107 ) ) ;
#9330 = CARTESIAN_POINT ( 'NONE',  ( 10.89999999999999858, 7.800000000000000711, -9.220000000000000639 ) ) ;
#9331 = LINE ( 'NONE', #9273, #5944 ) ;
#9332 = CARTESIAN_POINT ( 'NONE',  ( 9.349999999999997868, 6.757765876465089860, -5.615000000000001101 ) ) ;
#9333 = ORIENTED_EDGE ( 'NONE', *, *, #10011, .T. ) ;
#9334 = FACE_OUTER_BOUND ( 'NONE', #4220, .T. ) ;
#9335 = VERTEX_POINT ( 'NONE', #809 ) ;
#9336 = ORIENTED_EDGE ( 'NONE', *, *, #735, .T. ) ;
#9337 = CARTESIAN_POINT ( 'NONE',  ( 8.499991117421794584, 15.41711772838280226, 2.660825559039872168 ) ) ;
#9338 = ADVANCED_FACE ( 'NONE', ( #8709 ), #5132, .F. ) ;
#9339 = CARTESIAN_POINT ( 'NONE',  ( 4.382847915768461888, 15.49994977653715367, 8.768098700075004359 ) ) ;
#9340 = CARTESIAN_POINT ( 'NONE',  ( 4.346153846153806732, 15.50000000000009948, 8.499348871534968097 ) ) ;
#9341 = CARTESIAN_POINT ( 'NONE',  ( 9.449999999999999289, 15.20000000000004903, -8.019999999999999574 ) ) ;
#9342 = CARTESIAN_POINT ( 'NONE',  ( 9.650000000000000355, 13.19999999999999929, -0.3999999999999997446 ) ) ;
#9343 = ORIENTED_EDGE ( 'NONE', *, *, #1461, .T. ) ;
#9344 = CARTESIAN_POINT ( 'NONE',  ( 10.20000000000000107, 5.200000000000001066, -5.126269301653442412 ) ) ;
#9345 = CARTESIAN_POINT ( 'NONE',  ( 8.300000000000000711, 15.29999999999999893, 4.962580537057889707 ) ) ;
#9346 = DIRECTION ( 'NONE',  ( -1.000000000000000000, 0.0000000000000000000, 0.0000000000000000000 ) ) ;
#9347 = VERTEX_POINT ( 'NONE', #13 ) ;
#9348 = ADVANCED_FACE ( 'NONE', ( #6852 ), #73, .T. ) ;
#9349 = CARTESIAN_POINT ( 'NONE',  ( 4.500000000000002665, 15.30259718358290044, -1.352563672940486184 ) ) ;
#9350 = DIRECTION ( 'NONE',  ( 0.0000000000000000000, -1.000000000000000000, 0.0000000000000000000 ) ) ;
#9351 = FILL_AREA_STYLE_COLOUR ( '', #2270 ) ;
#9352 = LINE ( 'NONE', #2293, #5436 ) ;
#9353 = ORIENTED_EDGE ( 'NONE', *, *, #10665, .F. ) ;
#9354 = VECTOR ( 'NONE', #4862, 1000.000000000000000 ) ;
#9355 = CARTESIAN_POINT ( 'NONE',  ( 11.08101835331216911, 6.920337985883683984, 9.220000000000004192 ) ) ;
#9356 = CARTESIAN_POINT ( 'NONE',  ( 4.515384615403285729, 15.50000000000000000, 2.824063386497793537 ) ) ;
#9357 = CARTESIAN_POINT ( 'NONE',  ( 8.706350832689590646, 13.20000000000010054, 8.070000000000000284 ) ) ;
#9358 = ORIENTED_EDGE ( 'NONE', *, *, #9939, .T. ) ;
#9359 = VERTEX_POINT ( 'NONE', #10403 ) ;
#9360 = EDGE_CURVE ( 'NONE', #1522, #7709, #4927, .T. ) ;
#9361 = ADVANCED_FACE ( 'NONE', ( #7884 ), #10271, .T. ) ;
#9362 = CARTESIAN_POINT ( 'NONE',  ( 4.299999999999960743, 15.50000000000009948, 8.659230484541330597 ) ) ;
#9363 = AXIS2_PLACEMENT_3D ( 'NONE', #6562, #10662, #351 ) ;
#9364 = ORIENTED_EDGE ( 'NONE', *, *, #3592, .F. ) ;
#9365 = DIRECTION ( 'NONE',  ( 0.0000000000000000000, 1.000000000000000000, 0.0000000000000000000 ) ) ;
#9366 = SURFACE_SIDE_STYLE ('',( #10997 ) ) ;
#9367 = B_SPLINE_CURVE_WITH_KNOTS ( 'NONE', 3,
 ( #9585, #10490, #214, #3638, #1902, #7862, #7055, #4255, #6217, #8515, #904, #163, #9646, #9417, #1794, #6157, #4317, #7689 ),
 .UNSPECIFIED., .F., .F.,
 ( 4, 2, 2, 2, 2, 2, 2, 2, 4 ),
 ( 0.0000000000000000000, 0.1250000000000000000, 0.2500000000000000000, 0.3750000000000000000, 0.5000000000000000000, 0.6250000000000000000, 0.7500000000000000000, 0.8750000000000000000, 1.000000000000000000 ),
 .UNSPECIFIED. ) ;
#9368 = PLANE ( 'NONE',  #5287 ) ;
#9369 = ORIENTED_EDGE ( 'NONE', *, *, #8040, .T. ) ;
#9370 = EDGE_LOOP ( 'NONE', ( #6510, #9867 ) ) ;
#9371 = VECTOR ( 'NONE', #718, 1000.000000000000114 ) ;
#9372 = DIRECTION ( 'NONE',  ( 0.0000000000000000000, -0.9615239476408231623, -0.2747211278973781257 ) ) ;
#9373 = B_SPLINE_CURVE_WITH_KNOTS ( 'NONE', 3,
 ( #9700, #388, #2010, #5433, #6159, #215 ),
 .UNSPECIFIED., .F., .F.,
 ( 4, 2, 4 ),
 ( 0.0000000000000000000, 0.5000000000000000000, 1.000000000000000000 ),
 .UNSPECIFIED. ) ;
#9374 = CARTESIAN_POINT ( 'NONE',  ( 6.499999999999999112, 11.70000000000000107, -9.019350649350649007 ) ) ;
#9375 = ADVANCED_FACE ( 'NONE', ( #1759 ), #4338, .F. ) ;
#9376 = DIRECTION ( 'NONE',  ( 0.0000000000000000000, 1.000000000000000000, 0.0000000000000000000 ) ) ;
#9377 = ORIENTED_EDGE ( 'NONE', *, *, #2828, .T. ) ;
#9378 = FACE_OUTER_BOUND ( 'NONE', #10873, .T. ) ;
#9379 = AXIS2_PLACEMENT_3D ( 'NONE', #10669, #8760, #4500 ) ;
#9380 = AXIS2_PLACEMENT_3D ( 'NONE', #8243, #5608, #3937 ) ;
#9381 = LINE ( 'NONE', #6801, #1209 ) ;
#9382 = CARTESIAN_POINT ( 'NONE',  ( 4.499999999999990230, 15.49999999999999467, 6.599756098057612874 ) ) ;
#9383 = CARTESIAN_POINT ( 'NONE',  ( 10.19999999999999929, 4.175118967196214115, -0.3013448942862066993 ) ) ;
#9384 = CARTESIAN_POINT ( 'NONE',  ( 8.500000000000000000, 15.30000000000000071, 8.772580537057883987 ) ) ;
#9385 = ORIENTED_EDGE ( 'NONE', *, *, #8995, .F. ) ;
#9386 = CARTESIAN_POINT ( 'NONE',  ( 4.500000000000015987, 8.999999999999998224, 2.375584415584410802 ) ) ;
#9387 = CARTESIAN_POINT ( 'NONE',  ( 8.770205957768220983, 15.20000000000010054, 0.2504082905655548030 ) ) ;
#9388 = VECTOR ( 'NONE', #6907, 1000.000000000000000 ) ;
#9389 = VECTOR ( 'NONE', #429, 1000.000000000000000 ) ;
#9390 = CARTESIAN_POINT ( 'NONE',  ( 1.474999999999999867, 2.099999999999999645, 8.519999999999999574 ) ) ;
#9391 = PLANE ( 'NONE',  #4161 ) ;
#9392 = EDGE_CURVE ( 'NONE', #7355, #9069, #5068, .T. ) ;
#9393 = LINE ( 'NONE', #823, #8149 ) ;
#9394 = ORIENTED_EDGE ( 'NONE', *, *, #10171, .F. ) ;
#9395 = CYLINDRICAL_SURFACE ( 'NONE', #9475, 0.3000000000000164202 ) ;
#9396 = VERTEX_POINT ( 'NONE', #980 ) ;
#9397 = VERTEX_POINT ( 'NONE', #7836 ) ;
#9398 = DIRECTION ( 'NONE',  ( 0.0000000000000000000, 0.0000000000000000000, 1.000000000000000000 ) ) ;
#9399 = VECTOR ( 'NONE', #10369, 1000.000000000000000 ) ;
#9400 = AXIS2_PLACEMENT_3D ( 'NONE', #5804, #8281, #9231 ) ;
#9401 = DIRECTION ( 'NONE',  ( 4.429789868254374596E-14, -1.687538997430214213E-13, -1.000000000000000000 ) ) ;
#9402 = CARTESIAN_POINT ( 'NONE',  ( 4.299999999999982947, 9.000000000000000000, -4.849230484541204866 ) ) ;
#9403 = PLANE ( 'NONE',  #1598 ) ;
#9404 = VERTEX_POINT ( 'NONE', #4221 ) ;
#9405 = CARTESIAN_POINT ( 'NONE',  ( 5.274999999999998579, -3.169016773915451479E-17, 1.499999999999999556 ) ) ;
#9406 = EDGE_LOOP ( 'NONE', ( #4264, #9484, #3503, #10286, #5357, #2727, #4920, #4404 ) ) ;
#9407 = LINE ( 'NONE', #10314, #2589 ) ;
#9408 = VERTEX_POINT ( 'NONE', #3553 ) ;
#9409 = CARTESIAN_POINT ( 'NONE',  ( 8.706350832689629726, 13.19999999999999929, -7.370000000000000107 ) ) ;
#9410 = VECTOR ( 'NONE', #9573, 999.9999999999998863 ) ;
#9411 = ADVANCED_FACE ( 'NONE', ( #9378 ), #9548, .T. ) ;
#9412 = DIRECTION ( 'NONE',  ( 0.0000000000000000000, 1.000000000000000000, -0.0000000000000000000 ) ) ;
#9413 = AXIS2_PLACEMENT_3D ( 'NONE', #3670, #6305, #7090 ) ;
#9414 = ORIENTED_EDGE ( 'NONE', *, *, #8075, .F. ) ;
#9415 = CARTESIAN_POINT ( 'NONE',  ( 4.382847915768464553, 15.49994977653715544, -1.148098700075000256 ) ) ;
#9416 = DIRECTION ( 'NONE',  ( 1.000000000000000000, -0.0000000000000000000, 0.0000000000000000000 ) ) ;
#9417 = CARTESIAN_POINT ( 'NONE',  ( 7.144202832697096994, 15.50000000000000533, 4.650799599348982127 ) ) ;
#9418 = FILL_AREA_STYLE ('',( #9351 ) ) ;
#9419 = DIRECTION ( 'NONE',  ( -1.000000000000000000, -1.412560544723970047E-16, 0.0000000000000000000 ) ) ;
#9420 = AXIS2_PLACEMENT_3D ( 'NONE', #10427, #266, #6210 ) ;
#9421 = ORIENTED_EDGE ( 'NONE', *, *, #4355, .F. ) ;
#9422 = CARTESIAN_POINT ( 'NONE',  ( 4.346153846153829825, 15.30000000000000071, -6.740651128465056985 ) ) ;
#9423 = CARTESIAN_POINT ( 'NONE',  ( 9.650000000000000355, 13.19999999999999929, -4.209999999999999964 ) ) ;
#9424 = DIRECTION ( 'NONE',  ( 0.0000000000000000000, -1.000000000000000000, 0.0000000000000000000 ) ) ;
#9425 = VERTEX_POINT ( 'NONE', #8542 ) ;
#9426 = EDGE_CURVE ( 'NONE', #7559, #6719, #6789, .T. ) ;
#9427 = ADVANCED_FACE ( 'NONE', ( #871 ), #6054, .F. ) ;
#9428 = DIRECTION ( 'NONE',  ( -0.0000000000000000000, 1.000000000000000000, -0.0000000000000000000 ) ) ;
#9429 = DIRECTION ( 'NONE',  ( 0.0000000000000000000, 0.0000000000000000000, 1.000000000000000000 ) ) ;
#9430 = CARTESIAN_POINT ( 'NONE',  ( 10.19999999999999929, 4.175118967196214115, 3.508655105713793798 ) ) ;
#9431 = ADVANCED_FACE ( 'NONE', ( #6459 ), #310, .T. ) ;
#9432 = CARTESIAN_POINT ( 'NONE',  ( 9.450000000000001066, 13.20000000000005258, -4.209999999999999964 ) ) ;
#9433 = ORIENTED_EDGE ( 'NONE', *, *, #8259, .F. ) ;
#9434 = ORIENTED_EDGE ( 'NONE', *, *, #6957, .T. ) ;
#9435 = FACE_OUTER_BOUND ( 'NONE', #2875, .T. ) ;
#9436 = CARTESIAN_POINT ( 'NONE',  ( 11.19999999999999751, 6.500075950062544905, 2.144847903301489112 ) ) ;
#9437 = DIRECTION ( 'NONE',  ( -1.000000000000000000, 0.0000000000000000000, 0.0000000000000000000 ) ) ;
#9438 = CARTESIAN_POINT ( 'NONE',  ( 8.899999999999998579, 15.19999999999999929, 8.019999999999999574 ) ) ;
#9439 = ORIENTED_EDGE ( 'NONE', *, *, #4849, .F. ) ;
#9440 = VERTEX_POINT ( 'NONE', #411 ) ;
#9441 = CARTESIAN_POINT ( 'NONE',  ( 4.447644537455778924, 15.50000000000000355, 8.772147660960550652 ) ) ;
#9442 = AXIS2_PLACEMENT_3D ( 'NONE', #2406, #3139, #7354 ) ;
#9443 = CARTESIAN_POINT ( 'NONE',  ( 1.474999999999999867, 2.099999999999999645, 0.8999999999999998002 ) ) ;
#9444 = PLANE ( 'NONE',  #4168 ) ;
#9445 = B_SPLINE_CURVE_WITH_KNOTS ( 'NONE', 3,
 ( #5, #3253, #8468, #800, #10110, #5123 ),
 .UNSPECIFIED., .F., .F.,
 ( 4, 2, 4 ),
 ( 0.0000000000000000000, 0.5000000000000000000, 1.000000000000000000 ),
 .UNSPECIFIED. ) ;
#9447 = EDGE_CURVE ( 'NONE', #5835, #3676, #304, .T. ) ;
#9446 = CARTESIAN_POINT ( 'NONE',  ( -0.9999999999999997780, 15.29999999999999893, 2.657419462942109956 ) ) ;
#9448 = CARTESIAN_POINT ( 'NONE',  ( 6.500000000000000888, 15.50000000000000000, -8.669999999999999929 ) ) ;
#9449 = ADVANCED_FACE ( 'NONE', ( #7934 ), #2149, .F. ) ;
#9450 = ORIENTED_EDGE ( 'NONE', *, *, #3106, .T. ) ;
#9451 = DIRECTION ( 'NONE',  ( 0.0000000000000000000, 0.0000000000000000000, 1.000000000000000000 ) ) ;
#9452 = DIRECTION ( 'NONE',  ( -1.000000000000000000, 0.0000000000000000000, 0.0000000000000000000 ) ) ;
#9453 = UNCERTAINTY_MEASURE_WITH_UNIT (LENGTH_MEASURE( 1.000000000000000082E-05 ), #6714, 'distance_accuracy_value', 'NONE');
#9454 = CARTESIAN_POINT ( 'NONE',  ( 11.13629397652276687, 6.642879778577937877, -5.876088428214500503 ) ) ;
#9455 = PRESENTATION_STYLE_ASSIGNMENT (( #6926 ) ) ;
#9456 = CARTESIAN_POINT ( 'NONE',  ( 4.298896448480522103, 15.41930204271695004, -2.542814544770483742 ) ) ;
#9457 = ORIENTED_EDGE ( 'NONE', *, *, #9283, .F. ) ;
#9458 = VERTEX_POINT ( 'NONE', #2811 ) ;
#9459 = CARTESIAN_POINT ( 'NONE',  ( 8.706350832689590646, 13.20000000000010054, 0.4499999999999999001 ) ) ;
#9460 = AXIS2_PLACEMENT_3D ( 'NONE', #7406, #10942, #9252 ) ;
#9461 = CARTESIAN_POINT ( 'NONE',  ( 4.382196266961286391, 15.50259483730812526, 8.886103730624432373 ) ) ;
#9462 = CARTESIAN_POINT ( 'NONE',  ( 6.500000000000000888, 15.50000000000000000, 6.570000000000001172 ) ) ;
#9463 = LINE ( 'NONE', #10471, #4448 ) ;
#9464 = CARTESIAN_POINT ( 'NONE',  ( 5.970620788249315858, 15.50000000000000178, -0.9171953212081653817 ) ) ;
#9465 = ORIENTED_EDGE ( 'NONE', *, *, #4686, .F. ) ;
#9466 = CARTESIAN_POINT ( 'NONE',  ( 8.500000000000000000, 9.000000000000000000, -9.054415584415579588 ) ) ;
#9467 = ORIENTED_EDGE ( 'NONE', *, *, #7570, .T. ) ;
#9468 = AXIS2_PLACEMENT_3D ( 'NONE', #7347, #8191, #3238 ) ;
#9469 = DIRECTION ( 'NONE',  ( 1.531342102931250010E-16, -0.0000000000000000000, -1.000000000000000000 ) ) ;
#9470 = ORIENTED_EDGE ( 'NONE', *, *, #9963, .T. ) ;
#9471 = CARTESIAN_POINT ( 'NONE',  ( 8.404397331752658573, 15.47844538072196308, 1.152580537057889654 ) ) ;
#9472 = DIRECTION ( 'NONE',  ( -1.000000000000000000, -1.066083429980355782E-17, 3.731292004931244158E-17 ) ) ;
#9473 = LINE ( 'NONE', #2732, #5054 ) ;
#9474 = LINE ( 'NONE', #7813, #7654 ) ;
#9475 = AXIS2_PLACEMENT_3D ( 'NONE', #7605, #4300, #9276 ) ;
#9476 = CARTESIAN_POINT ( 'NONE',  ( 11.12419918887898262, 6.657135801018948307, 5.561685070566788625 ) ) ;
#9477 = AXIS2_PLACEMENT_3D ( 'NONE', #2464, #5884, #8466 ) ;
#9478 = ADVANCED_FACE ( 'NONE', ( #2866 ), #6300, .T. ) ;
#9479 = ORIENTED_EDGE ( 'NONE', *, *, #3105, .T. ) ;
#9480 = CARTESIAN_POINT ( 'NONE',  ( 9.650000000000000355, 13.19999999999999929, -7.219999999999999751 ) ) ;
#9481 = CARTESIAN_POINT ( 'NONE',  ( 4.346153846153805844, 15.30000000000000071, 0.8793488715349677687 ) ) ;
#9482 = CARTESIAN_POINT ( 'NONE',  ( 11.19999999999999574, 6.965034458301987641, -5.031138732347808507 ) ) ;
#9483 = ORIENTED_EDGE ( 'NONE', *, *, #8205, .F. ) ;
#9484 = ORIENTED_EDGE ( 'NONE', *, *, #1206, .F. ) ;
#9485 = CIRCLE ( 'NONE', #4833, 0.2000000000000001499 ) ;
#9486 = VECTOR ( 'NONE', #6642, 1000.000000000000000 ) ;
#9487 = DIRECTION ( 'NONE',  ( 0.0000000000000000000, 0.9999156794129788750, -0.01298591791445429834 ) ) ;
#9488 = LINE ( 'NONE', #3483, #4460 ) ;
#9489 = EDGE_CURVE ( 'NONE', #1801, #1040, #8045, .T. ) ;
#9490 = EDGE_CURVE ( 'NONE', #6144, #3704, #7305, .T. ) ;
#9491 = DIRECTION ( 'NONE',  ( 0.0000000000000000000, 0.0000000000000000000, 1.000000000000000000 ) ) ;
#9492 = ORIENTED_EDGE ( 'NONE', *, *, #6149, .T. ) ;
#9493 =( NAMED_UNIT ( * ) PLANE_ANGLE_UNIT ( ) SI_UNIT ( $, .RADIAN. ) );
#9494 = DIRECTION ( 'NONE',  ( 0.0000000000000000000, -0.9999156794129789860, 0.01298591791445430008 ) ) ;
#9495 = CARTESIAN_POINT ( 'NONE',  ( 4.346153846153822720, 15.30000000000000071, -4.689348871534943619 ) ) ;
#9496 = CARTESIAN_POINT ( 'NONE',  ( 9.018600732609497683, 13.20000000000010054, 8.020000000000001350 ) ) ;
#9497 = EDGE_CURVE ( 'NONE', #2160, #7355, #8095, .T. ) ;
#9498 = ORIENTED_EDGE ( 'NONE', *, *, #7495, .F. ) ;
#9499 = VERTEX_POINT ( 'NONE', #1311 ) ;
#9500 = CARTESIAN_POINT ( 'NONE',  ( 4.382196266961283726, 15.50259483730813059, 6.353896269375567840 ) ) ;
#9501 = PRESENTATION_STYLE_ASSIGNMENT (( #2701 ) ) ;
#9502 = CARTESIAN_POINT ( 'NONE',  ( 4.346153846153805844, 15.50000000000009948, 4.689348871534968488 ) ) ;
#9503 = CARTESIAN_POINT ( 'NONE',  ( 7.417475707771970406, 15.50000000000000000, -7.091200070610555350 ) ) ;
#9504 = CARTESIAN_POINT ( 'NONE',  ( -0.9999999999999997780, 15.50000000000000000, -1.152580537057890098 ) ) ;
#9505 = CARTESIAN_POINT ( 'NONE',  ( 11.15734121836537263, 6.612838321673169872, -5.892656872764175269 ) ) ;
#9506 = FACE_BOUND ( 'NONE', #7050, .T. ) ;
#9507 = PLANE ( 'NONE',  #2223 ) ;
#9508 = CARTESIAN_POINT ( 'NONE',  ( 4.300008882578211455, 15.29997552248377524, -2.659304231690529985 ) ) ;
#9509 = ADVANCED_FACE ( 'NONE', ( #2977 ), #2095, .F. ) ;
#9510 = ORIENTED_EDGE ( 'NONE', *, *, #8311, .T. ) ;
#9511 = EDGE_CURVE ( 'NONE', #173, #3704, #2465, .T. ) ;
#9512 = CARTESIAN_POINT ( 'NONE',  ( 5.274999999999998579, -3.169016773915451479E-17, 5.309999999999999609 ) ) ;
#9513 = CARTESIAN_POINT ( 'NONE',  ( 4.499999999999999112, 15.50259483730812526, 8.886103730624432373 ) ) ;
#9514 = LINE ( 'NONE', #2715, #7788 ) ;
#9515 = CARTESIAN_POINT ( 'NONE',  ( 5.450075247295675496, 15.50000000000000000, 3.948850468481242881 ) ) ;
#9516 = CARTESIAN_POINT ( 'NONE',  ( 5.450075247295677272, 15.50000000000000533, 0.1388504684812429113 ) ) ;
#9517 = ORIENTED_EDGE ( 'NONE', *, *, #1608, .T. ) ;
#9518 = CARTESIAN_POINT ( 'NONE',  ( 9.599999999999999645, 5.799999999999998934, 9.619999999999979678 ) ) ;
#9519 = ORIENTED_EDGE ( 'NONE', *, *, #8012, .T. ) ;
#9520 = FACE_OUTER_BOUND ( 'NONE', #10346, .T. ) ;
#9521 = CARTESIAN_POINT ( 'NONE',  ( 4.381965328900976786, 15.30259718358289511, 2.457436327059514536 ) ) ;
#9522 = EDGE_LOOP ( 'NONE', ( #6030, #946, #2260 ) ) ;
#9523 = CARTESIAN_POINT ( 'NONE',  ( 4.499999999999998224, 15.50000000000000000, -6.580769515458847252 ) ) ;
#9524 = EDGE_LOOP ( 'NONE', ( #7724, #9144 ) ) ;
#9525 = CARTESIAN_POINT ( 'NONE',  ( 8.899999999999998579, 13.19999999999999929, 0.4000000000000001887 ) ) ;
#9526 = DIRECTION ( 'NONE',  ( 0.0000000000000000000, 0.0000000000000000000, -1.000000000000000000 ) ) ;
#9527 = CARTESIAN_POINT ( 'NONE',  ( 11.19999999999999574, 8.105258983167166420, -2.901027189087967528 ) ) ;
#9528 = LINE ( 'NONE', #3918, #975 ) ;
#9529 = ORIENTED_EDGE ( 'NONE', *, *, #6900, .T. ) ;
#9530 = CARTESIAN_POINT ( 'NONE',  ( 9.450000000000001066, 13.20000000000005258, -4.209999999999999964 ) ) ;
#9531 = CARTESIAN_POINT ( 'NONE',  ( 11.07573593128806877, 8.211661298107271634, 6.629041674233260295 ) ) ;
#9532 = CARTESIAN_POINT ( 'NONE',  ( 4.515384615384578915, 15.50000000000000355, 0.9859366135392061414 ) ) ;
#9533 = EDGE_LOOP ( 'NONE', ( #3383, #3884, #6744, #9767 ) ) ;
#9534 = ADVANCED_FACE ( 'NONE', ( #10729 ), #3833, .T. ) ;
#9535 = CARTESIAN_POINT ( 'NONE',  ( 9.450000000000001066, 13.20000000000005258, -0.4000000000000001887 ) ) ;
#9536 = DIRECTION ( 'NONE',  ( 0.0000000000000000000, -1.000000000000000000, 0.0000000000000000000 ) ) ;
#9537 = AXIS2_PLACEMENT_3D ( 'NONE', #6382, #8121, #500 ) ;
#9538 = LINE ( 'NONE', #10561, #5613 ) ;
#9539 = CARTESIAN_POINT ( 'NONE',  ( 4.781862296044558036, 15.50000000000000000, 3.466986100624994460 ) ) ;
#9540 = SURFACE_STYLE_FILL_AREA ( #1808 ) ;
#9541 = VECTOR ( 'NONE', #8644, 1000.000000000000000 ) ;
#9542 = CARTESIAN_POINT ( 'NONE',  ( 9.599999999999999645, 5.199999999999999289, -2.493763179701058430 ) ) ;
#9543 = CARTESIAN_POINT ( 'NONE',  ( 11.19999999999999396, 6.582648595262103441, -9.219989812582761957 ) ) ;
#9544 = EDGE_CURVE ( 'NONE', #7477, #3574, #1925, .T. ) ;
#9545 = CARTESIAN_POINT ( 'NONE',  ( 10.89999999999999858, 7.996453568294260350, 6.678146321540185504 ) ) ;
#9546 = EDGE_LOOP ( 'NONE', ( #10156, #1633, #9510, #8131 ) ) ;
#9547 = ORIENTED_EDGE ( 'NONE', *, *, #539, .T. ) ;
#9548 = CYLINDRICAL_SURFACE ( 'NONE', #10008, 0.2000000000000001499 ) ;
#9549 = LINE ( 'NONE', #2868, #3992 ) ;
#9550 = CARTESIAN_POINT ( 'NONE',  ( 7.340710297232423187, 15.50000000000000178, 0.6440907823444347313 ) ) ;
#9551 = CARTESIAN_POINT ( 'NONE',  ( 7.522671310501730879, 15.50000000000000178, -7.894835278577243542 ) ) ;
#9552 = ORIENTED_EDGE ( 'NONE', *, *, #10199, .T. ) ;
#9553 = DIRECTION ( 'NONE',  ( -1.000000000000000000, 0.0000000000000000000, 0.0000000000000000000 ) ) ;
#9554 = EDGE_CURVE ( 'NONE', #7301, #1020, #9091, .T. ) ;
#9555 = DIRECTION ( 'NONE',  ( 0.0000000000000000000, -0.0000000000000000000, -1.000000000000000000 ) ) ;
#9556 = CARTESIAN_POINT ( 'NONE',  ( 11.13040597165594292, 6.650075730204361157, -5.557891493408796180 ) ) ;
#9557 = B_SPLINE_CURVE_WITH_KNOTS ( 'NONE', 3,
 ( #10494, #1799, #7005, #10439, #8637, #3643 ),
 .UNSPECIFIED., .F., .F.,
 ( 4, 2, 4 ),
 ( 0.0000000000000000000, 0.5000000000000000000, 1.000000000000000000 ),
 .UNSPECIFIED. ) ;
#9558 = ADVANCED_FACE ( 'NONE', ( #10995 ), #8301, .T. ) ;
#9559 = DIRECTION ( 'NONE',  ( 0.0000000000000000000, 0.0000000000000000000, -1.000000000000000000 ) ) ;
#9560 = AXIS2_PLACEMENT_3D ( 'NONE', #5206, #6984, #10365 ) ;
#9561 = ADVANCED_FACE ( 'NONE', ( #10887 ), #6669, .T. ) ;
#9562 = DIRECTION ( 'NONE',  ( -1.000000000000000000, 0.0000000000000000000, 0.0000000000000000000 ) ) ;
#9563 = ORIENTED_EDGE ( 'NONE', *, *, #5378, .F. ) ;
#9564 = LINE ( 'NONE', #4575, #8343 ) ;
#9565 = PLANE ( 'NONE',  #6038 ) ;
#9566 = CYLINDRICAL_SURFACE ( 'NONE', #9560, 0.2000000000000005107 ) ;
#9567 = CARTESIAN_POINT ( 'NONE',  ( 4.500000000000000000, 15.29999999999999893, -2.360000000000000320 ) ) ;
#9568 =( GEOMETRIC_REPRESENTATION_CONTEXT ( 3 ) GLOBAL_UNCERTAINTY_ASSIGNED_CONTEXT ( ( #9804 ) ) GLOBAL_UNIT_ASSIGNED_CONTEXT ( ( #1809, #10, #2748 ) ) REPRESENTATION_CONTEXT ( 'NONE', 'WORKASPACE' ) );
#9569 = ORIENTED_EDGE ( 'NONE', *, *, #9720, .F. ) ;
#9570 = VECTOR ( 'NONE', #9761, 1000.000000000000000 ) ;
#9571 = LINE ( 'NONE', #4359, #3115 ) ;
#9572 = EDGE_CURVE ( 'NONE', #2711, #7315, #8941, .T. ) ;
#9573 = DIRECTION ( 'NONE',  ( 0.0000000000000000000, 0.9284351071399689070, -0.3714946188439269825 ) ) ;
#9574 = EDGE_LOOP ( 'NONE', ( #5470, #10912, #5940, #8931 ) ) ;
#9575 = EDGE_CURVE ( 'NONE', #268, #10037, #5864, .T. ) ;
#9576 = CARTESIAN_POINT ( 'NONE',  ( 8.902703957544257918, 15.20000000000010054, -7.245408290565542586 ) ) ;
#9577 = CARTESIAN_POINT ( 'NONE',  ( 5.660349815481909630, 15.50000000000000178, -6.974725944026340052 ) ) ;
#9578 = EDGE_LOOP ( 'NONE', ( #2094, #2255, #9628, #3853 ) ) ;
#9579 = DIRECTION ( 'NONE',  ( 0.0000000000000000000, 0.0000000000000000000, 1.000000000000000000 ) ) ;
#9580 = VECTOR ( 'NONE', #5614, 1000.000000000000000 ) ;
#9581 = DIRECTION ( 'NONE',  ( 0.0000000000000000000, -0.0000000000000000000, -1.000000000000000000 ) ) ;
#9582 = VECTOR ( 'NONE', #97, 1000.000000000000114 ) ;
#9583 = ORIENTED_EDGE ( 'NONE', *, *, #9977, .T. ) ;
#9584 = FILL_AREA_STYLE_COLOUR ( '', #3199 ) ;
#9585 = CARTESIAN_POINT ( 'NONE',  ( 6.500000000000000888, 15.50000000000000000, 2.760000000000000231 ) ) ;
#9586 = CARTESIAN_POINT ( 'NONE',  ( 4.075000000000000178, 2.099999999999999645, -2.910000000000016573 ) ) ;
#9587 = CARTESIAN_POINT ( 'NONE',  ( 8.958889746352323158, 15.20000000000010054, -4.209999999999998188 ) ) ;
#9588 = B_SPLINE_CURVE_WITH_KNOTS ( 'NONE', 3,
 ( #4679, #1990, #6306, #6251 ),
 .UNSPECIFIED., .F., .F.,
 ( 4, 4 ),
 ( 0.0000000000000000000, 1.000000000000000000 ),
 .UNSPECIFIED. ) ;
#9589 =( NAMED_UNIT ( * ) SI_UNIT ( $, .STERADIAN. ) SOLID_ANGLE_UNIT ( ) );
#9590 = EDGE_CURVE ( 'NONE', #9610, #5241, #6618, .T. ) ;
#9591 = LINE ( 'NONE', #55, #6178 ) ;
#9592 = EDGE_CURVE ( 'NONE', #4682, #6188, #1517, .T. ) ;
#9593 = AXIS2_PLACEMENT_3D ( 'NONE', #5345, #232, #10503 ) ;
#9594 = AXIS2_PLACEMENT_3D ( 'NONE', #4555, #9605, #3715 ) ;
#9595 = CARTESIAN_POINT ( 'NONE',  ( 4.382842712474578128, 15.50000000000000533, 0.9979997367757511562 ) ) ;
#9596 = EDGE_LOOP ( 'NONE', ( #5748, #6994, #6593, #9672, #8152, #1111, #3241, #9309, #1749, #7110, #2130, #8249 ) ) ;
#9597 = EDGE_LOOP ( 'NONE', ( #9278, #4691, #4529, #2758 ) ) ;
#9598 = DIRECTION ( 'NONE',  ( -1.000000000000000000, 0.0000000000000000000, 0.0000000000000000000 ) ) ;
#9599 = ORIENTED_EDGE ( 'NONE', *, *, #3756, .F. ) ;
#9600 = PRESENTATION_STYLE_ASSIGNMENT (( #1079 ) ) ;
#9601 = VECTOR ( 'NONE', #6317, 1000.000000000000000 ) ;
#9602 = CARTESIAN_POINT ( 'NONE',  ( -0.9999999999999997780, 15.30259718358288978, -1.352563672940487294 ) ) ;
#9603 = B_SPLINE_CURVE_WITH_KNOTS ( 'NONE', 3,
 ( #614, #4037, #7453, #10877 ),
 .UNSPECIFIED., .F., .F.,
 ( 4, 4 ),
 ( 0.0000000000000000000, 1.000000000000000000 ),
 .UNSPECIFIED. ) ;
#9604 = CARTESIAN_POINT ( 'NONE',  ( 9.502359877559831247, 13.20000000000009877, 8.020000000000003126 ) ) ;
#9605 = DIRECTION ( 'NONE',  ( 0.0000000000000000000, -0.9999156794129789860, 0.01298591791445430008 ) ) ;
#9606 = AXIS2_PLACEMENT_3D ( 'NONE', #1615, #608, #8338 ) ;
#9607 = CARTESIAN_POINT ( 'NONE',  ( 4.499999999999999112, 15.42062190192916127, -6.268969115609472453 ) ) ;
#9608 = CARTESIAN_POINT ( 'NONE',  ( 8.862475782649548606, 13.20000000000010054, -7.944999999999998508 ) ) ;
#9609 = CARTESIAN_POINT ( 'NONE',  ( 9.599999999999999645, 5.199999999999999289, 9.619999999999979678 ) ) ;
#9610 = VERTEX_POINT ( 'NONE', #3250 ) ;
#9611 = ORIENTED_EDGE ( 'NONE', *, *, #5175, .F. ) ;
#9612 = DIRECTION ( 'NONE',  ( -1.000000000000000000, 0.0000000000000000000, 0.0000000000000000000 ) ) ;
#9613 =( BOUNDED_SURFACE ( )  B_SPLINE_SURFACE ( 3, 3, ( 
 ( #5453, #7186, #5962, #10565 ),
 ( #2860, #5141, #234, #10505 ),
 ( #7133, #8038, #9718, #2032 ),
 ( #5400, #6293, #3716, #2485 ) ),
 .UNSPECIFIED., .F., .F., .F. ) 
 B_SPLINE_SURFACE_WITH_KNOTS ( ( 4, 4 ),
 ( 4, 4 ),
 ( 0.0000000000000000000, 1.000000000000000000 ),
 ( 0.0000000000000000000, 1.000000000000000000 ),
 .UNSPECIFIED. ) 
 GEOMETRIC_REPRESENTATION_ITEM ( )  RATIONAL_B_SPLINE_SURFACE ( (
 ( 1.000000000000000000, 0.8974358974359005758, 0.8974358974359005758, 1.000000000000000000),
 ( 0.8047378541243670469, 0.7222006383167421939, 0.7222006383167421939, 0.8047378541243670469),
 ( 0.8047378541243670469, 0.7222006383167421939, 0.7222006383167421939, 0.8047378541243670469),
 ( 1.000000000000000000, 0.8974358974359005758, 0.8974358974359005758, 1.000000000000000000) ) ) 
 REPRESENTATION_ITEM ( '' )  SURFACE ( )  );
#9614 = CARTESIAN_POINT ( 'NONE',  ( 8.499991117421791031, 15.29997552248378057, -4.960695768309470566 ) ) ;
#9615 = VECTOR ( 'NONE', #10469, 1000.000000000000000 ) ;
#9616 = ORIENTED_EDGE ( 'NONE', *, *, #6419, .F. ) ;
#9617 = CARTESIAN_POINT ( 'NONE',  ( 8.825156416238812085, 15.20000000000020002, 7.341611873707319269 ) ) ;
#9618 = CARTESIAN_POINT ( 'NONE',  ( 9.599999999999999645, 5.398675942255756866, 1.349989388875503904 ) ) ;
#9619 = EDGE_CURVE ( 'NONE', #1420, #5044, #6768, .T. ) ;
#9620 = ORIENTED_EDGE ( 'NONE', *, *, #8359, .T. ) ;
#9621 = CARTESIAN_POINT ( 'NONE',  ( 10.89999999999999858, 6.757765876465089860, 1.805000000000000160 ) ) ;
#9622 = CARTESIAN_POINT ( 'NONE',  ( 9.450000000000001066, 15.20000000000005080, 3.409999999999999698 ) ) ;
#9623 = LINE ( 'NONE', #6194, #7201 ) ;
#9624 = PRESENTATION_LAYER_ASSIGNMENT (  '', '', ( #4429 ) ) ;
#9625 = ORIENTED_EDGE ( 'NONE', *, *, #2796, .F. ) ;
#9626 = CARTESIAN_POINT ( 'NONE',  ( 4.500000000000010658, 9.000000000000000000, 1.434415584415587697 ) ) ;
#9627 = PLANE ( 'NONE',  #531 ) ;
#9628 = ORIENTED_EDGE ( 'NONE', *, *, #6276, .F. ) ;
#9629 = DIRECTION ( 'NONE',  ( 0.0000000000000000000, 0.0000000000000000000, -1.000000000000000000 ) ) ;
#9630 = CARTESIAN_POINT ( 'NONE',  ( 4.321556393503234617, 15.40439955824826512, 2.657909476159366235 ) ) ;
#9631 = CYLINDRICAL_SURFACE ( 'NONE', #1673, 1.350000000000019629 ) ;
#9632 = CARTESIAN_POINT ( 'NONE',  ( 4.500000000000000000, 15.50000000000000000, -8.772580537057889316 ) ) ;
#9633 = VECTOR ( 'NONE', #9722, 1000.000000000000000 ) ;
#9634 = EDGE_CURVE ( 'NONE', #1379, #7144, #9654, .T. ) ;
#9635 = EDGE_CURVE ( 'NONE', #10175, #1444, #3141, .T. ) ;
#9636 = CARTESIAN_POINT ( 'NONE',  ( 5.476879472618592537, 15.50000000000000000, -0.2735054433165209908 ) ) ;
#9637 = DIRECTION ( 'NONE',  ( -1.000000000000000000, -0.0000000000000000000, -0.0000000000000000000 ) ) ;
#9638 = ORIENTED_EDGE ( 'NONE', *, *, #8751, .F. ) ;
#9639 = CARTESIAN_POINT ( 'NONE',  ( 5.875000000017627677, 14.49999999999818279, -7.456375382630145765 ) ) ;
#9640 = DIRECTION ( 'NONE',  ( 0.0000000000000000000, 1.000000000000000000, 0.0000000000000000000 ) ) ;
#9641 = ORIENTED_EDGE ( 'NONE', *, *, #7458, .F. ) ;
#9642 = CARTESIAN_POINT ( 'NONE',  ( 8.862475782649550382, 13.20000000000013785, -7.294999999999999929 ) ) ;
#9643 = ORIENTED_EDGE ( 'NONE', *, *, #9697, .F. ) ;
#9644 = EDGE_CURVE ( 'NONE', #5816, #9499, #6935, .T. ) ;
#9645 = CARTESIAN_POINT ( 'NONE',  ( 1.274999999999999911, -3.734611826138641261E-16, 9.919999999999999929 ) ) ;
#9646 = CARTESIAN_POINT ( 'NONE',  ( 7.340710297232423187, 15.50000000000000178, 4.454090782344434452 ) ) ;
#9647 =( NAMED_UNIT ( * ) SI_UNIT ( $, .STERADIAN. ) SOLID_ANGLE_UNIT ( ) );
#9648 = LINE ( 'NONE', #8797, #6330 ) ;
#9649 = EDGE_LOOP ( 'NONE', ( #113, #8981, #6161, #497 ) ) ;
#9650 = CARTESIAN_POINT ( 'NONE',  ( 9.628445380721970537, 15.20000000000010054, 0.3043973317526566524 ) ) ;
#9651 = AXIS2_PLACEMENT_3D ( 'NONE', #8820, #5621, #5564 ) ;
#9652 = EDGE_LOOP ( 'NONE', ( #8527, #3618 ) ) ;
#9653 = CARTESIAN_POINT ( 'NONE',  ( 8.418034671099022148, 15.30259718358289334, 1.352563672940485517 ) ) ;
#9654 = CIRCLE ( 'NONE', #4809, 1.350000000000020073 ) ;
#9655 = CARTESIAN_POINT ( 'NONE',  ( 4.346153846153815614, 15.41715728752539327, 0.8793488715349609963 ) ) ;
#9656 = EDGE_LOOP ( 'NONE', ( #1182, #10468, #3051, #839 ) ) ;
#9657 = ORIENTED_EDGE ( 'NONE', *, *, #6175, .F. ) ;
#9658 = CARTESIAN_POINT ( 'NONE',  ( 9.650000000000000355, 13.19999999999999929, 0.4000000000000001887 ) ) ;
#9659 = EDGE_CURVE ( 'NONE', #632, #7301, #11077, .T. ) ;
#9660 = MECHANICAL_DESIGN_GEOMETRIC_PRESENTATION_REPRESENTATION (  '', ( #5521 ), #6961 ) ;
#9661 = ADVANCED_FACE ( 'NONE', ( #7527 ), #3087, .T. ) ;
#9662 = CARTESIAN_POINT ( 'NONE',  ( 10.19999999999999929, 5.799999999999999822, -3.810000000000000053 ) ) ;
#9663 = DIRECTION ( 'NONE',  ( -3.880602260699040389E-17, 0.2747211278973781257, 0.9615239476408231623 ) ) ;
#9664 = CARTESIAN_POINT ( 'NONE',  ( 9.350000000000001421, 8.699999999999999289, 9.919999999999999929 ) ) ;
#9665 = CARTESIAN_POINT ( 'NONE',  ( 4.500031197697169638, 15.50000000000000000, -1.019994481546446119 ) ) ;
#9666 = CARTESIAN_POINT ( 'NONE',  ( 1.399999999999999689, 8.699999999999999289, 9.919999999999999929 ) ) ;
#9667 = VECTOR ( 'NONE', #2063, 1000.000000000000000 ) ;
#9668 = AXIS2_PLACEMENT_3D ( 'NONE', #770, #4184, #7613 ) ;
#9669 = CARTESIAN_POINT ( 'NONE',  ( 4.298896448480519439, 15.41930204271695004, -6.352814544770485128 ) ) ;
#9670 = CARTESIAN_POINT ( 'NONE',  ( 9.599999999999999645, 5.398735346751791120, -1.349965361580808709 ) ) ;
#9671 = CARTESIAN_POINT ( 'NONE',  ( 8.862475782649553935, 15.20000000000013962, -4.134999999999999787 ) ) ;
#9672 = ORIENTED_EDGE ( 'NONE', *, *, #2106, .T. ) ;
#9673 = CARTESIAN_POINT ( 'NONE',  ( 10.89999999999999858, 6.663683665882843776, -9.487040526008330588 ) ) ;
#9674 = EDGE_CURVE ( 'NONE', #3861, #1202, #7073, .T. ) ;
#9675 = CARTESIAN_POINT ( 'NONE',  ( 4.499999999999989342, 15.49999999999999645, 6.580769515458692709 ) ) ;
#9676 = AXIS2_PLACEMENT_3D ( 'NONE', #9567, #1889, #8727 ) ;
#9677 = CARTESIAN_POINT ( 'NONE',  ( 8.299999999999998934, 15.50000000000000000, 8.772580537057889316 ) ) ;
#9678 = ORIENTED_EDGE ( 'NONE', *, *, #5567, .T. ) ;
#9679 = CARTESIAN_POINT ( 'NONE',  ( 11.14092921890174992, 6.636678088416493537, -1.740699879796219651 ) ) ;
#9680 = PLANE ( 'NONE',  #10998 ) ;
#9681 = DIRECTION ( 'NONE',  ( 0.0000000000000000000, -1.000000000000000000, 0.0000000000000000000 ) ) ;
#9682 = CARTESIAN_POINT ( 'NONE',  ( 8.300000000000000711, 15.29999999999999893, -2.657419462942110400 ) ) ;
#9683 = ORIENTED_EDGE ( 'NONE', *, *, #1256, .T. ) ;
#9684 = EDGE_CURVE ( 'NONE', #10213, #5657, #9891, .T. ) ;
#9685 = DIRECTION ( 'NONE',  ( 0.0000000000000000000, -0.9999156794129789860, 0.01298591791445430008 ) ) ;
#9686 = FACE_OUTER_BOUND ( 'NONE', #571, .T. ) ;
#9687 = DIRECTION ( 'NONE',  ( 0.0000000000000000000, 0.0000000000000000000, -1.000000000000000000 ) ) ;
#9688 = DIRECTION ( 'NONE',  ( -1.000000000000000000, 0.0000000000000000000, 0.0000000000000000000 ) ) ;
#9689 = ORIENTED_EDGE ( 'NONE', *, *, #623, .F. ) ;
#9690 = CARTESIAN_POINT ( 'NONE',  ( 8.300000000000000711, 15.30259718358289689, -1.352563672940485739 ) ) ;
#9691 = ORIENTED_EDGE ( 'NONE', *, *, #6492, .T. ) ;
#9692 = CARTESIAN_POINT ( 'NONE',  ( 10.19999999999999929, 5.799999999999999822, -6.303755341891159603 ) ) ;
#9693 = FACE_OUTER_BOUND ( 'NONE', #4604, .T. ) ;
#9694 = LINE ( 'NONE', #3580, #2403 ) ;
#9695 = DIRECTION ( 'NONE',  ( -1.000000000000000000, 8.673617379884726514E-15, 0.0000000000000000000 ) ) ;
#9696 = PRESENTATION_STYLE_ASSIGNMENT (( #10541 ) ) ;
#9697 = EDGE_CURVE ( 'NONE', #4409, #5125, #1852, .T. ) ;
#9698 = ORIENTED_EDGE ( 'NONE', *, *, #2551, .T. ) ;
#9699 = LINE ( 'NONE', #3061, #5758 ) ;
#9700 = CARTESIAN_POINT ( 'NONE',  ( 8.500000000000000000, 9.000000000000000000, -1.234398718876070999 ) ) ;
#9701 = DIRECTION ( 'NONE',  ( -0.0000000000000000000, 0.01298591791445429834, 0.9999156794129788750 ) ) ;
#9702 = EDGE_LOOP ( 'NONE', ( #6065, #7492, #8841, #5245 ) ) ;
#9703 = CARTESIAN_POINT ( 'NONE',  ( 11.19999999999999929, 7.095644636939703709, 8.654740767678024582 ) ) ;
#9704 = ORIENTED_EDGE ( 'NONE', *, *, #2446, .F. ) ;
#9705 = CARTESIAN_POINT ( 'NONE',  ( 4.781862296044557148, 15.50000000000000000, -0.3430138993750072585 ) ) ;
#9706 = ORIENTED_EDGE ( 'NONE', *, *, #3219, .F. ) ;
#9707 = CARTESIAN_POINT ( 'NONE',  ( 4.416251525940029232, 15.50000000000001243, 0.9234989598558468460 ) ) ;
#9708 = ADVANCED_FACE ( 'NONE', ( #6787 ), #5942, .T. ) ;
#9709 = EDGE_LOOP ( 'NONE', ( #4602, #5979, #1231 ) ) ;
#9710 = ORIENTED_EDGE ( 'NONE', *, *, #2021, .T. ) ;
#9711 = CARTESIAN_POINT ( 'NONE',  ( 8.480422473829309027, 9.000000000000000000, -6.282797099160790211 ) ) ;
#9712 = ORIENTED_EDGE ( 'NONE', *, *, #2383, .F. ) ;
#9713 = PLANE ( 'NONE',  #9836 ) ;
#9714 = LINE ( 'NONE', #2083, #665 ) ;
#9715 = CARTESIAN_POINT ( 'NONE',  ( 9.650000000000000355, 13.19999999999999929, -0.3999999999999997446 ) ) ;
#9716 = DIRECTION ( 'NONE',  ( 2.556434596176350141E-15, 1.000000000000000000, 0.0000000000000000000 ) ) ;
#9717 = CARTESIAN_POINT ( 'NONE',  ( 4.499999999999988454, 15.50000000000000000, -1.039230484541145749 ) ) ;
#9718 = CARTESIAN_POINT ( 'NONE',  ( 4.781862296044557148, 15.50000000000000000, 7.276986100624992737 ) ) ;
#9719 = ADVANCED_FACE ( 'NONE', ( #4443, #1629 ), #1855, .T. ) ;
#9720 = EDGE_CURVE ( 'NONE', #2865, #9408, #9488, .T. ) ;
#9721 = CARTESIAN_POINT ( 'NONE',  ( 10.98160625616218056, 6.757307097671986895, 2.004680312293178446 ) ) ;
#9722 = DIRECTION ( 'NONE',  ( -2.556434596176350141E-15, -1.000000000000000000, -0.0000000000000000000 ) ) ;
#9723 = VECTOR ( 'NONE', #8555, 1000.000000000000000 ) ;
#9724 = CARTESIAN_POINT ( 'NONE',  ( 8.499999999999998224, 15.30000000000000249, -6.467419462942110009 ) ) ;
#9725 = ORIENTED_EDGE ( 'NONE', *, *, #9236, .F. ) ;
#9726 = DIRECTION ( 'NONE',  ( 0.0000000000000000000, 0.0000000000000000000, -1.000000000000000000 ) ) ;
#9727 = DIRECTION ( 'NONE',  ( 0.0000000000000000000, 0.0000000000000000000, -1.000000000000000000 ) ) ;
#9728 = VECTOR ( 'NONE', #3439, 1000.000000000000000 ) ;
#9729 = CARTESIAN_POINT ( 'NONE',  ( 4.694285714285669542, 15.41715728752538261, -7.946615295141566726 ) ) ;
#9730 = EDGE_CURVE ( 'NONE', #3085, #7149, #7142, .T. ) ;
#9731 = LINE ( 'NONE', #4569, #2047 ) ;
#9732 = ORIENTED_EDGE ( 'NONE', *, *, #7594, .F. ) ;
#9733 = VERTEX_POINT ( 'NONE', #6904 ) ;
#9734 = CARTESIAN_POINT ( 'NONE',  ( 9.600000000000001421, 5.200000000000000178, 6.303767091948868639 ) ) ;
#9735 = ORIENTED_EDGE ( 'NONE', *, *, #10371, .T. ) ;
#9736 = VECTOR ( 'NONE', #9419, 1000.000000000000000 ) ;
#9737 = LINE ( 'NONE', #8058, #7643 ) ;
#9738 = CARTESIAN_POINT ( 'NONE',  ( 4.382842712474611879, 15.50000000000004441, -8.659230484541360795 ) ) ;
#9739 = DIRECTION ( 'NONE',  ( 0.0000000000000000000, -0.0000000000000000000, 1.000000000000000000 ) ) ;
#9740 = FACE_OUTER_BOUND ( 'NONE', #3099, .T. ) ;
#9741 = ORIENTED_EDGE ( 'NONE', *, *, #9079, .F. ) ;
#9742 = CARTESIAN_POINT ( 'NONE',  ( 8.299999999999997158, 15.30259718358290044, -1.352563672940485739 ) ) ;
#9743 = ORIENTED_EDGE ( 'NONE', *, *, #8929, .T. ) ;
#9744 = DIRECTION ( 'NONE',  ( 1.000000000000000000, 0.0000000000000000000, 0.0000000000000000000 ) ) ;
#9745 = ORIENTED_EDGE ( 'NONE', *, *, #7561, .F. ) ;
#9746 = ADVANCED_FACE ( 'NONE', ( #8698 ), #2639, .T. ) ;
#9747 = VECTOR ( 'NONE', #8387, 1000.000000000000000 ) ;
#9748 = CARTESIAN_POINT ( 'NONE',  ( 4.299999999999982947, 9.000000000000000000, -1.039230484541205257 ) ) ;
#9749 = DIRECTION ( 'NONE',  ( 2.556434596176350141E-15, 1.000000000000000000, 0.0000000000000000000 ) ) ;
#9750 = ORIENTED_EDGE ( 'NONE', *, *, #3205, .T. ) ;
#9751 = CARTESIAN_POINT ( 'NONE',  ( 11.19999999999999751, 7.500000000000000000, -9.919999999999999929 ) ) ;
#9752 = CARTESIAN_POINT ( 'NONE',  ( 4.447640122440168930, 15.50000000000000533, -6.580769515458698926 ) ) ;
#9753 = ORIENTED_EDGE ( 'NONE', *, *, #8601, .T. ) ;
#9754 = CARTESIAN_POINT ( 'NONE',  ( 8.417803733038718761, 15.50259483730813059, 8.886103730624430597 ) ) ;
#9755 = VECTOR ( 'NONE', #10169, 1000.000000000000000 ) ;
#9756 = LINE ( 'NONE', #6439, #1645 ) ;
#9757 = AXIS2_PLACEMENT_3D ( 'NONE', #10350, #2652, #7024 ) ;
#9758 = CARTESIAN_POINT ( 'NONE',  ( 8.499999999999994671, 13.20000000000005080, 7.870000000000000107 ) ) ;
#9759 = CARTESIAN_POINT ( 'NONE',  ( 10.19999999999999929, 6.850057444366405512, 7.466705638451205829 ) ) ;
#9760 = ORIENTED_EDGE ( 'NONE', *, *, #2990, .T. ) ;
#9761 = DIRECTION ( 'NONE',  ( 0.0000000000000000000, 1.000000000000000000, 0.0000000000000000000 ) ) ;
#9762 = ORIENTED_EDGE ( 'NONE', *, *, #1816, .F. ) ;
#9763 = CARTESIAN_POINT ( 'NONE',  ( 9.018600732609499460, 13.20000000000010054, -3.610000000000000320 ) ) ;
#9764 = ADVANCED_FACE ( 'NONE', ( #1743 ), #9310, .F. ) ;
#9765 = ORIENTED_EDGE ( 'NONE', *, *, #1193, .T. ) ;
#9766 = AXIS2_PLACEMENT_3D ( 'NONE', #4066, #4961, #10019 ) ;
#9767 = ORIENTED_EDGE ( 'NONE', *, *, #815, .F. ) ;
#9768 = CARTESIAN_POINT ( 'NONE',  ( 4.515384615381938360, 15.50000000000000000, 0.9859366135444259660 ) ) ;
#9769 = FILL_AREA_STYLE ('',( #6342 ) ) ;
#9770 =( NAMED_UNIT ( * ) PLANE_ANGLE_UNIT ( ) SI_UNIT ( $, .RADIAN. ) );
#9771 = CARTESIAN_POINT ( 'NONE',  ( 4.500000000000000000, 15.50000000000000000, -9.070000000000000284 ) ) ;
#9772 = VECTOR ( 'NONE', #9884, 1000.000000000000000 ) ;
#9773 = PRESENTATION_LAYER_ASSIGNMENT (  '', '', ( #5997 ) ) ;
#9774 = CARTESIAN_POINT ( 'NONE',  ( 6.175729393384010280, 14.50000000000000355, 0.5594705913530864105 ) ) ;
#9775 = EDGE_CURVE ( 'NONE', #721, #4793, #2688, .T. ) ;
#9777 = EDGE_CURVE ( 'NONE', #2365, #9069, #7762, .T. ) ;
#9776 = CARTESIAN_POINT ( 'NONE',  ( 4.905714285714243950, 15.50000000000000178, -4.176205027885977472 ) ) ;
#9778 = CARTESIAN_POINT ( 'NONE',  ( 4.500000000000025757, 15.50000000000000533, 8.640243901942431748 ) ) ;
#9779 = CARTESIAN_POINT ( 'NONE',  ( 1.475000000000001643, 2.100000000000000089, 4.710000000000009734 ) ) ;
#9780 =( GEOMETRIC_REPRESENTATION_CONTEXT ( 3 ) GLOBAL_UNCERTAINTY_ASSIGNED_CONTEXT ( ( #7193 ) ) GLOBAL_UNIT_ASSIGNED_CONTEXT ( ( #4856, #5785, #2322 ) ) REPRESENTATION_CONTEXT ( 'NONE', 'WORKASPACE' ) );
#9781 = FACE_OUTER_BOUND ( 'NONE', #802, .T. ) ;
#9782 = ORIENTED_EDGE ( 'NONE', *, *, #5340, .F. ) ;
#9783 = DIRECTION ( 'NONE',  ( -0.4815434123430754054, 0.8427009716003851514, 0.2407717061715385909 ) ) ;
#9784 = EDGE_CURVE ( 'NONE', #10306, #2476, #8642, .T. ) ;
#9785 = CARTESIAN_POINT ( 'NONE',  ( 10.19999999999999929, 5.799999999999999822, 5.809999999999980069 ) ) ;
#9786 = ORIENTED_EDGE ( 'NONE', *, *, #5904, .T. ) ;
#9787 = ORIENTED_EDGE ( 'NONE', *, *, #11071, .T. ) ;
#9788 = CARTESIAN_POINT ( 'NONE',  ( 8.418034671099025701, 15.37173446289487266, 5.161665786196171446 ) ) ;
#9789 = FACE_OUTER_BOUND ( 'NONE', #6869, .T. ) ;
#9790 = ORIENTED_EDGE ( 'NONE', *, *, #4628, .T. ) ;
#9791 = DIRECTION ( 'NONE',  ( -0.0000000000000000000, 0.0000000000000000000, 1.000000000000000000 ) ) ;
#9792 = ORIENTED_EDGE ( 'NONE', *, *, #6661, .T. ) ;
#9793 = AXIS2_PLACEMENT_3D ( 'NONE', #2264, #10685, #8316 ) ;
#9794 = EDGE_CURVE ( 'NONE', #7341, #10591, #177, .T. ) ;
#9795 = CARTESIAN_POINT ( 'NONE',  ( 4.447644537455778924, 15.50000000000000178, 4.962147660960551043 ) ) ;
#9796 = EDGE_CURVE ( 'NONE', #3898, #7044, #11063, .T. ) ;
#9797 = CARTESIAN_POINT ( 'NONE',  ( 5.583158362638900307, 15.50000000000000000, 8.150152645485349012 ) ) ;
#9798 = DIRECTION ( 'NONE',  ( 2.556434596176350141E-15, 1.000000000000000000, 0.0000000000000000000 ) ) ;
#9799 = ORIENTED_EDGE ( 'NONE', *, *, #8241, .T. ) ;
#9800 = CARTESIAN_POINT ( 'NONE',  ( 8.418034671099022148, 15.30259718358289156, -1.352563672940485517 ) ) ;
#9801 = CARTESIAN_POINT ( 'NONE',  ( 10.19999999999999751, 5.799999999999996270, 2.493730699165118470 ) ) ;
#9802 = EDGE_LOOP ( 'NONE', ( #10576, #5235, #2005, #979, #6782, #1352, #10295, #6388, #5753, #4725, #7520, #1400 ) ) ;
#9803 = VECTOR ( 'NONE', #2856, 1000.000000000000000 ) ;
#9804 = UNCERTAINTY_MEASURE_WITH_UNIT (LENGTH_MEASURE( 1.000000000000000082E-05 ), #1809, 'distance_accuracy_value', 'NONE');
#9805 = DIRECTION ( 'NONE',  ( 1.445602896647339903E-15, -1.000000000000000000, 0.0000000000000000000 ) ) ;
#9806 = DIRECTION ( 'NONE',  ( 0.0000000000000000000, -0.0000000000000000000, 1.000000000000000000 ) ) ;
#9807 = EDGE_LOOP ( 'NONE', ( #6786, #5156, #2421, #2115 ) ) ;
#9808 = CARTESIAN_POINT ( 'NONE',  ( 4.430856890500437295, 15.42062190192916127, 5.161030884390529039 ) ) ;
#9809 = B_SPLINE_CURVE_WITH_KNOTS ( 'NONE', 3,
 ( #10016, #7367, #8161, #9049, #6367, #3846, #4850, #4739, #3046, #4898, #1272, #8992, #10743, #1381, #7262, #4797, #8104, #3789 ),
 .UNSPECIFIED., .F., .F.,
 ( 4, 2, 2, 2, 2, 2, 2, 2, 4 ),
 ( 0.0000000000000000000, 0.1250000000000000000, 0.2500000000000000000, 0.3750000000000000000, 0.5000000000000000000, 0.6250000000000000000, 0.7500000000000000000, 0.8750000000000000000, 1.000000000000000000 ),
 .UNSPECIFIED. ) ;
#9810 = DIRECTION ( 'NONE',  ( 0.0000000000000000000, 0.01298591791445111512, 0.9999156794129788750 ) ) ;
#9811 = CARTESIAN_POINT ( 'NONE',  ( 9.349999999999997868, 6.757765876465089860, -1.805000000000001048 ) ) ;
#9812 = PRESENTATION_LAYER_ASSIGNMENT (  '', '', ( #5677 ) ) ;
#9813 = LINE ( 'NONE', #4649, #228 ) ;
#9814 = CARTESIAN_POINT ( 'NONE',  ( 9.449999999999999289, 13.20000000000005258, 0.4000000000000001887 ) ) ;
#9815 = PLANE ( 'NONE',  #1145 ) ;
#9816 = ORIENTED_EDGE ( 'NONE', *, *, #8887, .T. ) ;
#9817 = CARTESIAN_POINT ( 'NONE',  ( 8.499999999999994671, 15.35235987755982912, -4.962580537057890595 ) ) ;
#9818 = ORIENTED_EDGE ( 'NONE', *, *, #5646, .F. ) ;
#9819 = CARTESIAN_POINT ( 'NONE',  ( 4.905714285714244838, 15.50000000000000000, -0.3662050278859673158 ) ) ;
#9820 = ORIENTED_EDGE ( 'NONE', *, *, #2108, .F. ) ;
#9821 = PLANE ( 'NONE',  #4587 ) ;
#9822 = ORIENTED_EDGE ( 'NONE', *, *, #5326, .F. ) ;
#9823 = PRESENTATION_LAYER_ASSIGNMENT (  '', '', ( #509 ) ) ;
#9824 = ORIENTED_EDGE ( 'NONE', *, *, #7917, .F. ) ;
#9825 = LINE ( 'NONE', #3072, #10354 ) ;
#9826 = CYLINDRICAL_SURFACE ( 'NONE', #524, 0.1999999999999999278 ) ;
#9827 = EDGE_CURVE ( 'NONE', #8081, #7533, #4385, .T. ) ;
#9828 = LINE ( 'NONE', #4664, #8543 ) ;
#9829 = CARTESIAN_POINT ( 'NONE',  ( 8.299999999999998934, 15.29999999999999893, -6.467419462942110009 ) ) ;
#9830 = AXIS2_PLACEMENT_3D ( 'NONE', #1090, #1260, #472 ) ;
#9831 = CARTESIAN_POINT ( 'NONE',  ( 6.175697645271916336, 14.50000000000000178, -4.369838653676330509 ) ) ;
#9832 = CARTESIAN_POINT ( 'NONE',  ( 11.16612991718305636, 6.597505421442272144, 1.718863470054534215 ) ) ;
#9833 = CARTESIAN_POINT ( 'NONE',  ( 9.599999999999999645, 5.701324057744217022, -2.471267616961483782 ) ) ;
#9834 = DIRECTION ( 'NONE',  ( 0.09480909262799622206, 0.9954954725939522131, 0.0000000000000000000 ) ) ;
#9835 = CARTESIAN_POINT ( 'NONE',  ( 11.13040597165594114, 6.650075730204359381, 2.062108506591205703 ) ) ;
#9836 = AXIS2_PLACEMENT_3D ( 'NONE', #4714, #7973, #290 ) ;
#9837 = DIRECTION ( 'NONE',  ( -1.000000000000000000, 0.0000000000000000000, 0.0000000000000000000 ) ) ;
#9838 = ORIENTED_EDGE ( 'NONE', *, *, #288, .F. ) ;
#9839 = VERTEX_POINT ( 'NONE', #3425 ) ;
#9840 = CARTESIAN_POINT ( 'NONE',  ( 2.949999999999960210, 15.50000000000009948, 7.620000000000000107 ) ) ;
#9841 = ADVANCED_FACE ( 'NONE', ( #3541 ), #6839, .T. ) ;
#9842 = ADVANCED_FACE ( 'NONE', ( #10164 ), #6002, .T. ) ;
#9843 = DIRECTION ( 'NONE',  ( -1.000000000000000000, 0.0000000000000000000, 0.0000000000000000000 ) ) ;
#9844 = VERTEX_POINT ( 'NONE', #7638 ) ;
#9845 = CARTESIAN_POINT ( 'NONE',  ( 8.299999999999998934, 15.29999999999999893, -2.360000000000000320 ) ) ;
#9846 = AXIS2_PLACEMENT_3D ( 'NONE', #6827, #9296, #1842 ) ;
#9847 = EDGE_LOOP ( 'NONE', ( #3630, #8422, #6309, #3201 ) ) ;
#9848 = CARTESIAN_POINT ( 'NONE',  ( 9.599999999999999645, 5.799999999999998934, -9.619999999999979678 ) ) ;
#9849 = ADVANCED_FACE ( 'NONE', ( #794 ), #4209, .T. ) ;
#9850 = ORIENTED_EDGE ( 'NONE', *, *, #10677, .T. ) ;
#9851 = CARTESIAN_POINT ( 'NONE',  ( -0.9999999999999997780, 9.000000000000000000, 2.375584415584409914 ) ) ;
#9852 = STYLED_ITEM ( 'NONE', ( #8539 ), #651 ) ;
#9853 = VERTEX_POINT ( 'NONE', #2904 ) ;
#9854 = VECTOR ( 'NONE', #4121, 1000.000000000000000 ) ;
#9855 = CARTESIAN_POINT ( 'NONE',  ( 8.418034671099018595, 15.30259718358289156, -6.267436327059514589 ) ) ;
#9856 = DIRECTION ( 'NONE',  ( 1.531342102931250010E-16, -0.0000000000000000000, -1.000000000000000000 ) ) ;
#9857 = CARTESIAN_POINT ( 'NONE',  ( 8.500000000000000000, 13.19999999999999929, 1.449999999999999956 ) ) ;
#9858 = VERTEX_POINT ( 'NONE', #3649 ) ;
#9859 = CARTESIAN_POINT ( 'NONE',  ( 11.19102793644586136, 6.539533659368424345, 5.932467963883476969 ) ) ;
#9860 = CARTESIAN_POINT ( 'NONE',  ( -0.9999999999999997780, 15.29999999999999893, -4.962580537057890595 ) ) ;
#9861 = LINE ( 'NONE', #8168, #3701 ) ;
#9862 = ADVANCED_FACE ( 'NONE', ( #5444 ), #1915, .F. ) ;
#9863 = ADVANCED_FACE ( 'NONE', ( #1301 ), #9826, .T. ) ;
#9864 = DIRECTION ( 'NONE',  ( -0.0000000000000000000, -1.000000000000000000, -0.0000000000000000000 ) ) ;
#9865 = ORIENTED_EDGE ( 'NONE', *, *, #4924, .T. ) ;
#9866 = CARTESIAN_POINT ( 'NONE',  ( 4.499999999999999112, 15.42062190192916127, 5.161030884390529039 ) ) ;
#9867 = ORIENTED_EDGE ( 'NONE', *, *, #10320, .T. ) ;
#9868 = CARTESIAN_POINT ( 'NONE',  ( 4.299999999999973177, 15.30000000000000071, 1.039230484541330268 ) ) ;
#9869 = FACE_OUTER_BOUND ( 'NONE', #8793, .T. ) ;
#9870 = CARTESIAN_POINT ( 'NONE',  ( 4.430856890500439960, 15.42062190192916127, 8.971030884390527760 ) ) ;
#9871 = FACE_OUTER_BOUND ( 'NONE', #9802, .T. ) ;
#9872 = EDGE_LOOP ( 'NONE', ( #8448, #8950, #1636, #5074 ) ) ;
#9873 = DIRECTION ( 'NONE',  ( -0.0000000000000000000, 1.000000000000000000, -0.0000000000000000000 ) ) ;
#9874 = CARTESIAN_POINT ( 'NONE',  ( 4.315797791639874426, 15.30000000000001137, -2.882454418790850958 ) ) ;
#9875 = ORIENTED_EDGE ( 'NONE', *, *, #6901, .F. ) ;
#9876 = CARTESIAN_POINT ( 'NONE',  ( 9.600000000000001421, 5.500000000000000000, -6.270008330676609454 ) ) ;
#9877 = ADVANCED_FACE ( 'NONE', ( #227 ), #1952, .F. ) ;
#9878 = ORIENTED_EDGE ( 'NONE', *, *, #2106, .F. ) ;
#9879 = DIRECTION ( 'NONE',  ( 0.0000000000000000000, 0.0000000000000000000, -1.000000000000000000 ) ) ;
#9880 = DIRECTION ( 'NONE',  ( 0.0000000000000000000, 1.000000000000000000, 0.0000000000000000000 ) ) ;
#9881 = CARTESIAN_POINT ( 'NONE',  ( 4.299999999999999822, 15.30000000000000249, 8.772580537057891092 ) ) ;
#9882 = PLANE ( 'NONE',  #4539 ) ;
#9883 = CARTESIAN_POINT ( 'NONE',  ( 8.499999999999994671, 13.20000000000005080, -3.560000000000000497 ) ) ;
#9884 = DIRECTION ( 'NONE',  ( 0.0000000000000000000, 1.000000000000000000, 0.0000000000000000000 ) ) ;
#9885 = CYLINDRICAL_SURFACE ( 'NONE', #8872, 0.3000000000000159761 ) ;
#9886 = VERTEX_POINT ( 'NONE', #10609 ) ;
#9887 = ADVANCED_FACE ( 'NONE', ( #6288 ), #9713, .T. ) ;
#9888 = DIRECTION ( 'NONE',  ( 0.0000000000000000000, 0.0000000000000000000, -1.000000000000000000 ) ) ;
#9889 = DIRECTION ( 'NONE',  ( 0.0000000000000000000, 0.0000000000000000000, 1.000000000000000000 ) ) ;
#9890 = ORIENTED_EDGE ( 'NONE', *, *, #7927, .F. ) ;
#9891 = LINE ( 'NONE', #9948, #4624 ) ;
#9892 = CARTESIAN_POINT ( 'NONE',  ( 4.299999999999979394, 15.29999999999999716, -1.039230484541309396 ) ) ;
#9893 = ORIENTED_EDGE ( 'NONE', *, *, #6398, .F. ) ;
#9894 = DIRECTION ( 'NONE',  ( -1.000000000000000000, 0.0000000000000000000, 0.0000000000000000000 ) ) ;
#9895 = EDGE_LOOP ( 'NONE', ( #2896, #9818, #851, #3874 ) ) ;
#9896 = CARTESIAN_POINT ( 'NONE',  ( 8.299999999999997158, 15.42062190192916304, 5.161030884390530815 ) ) ;
#9897 = ORIENTED_EDGE ( 'NONE', *, *, #2157, .F. ) ;
#9898 = EDGE_CURVE ( 'NONE', #4057, #6007, #1191, .T. ) ;
#9899 = B_SPLINE_CURVE_WITH_KNOTS ( 'NONE', 3,
 ( #556, #1291, #9011, #5649, #9067, #1238, #7116, #2011, #9759, #4814, #5489, #8228, #4651, #8076, #10546, #5434, #8849, #8019 ),
 .UNSPECIFIED., .F., .F.,
 ( 4, 2, 2, 2, 2, 2, 2, 2, 4 ),
 ( 0.0000000000000000000, 0.1250000000000000000, 0.2500000000000000000, 0.3750000000000000000, 0.5000000000000000000, 0.6250000000000000000, 0.7500000000000000000, 0.8750000000000000000, 1.000000000000000000 ),
 .UNSPECIFIED. ) ;
#9900 = ADVANCED_FACE ( 'NONE', ( #3597 ), #2025, .T. ) ;
#9901 = CARTESIAN_POINT ( 'NONE',  ( 9.650000000000000355, 13.19999999999999929, -4.209999999999999964 ) ) ;
#9902 = VERTEX_POINT ( 'NONE', #10558 ) ;
#9903 = DIRECTION ( 'NONE',  ( -0.0000000000000000000, -0.9999156794129789860, 0.01298591791445430008 ) ) ;
#9904 = EDGE_LOOP ( 'NONE', ( #8366, #3150, #784, #2636 ) ) ;
#9905 = CARTESIAN_POINT ( 'NONE',  ( 8.300000000000000711, 15.30259718358289867, -6.267436327059515477 ) ) ;
#9906 = AXIS2_PLACEMENT_3D ( 'NONE', #9785, #10673, #6460 ) ;
#9907 = LINE ( 'NONE', #2824, #5443 ) ;
#9908 = CYLINDRICAL_SURFACE ( 'NONE', #6266, 0.1999999999999999278 ) ;
#9909 = ORIENTED_EDGE ( 'NONE', *, *, #6533, .F. ) ;
#9910 = CARTESIAN_POINT ( 'NONE',  ( 8.822247607754851728, 13.20000000000010054, -0.2754082905655448887 ) ) ;
#9911 = ORIENTED_EDGE ( 'NONE', *, *, #5821, .T. ) ;
#9912 = PLANE ( 'NONE',  #3317 ) ;
#9913 = ADVANCED_FACE ( 'NONE', ( #7233 ), #4607, .T. ) ;
#9914 = EDGE_CURVE ( 'NONE', #3496, #5148, #1249, .T. ) ;
#9915 = CARTESIAN_POINT ( 'NONE',  ( 4.316198970578240868, 9.000000000000000000, -0.9269086240969570678 ) ) ;
#9916 = DIRECTION ( 'NONE',  ( 0.0000000000000000000, -0.0000000000000000000, 1.000000000000000000 ) ) ;
#9917 = VECTOR ( 'NONE', #10610, 1000.000000000000000 ) ;
#9918 = CARTESIAN_POINT ( 'NONE',  ( 7.399999999999995914, 15.50000000000000000, 8.970000000000000639 ) ) ;
#9919 = LINE ( 'NONE', #498, #6432 ) ;
#9920 = CARTESIAN_POINT ( 'NONE',  ( 8.822247607754851728, 13.20000000000010054, 3.534591709434455442 ) ) ;
#9921 = B_SPLINE_CURVE_WITH_KNOTS ( 'NONE', 3,
 ( #10466, #4465, #2819, #2767, #3675, #6196, #5362, #6929, #936, #3732, #2874, #7094, #8776, #6308, #1773, #1098, #5200, #87 ),
 .UNSPECIFIED., .F., .F.,
 ( 4, 2, 2, 2, 2, 2, 2, 2, 4 ),
 ( 0.0000000000000000000, 0.1250000000000000000, 0.2500000000000000000, 0.3750000000000000000, 0.5000000000000000000, 0.6250000000000000000, 0.7500000000000000000, 0.8750000000000000000, 1.000000000000000000 ),
 .UNSPECIFIED. ) ;
#9922 = CARTESIAN_POINT ( 'NONE',  ( 10.19999999999999929, 6.650913555578844338, -3.087874628207443184 ) ) ;
#9923 = EDGE_CURVE ( 'NONE', #907, #1602, #3583, .T. ) ;
#9924 = DIRECTION ( 'NONE',  ( 2.556434596176350141E-15, 1.000000000000000000, 0.0000000000000000000 ) ) ;
#9925 = ORIENTED_EDGE ( 'NONE', *, *, #679, .F. ) ;
#9926 = AXIS2_PLACEMENT_3D ( 'NONE', #10045, #2341, #1561 ) ;
#9927 = LINE ( 'NONE', #1346, #10646 ) ;
#9928 = ORIENTED_EDGE ( 'NONE', *, *, #2445, .T. ) ;
#9929 = CARTESIAN_POINT ( 'NONE',  ( 4.346153846153821831, 15.41715728752538261, -0.8793488715349430107 ) ) ;
#9930 = DIRECTION ( 'NONE',  ( 0.0000000000000000000, 1.000000000000000000, 0.0000000000000000000 ) ) ;
#9931 = ORIENTED_EDGE ( 'NONE', *, *, #1135, .F. ) ;
#9932 = CIRCLE ( 'NONE', #8671, 1.649999999999999467 ) ;
#9933 = CARTESIAN_POINT ( 'NONE',  ( 4.299999999999982059, 15.30000000000000249, -4.849230484541302566 ) ) ;
#9934 = CIRCLE ( 'NONE', #604, 1.350000000000020517 ) ;
#9935 = CARTESIAN_POINT ( 'NONE',  ( 6.500000000000000888, 14.49999999999890754, -4.435000000015860699 ) ) ;
#9936 = LINE ( 'NONE', #5712, #1029 ) ;
#9937 = EDGE_CURVE ( 'NONE', #5338, #10848, #6496, .T. ) ;
#9938 = DIRECTION ( 'NONE',  ( 0.0000000000000000000, 0.9999156794129789860, -0.01298591791445430008 ) ) ;
#9939 = EDGE_CURVE ( 'NONE', #8470, #7634, #9105, .T. ) ;
#9940 = CARTESIAN_POINT ( 'NONE',  ( 8.300000000000000711, 15.30259718358289867, -2.457436327059514980 ) ) ;
#9941 = CARTESIAN_POINT ( 'NONE',  ( 5.890793016933879578, 14.49999999999999822, -0.1622383011821951493 ) ) ;
#9942 = VECTOR ( 'NONE', #6672, 1000.000000000000000 ) ;
#9943 = AXIS2_PLACEMENT_3D ( 'NONE', #4062, #10068, #4798 ) ;
#9944 = CARTESIAN_POINT ( 'NONE',  ( 2.949999999999960210, 15.30000000000000071, 0.0000000000000000000 ) ) ;
#9945 = CARTESIAN_POINT ( 'NONE',  ( 4.299999999999999822, 15.30000000000000249, -8.772580537057891092 ) ) ;
#9946 = CARTESIAN_POINT ( 'NONE',  ( 9.599999999999999645, 5.398675942255756866, 5.159989388875503735 ) ) ;
#9947 = ORIENTED_EDGE ( 'NONE', *, *, #8374, .F. ) ;
#9948 = CARTESIAN_POINT ( 'NONE',  ( 9.050000000000000711, 9.000000000000000000, 9.919999999999999929 ) ) ;
#9949 = MECHANICAL_DESIGN_GEOMETRIC_PRESENTATION_REPRESENTATION (  '', ( #4203 ), #9036 ) ;
#9950 = CARTESIAN_POINT ( 'NONE',  ( 8.706350832689590646, 15.20000000000010054, 4.259999999999999787 ) ) ;
#9951 = ORIENTED_EDGE ( 'NONE', *, *, #3193, .F. ) ;
#9952 = EDGE_LOOP ( 'NONE', ( #5480, #6579, #7841, #2514 ) ) ;
#9953 = CARTESIAN_POINT ( 'NONE',  ( 8.299999999999998934, 15.50000000000000000, -1.152580537057890098 ) ) ;
#9954 = AXIS2_PLACEMENT_3D ( 'NONE', #8294, #9028, #2972 ) ;
#9955 = AXIS2_PLACEMENT_3D ( 'NONE', #3838, #2044, #4623 ) ;
#9956 = CARTESIAN_POINT ( 'NONE',  ( 4.505159402821805159, 15.50000000000000000, 8.622229857912021345 ) ) ;
#9957 = ORIENTED_EDGE ( 'NONE', *, *, #51, .T. ) ;
#9958 = CARTESIAN_POINT ( 'NONE',  ( 9.599999999999999645, 5.601264653248205327, -1.349965361580808709 ) ) ;
#9959 = VERTEX_POINT ( 'NONE', #9935 ) ;
#9960 = ORIENTED_EDGE ( 'NONE', *, *, #5112, .F. ) ;
#9961 = CARTESIAN_POINT ( 'NONE',  ( 4.500000000000000000, 15.29999999999999893, -2.360000000000000320 ) ) ;
#9962 = MECHANICAL_DESIGN_GEOMETRIC_PRESENTATION_REPRESENTATION (  '', ( #292 ), #1717 ) ;
#9963 = EDGE_CURVE ( 'NONE', #10168, #1158, #5754, .T. ) ;
#9964 = CARTESIAN_POINT ( 'NONE',  ( 6.500000000000000888, 14.49999999999890754, -0.6250000000158598690 ) ) ;
#9965 = CARTESIAN_POINT ( 'NONE',  ( 11.12295475980631565, 6.658561969752804899, -2.057539103179767626 ) ) ;
#9966 = ORIENTED_EDGE ( 'NONE', *, *, #10276, .F. ) ;
#9967 = SURFACE_STYLE_USAGE ( .BOTH. , #3158 ) ;
#9968 = VERTEX_POINT ( 'NONE', #9021 ) ;
#9969 = LINE ( 'NONE', #5789, #1380 ) ;
#9970 = CIRCLE ( 'NONE', #6560, 0.1999999999999999833 ) ;
#9971 = FACE_OUTER_BOUND ( 'NONE', #10273, .T. ) ;
#9972 = EDGE_LOOP ( 'NONE', ( #10084, #3781, #9320, #6566 ) ) ;
#9973 = FACE_OUTER_BOUND ( 'NONE', #1224, .T. ) ;
#9974 = ORIENTED_EDGE ( 'NONE', *, *, #1302, .F. ) ;
#9975 = LINE ( 'NONE', #3915, #2139 ) ;
#9977 = EDGE_CURVE ( 'NONE', #7149, #3085, #10017, .T. ) ;
#9976 = DIRECTION ( 'NONE',  ( 2.556434596176350141E-15, 1.000000000000000000, 0.0000000000000000000 ) ) ;
#9978 = EDGE_CURVE ( 'NONE', #5657, #10783, #4643, .T. ) ;
#9979 = CARTESIAN_POINT ( 'NONE',  ( 6.375000000000000000, 9.000000000000000000, -9.919999999999999929 ) ) ;
#9980 = DIRECTION ( 'NONE',  ( -0.0000000000000000000, 1.000000000000000000, -0.0000000000000000000 ) ) ;
#9981 = MECHANICAL_DESIGN_GEOMETRIC_PRESENTATION_REPRESENTATION (  '', ( #3714 ), #1734 ) ;
#9982 = ORIENTED_EDGE ( 'NONE', *, *, #5049, .T. ) ;
#9983 = CARTESIAN_POINT ( 'NONE',  ( 8.352359877559827339, 15.50000000000000178, -4.962580537057890595 ) ) ;
#9984 = VERTEX_POINT ( 'NONE', #10092 ) ;
#9985 = CARTESIAN_POINT ( 'NONE',  ( 20.10000000000000142, 5.500000000000000000, 1.350000000000020073 ) ) ;
#9986 = CARTESIAN_POINT ( 'NONE',  ( 4.499999999999948486, 15.30000000000000959, 8.659230484541323491 ) ) ;
#9987 = ORIENTED_EDGE ( 'NONE', *, *, #5316, .F. ) ;
#9988 = ADVANCED_FACE ( 'NONE', ( #2239 ), #4824, .T. ) ;
#9989 = PRESENTATION_LAYER_ASSIGNMENT (  '', '', ( #3714 ) ) ;
#9990 = CARTESIAN_POINT ( 'NONE',  ( 8.862475782649553935, 15.20000000000013962, -4.134999999999999787 ) ) ;
#9991 = LINE ( 'NONE', #4772, #8049 ) ;
#9992 = LINE ( 'NONE', #9023, #5144 ) ;
#9993 = CARTESIAN_POINT ( 'NONE',  ( 4.321556393503234617, 15.40439955824826512, -1.152090523840635150 ) ) ;
#9994 = CARTESIAN_POINT ( 'NONE',  ( 11.19999999999999751, 6.457765876464969246, 5.979059865235982762 ) ) ;
#9995 = DIRECTION ( 'NONE',  ( 0.0000000000000000000, 0.0000000000000000000, 1.000000000000000000 ) ) ;
#9996 = AXIS2_PLACEMENT_3D ( 'NONE', #6595, #717, #7440 ) ;
#9997 = CARTESIAN_POINT ( 'NONE',  ( 4.299999999999950973, 15.41715728752542880, 8.602270736744566548 ) ) ;
#9998 = VERTEX_POINT ( 'NONE', #675 ) ;
#9999 = EDGE_CURVE ( 'NONE', #7782, #1259, #9279, .T. ) ;
#10000 = EDGE_CURVE ( 'NONE', #943, #7500, #9991, .T. ) ;
#10001 = LINE ( 'NONE', #4045, #4611 ) ;
#10002 = ORIENTED_EDGE ( 'NONE', *, *, #4572, .F. ) ;
#10003 = CARTESIAN_POINT ( 'NONE',  ( 4.321554619278037634, 9.000489967319669660, 6.281201508996598015 ) ) ;
#10004 = VECTOR ( 'NONE', #5868, 1000.000000000000000 ) ;
#10005 = DIRECTION ( 'NONE',  ( 0.0000000000000000000, -1.000000000000000000, 0.0000000000000000000 ) ) ;
#10006 = ORIENTED_EDGE ( 'NONE', *, *, #5278, .F. ) ;
#10007 = CARTESIAN_POINT ( 'NONE',  ( 8.500000000000000000, 15.19999999999999929, 5.259999999999999787 ) ) ;
#10008 = AXIS2_PLACEMENT_3D ( 'NONE', #7653, #11069, #1701 ) ;
#10009 = CARTESIAN_POINT ( 'NONE',  ( 4.315797791639889525, 15.29999999999999538, 2.882454418790892259 ) ) ;
#10010 = ORIENTED_EDGE ( 'NONE', *, *, #8086, .T. ) ;
#10011 = EDGE_CURVE ( 'NONE', #6652, #7026, #4874, .T. ) ;
#10012 = LINE ( 'NONE', #1581, #10738 ) ;
#10013 = ORIENTED_EDGE ( 'NONE', *, *, #4965, .T. ) ;
#10014 = VERTEX_POINT ( 'NONE', #5659 ) ;
#10015 = CARTESIAN_POINT ( 'NONE',  ( 8.706350832689592423, 13.20000000000010054, 7.370000000000000107 ) ) ;
#10016 = CARTESIAN_POINT ( 'NONE',  ( 10.19999999999999751, 5.799999999999996270, -1.316269300834881362 ) ) ;
#10017 = CIRCLE ( 'NONE', #3925, 1.050000000000000488 ) ;
#10018 = CARTESIAN_POINT ( 'NONE',  ( 7.030002569765866127, 15.49999999999999822, -4.727094319120132226 ) ) ;
#10019 = DIRECTION ( 'NONE',  ( -1.531342102931250010E-16, 0.0000000000000000000, 1.000000000000000000 ) ) ;
#10020 = CARTESIAN_POINT ( 'NONE',  ( 4.299999999999999822, 15.30000000000000071, 1.449999999999999956 ) ) ;
#10021 = FACE_OUTER_BOUND ( 'NONE', #9972, .T. ) ;
#10022 = AXIS2_PLACEMENT_3D ( 'NONE', #8055, #3787, #5518 ) ;
#10023 = DIRECTION ( 'NONE',  ( 0.0000000000000000000, 0.0000000000000000000, 1.000000000000000000 ) ) ;
#10024 = AXIS2_PLACEMENT_3D ( 'NONE', #8514, #9416, #10153 ) ;
#10025 = ADVANCED_FACE ( 'NONE', ( #1559 ), #10770, .T. ) ;
#10026 = DIRECTION ( 'NONE',  ( 1.192092219434271365E-16, 0.2290393337273615437, -0.9734171683331489522 ) ) ;
#10027 = ORIENTED_EDGE ( 'NONE', *, *, #6258, .F. ) ;
#10028 = CARTESIAN_POINT ( 'NONE',  ( 6.500000000000000000, 14.59999999999999964, 0.0000000000000000000 ) ) ;
#10029 = EDGE_LOOP ( 'NONE', ( #10601, #1890, #2694 ) ) ;
#10030 = CARTESIAN_POINT ( 'NONE',  ( 1.399999999999999911, 8.699999999999999289, 9.919999999999999929 ) ) ;
#10031 = CARTESIAN_POINT ( 'NONE',  ( 7.399999999999999467, 12.00000000000000000, -9.399999999999998579 ) ) ;
#10032 = CARTESIAN_POINT ( 'NONE',  ( 10.89999999999962377, 7.009966887054290829, -9.219999999999933138 ) ) ;
#10033 = ORIENTED_EDGE ( 'NONE', *, *, #799, .F. ) ;
#10034 = CARTESIAN_POINT ( 'NONE',  ( 9.018600732609508341, 13.20000000000007567, -4.209999999999999964 ) ) ;
#10035 = ORIENTED_EDGE ( 'NONE', *, *, #23, .F. ) ;
#10036 = DIRECTION ( 'NONE',  ( 0.0000000000000000000, 0.0000000000000000000, 1.000000000000000000 ) ) ;
#10037 = VERTEX_POINT ( 'NONE', #1408 ) ;
#10038 = DIRECTION ( 'NONE',  ( 0.0000000000000000000, -0.9999156794129789860, -0.01298591791445430008 ) ) ;
#10039 = EDGE_CURVE ( 'NONE', #4206, #4481, #5873, .T. ) ;
#10040 = ADVANCED_FACE ( 'NONE', ( #1458 ), #3022, .T. ) ;
#10041 = ORIENTED_EDGE ( 'NONE', *, *, #1877, .F. ) ;
#10042 = CARTESIAN_POINT ( 'NONE',  ( 6.499999999999999112, 13.19999999999999574, 8.999870129870132018 ) ) ;
#10043 = CARTESIAN_POINT ( 'NONE',  ( 11.19999999999999751, 7.312426885322152792, 4.468985353253638770 ) ) ;
#10044 = CARTESIAN_POINT ( 'NONE',  ( 6.500000000000000000, 14.59999999999999964, 3.810000000000000053 ) ) ;
#10045 = CARTESIAN_POINT ( 'NONE',  ( 10.89999999999999858, 7.500000000000000000, -9.220000000000000639 ) ) ;
#10046 = CARTESIAN_POINT ( 'NONE',  ( 8.501103551519474166, 15.30150824295815859, -2.541284755163223608 ) ) ;
#10047 = EDGE_CURVE ( 'NONE', #7507, #11112, #9603, .T. ) ;
#10048 = CARTESIAN_POINT ( 'NONE',  ( 7.144202832698273831, 15.50000000000000533, 8.460799599348478139 ) ) ;
#10049 = DIRECTION ( 'NONE',  ( 1.000000000000000000, 0.0000000000000000000, -0.0000000000000000000 ) ) ;
#10050 = ORIENTED_EDGE ( 'NONE', *, *, #3621, .F. ) ;
#10051 = EDGE_CURVE ( 'NONE', #8598, #2436, #8288, .T. ) ;
#10052 = DIRECTION ( 'NONE',  ( 1.000000000000000000, -0.0000000000000000000, 0.0000000000000000000 ) ) ;
#10053 = ORIENTED_EDGE ( 'NONE', *, *, #6232, .T. ) ;
#10054 = CARTESIAN_POINT ( 'NONE',  ( 9.018600732609508341, 13.20000000000020002, -7.219999999999999751 ) ) ;
#10055 = DIRECTION ( 'NONE',  ( 0.9810437422032618482, 0.1937864182129898638, 0.0000000000000000000 ) ) ;
#10056 = B_SPLINE_CURVE_WITH_KNOTS ( 'NONE', 3,
 ( #6914, #1984, #3659, #6968, #2697, #4559 ),
 .UNSPECIFIED., .F., .F.,
 ( 4, 2, 4 ),
 ( 0.0000000000000000000, 0.5000000000000000000, 1.000000000000000000 ),
 .UNSPECIFIED. ) ;
#10057 = EDGE_CURVE ( 'NONE', #3270, #36, #7319, .T. ) ;
#10058 = EDGE_CURVE ( 'NONE', #5749, #7687, #5990, .T. ) ;
#10059 = EDGE_LOOP ( 'NONE', ( #4902, #2179, #7506, #9698 ) ) ;
#10060 = PLANE ( 'NONE',  #11018 ) ;
#10061 = CARTESIAN_POINT ( 'NONE',  ( 4.499999999999999112, 15.50000000000000000, 6.467419462942110009 ) ) ;
#10062 = EDGE_LOOP ( 'NONE', ( #2468, #5578, #9117, #911 ) ) ;
#10063 = FACE_OUTER_BOUND ( 'NONE', #10679, .T. ) ;
#10064 = ORIENTED_EDGE ( 'NONE', *, *, #5532, .T. ) ;
#10065 = ORIENTED_EDGE ( 'NONE', *, *, #1367, .F. ) ;
#10066 = DIRECTION ( 'NONE',  ( 0.0000000000000000000, 0.0000000000000000000, -1.000000000000000000 ) ) ;
#10067 = CARTESIAN_POINT ( 'NONE',  ( 9.599999999999999645, 5.500000000000000000, 2.460008330676609845 ) ) ;
#10069 = ADVANCED_FACE ( 'NONE', ( #107 ), #46, .T. ) ;
#10068 = DIRECTION ( 'NONE',  ( 1.000000000000000000, 0.0000000000000000000, 0.0000000000000000000 ) ) ;
#10070 = CARTESIAN_POINT ( 'NONE',  ( 11.06170179029221323, 6.724212694780892008, -2.022266757710625029 ) ) ;
#10071 = EDGE_CURVE ( 'NONE', #7993, #3576, #2509, .T. ) ;
#10072 = DIRECTION ( 'NONE',  ( -1.000000000000000000, -1.066083429980355782E-17, 3.731292004931244158E-17 ) ) ;
#10073 = ORIENTED_EDGE ( 'NONE', *, *, #2551, .F. ) ;
#10074 = CARTESIAN_POINT ( 'NONE',  ( 8.862475782649546829, 13.20000000000010054, 0.3250000000000015099 ) ) ;
#10075 = CARTESIAN_POINT ( 'NONE',  ( 6.500000000000000000, 15.50000000000000000, -1.049999999999999822 ) ) ;
#10076 = LINE ( 'NONE', #10131, #6353 ) ;
#10077 = ORIENTED_EDGE ( 'NONE', *, *, #11103, .F. ) ;
#10078 = CARTESIAN_POINT ( 'NONE',  ( 8.369143109499562527, 15.42062190192916660, 6.268969115609468012 ) ) ;
#10079 = ORIENTED_EDGE ( 'NONE', *, *, #3547, .F. ) ;
#10080 = PLANE ( 'NONE',  #6784 ) ;
#10081 = CARTESIAN_POINT ( 'NONE',  ( 8.299999999999998934, 15.50000000000000000, -6.467419462942110009 ) ) ;
#10082 = DIRECTION ( 'NONE',  ( -0.0000000000000000000, -0.9999156794129788750, -0.01298591791445429834 ) ) ;
#10083 = LINE ( 'NONE', #8331, #3365 ) ;
#10084 = ORIENTED_EDGE ( 'NONE', *, *, #6726, .F. ) ;
#10085 =( NAMED_UNIT ( * ) PLANE_ANGLE_UNIT ( ) SI_UNIT ( $, .RADIAN. ) );
#10086 = ORIENTED_EDGE ( 'NONE', *, *, #299, .F. ) ;
#10087 = CARTESIAN_POINT ( 'NONE',  ( 4.447640122440168930, 9.000432863930484473, -5.244409962806095393 ) ) ;
#10088 = AXIS2_PLACEMENT_3D ( 'NONE', #5233, #4548, #7764 ) ;
#10089 = CARTESIAN_POINT ( 'NONE',  ( 0.7749999999999999112, -4.440892098500626162E-16, -9.119999999999999218 ) ) ;
#10090 = ORIENTED_EDGE ( 'NONE', *, *, #7035, .T. ) ;
#10091 = CYLINDRICAL_SURFACE ( 'NONE', #2995, 1.350000000000019629 ) ;
#10092 = CARTESIAN_POINT ( 'NONE',  ( 10.89999999999999858, 6.757765876465089860, 2.004999999999999005 ) ) ;
#10093 = VECTOR ( 'NONE', #229, 1000.000000000000000 ) ;
#10094 = CARTESIAN_POINT ( 'NONE',  ( 9.449999999999999289, 13.19999999999999929, 4.009999999999999787 ) ) ;
#10095 = DIRECTION ( 'NONE',  ( -1.000000000000000000, 0.0000000000000000000, 0.0000000000000000000 ) ) ;
#10096 = EDGE_CURVE ( 'NONE', #167, #3270, #694, .T. ) ;
#10097 = EDGE_LOOP ( 'NONE', ( #2107, #3911, #9529 ) ) ;
#10098 = CARTESIAN_POINT ( 'NONE',  ( 4.346153846149470645, 9.000000000000000000, 8.499348871543542572 ) ) ;
#10099 = LINE ( 'NONE', #5760, #4752 ) ;
#10100 = CARTESIAN_POINT ( 'NONE',  ( 11.20000000000000284, 5.500000000000000000, -6.269999999999980034 ) ) ;
#10101 = ORIENTED_EDGE ( 'NONE', *, *, #2606, .F. ) ;
#10102 = DIRECTION ( 'NONE',  ( -1.531342102931250010E-16, 0.0000000000000000000, -1.000000000000000000 ) ) ;
#10103 = VERTEX_POINT ( 'NONE', #7811 ) ;
#10104 = DIRECTION ( 'NONE',  ( 0.0000000000000000000, 0.0000000000000000000, 1.000000000000000000 ) ) ;
#10105 = DIRECTION ( 'NONE',  ( -0.0000000000000000000, -1.000000000000000000, -0.0000000000000000000 ) ) ;
#10106 = AXIS2_PLACEMENT_3D ( 'NONE', #10412, #6132, #9555 ) ;
#10107 = ADVANCED_FACE ( 'NONE', ( #4316 ), #11041, .T. ) ;
#10108 = MECHANICAL_DESIGN_GEOMETRIC_PRESENTATION_REPRESENTATION (  '', ( #4382 ), #1150 ) ;
#10109 = EDGE_CURVE ( 'NONE', #3164, #4962, #3470, .T. ) ;
#10110 = CARTESIAN_POINT ( 'NONE',  ( 9.502359877559829471, 13.20000000000010054, 3.410000000000000142 ) ) ;
#10111 = VERTEX_POINT ( 'NONE', #7624 ) ;
#10112 = CARTESIAN_POINT ( 'NONE',  ( 8.499999999999994671, 15.35235987755982912, -1.152580537057890098 ) ) ;
#10113 = PLANE ( 'NONE',  #4381 ) ;
#10114 = VERTEX_POINT ( 'NONE', #6048 ) ;
#10115 = AXIS2_PLACEMENT_3D ( 'NONE', #6195, #3508, #6928 ) ;
#10116 = VECTOR ( 'NONE', #20, 1000.000000000000000 ) ;
#10117 =( NAMED_UNIT ( * ) PLANE_ANGLE_UNIT ( ) SI_UNIT ( $, .RADIAN. ) );
#10118 = ADVANCED_FACE ( 'NONE', ( #3528 ), #728, .T. ) ;
#10119 = VERTEX_POINT ( 'NONE', #2566 ) ;
#10120 = EDGE_LOOP ( 'NONE', ( #327, #5116, #1345 ) ) ;
#10121 = LINE ( 'NONE', #7478, #5514 ) ;
#10122 = LINE ( 'NONE', #3386, #6393 ) ;
#10123 = DIRECTION ( 'NONE',  ( 0.0000000000000000000, 0.0000000000000000000, -1.000000000000000000 ) ) ;
#10124 = CARTESIAN_POINT ( 'NONE',  ( 11.07573593128806699, 6.585137115330581103, 5.723760026997122274 ) ) ;
#10125 = VECTOR ( 'NONE', #7072, 1000.000000000000000 ) ;
#10126 = EDGE_LOOP ( 'NONE', ( #9909, #1276, #8257, #8493 ) ) ;
#10127 = SURFACE_STYLE_FILL_AREA ( #1440 ) ;
#10128 = UNCERTAINTY_MEASURE_WITH_UNIT (LENGTH_MEASURE( 1.000000000000000082E-05 ), #26, 'distance_accuracy_value', 'NONE');
#10129 = CARTESIAN_POINT ( 'NONE',  ( 8.402805126875639630, 9.000000000000000000, -9.034830124208188096 ) ) ;
#10130 = DIRECTION ( 'NONE',  ( -0.0000000000000000000, -0.0000000000000000000, -1.000000000000000000 ) ) ;
#10131 = CARTESIAN_POINT ( 'NONE',  ( 6.500000000000000888, 14.59999999998728981, -4.859999999976589713 ) ) ;
#10132 = EDGE_LOOP ( 'NONE', ( #3259, #5271, #6680, #5026 ) ) ;
#10133 = B_SPLINE_CURVE_WITH_KNOTS ( 'NONE', 3,
 ( #2984, #366, #2815, #6414, #2154, #6250, #9679, #7191, #5410, #8823, #5566, #3893 ),
 .UNSPECIFIED., .F., .F.,
 ( 4, 2, 2, 2, 2, 4 ),
 ( 0.0000000000000000000, 0.2499999999999946154, 0.3749999999999954481, 0.4374999999999928391, 0.4999999999999902300, 1.000000000000000000 ),
 .UNSPECIFIED. ) ;
#10134 = CARTESIAN_POINT ( 'NONE',  ( 10.19999999999999929, 5.799999999999999822, 0.0000000000000000000 ) ) ;
#10135 = ADVANCED_FACE ( 'NONE', ( #4143 ), #7751, .T. ) ;
#10136 = ORIENTED_EDGE ( 'NONE', *, *, #9302, .T. ) ;
#10137 = ADVANCED_FACE ( 'NONE', ( #4253 ), #2522, .T. ) ;
#10138 = VERTEX_POINT ( 'NONE', #2947 ) ;
#10139 = CARTESIAN_POINT ( 'NONE',  ( 8.299999999999995381, 15.42062190192916482, 2.458969115609470180 ) ) ;
#10140 = CARTESIAN_POINT ( 'NONE',  ( 8.770205957768224536, 13.20000000000010054, -3.559591709434445139 ) ) ;
#10141 = CARTESIAN_POINT ( 'NONE',  ( 8.862475782649550382, 13.20000000000013785, -0.3250000000000001776 ) ) ;
#10142 = CARTESIAN_POINT ( 'NONE',  ( 11.19999999999999574, 7.827707173039725852, -6.778652122639006627 ) ) ;
#10143 = ORIENTED_EDGE ( 'NONE', *, *, #8712, .F. ) ;
#10144 = DIRECTION ( 'NONE',  ( -1.000000000000000000, -0.0000000000000000000, -0.0000000000000000000 ) ) ;
#10145 = ORIENTED_EDGE ( 'NONE', *, *, #3070, .F. ) ;
#10146 = CARTESIAN_POINT ( 'NONE',  ( 4.299999999999999822, 9.000000000000001776, -5.044398718876068166 ) ) ;
#10147 = ORIENTED_EDGE ( 'NONE', *, *, #3650, .F. ) ;
#10148 = VECTOR ( 'NONE', #3870, 1000.000000000000000 ) ;
#10149 = CARTESIAN_POINT ( 'NONE',  ( 4.395606856450871902, 15.47844707036062850, 1.151994674788828110 ) ) ;
#10150 = DIRECTION ( 'NONE',  ( -1.000000000000000000, 0.0000000000000000000, -0.0000000000000000000 ) ) ;
#10151 = EDGE_LOOP ( 'NONE', ( #2058, #5167, #1263, #6094 ) ) ;
#10152 = CARTESIAN_POINT ( 'NONE',  ( 4.381965328900975010, 15.37173446289487266, -1.351665786196172281 ) ) ;
#10153 = DIRECTION ( 'NONE',  ( 0.0000000000000000000, 0.0000000000000000000, -1.000000000000000000 ) ) ;
#10154 = DIRECTION ( 'NONE',  ( 0.0000000000000000000, -0.9999156794129788750, 0.01298591791445429834 ) ) ;
#10155 = DIRECTION ( 'NONE',  ( 0.0000000000000000000, 0.0000000000000000000, -1.000000000000000000 ) ) ;
#10156 = ORIENTED_EDGE ( 'NONE', *, *, #1290, .T. ) ;
#10157 = FACE_OUTER_BOUND ( 'NONE', #3955, .T. ) ;
#10158 = CARTESIAN_POINT ( 'NONE',  ( 6.500000000000000888, 15.50000000000000000, 8.669999999999999929 ) ) ;
#10159 = DIRECTION ( 'NONE',  ( 0.0000000000000000000, -1.000000000000000000, 0.0000000000000000000 ) ) ;
#10160 = VECTOR ( 'NONE', #15, 1000.000000000000000 ) ;
#10161 = EDGE_CURVE ( 'NONE', #6144, #4894, #8522, .T. ) ;
#10162 = CARTESIAN_POINT ( 'NONE',  ( 11.07573593128806699, 8.261222984376010103, 0.9633885283112832987 ) ) ;
#10163 = ORIENTED_EDGE ( 'NONE', *, *, #9572, .F. ) ;
#10164 = FACE_OUTER_BOUND ( 'NONE', #6548, .T. ) ;
#10165 = CARTESIAN_POINT ( 'NONE',  ( 9.018600732609510118, 13.20000000000007567, 7.220000000000000639 ) ) ;
#10166 = VECTOR ( 'NONE', #6297, 1000.000000000000000 ) ;
#10167 = CARTESIAN_POINT ( 'NONE',  ( 9.018600732609508341, 13.20000000000020002, 3.409999999999999698 ) ) ;
#10168 = VERTEX_POINT ( 'NONE', #7218 ) ;
#10169 = DIRECTION ( 'NONE',  ( -0.0000000000000000000, -0.0000000000000000000, -1.000000000000000000 ) ) ;
#10170 = VECTOR ( 'NONE', #4838, 1000.000000000000000 ) ;
#10171 = EDGE_CURVE ( 'NONE', #6472, #6719, #7112, .T. ) ;
#10172 = CARTESIAN_POINT ( 'NONE',  ( 4.905714285714237732, 15.50000000000000000, -3.443794972113998654 ) ) ;
#10173 = EDGE_CURVE ( 'NONE', #5044, #10175, #5431, .T. ) ;
#10174 = VERTEX_POINT ( 'NONE', #8738 ) ;
#10175 = VERTEX_POINT ( 'NONE', #8684 ) ;
#10176 = LINE ( 'NONE', #8118, #8924 ) ;
#10177 = CARTESIAN_POINT ( 'NONE',  ( 8.500000000000000000, 8.999999999999998224, -2.575601281123931496 ) ) ;
#10178 = CARTESIAN_POINT ( 'NONE',  ( 4.515384615384606448, 15.49999999999999822, 6.634063386460808509 ) ) ;
#10179 = AXIS2_PLACEMENT_3D ( 'NONE', #893, #7949, #35 ) ;
#10180 = CARTESIAN_POINT ( 'NONE',  ( 6.639788295342080815, 15.50000000000000178, -1.049611024965075856 ) ) ;
#10181 = CARTESIAN_POINT ( 'NONE',  ( 11.19999999999999751, 6.437163872330799563, 2.157207249411487560 ) ) ;
#10182 = CARTESIAN_POINT ( 'NONE',  ( 6.500000000000000888, 14.59999999998728981, -1.049999999976589660 ) ) ;
#10183 = EDGE_CURVE ( 'NONE', #5048, #6000, #6215, .T. ) ;
#10184 = CARTESIAN_POINT ( 'NONE',  ( 10.19999999999999929, 5.799999999999999822, 8.936244658108840611 ) ) ;
#10185 = CARTESIAN_POINT ( 'NONE',  ( 8.356008953467501499, 9.000000000000001776, -9.054001425057855101 ) ) ;
#10186 = DIRECTION ( 'NONE',  ( 0.0000000000000000000, -1.000000000000000000, 0.0000000000000000000 ) ) ;
#10187 = DIRECTION ( 'NONE',  ( 0.0000000000000000000, 0.0000000000000000000, 1.000000000000000000 ) ) ;
#10188 = ORIENTED_EDGE ( 'NONE', *, *, #8547, .T. ) ;
#10189 = CARTESIAN_POINT ( 'NONE',  ( 6.375000000000000000, -1.386229920535041122E-16, 9.919999999999999929 ) ) ;
#10190 = EDGE_LOOP ( 'NONE', ( #98, #10163, #581, #362 ) ) ;
#10191 = AXIS2_PLACEMENT_3D ( 'NONE', #7873, #9365, #5232 ) ;
#10192 = CARTESIAN_POINT ( 'NONE',  ( -0.9999999999999997780, 11.69999999999999929, -9.019350649350650784 ) ) ;
#10193 = CARTESIAN_POINT ( 'NONE',  ( 8.899795149060294008, 15.20000000000010054, 4.181611873707320903 ) ) ;
#10194 = CARTESIAN_POINT ( 'NONE',  ( 20.10000000000000142, 5.500000000000000000, -2.459999999999979980 ) ) ;
#10195 = LINE ( 'NONE', #2501, #10567 ) ;
#10196 = ORIENTED_EDGE ( 'NONE', *, *, #9034, .T. ) ;
#10197 = LINE ( 'NONE', #4867, #10299 ) ;
#10198 = VECTOR ( 'NONE', #10577, 1000.000000000000000 ) ;
#10199 = EDGE_CURVE ( 'NONE', #1158, #9307, #5591, .T. ) ;
#10200 = ORIENTED_EDGE ( 'NONE', *, *, #5063, .F. ) ;
#10201 = LINE ( 'NONE', #3289, #9210 ) ;
#10202 = COLOUR_RGB ( '',1.000000000000000000, 1.000000000000000000, 1.000000000000000000 ) ;
#10203 = ADVANCED_FACE ( 'NONE', ( #4428 ), #4532, .T. ) ;
#10204 = CARTESIAN_POINT ( 'NONE',  ( 0.0000000000000000000, 7.899999999999999467, 9.919999999999999929 ) ) ;
#10205 = B_SPLINE_CURVE_WITH_KNOTS ( 'NONE', 3,
 ( #3438, #6019, #873, #3264, #6684, #10177 ),
 .UNSPECIFIED., .F., .F.,
 ( 4, 2, 4 ),
 ( 0.0000000000000000000, 0.5000000000000000000, 1.000000000000000000 ),
 .UNSPECIFIED. ) ;
#10206 = CARTESIAN_POINT ( 'NONE',  ( 7.109206983066052032, 14.50000000000000178, -3.647761698817225451 ) ) ;
#10207 = ORIENTED_EDGE ( 'NONE', *, *, #9188, .T. ) ;
#10208 = LINE ( 'NONE', #6772, #3543 ) ;
#10209 = PRESENTATION_STYLE_ASSIGNMENT (( #10264 ) ) ;
#10210 = AXIS2_PLACEMENT_3D ( 'NONE', #4289, #10572, #4730 ) ;
#10211 = CARTESIAN_POINT ( 'NONE',  ( 10.90000000000000036, 8.261222984376010103, -2.846611471688718087 ) ) ;
#10212 = CARTESIAN_POINT ( 'NONE',  ( 4.515384615381938360, 15.50000000000000000, 0.9859366135444259660 ) ) ;
#10213 = VERTEX_POINT ( 'NONE', #3586 ) ;
#10214 = CARTESIAN_POINT ( 'NONE',  ( 8.299999999999997158, 15.42062190192916660, -2.458969115609469736 ) ) ;
#10215 = CARTESIAN_POINT ( 'NONE',  ( 6.639788295342178515, 15.50000000000000178, 6.570388975034926027 ) ) ;
#10216 = ADVANCED_FACE ( 'NONE', ( #6998 ), #4484, .F. ) ;
#10217 = LINE ( 'NONE', #4205, #6910 ) ;
#10218 = ORIENTED_EDGE ( 'NONE', *, *, #7402, .T. ) ;
#10219 = ORIENTED_EDGE ( 'NONE', *, *, #299, .T. ) ;
#10220 = CARTESIAN_POINT ( 'NONE',  ( 11.19999999999999574, 8.105258983167166420, 0.9089728109120333022 ) ) ;
#10221 = ORIENTED_EDGE ( 'NONE', *, *, #7859, .T. ) ;
#10222 = DIRECTION ( 'NONE',  ( 0.0000000000000000000, 0.0000000000000000000, 1.000000000000000000 ) ) ;
#10223 = FACE_OUTER_BOUND ( 'NONE', #1105, .T. ) ;
#10224 = CARTESIAN_POINT ( 'NONE',  ( 4.382842712474578128, 15.49999999999999822, 4.849230484541346975 ) ) ;
#10225 = ADVANCED_FACE ( 'NONE', ( #439 ), #10756, .T. ) ;
#10226 = EDGE_LOOP ( 'NONE', ( #5296, #11051, #5315, #5464 ) ) ;
#10227 = ORIENTED_EDGE ( 'NONE', *, *, #1304, .T. ) ;
#10228 = CARTESIAN_POINT ( 'NONE',  ( 9.599999999999999645, 5.799999999999998046, -8.936236820298944394 ) ) ;
#10229 = CARTESIAN_POINT ( 'NONE',  ( 4.499999999999998224, 15.30259718358288978, 2.457436327059514536 ) ) ;
#10230 = DIRECTION ( 'NONE',  ( -0.4961389383568320377, 0.8682431421244601877, 0.0000000000000000000 ) ) ;
#10231 = DIRECTION ( 'NONE',  ( -1.000000000000000000, -0.0000000000000000000, -0.0000000000000000000 ) ) ;
#10232 = ORIENTED_EDGE ( 'NONE', *, *, #4412, .T. ) ;
#10233 = ORIENTED_EDGE ( 'NONE', *, *, #9392, .T. ) ;
#10234 = CARTESIAN_POINT ( 'NONE',  ( 8.706350832689590646, 13.20000000000020002, 7.169999999999999929 ) ) ;
#10235 = CARTESIAN_POINT ( 'NONE',  ( 7.399999999999999467, 12.00000000000000000, -9.399999999999998579 ) ) ;
#10236 = DIRECTION ( 'NONE',  ( -0.0000000000000000000, -1.000000000000000000, -0.0000000000000000000 ) ) ;
#10237 = CARTESIAN_POINT ( 'NONE',  ( 7.417020928625902343, 15.50000000000000533, 0.5301043185930764956 ) ) ;
#10238 = EDGE_CURVE ( 'NONE', #8674, #2556, #8274, .T. ) ;
#10239 = EDGE_CURVE ( 'NONE', #1627, #6339, #7381, .T. ) ;
#10240 = DIRECTION ( 'NONE',  ( -1.000000000000000000, -0.0000000000000000000, -0.0000000000000000000 ) ) ;
#10241 = DIRECTION ( 'NONE',  ( -0.0000000000000000000, 1.000000000000000000, -0.0000000000000000000 ) ) ;
#10242 = CARTESIAN_POINT ( 'NONE',  ( 9.650000000000003908, 15.20000000000010232, 3.557640122440170138 ) ) ;
#10243 = DIRECTION ( 'NONE',  ( 0.0000000000000000000, -1.000000000000000000, 0.0000000000000000000 ) ) ;
#10244 = CARTESIAN_POINT ( 'NONE',  ( 9.349999999999999645, 7.103079644981814766, -2.284355233368168037 ) ) ;
#10245 = ORIENTED_EDGE ( 'NONE', *, *, #3919, .T. ) ;
#10246 = CARTESIAN_POINT ( 'NONE',  ( 8.299999999999998934, 15.42062190192916482, 6.268969115609468901 ) ) ;
#10247 = ORIENTED_EDGE ( 'NONE', *, *, #3442, .F. ) ;
#10248 = ORIENTED_EDGE ( 'NONE', *, *, #4849, .T. ) ;
#10249 = FACE_OUTER_BOUND ( 'NONE', #1968, .T. ) ;
#10250 = CARTESIAN_POINT ( 'NONE',  ( 9.599999999999999645, 5.500000000000000000, -5.159991669323390262 ) ) ;
#10251 = CARTESIAN_POINT ( 'NONE',  ( 4.346153846171226576, 9.000000000000000000, -4.689348871500524929 ) ) ;
#10252 = LINE ( 'NONE', #9122, #1433 ) ;
#10253 = EDGE_CURVE ( 'NONE', #7583, #10632, #9975, .T. ) ;
#10254 = EDGE_LOOP ( 'NONE', ( #10196, #7835, #9029, #2848 ) ) ;
#10255 = EDGE_CURVE ( 'NONE', #5052, #7268, #7438, .T. ) ;
#10256 = CARTESIAN_POINT ( 'NONE',  ( 8.299999999999998934, 15.50000000000000000, -2.657419462942110400 ) ) ;
#10257 = ORIENTED_EDGE ( 'NONE', *, *, #8011, .F. ) ;
#10258 = CARTESIAN_POINT ( 'NONE',  ( 8.706350832689590646, 15.20000000000010054, 0.2499999999999993616 ) ) ;
#10259 = CARTESIAN_POINT ( 'NONE',  ( 4.299999999999999822, 15.29999999999999893, 1.152580537057890542 ) ) ;
#10260 = FACE_OUTER_BOUND ( 'NONE', #6730, .T. ) ;
#10261 = ORIENTED_EDGE ( 'NONE', *, *, #8185, .F. ) ;
#10262 = LINE ( 'NONE', #7564, #6577 ) ;
#10263 = ADVANCED_FACE ( 'NONE', ( #8225 ), #10804, .T. ) ;
#10264 = SURFACE_STYLE_USAGE ( .BOTH. , #5930 ) ;
#10265 = FACE_BOUND ( 'NONE', #5601, .T. ) ;
#10266 =( LENGTH_UNIT ( ) NAMED_UNIT ( * ) SI_UNIT ( .MILLI., .METRE. ) );
#10267 = CARTESIAN_POINT ( 'NONE',  ( 8.706350832689590646, 13.20000000000010054, 7.370000000000000107 ) ) ;
#10268 = ORIENTED_EDGE ( 'NONE', *, *, #4771, .T. ) ;
#10269 = CARTESIAN_POINT ( 'NONE',  ( 10.89999999999962377, 7.009966887054290829, 9.219999999999933138 ) ) ;
#10270 = DIRECTION ( 'NONE',  ( 0.0000000000000000000, -0.0000000000000000000, -1.000000000000000000 ) ) ;
#10271 =( BOUNDED_SURFACE ( )  B_SPLINE_SURFACE ( 3, 3, ( 
 ( #3436, #10347, #3384, #2700 ),
 ( #2649, #6074, #7022, #10453 ),
 ( #10288, #2593, #9500, #6018 ),
 ( #5242, #134, #2753, #6183 ) ),
 .UNSPECIFIED., .F., .F., .F. ) 
 B_SPLINE_SURFACE_WITH_KNOTS ( ( 4, 4 ),
 ( 4, 4 ),
 ( 0.0000000000000000000, 1.000000000000000000 ),
 ( 0.0000000000000000000, 1.000000000000000000 ),
 .UNSPECIFIED. ) 
 GEOMETRIC_REPRESENTATION_ITEM ( )  RATIONAL_B_SPLINE_SURFACE ( (
 ( 1.000000000000000000, 0.8047378541243528360, 0.8047378541243528360, 1.000000000000000000),
 ( 0.8025111867385925635, 0.6458111303268028180, 0.6458111303268028180, 0.8025111867385925635),
 ( 0.8025111867385925635, 0.6458111303268028180, 0.6458111303268028180, 0.8025111867385925635),
 ( 1.000000000000000000, 0.8047378541243528360, 0.8047378541243528360, 1.000000000000000000) ) ) 
 REPRESENTATION_ITEM ( '' )  SURFACE ( )  );
#10272 = CARTESIAN_POINT ( 'NONE',  ( 6.500000000000000888, 14.59999999999999964, 2.759999999969391382 ) ) ;
#10273 = EDGE_LOOP ( 'NONE', ( #6705, #10782, #3481, #10079 ) ) ;
#10274 = CARTESIAN_POINT ( 'NONE',  ( 4.499999999999998224, 9.000000000000000000, -6.185584415584419737 ) ) ;
#10275 = AXIS2_PLACEMENT_3D ( 'NONE', #1675, #3240, #8517 ) ;
#10276 = EDGE_CURVE ( 'NONE', #1479, #6799, #10864, .T. ) ;
#10277 = CARTESIAN_POINT ( 'NONE',  ( 6.500000000000000000, 15.50000000000000000, 0.0000000000000000000 ) ) ;
#10278 = EDGE_CURVE ( 'NONE', #344, #7915, #3027, .T. ) ;
#10279 = CARTESIAN_POINT ( 'NONE',  ( 8.862475782649550382, 13.20000000000013785, 7.294999999999999929 ) ) ;
#10280 = B_SPLINE_CURVE_WITH_KNOTS ( 'NONE', 3,
 ( #9523, #9752, #1841, #7858, #160, #10431 ),
 .UNSPECIFIED., .F., .F.,
 ( 4, 2, 4 ),
 ( 0.0000000000000000000, 0.5000000000000000000, 1.000000000000000000 ),
 .UNSPECIFIED. ) ;
#10281 = CARTESIAN_POINT ( 'NONE',  ( 4.299999999999982947, 9.000000000000000000, -6.580769515458794849 ) ) ;
#10282 = VECTOR ( 'NONE', #6470, 1000.000000000000000 ) ;
#10283 = DIRECTION ( 'NONE',  ( 0.0000000000000000000, 0.0000000000000000000, -1.000000000000000000 ) ) ;
#10284 = CARTESIAN_POINT ( 'NONE',  ( 8.299999999999998934, 15.30259718358288978, -5.162563672940486903 ) ) ;
#10285 = CARTESIAN_POINT ( 'NONE',  ( 8.352359877559825563, 9.000432863930480920, 2.375590037193899384 ) ) ;
#10286 = ORIENTED_EDGE ( 'NONE', *, *, #401, .F. ) ;
#10287 = VERTEX_POINT ( 'NONE', #6483 ) ;
#10288 = CARTESIAN_POINT ( 'NONE',  ( 4.298896448480525656, 15.30150824295816037, 6.351284755163224105 ) ) ;
#10289 = PRESENTATION_LAYER_ASSIGNMENT (  '', '', ( #1868 ) ) ;
#10290 = CIRCLE ( 'NONE', #1506, 1.649999999999999467 ) ;
#10291 = CARTESIAN_POINT ( 'NONE',  ( 11.19999999999999929, 6.457765876465090038, 9.919999999999999929 ) ) ;
#10292 = CARTESIAN_POINT ( 'NONE',  ( 4.346153846149470645, 9.000000000000000000, 8.499348871543542572 ) ) ;
#10293 = CARTESIAN_POINT ( 'NONE',  ( 10.20000000000000107, 5.200000000000001066, -1.316269301653442803 ) ) ;
#10294 = CARTESIAN_POINT ( 'NONE',  ( 7.550000000000000711, 15.50000000000000533, -7.757444678594554333 ) ) ;
#10295 = ORIENTED_EDGE ( 'NONE', *, *, #8531, .T. ) ;
#10296 = CARTESIAN_POINT ( 'NONE',  ( 8.499999999999998224, 13.19999999999999929, 0.2499999999999993616 ) ) ;
#10297 = CARTESIAN_POINT ( 'NONE',  ( 8.862475782649553935, 15.20000000000009877, 0.3250000000000015099 ) ) ;
#10298 = CIRCLE ( 'NONE', #10654, 0.1999999999999999833 ) ;
#10299 = VECTOR ( 'NONE', #10144, 1000.000000000000000 ) ;
#10300 = DIRECTION ( 'NONE',  ( 1.000000000000000000, -0.0000000000000000000, 0.0000000000000000000 ) ) ;
#10301 = FACE_BOUND ( 'NONE', #4301, .T. ) ;
#10302 = ORIENTED_EDGE ( 'NONE', *, *, #4283, .T. ) ;
#10303 = LINE ( 'NONE', #11086, #9287 ) ;
#10304 = EDGE_LOOP ( 'NONE', ( #8440, #5680, #5081, #5984 ) ) ;
#10305 = EDGE_CURVE ( 'NONE', #2232, #1965, #9919, .T. ) ;
#10306 = VERTEX_POINT ( 'NONE', #8175 ) ;
#10307 = FACE_OUTER_BOUND ( 'NONE', #4764, .T. ) ;
#10308 = AXIS2_PLACEMENT_3D ( 'NONE', #1511, #3244, #11114 ) ;
#10309 = LINE ( 'NONE', #3402, #8908 ) ;
#10310 = CARTESIAN_POINT ( 'NONE',  ( 6.375000000000000000, 7.799999999999999822, -9.919999999999999929 ) ) ;
#10311 = CARTESIAN_POINT ( 'NONE',  ( 5.659289702767262398, 15.50000000000000178, 3.165909217655994201 ) ) ;
#10312 = CARTESIAN_POINT ( 'NONE',  ( 4.299999999999999822, 15.29999999999999716, 6.467419462942111785 ) ) ;
#10313 = ORIENTED_EDGE ( 'NONE', *, *, #4659, .F. ) ;
#10314 = CARTESIAN_POINT ( 'NONE',  ( 1.274999999999999911, -3.734611826138641261E-16, 6.110000000000000320 ) ) ;
#10315 = PLANE ( 'NONE',  #4044 ) ;
#10316 = CIRCLE ( 'NONE', #3502, 0.2999999999999990452 ) ;
#10317 = CARTESIAN_POINT ( 'NONE',  ( 0.2999999999999999889, 8.199999999999999289, -9.919999999999999929 ) ) ;
#10318 = COLOUR_RGB ( '',1.000000000000000000, 1.000000000000000000, 1.000000000000000000 ) ;
#10319 = ORIENTED_EDGE ( 'NONE', *, *, #10811, .T. ) ;
#10320 = EDGE_CURVE ( 'NONE', #2722, #7229, #2355, .T. ) ;
#10321 = DIRECTION ( 'NONE',  ( 0.0000000000000000000, 0.0000000000000000000, -1.000000000000000000 ) ) ;
#10322 = EDGE_CURVE ( 'NONE', #2013, #1259, #5537, .T. ) ;
#10323 = CYLINDRICAL_SURFACE ( 'NONE', #2017, 0.2000000000000005107 ) ;
#10324 = CARTESIAN_POINT ( 'NONE',  ( 11.19999999999999574, 6.731164430319653391, -1.456558709807514340 ) ) ;
#10325 = CARTESIAN_POINT ( 'NONE',  ( 4.299999999999963407, 15.50000000000009948, 6.580769515458699814 ) ) ;
#10326 = VECTOR ( 'NONE', #1555, 1000.000000000000000 ) ;
#10327 = VERTEX_POINT ( 'NONE', #9868 ) ;
#10328 = CARTESIAN_POINT ( 'NONE',  ( 8.299999999999998934, 15.53376032063300016, -6.470455311262020004 ) ) ;
#10329 = CARTESIAN_POINT ( 'NONE',  ( 11.19999999999999929, 6.597954544511836161, 9.381583229548398961 ) ) ;
#10330 = CARTESIAN_POINT ( 'NONE',  ( 11.20000000000000107, 6.964072742177140896, -2.588026187403263290 ) ) ;
#10331 = VERTEX_POINT ( 'NONE', #7552 ) ;
#10332 = AXIS2_PLACEMENT_3D ( 'NONE', #3677, #5311, #317 ) ;
#10333 = CARTESIAN_POINT ( 'NONE',  ( 8.299999999999998934, 15.50000000000000000, 4.962580537057889707 ) ) ;
#10334 = DIRECTION ( 'NONE',  ( 1.000000000000000000, 0.0000000000000000000, -0.0000000000000000000 ) ) ;
#10335 = PLANE ( 'NONE',  #4722 ) ;
#10336 =( BOUNDED_SURFACE ( )  B_SPLINE_SURFACE ( 3, 3, ( 
 ( #867, #68, #10343, #9495 ),
 ( #4277, #2696, #1810, #8649 ),
 ( #1863, #6733, #7714, #4452 ),
 ( #3319, #10172, #5893, #11 ) ),
 .UNSPECIFIED., .F., .F., .T. ) 
 B_SPLINE_SURFACE_WITH_KNOTS ( ( 4, 4 ),
 ( 4, 4 ),
 ( 0.0000000000000000000, 1.000000000000000000 ),
 ( 0.0000000000000000000, 1.000000000000000000 ),
 .UNSPECIFIED. ) 
 GEOMETRIC_REPRESENTATION_ITEM ( )  RATIONAL_B_SPLINE_SURFACE ( (
 ( 1.000000000000000000, 0.8974358974359007979, 0.8974358974359007979, 1.000000000000000000),
 ( 0.8047378541243681571, 0.7222006383167433041, 0.7222006383167433041, 0.8047378541243681571),
 ( 0.8047378541243681571, 0.7222006383167433041, 0.7222006383167433041, 0.8047378541243681571),
 ( 1.000000000000000000, 0.8974358974359007979, 0.8974358974359007979, 1.000000000000000000) ) ) 
 REPRESENTATION_ITEM ( '' )  SURFACE ( )  );
#10337 = DIRECTION ( 'NONE',  ( 2.168404344971008868E-15, -5.543383885983003833E-30, -1.000000000000000000 ) ) ;
#10338 = ORIENTED_EDGE ( 'NONE', *, *, #8215, .F. ) ;
#10339 = DIRECTION ( 'NONE',  ( 3.880602260699040389E-17, -0.2747211278973781257, 0.9615239476408231623 ) ) ;
#10340 = EDGE_CURVE ( 'NONE', #8020, #7749, #2343, .T. ) ;
#10341 = EDGE_CURVE ( 'NONE', #96, #10174, #4891, .T. ) ;
#10342 = SURFACE_STYLE_USAGE ( .BOTH. , #1753 ) ;
#10343 = CARTESIAN_POINT ( 'NONE',  ( 4.694285714285673983, 15.30000000000000071, -4.136615295141538695 ) ) ;
#10344 = CARTESIAN_POINT ( 'NONE',  ( 8.862475782649550382, 15.20000000000009877, -7.945000000000000284 ) ) ;
#10345 = ORIENTED_EDGE ( 'NONE', *, *, #3298, .F. ) ;
#10346 = EDGE_LOOP ( 'NONE', ( #10706, #5277, #9017, #8389, #6668, #6516, #1283, #7147, #2648, #2153, #9820, #6122, #756, #6969, #6641, #5954 ) ) ;
#10347 = CARTESIAN_POINT ( 'NONE',  ( 4.500000000000000888, 15.30259718358289867, 6.267436327059517254 ) ) ;
#10348 = LINE ( 'NONE', #9662, #9803 ) ;
#10349 = FACE_OUTER_BOUND ( 'NONE', #1211, .T. ) ;
#10350 = CARTESIAN_POINT ( 'NONE',  ( 1.474999999999999867, 2.099999999999999645, 2.910000000000000142 ) ) ;
#10351 = CARTESIAN_POINT ( 'NONE',  ( 5.954378302844778759, 14.50000000000000178, 3.493878433837855457 ) ) ;
#10352 = VERTEX_POINT ( 'NONE', #10969 ) ;
#10353 = DIRECTION ( 'NONE',  ( -1.000000000000000000, -0.0000000000000000000, -0.0000000000000000000 ) ) ;
#10354 = VECTOR ( 'NONE', #7291, 1000.000000000000000 ) ;
#10355 = ADVANCED_FACE ( 'NONE', ( #8436 ), #3340, .T. ) ;
#10356 = UNCERTAINTY_MEASURE_WITH_UNIT (LENGTH_MEASURE( 1.000000000000000082E-05 ), #7038, 'distance_accuracy_value', 'NONE');
#10357 = DIRECTION ( 'NONE',  ( -1.000000000000000000, 0.0000000000000000000, 0.0000000000000000000 ) ) ;
#10358 = CARTESIAN_POINT ( 'NONE',  ( 10.98160625616217168, 6.757307097671983342, -5.615319687706823437 ) ) ;
#10359 = FACE_OUTER_BOUND ( 'NONE', #1451, .T. ) ;
#10360 = FACE_OUTER_BOUND ( 'NONE', #10965, .T. ) ;
#10361 = ORIENTED_EDGE ( 'NONE', *, *, #5715, .T. ) ;
#10362 = FACE_OUTER_BOUND ( 'NONE', #9709, .T. ) ;
#10363 = VECTOR ( 'NONE', #4166, 1000.000000000000000 ) ;
#10364 = CARTESIAN_POINT ( 'NONE',  ( 6.667669354536267967, 14.50000000000000178, 0.6242671763391429707 ) ) ;
#10365 = DIRECTION ( 'NONE',  ( -1.000000000000000000, 0.0000000000000000000, 0.0000000000000000000 ) ) ;
#10366 = CARTESIAN_POINT ( 'NONE',  ( 10.90000000000000213, 7.250021384072764086, -6.247591293058017747 ) ) ;
#10367 = ORIENTED_EDGE ( 'NONE', *, *, #10454, .T. ) ;
#10368 = CARTESIAN_POINT ( 'NONE',  ( 5.855797167303220974, 15.50000000000000888, -0.8407995993494087328 ) ) ;
#10369 = DIRECTION ( 'NONE',  ( -1.000000000000000000, -0.0000000000000000000, -0.0000000000000000000 ) ) ;
#10370 = ORIENTED_EDGE ( 'NONE', *, *, #4065, .F. ) ;
#10371 = EDGE_CURVE ( 'NONE', #52, #1062, #1544, .T. ) ;
#10372 = CARTESIAN_POINT ( 'NONE',  ( 8.954745607530911755, 15.20000000000010054, -7.220408290565542231 ) ) ;
#10373 = AXIS2_PLACEMENT_3D ( 'NONE', #8631, #11108, #841 ) ;
#10374 = PLANE ( 'NONE',  #2582 ) ;
#10375 = CARTESIAN_POINT ( 'NONE',  ( 8.862475782649546829, 13.20000000000010054, -7.944999999999998508 ) ) ;
#10376 = CARTESIAN_POINT ( 'NONE',  ( -0.9999999999999997780, 15.50000000000000000, 5.160000000000000142 ) ) ;
#10377 = VERTEX_POINT ( 'NONE', #5851 ) ;
#10378 = CARTESIAN_POINT ( 'NONE',  ( 8.300000000000002487, 15.30259718358289689, 8.972563672940486512 ) ) ;
#10379 = CARTESIAN_POINT ( 'NONE',  ( 4.299999999999999822, 15.50000000000000000, 1.449999999999999956 ) ) ;
#10380 = CARTESIAN_POINT ( 'NONE',  ( 11.07573593128806699, 8.261222984376010103, -2.846611471688718087 ) ) ;
#10381 = VECTOR ( 'NONE', #4128, 1000.000000000000000 ) ;
#10382 = DIRECTION ( 'NONE',  ( -7.885106708985485090E-16, 0.0000000000000000000, 1.000000000000000000 ) ) ;
#10383 = AXIS2_PLACEMENT_3D ( 'NONE', #7443, #1547, #6761 ) ;
#10384 = ORIENTED_EDGE ( 'NONE', *, *, #467, .F. ) ;
#10385 = CARTESIAN_POINT ( 'NONE',  ( 11.19999999999999929, 6.950145891328461722, 8.850149846582315405 ) ) ;
#10386 = FACE_OUTER_BOUND ( 'NONE', #2794, .T. ) ;
#10387 = ADVANCED_FACE ( 'NONE', ( #9281 ), #7183, .T. ) ;
#10388 = ADVANCED_FACE ( 'NONE', ( #7608 ), #5085, .T. ) ;
#10389 = CARTESIAN_POINT ( 'NONE',  ( 4.299999999999961631, 15.41715728752538084, 1.039230484541339150 ) ) ;
#10390 = ORIENTED_EDGE ( 'NONE', *, *, #9218, .F. ) ;
#10391 = ORIENTED_EDGE ( 'NONE', *, *, #2552, .F. ) ;
#10392 = AXIS2_PLACEMENT_3D ( 'NONE', #6626, #4893, #3320 ) ;
#10393 = AXIS2_PLACEMENT_3D ( 'NONE', #5746, #4243, #11093 ) ;
#10394 = CARTESIAN_POINT ( 'NONE',  ( 11.07573593128806699, 6.585137115330399027, -1.913760026997224806 ) ) ;
#10395 = CARTESIAN_POINT ( 'NONE',  ( 1.474999999999999867, 2.099999999999999645, -8.519999999999999574 ) ) ;
#10396 = EDGE_CURVE ( 'NONE', #5310, #4493, #6757, .T. ) ;
#10398 = ADVANCED_FACE ( 'NONE', ( #10249 ), #2550, .F. ) ;
#10397 = PLANE ( 'NONE',  #7984 ) ;
#10399 = CARTESIAN_POINT ( 'NONE',  ( 10.19999999999999929, 5.799999999999999822, 1.999999999999980016 ) ) ;
#10400 = FACE_OUTER_BOUND ( 'NONE', #3634, .T. ) ;
#10401 = DIRECTION ( 'NONE',  ( -0.0000000000000000000, -0.9999156794129789860, 0.01298591791445430008 ) ) ;
#10402 = VERTEX_POINT ( 'NONE', #1719 ) ;
#10403 = CARTESIAN_POINT ( 'NONE',  ( 10.19999999999999929, 5.199999999999999289, -2.493730699165121134 ) ) ;
#10404 = B_SPLINE_CURVE_WITH_KNOTS ( 'NONE', 3,
 ( #4170, #5735, #10905, #10796, #1643, #3102, #5073, #9151, #6528, #9965, #10070, #5684, #4007 ),
 .UNSPECIFIED., .F., .F.,
 ( 4, 2, 2, 1, 2, 2, 4 ),
 ( 0.0000000000000000000, 0.2499999999999988898, 0.3749999999999964473, 0.4374999999999952260, 0.4687499999999940048, 0.4999999999999927280, 1.000000000000000000 ),
 .UNSPECIFIED. ) ;
#10405 = EDGE_CURVE ( 'NONE', #5009, #10605, #5150, .T. ) ;
#10406 = CARTESIAN_POINT ( 'NONE',  ( 4.316198970578240868, 9.000000000000000000, 2.883091375903043208 ) ) ;
#10407 = ADVANCED_FACE ( 'NONE', ( #10307 ), #2612, .F. ) ;
#10408 = FACE_OUTER_BOUND ( 'NONE', #8261, .T. ) ;
#10409 = DIRECTION ( 'NONE',  ( 0.0000000000000000000, -1.000000000000000000, 0.0000000000000000000 ) ) ;
#10410 = ORIENTED_EDGE ( 'NONE', *, *, #1671, .F. ) ;
#10411 = PLANE ( 'NONE',  #3679 ) ;
#10412 = CARTESIAN_POINT ( 'NONE',  ( 8.706350832689590646, 13.20000000000010054, -3.360000000000000320 ) ) ;
#10413 = CARTESIAN_POINT ( 'NONE',  ( 10.89999999999999858, 6.757765876465089860, -5.615000000000001101 ) ) ;
#10414 = CARTESIAN_POINT ( 'NONE',  ( 9.599999999999999645, 5.701324057744217022, 5.148732383038516325 ) ) ;
#10415 = ORIENTED_EDGE ( 'NONE', *, *, #999, .T. ) ;
#10416 = ADVANCED_FACE ( 'NONE', ( #3512 ), #10080, .T. ) ;
#10417 = CARTESIAN_POINT ( 'NONE',  ( 8.500000000000000000, 8.999999999999998224, 8.854398718876065999 ) ) ;
#10418 = EDGE_CURVE ( 'NONE', #10287, #9314, #5032, .T. ) ;
#10419 = CARTESIAN_POINT ( 'NONE',  ( 4.499999999999999112, 15.50000000000000000, 2.657419462942109956 ) ) ;
#10420 = SURFACE_STYLE_USAGE ( .BOTH. , #10470 ) ;
#10421 = DIRECTION ( 'NONE',  ( -0.0000000000000000000, -0.9999156794129789860, -0.01298591791445430008 ) ) ;
#10422 = ORIENTED_EDGE ( 'NONE', *, *, #529, .F. ) ;
#10423 = CARTESIAN_POINT ( 'NONE',  ( 5.659276828702119566, 15.49999999999999467, 0.6442885803581027693 ) ) ;
#10424 = VERTEX_POINT ( 'NONE', #8439 ) ;
#10425 = CARTESIAN_POINT ( 'NONE',  ( 8.352355462544220899, 15.50000000000000178, -6.467852339039450449 ) ) ;
#10426 = ORIENTED_EDGE ( 'NONE', *, *, #775, .F. ) ;
#10427 = CARTESIAN_POINT ( 'NONE',  ( 8.300000000000000711, 15.29999999999999893, 8.772580537057889316 ) ) ;
#10428 = CARTESIAN_POINT ( 'NONE',  ( -8.599999999999999645, 6.757765876465089860, -2.004999999999999893 ) ) ;
#10429 = ORIENTED_EDGE ( 'NONE', *, *, #10929, .T. ) ;
#10430 = LINE ( 'NONE', #435, #9111 ) ;
#10431 = CARTESIAN_POINT ( 'NONE',  ( 4.299999999999982059, 15.29999999999999893, -6.580769515458701591 ) ) ;
#10432 = EDGE_LOOP ( 'NONE', ( #30, #4960, #3920, #6487, #9094, #1466 ) ) ;
#10433 = CARTESIAN_POINT ( 'NONE',  ( 9.350000000000003197, 7.594504036232978983, -0.6960165168609898645 ) ) ;
#10434 = PLANE ( 'NONE',  #3444 ) ;
#10435 = CARTESIAN_POINT ( 'NONE',  ( 9.349999999999997868, 6.757765876465089860, 5.615000000000001990 ) ) ;
#10436 = CARTESIAN_POINT ( 'NONE',  ( 10.89999999999999858, 6.757765876465089860, 5.615000000000000213 ) ) ;
#10437 = ORIENTED_EDGE ( 'NONE', *, *, #8969, .T. ) ;
#10438 = CARTESIAN_POINT ( 'NONE',  ( 11.20000000000000284, 5.500000000000000000, 1.350000000000020073 ) ) ;
#10439 = CARTESIAN_POINT ( 'NONE',  ( 9.554397331752658928, 15.20000000000009699, 4.188445380721960376 ) ) ;
#10440 = CARTESIAN_POINT ( 'NONE',  ( 4.299999999999962519, 15.41715728752538794, 0.9822707367445626669 ) ) ;
#10441 = VERTEX_POINT ( 'NONE', #10032 ) ;
#10442 = ORIENTED_EDGE ( 'NONE', *, *, #652, .T. ) ;
#10443 = CARTESIAN_POINT ( 'NONE',  ( 4.515384615403285729, 15.50000000000000000, 2.824063386497793537 ) ) ;
#10444 = EDGE_CURVE ( 'NONE', #219, #7986, #5855, .T. ) ;
#10445 = COLOUR_RGB ( '',1.000000000000000000, 1.000000000000000000, 1.000000000000000000 ) ;
#10446 = DIRECTION ( 'NONE',  ( 0.0000000000000000000, 0.01298591791445429834, -0.9999156794129788750 ) ) ;
#10447 = DIRECTION ( 'NONE',  ( -1.000000000000000000, 0.0000000000000000000, 0.0000000000000000000 ) ) ;
#10448 =( LENGTH_UNIT ( ) NAMED_UNIT ( * ) SI_UNIT ( .MILLI., .METRE. ) );
#10449 = VECTOR ( 'NONE', #9119, 1000.000000000000000 ) ;
#10450 = DIRECTION ( 'NONE',  ( 1.000000000000000000, 1.412560544723970047E-16, -0.0000000000000000000 ) ) ;
#10451 = PLANE ( 'NONE',  #2104 ) ;
#10452 = ORIENTED_EDGE ( 'NONE', *, *, #7317, .T. ) ;
#10453 = CARTESIAN_POINT ( 'NONE',  ( 4.500000000000003553, 15.42062190192916660, 6.268969115609472453 ) ) ;
#10454 = EDGE_CURVE ( 'NONE', #1912, #2064, #2386, .T. ) ;
#10455 = ADVANCED_FACE ( 'NONE', ( #9285 ), #1607, .T. ) ;
#10456 = CARTESIAN_POINT ( 'NONE',  ( 8.418034671099023925, 15.37173446289487444, -5.161665786196174999 ) ) ;
#10457 = VECTOR ( 'NONE', #2028, 1000.000000000000000 ) ;
#10458 = CARTESIAN_POINT ( 'NONE',  ( 6.333035873704170982, 14.49999999999999822, -3.185739695888818890 ) ) ;
#10459 = CARTESIAN_POINT ( 'NONE',  ( 6.332330645463421170, 14.49999999999999645, 3.185732823660855750 ) ) ;
#10460 = DIRECTION ( 'NONE',  ( 1.000000000000000000, 0.0000000000000000000, 0.0000000000000000000 ) ) ;
#10461 = CARTESIAN_POINT ( 'NONE',  ( 8.862475782649550382, 13.20000000000013785, -4.134999999999999787 ) ) ;
#10462 = ADVANCED_FACE ( 'NONE', ( #10972 ), #7499, .F. ) ;
#10463 = CARTESIAN_POINT ( 'NONE',  ( 8.770205957768212102, 13.20000000000010054, 7.870408290565553244 ) ) ;
#10464 = LINE ( 'NONE', #4407, #4192 ) ;
#10465 = AXIS2_PLACEMENT_3D ( 'NONE', #1497, #9980, #6644 ) ;
#10466 = CARTESIAN_POINT ( 'NONE',  ( 10.19999999999999929, 5.199999999999999289, -2.493730699165121134 ) ) ;
#10467 =( BOUNDED_CURVE ( )  B_SPLINE_CURVE ( 3, ( #1973, #7127, #8753, #7872 ),
 .UNSPECIFIED., .F., .T. ) 
 B_SPLINE_CURVE_WITH_KNOTS ( ( 4, 4 ),
 ( 0.0000000000000000000, 1.000000000000000000 ),
 .UNSPECIFIED. ) 
 CURVE ( )  GEOMETRIC_REPRESENTATION_ITEM ( )  RATIONAL_B_SPLINE_CURVE ( ( 1.000000000000000000, 0.8047378541243423999, 0.8047378541243423999, 1.000000000000000000 ) ) 
 REPRESENTATION_ITEM ( '' )  );
#10468 = ORIENTED_EDGE ( 'NONE', *, *, #3872, .T. ) ;
#10469 = DIRECTION ( 'NONE',  ( -0.0000000000000000000, 0.9999156794129788750, 0.01298591791445429834 ) ) ;
#10470 = SURFACE_SIDE_STYLE ('',( #7793 ) ) ;
#10471 = CARTESIAN_POINT ( 'NONE',  ( 9.018600732609497683, 13.20000000000010054, -8.020000000000001350 ) ) ;
#10472 = PRESENTATION_LAYER_ASSIGNMENT (  '', '', ( #11004 ) ) ;
#10473 = AXIS2_PLACEMENT_3D ( 'NONE', #6834, #2401, #2571 ) ;
#10474 = CARTESIAN_POINT ( 'NONE',  ( 8.299999999999998934, 15.50000000000000000, 1.152580537057889654 ) ) ;
#10475 = ORIENTED_EDGE ( 'NONE', *, *, #10901, .T. ) ;
#10476 = LINE ( 'NONE', #2777, #816 ) ;
#10477 = ORIENTED_EDGE ( 'NONE', *, *, #1389, .F. ) ;
#10478 = UNCERTAINTY_MEASURE_WITH_UNIT (LENGTH_MEASURE( 1.000000000000000082E-05 ), #4163, 'distance_accuracy_value', 'NONE');
#10479 = PLANE ( 'NONE',  #10684 ) ;
#10480 = ADVANCED_FACE ( 'NONE', ( #11033 ), #4865, .T. ) ;
#10481 = EDGE_CURVE ( 'NONE', #7533, #2496, #901, .T. ) ;
#10482 = CARTESIAN_POINT ( 'NONE',  ( 6.362555321405446662, 15.50000000000000178, -6.570000000000002061 ) ) ;
#10483 = ORIENTED_EDGE ( 'NONE', *, *, #577, .F. ) ;
#10484 = CARTESIAN_POINT ( 'NONE',  ( 6.500000000000000888, 15.50000000000000000, 1.049999999999999822 ) ) ;
#10485 = AXIS2_PLACEMENT_3D ( 'NONE', #9423, #3477, #5169 ) ;
#10486 = DIRECTION ( 'NONE',  ( 0.0000000000000000000, -0.0000000000000000000, -1.000000000000000000 ) ) ;
#10487 = VECTOR ( 'NONE', #5841, 1000.000000000000000 ) ;
#10488 = ORIENTED_EDGE ( 'NONE', *, *, #342, .T. ) ;
#10489 = CARTESIAN_POINT ( 'NONE',  ( 20.10000000000000142, 5.500000000000000000, -6.269999999999980034 ) ) ;
#10490 = CARTESIAN_POINT ( 'NONE',  ( 6.639788295342080815, 15.50000000000000178, 2.760388975034925529 ) ) ;
#10491 = CARTESIAN_POINT ( 'NONE',  ( 4.499999999999998224, 15.50000000000000000, 6.580769515458847252 ) ) ;
#10492 = CARTESIAN_POINT ( 'NONE',  ( 1.274999999999998801, -1.478419251352363239E-16, -5.309999999999999609 ) ) ;
#10493 = VERTEX_POINT ( 'NONE', #3172 ) ;
#10494 = CARTESIAN_POINT ( 'NONE',  ( 9.650000000000005684, 15.20000000000007390, 4.009999999999995346 ) ) ;
#10495 = AXIS2_PLACEMENT_3D ( 'NONE', #7661, #9452, #1769 ) ;
#10496 = DIRECTION ( 'NONE',  ( -0.0000000000000000000, 0.9999156794129788750, -0.01298591791445429834 ) ) ;
#10497 = EDGE_LOOP ( 'NONE', ( #2739, #8876, #9141, #5585 ) ) ;
#10498 = EDGE_CURVE ( 'NONE', #3696, #3108, #10195, .T. ) ;
#10499 = ORIENTED_EDGE ( 'NONE', *, *, #1048, .T. ) ;
#10500 = CARTESIAN_POINT ( 'NONE',  ( 4.515384615403285729, 15.50000000000000000, -0.9859366135022067379 ) ) ;
#10501 = VECTOR ( 'NONE', #7784, 1000.000000000000000 ) ;
#10502 = CARTESIAN_POINT ( 'NONE',  ( 9.650000000000002132, 13.20000000000007567, 7.420000000000003482 ) ) ;
#10503 = DIRECTION ( 'NONE',  ( 0.0000000000000000000, -0.01298591791445111512, 0.9999156794129788750 ) ) ;
#10504 = CARTESIAN_POINT ( 'NONE',  ( 8.299999999999998934, 15.49610433412370014, -2.659966272476189886 ) ) ;
#10505 = CARTESIAN_POINT ( 'NONE',  ( 4.346153846153820943, 15.41715728752538261, 6.740651128465054320 ) ) ;
#10506 = AXIS2_PLACEMENT_3D ( 'NONE', #2018, #5441, #1800 ) ;
#10507 = EDGE_CURVE ( 'NONE', #4801, #203, #7150, .T. ) ;
#10508 = CARTESIAN_POINT ( 'NONE',  ( 4.499999999999999112, 15.30259718358289689, -6.267436327059514589 ) ) ;
#10509 = CARTESIAN_POINT ( 'NONE',  ( 6.175697645272522074, 14.49999999999999645, 7.060161346322114895 ) ) ;
#10510 = CARTESIAN_POINT ( 'NONE',  ( 10.90000000000000036, 6.757765876465089860, 5.814999999999999503 ) ) ;
#10511 = ORIENTED_EDGE ( 'NONE', *, *, #2250, .F. ) ;
#10512 = ORIENTED_EDGE ( 'NONE', *, *, #8259, .T. ) ;
#10513 = DIRECTION ( 'NONE',  ( 0.0000000000000000000, -0.9615239476408231623, -0.2747211278973781257 ) ) ;
#10514 = CARTESIAN_POINT ( 'NONE',  ( 4.299999999999978506, 15.29999999999999361, -0.9822707367445229210 ) ) ;
#10515 = VECTOR ( 'NONE', #7151, 1000.000000000000000 ) ;
#10516 = CARTESIAN_POINT ( 'NONE',  ( 8.500000000000000000, 9.000000000000000000, -6.385601281123929773 ) ) ;
#10517 = CARTESIAN_POINT ( 'NONE',  ( 4.346153846153822720, 15.50000000000009948, -6.740651128465057873 ) ) ;
#10518 = EDGE_LOOP ( 'NONE', ( #7285, #4626, #6434, #4847 ) ) ;
#10519 = FACE_BOUND ( 'NONE', #1034, .T. ) ;
#10520 = EDGE_CURVE ( 'NONE', #10119, #5910, #4977, .T. ) ;
#10521 = ADVANCED_FACE ( 'NONE', ( #8502 ), #6442, .F. ) ;
#10522 = CARTESIAN_POINT ( 'NONE',  ( 4.505265930546661579, 15.50000000000000355, -8.622002183430629074 ) ) ;
#10523 = PLANE ( 'NONE',  #9160 ) ;
#10524 = VECTOR ( 'NONE', #5275, 1000.000000000000000 ) ;
#10525 = DIRECTION ( 'NONE',  ( 2.556434596176350141E-15, 1.000000000000000000, 0.0000000000000000000 ) ) ;
#10526 = ORIENTED_EDGE ( 'NONE', *, *, #1526, .T. ) ;
#10527 = LINE ( 'NONE', #2877, #5490 ) ;
#10528 = CARTESIAN_POINT ( 'NONE',  ( 4.315797791639861103, 15.41715728752541992, -8.547545581209151422 ) ) ;
#10529 = EDGE_CURVE ( 'NONE', #4308, #3539, #10083, .T. ) ;
#10530 = CARTESIAN_POINT ( 'NONE',  ( 6.226543705840295928, 15.50000000000000178, 8.643071962909994355 ) ) ;
#10531 = CARTESIAN_POINT ( 'NONE',  ( 9.018600732609503012, 15.20000000000007567, -3.409999999999999698 ) ) ;
#10532 = AXIS2_PLACEMENT_3D ( 'NONE', #2473, #11065, #4394 ) ;
#10533 = ORIENTED_EDGE ( 'NONE', *, *, #8865, .F. ) ;
#10534 = DIRECTION ( 'NONE',  ( 0.0000000000000000000, 0.0000000000000000000, 1.000000000000000000 ) ) ;
#10535 = VERTEX_POINT ( 'NONE', #2330 ) ;
#10536 = CARTESIAN_POINT ( 'NONE',  ( 9.599999999999999645, 5.799999999999998934, -6.303767091948870416 ) ) ;
#10537 = EDGE_LOOP ( 'NONE', ( #10073, #5676, #9073, #6479 ) ) ;
#10538 = LINE ( 'NONE', #10428, #797 ) ;
#10539 = ORIENTED_EDGE ( 'NONE', *, *, #4507, .T. ) ;
#10540 = CARTESIAN_POINT ( 'NONE',  ( 8.500000000000000000, 9.000000000000000000, -9.919999999999999929 ) ) ;
#10541 = SURFACE_STYLE_USAGE ( .BOTH. , #7111 ) ;
#10542 = EDGE_LOOP ( 'NONE', ( #1846, #6413, #527, #2935 ) ) ;
#10543 = CARTESIAN_POINT ( 'NONE',  ( 8.706350832689590646, 15.20000000000010054, 8.070000000000000284 ) ) ;
#10544 = CARTESIAN_POINT ( 'NONE',  ( 6.500000000000000888, 14.49999999999890754, 6.995000000010573871 ) ) ;
#10545 = EDGE_CURVE ( 'NONE', #4950, #8360, #5803, .T. ) ;
#10546 = CARTESIAN_POINT ( 'NONE',  ( 10.19999999999999929, 6.346386262629330588, 8.682639902568498158 ) ) ;
#10547 = EDGE_CURVE ( 'NONE', #7444, #1479, #10252, .T. ) ;
#10548 = ORIENTED_EDGE ( 'NONE', *, *, #3990, .F. ) ;
#10549 =( NAMED_UNIT ( * ) PLANE_ANGLE_UNIT ( ) SI_UNIT ( $, .RADIAN. ) );
#10550 = ORIENTED_EDGE ( 'NONE', *, *, #1123, .F. ) ;
#10551 = CARTESIAN_POINT ( 'NONE',  ( 4.500000000000000000, 8.997200455540209418, 8.854435076596329779 ) ) ;
#10552 = ORIENTED_EDGE ( 'NONE', *, *, #7122, .F. ) ;
#10553 = FACE_OUTER_BOUND ( 'NONE', #2677, .T. ) ;
#10554 = ORIENTED_EDGE ( 'NONE', *, *, #4449, .F. ) ;
#10555 = ORIENTED_EDGE ( 'NONE', *, *, #10507, .T. ) ;
#10556 = CARTESIAN_POINT ( 'NONE',  ( 6.500000000000000000, 11.69999999999999929, -9.019350649350650784 ) ) ;
#10557 = AXIS2_PLACEMENT_3D ( 'NONE', #4408, #10525, #9562 ) ;
#10558 = CARTESIAN_POINT ( 'NONE',  ( 8.500000000000000000, 8.999999999999998224, 8.854398718876065999 ) ) ;
#10559 = VECTOR ( 'NONE', #513, 1000.000000000000000 ) ;
#10560 = CARTESIAN_POINT ( 'NONE',  ( 10.19999999999999929, 5.199999999999999289, -8.936269300834878138 ) ) ;
#10561 = CARTESIAN_POINT ( 'NONE',  ( 1.474999999999999867, 2.099999999999999645, -6.719999999999999751 ) ) ;
#10562 = EDGE_CURVE ( 'NONE', #9425, #10926, #5609, .T. ) ;
#10563 = CARTESIAN_POINT ( 'NONE',  ( 4.346153846153805844, 15.30000000000000071, 4.689348871534967600 ) ) ;
#10564 = PLANE ( 'NONE',  #996 ) ;
#10565 = CARTESIAN_POINT ( 'NONE',  ( 4.346153846153820943, 15.30000000000000071, 6.740651128465056985 ) ) ;
#10566 = CIRCLE ( 'NONE', #4274, 1.350000000000020073 ) ;
#10567 = VECTOR ( 'NONE', #10867, 1000.000000000000000 ) ;
#10568 = PLANE ( 'NONE',  #2194 ) ;
#10569 = ORIENTED_EDGE ( 'NONE', *, *, #2120, .F. ) ;
#10570 = DIRECTION ( 'NONE',  ( -1.000000000000000000, -0.0000000000000000000, 0.0000000000000000000 ) ) ;
#10571 = EDGE_CURVE ( 'NONE', #8222, #11095, #1822, .T. ) ;
#10572 = DIRECTION ( 'NONE',  ( 0.0000000000000000000, 0.0000000000000000000, 1.000000000000000000 ) ) ;
#10573 = ORIENTED_EDGE ( 'NONE', *, *, #1389, .T. ) ;
#10574 = CARTESIAN_POINT ( 'NONE',  ( 4.781862296044550931, 15.50000000000000178, -7.963013899375037674 ) ) ;
#10575 = CARTESIAN_POINT ( 'NONE',  ( 9.599999999999999645, 5.199999999999999289, 2.493755341891159993 ) ) ;
#10576 = ORIENTED_EDGE ( 'NONE', *, *, #7996, .F. ) ;
#10577 = DIRECTION ( 'NONE',  ( -0.0000000000000000000, 0.0000000000000000000, 1.000000000000000000 ) ) ;
#10578 = ORIENTED_EDGE ( 'NONE', *, *, #9085, .T. ) ;
#10579 = B_SPLINE_CURVE_WITH_KNOTS ( 'NONE', 3,
 ( #940, #1605, #94, #6759, #1720, #891, #5915, #8616, #1829, #3513 ),
 .UNSPECIFIED., .F., .F.,
 ( 4, 2, 2, 2, 4 ),
 ( 0.0000000000000000000, 0.2500000000000000000, 0.5000000000000000000, 0.7500000000000000000, 1.000000000000000000 ),
 .UNSPECIFIED. ) ;
#10580 = DIRECTION ( 'NONE',  ( -0.4815434123430763491, 0.8427009716003845963, -0.2407717061715387019 ) ) ;
#10581 = ADVANCED_FACE ( 'NONE', ( #7794 ), #9403, .F. ) ;
#10582 = SURFACE_SIDE_STYLE ('',( #2823 ) ) ;
#10583 = CARTESIAN_POINT ( 'NONE',  ( 6.500000000000000000, 15.50000000000000000, 4.859999999999999432 ) ) ;
#10584 = DIRECTION ( 'NONE',  ( 1.000000000000000000, 0.0000000000000000000, 0.0000000000000000000 ) ) ;
#10585 = ORIENTED_EDGE ( 'NONE', *, *, #179, .T. ) ;
#10586 = LINE ( 'NONE', #5636, #4022 ) ;
#10587 = FACE_OUTER_BOUND ( 'NONE', #1553, .T. ) ;
#10588 = ORIENTED_EDGE ( 'NONE', *, *, #7758, .T. ) ;
#10589 = CARTESIAN_POINT ( 'NONE',  ( 4.299999999999963407, 9.000000000000000000, -0.9830235042407374779 ) ) ;
#10590 = CARTESIAN_POINT ( 'NONE',  ( 4.075000000000000178, 2.099999999999999645, 0.8999999999999832578 ) ) ;
#10591 = VERTEX_POINT ( 'NONE', #9632 ) ;
#10592 = ORIENTED_EDGE ( 'NONE', *, *, #3095, .T. ) ;
#10593 = FACE_BOUND ( 'NONE', #3450, .T. ) ;
#10594 = ORIENTED_EDGE ( 'NONE', *, *, #6830, .F. ) ;
#10596 = EDGE_CURVE ( 'NONE', #5148, #5948, #6141, .T. ) ;
#10595 = DIRECTION ( 'NONE',  ( -1.000000000000000000, 0.0000000000000000000, 0.0000000000000000000 ) ) ;
#10597 = ADVANCED_FACE ( 'NONE', ( #6985 ), #5313, .T. ) ;
#10598 = CARTESIAN_POINT ( 'NONE',  ( 9.600000000000001421, 5.500000000000000000, -2.459999999999979536 ) ) ;
#10599 = CARTESIAN_POINT ( 'NONE',  ( -0.9999999999999997780, 15.50000000000000000, 8.970000000000000639 ) ) ;
#10600 = DIRECTION ( 'NONE',  ( 0.0000000000000000000, -0.0000000000000000000, 1.000000000000000000 ) ) ;
#10601 = ORIENTED_EDGE ( 'NONE', *, *, #9257, .F. ) ;
#10602 = CARTESIAN_POINT ( 'NONE',  ( 4.694285714285666877, 15.30000000000000071, 0.3266152951415692285 ) ) ;
#10603 = ORIENTED_EDGE ( 'NONE', *, *, #912, .T. ) ;
#10604 = CARTESIAN_POINT ( 'NONE',  ( 8.299999999999998934, 15.50000000000000000, -9.070000000000000284 ) ) ;
#10605 = VERTEX_POINT ( 'NONE', #7040 ) ;
#10606 = ORIENTED_EDGE ( 'NONE', *, *, #6337, .T. ) ;
#10607 = EDGE_CURVE ( 'NONE', #5052, #10441, #3437, .T. ) ;
#10608 = CARTESIAN_POINT ( 'NONE',  ( 7.057641814740407860, 14.49999999999818279, -7.293758338282148479 ) ) ;
#10609 = CARTESIAN_POINT ( 'NONE',  ( 8.299999999999982947, 8.999999999999996447, -5.244415584415590637 ) ) ;
#10610 = DIRECTION ( 'NONE',  ( 0.0000000000000000000, 0.0000000000000000000, -1.000000000000000000 ) ) ;
#10611 = CARTESIAN_POINT ( 'NONE',  ( 8.500000000000000000, 8.999999999999998224, 5.044398718876068166 ) ) ;
#10612 = CARTESIAN_POINT ( 'NONE',  ( 11.19999999999999751, 6.457765876464969246, -5.979059865235982762 ) ) ;
#10613 = CARTESIAN_POINT ( 'NONE',  ( 4.382842712474609215, 15.50000000000005329, 8.617999736775759700 ) ) ;
#10614 = DIRECTION ( 'NONE',  ( -0.09119215051751136669, -0.9575175804338617036, -0.2735764515525318519 ) ) ;
#10615 = EDGE_CURVE ( 'NONE', #10671, #6930, #9463, .T. ) ;
#10616 = EDGE_CURVE ( 'NONE', #10683, #8082, #8781, .T. ) ;
#10617 = CARTESIAN_POINT ( 'NONE',  ( 6.500000000000000888, 14.49999999999890754, 8.244999999990564987 ) ) ;
#10618 = VECTOR ( 'NONE', #7334, 1000.000000000000000 ) ;
#10619 = ORIENTED_EDGE ( 'NONE', *, *, #1064, .T. ) ;
#10620 = CARTESIAN_POINT ( 'NONE',  ( 6.500000000000000888, 14.60000000001571152, 7.620000000000000107 ) ) ;
#10621 = FACE_OUTER_BOUND ( 'NONE', #2350, .T. ) ;
#10622 =( GEOMETRIC_REPRESENTATION_CONTEXT ( 3 ) GLOBAL_UNCERTAINTY_ASSIGNED_CONTEXT ( ( #1950 ) ) GLOBAL_UNIT_ASSIGNED_CONTEXT ( ( #8933, #1372, #10781 ) ) REPRESENTATION_CONTEXT ( 'NONE', 'WORKASPACE' ) );
#10623 = FACE_OUTER_BOUND ( 'NONE', #2170, .T. ) ;
#10624 = EDGE_LOOP ( 'NONE', ( #2778, #6380, #5013, #10688 ) ) ;
#10625 = FACE_OUTER_BOUND ( 'NONE', #2585, .T. ) ;
#10626 = ORIENTED_EDGE ( 'NONE', *, *, #4413, .T. ) ;
#10627 = DIRECTION ( 'NONE',  ( -1.000000000000000000, 0.0000000000000000000, 0.0000000000000000000 ) ) ;
#10628 = VERTEX_POINT ( 'NONE', #8566 ) ;
#10629 = LINE ( 'NONE', #2929, #3520 ) ;
#10630 = CARTESIAN_POINT ( 'NONE',  ( 9.599999999999999645, 5.601264653248205327, 2.460034638419191566 ) ) ;
#10631 = DIRECTION ( 'NONE',  ( -1.000000000000000000, 0.0000000000000000000, 0.0000000000000000000 ) ) ;
#10632 = VERTEX_POINT ( 'NONE', #10531 ) ;
#10633 = CARTESIAN_POINT ( 'NONE',  ( 8.300000000000000711, 15.49994977653715722, -1.148098700075004253 ) ) ;
#10634 = EDGE_LOOP ( 'NONE', ( #10452, #7226, #9569, #5187 ) ) ;
#10635 = CARTESIAN_POINT ( 'NONE',  ( 10.19999999999999929, 6.824881032803701508, 4.111344894286221852 ) ) ;
#10636 = ORIENTED_EDGE ( 'NONE', *, *, #9619, .F. ) ;
#10637 = CIRCLE ( 'NONE', #2048, 0.1999999999999996503 ) ;
#10638 = EDGE_CURVE ( 'NONE', #5338, #7644, #8362, .T. ) ;
#10639 = FACE_OUTER_BOUND ( 'NONE', #5304, .T. ) ;
#10640 = FACE_OUTER_BOUND ( 'NONE', #10029, .T. ) ;
#10641 = CARTESIAN_POINT ( 'NONE',  ( 4.499999999999997335, 15.30259718358289689, 1.352563672940485517 ) ) ;
#10642 = ORIENTED_EDGE ( 'NONE', *, *, #6175, .T. ) ;
#10643 = CARTESIAN_POINT ( 'NONE',  ( 8.299999999999998934, 15.50259483730813237, 8.886103730624428820 ) ) ;
#10644 = AXIS2_PLACEMENT_3D ( 'NONE', #9390, #1711, #5142 ) ;
#10645 = CARTESIAN_POINT ( 'NONE',  ( 6.500000000000000888, 14.49999999999890754, 3.184999999984140295 ) ) ;
#10646 = VECTOR ( 'NONE', #10600, 1000.000000000000000 ) ;
#10647 = CARTESIAN_POINT ( 'NONE',  ( 8.300000000000014921, 8.999999999999998224, -9.054415584415581364 ) ) ;
#10648 = ORIENTED_EDGE ( 'NONE', *, *, #9511, .F. ) ;
#10649 = DIRECTION ( 'NONE',  ( 1.000000000000000000, 0.0000000000000000000, 0.0000000000000000000 ) ) ;
#10650 = EDGE_LOOP ( 'NONE', ( #10245, #274, #3006, #7937, #4366, #610, #5730, #10065, #862, #2362, #5670, #7743 ) ) ;
#10651 = CARTESIAN_POINT ( 'NONE',  ( 4.515384615384593125, 15.50000000000000000, -0.9859366135391788299 ) ) ;
#10652 = VERTEX_POINT ( 'NONE', #5153 ) ;
#10653 = VERTEX_POINT ( 'NONE', #1831 ) ;
#10654 = AXIS2_PLACEMENT_3D ( 'NONE', #9313, #691, #1632 ) ;
#10655 = EDGE_CURVE ( 'NONE', #8350, #9335, #10716, .T. ) ;
#10656 = AXIS2_PLACEMENT_3D ( 'NONE', #8320, #648, #6534 ) ;
#10657 = ADVANCED_FACE ( 'NONE', ( #1103 ), #4520, .F. ) ;
#10658 = ORIENTED_EDGE ( 'NONE', *, *, #2430, .F. ) ;
#10659 = CARTESIAN_POINT ( 'NONE',  ( 9.554397331752653599, 13.20000000000010054, -0.3784453807219624877 ) ) ;
#10660 = CARTESIAN_POINT ( 'NONE',  ( 11.19999999999999751, 6.457765876464967469, 2.169059865235980933 ) ) ;
#10661 = CARTESIAN_POINT ( 'NONE',  ( 10.20000000000000462, 4.255697625097146997, -7.014999515783611805 ) ) ;
#10662 = DIRECTION ( 'NONE',  ( 0.0000000000000000000, 0.9999156794129789860, 0.01298591791445430008 ) ) ;
#10663 = AXIS2_PLACEMENT_3D ( 'NONE', #947, #4361, #99 ) ;
#10664 = AXIS2_PLACEMENT_3D ( 'NONE', #5399, #1134, #1197 ) ;
#10665 = EDGE_CURVE ( 'NONE', #4710, #3831, #6876, .T. ) ;
#10666 = CARTESIAN_POINT ( 'NONE',  ( 10.89999999999999858, 6.757765876465089860, 1.805000000000000160 ) ) ;
#10667 = CARTESIAN_POINT ( 'NONE',  ( 4.515384615403285729, 15.50000000000000000, -0.9859366135022067379 ) ) ;
#10668 = LINE ( 'NONE', #6565, #3678 ) ;
#10669 = CARTESIAN_POINT ( 'NONE',  ( 10.59529231284949979, 2.099999999999999645, -186.4960000000000093 ) ) ;
#10670 = CARTESIAN_POINT ( 'NONE',  ( 5.940353365575930411, 14.49999999999999822, 7.944374556496115680 ) ) ;
#10671 = VERTEX_POINT ( 'NONE', #1157 ) ;
#10672 = CARTESIAN_POINT ( 'NONE',  ( -0.9999999999999997780, 9.000000000000000000, -5.244415584415590637 ) ) ;
#10673 = DIRECTION ( 'NONE',  ( 1.445602896647339903E-15, -1.000000000000000000, 0.0000000000000000000 ) ) ;
#10674 = ORIENTED_EDGE ( 'NONE', *, *, #2552, .T. ) ;
#10675 = EDGE_CURVE ( 'NONE', #8081, #5372, #543, .T. ) ;
#10676 = SURFACE_SIDE_STYLE ('',( #7251 ) ) ;
#10677 = EDGE_CURVE ( 'NONE', #2441, #721, #1275, .T. ) ;
#10678 = VECTOR ( 'NONE', #6283, 1000.000000000000000 ) ;
#10679 = EDGE_LOOP ( 'NONE', ( #5282, #279, #3347, #8394 ) ) ;
#10680 = CARTESIAN_POINT ( 'NONE',  ( 4.416251525940023903, 15.49999999999999822, -8.543498959855849506 ) ) ;
#10681 = FACE_OUTER_BOUND ( 'NONE', #3236, .T. ) ;
#10682 = ORIENTED_EDGE ( 'NONE', *, *, #6700, .F. ) ;
#10683 = VERTEX_POINT ( 'NONE', #427 ) ;
#10684 = AXIS2_PLACEMENT_3D ( 'NONE', #2780, #6043, #8901 ) ;
#10685 = DIRECTION ( 'NONE',  ( 2.556434596176350141E-15, 1.000000000000000000, 0.0000000000000000000 ) ) ;
#10686 = CYLINDRICAL_SURFACE ( 'NONE', #1331, 0.2000000000000000944 ) ;
#10687 = FACE_OUTER_BOUND ( 'NONE', #6625, .T. ) ;
#10688 = ORIENTED_EDGE ( 'NONE', *, *, #9590, .T. ) ;
#10689 = DIRECTION ( 'NONE',  ( -0.0000000000000000000, 0.9999156794129788750, 0.01298591791445429834 ) ) ;
#10690 = ORIENTED_EDGE ( 'NONE', *, *, #6794, .T. ) ;
#10691 = FACE_OUTER_BOUND ( 'NONE', #7049, .T. ) ;
#10692 = UNCERTAINTY_MEASURE_WITH_UNIT (LENGTH_MEASURE( 1.000000000000000082E-05 ), #1936, 'distance_accuracy_value', 'NONE');
#10693 = CARTESIAN_POINT ( 'NONE',  ( 8.862475782649553935, 15.20000000000009877, -3.484999999999998543 ) ) ;
#10694 = CARTESIAN_POINT ( 'NONE',  ( 4.394278064412620033, 15.49999999999996980, -4.768386515657460301 ) ) ;
#10695 = DIRECTION ( 'NONE',  ( 0.0000000000000000000, -0.9999156794129788750, 0.01298591791445429834 ) ) ;
#10696 = CARTESIAN_POINT ( 'NONE',  ( 4.500000000000000000, 15.30000000000000426, 4.962580537057890595 ) ) ;
#10697 = CARTESIAN_POINT ( 'NONE',  ( 6.359824856001091042, 15.50000000000000178, -4.859604663760015875 ) ) ;
#10698 = AXIS2_PLACEMENT_3D ( 'NONE', #6567, #7523, #10102 ) ;
#10699 = FACE_OUTER_BOUND ( 'NONE', #1592, .T. ) ;
#10700 = CARTESIAN_POINT ( 'NONE',  ( 4.499999999999999112, 15.42062190192915949, 8.971030884390525983 ) ) ;
#10701 = CARTESIAN_POINT ( 'NONE',  ( 8.862475782649553935, 15.20000000000009877, 4.135000000000001563 ) ) ;
#10702 = EDGE_CURVE ( 'NONE', #10535, #8550, #8894, .T. ) ;
#10703 = CYLINDRICAL_SURFACE ( 'NONE', #8847, 0.2000000000000005107 ) ;
#10704 = VERTEX_POINT ( 'NONE', #5633 ) ;
#10705 = DIRECTION ( 'NONE',  ( 0.0000000000000000000, -1.000000000000000000, 0.0000000000000000000 ) ) ;
#10706 = ORIENTED_EDGE ( 'NONE', *, *, #7713, .T. ) ;
#10707 = DIRECTION ( 'NONE',  ( -1.000000000000000000, -0.0000000000000000000, -0.0000000000000000000 ) ) ;
#10708 = ORIENTED_EDGE ( 'NONE', *, *, #7918, .F. ) ;
#10709 = VECTOR ( 'NONE', #10486, 1000.000000000000000 ) ;
#10710 = B_SPLINE_CURVE_WITH_KNOTS ( 'NONE', 3,
 ( #6451, #6397, #9993, #7294, #516, #5446 ),
 .UNSPECIFIED., .F., .F.,
 ( 4, 2, 4 ),
 ( 0.0000000000000000000, 0.5000000000000000000, 1.000000000000000000 ),
 .UNSPECIFIED. ) ;
#10711 = VERTEX_POINT ( 'NONE', #3961 ) ;
#10712 = CARTESIAN_POINT ( 'NONE',  ( 4.500000000000000000, 15.29999999999999893, -2.657419462942110400 ) ) ;
#10713 = CARTESIAN_POINT ( 'NONE',  ( 6.500000000000000000, 14.59999999999999964, 7.620000000000000107 ) ) ;
#10714 = B_SPLINE_CURVE_WITH_KNOTS ( 'NONE', 3,
 ( #7349, #2292, #514, #2340 ),
 .UNSPECIFIED., .F., .F.,
 ( 4, 4 ),
 ( 0.0000000000000000000, 1.000000000000000000 ),
 .UNSPECIFIED. ) ;
#10715 = CARTESIAN_POINT ( 'NONE',  ( 6.500000000000000888, 15.50000000000000000, -1.049999999999999822 ) ) ;
#10716 = CIRCLE ( 'NONE', #7338, 0.2000000000000001499 ) ;
#10717 = CARTESIAN_POINT ( 'NONE',  ( 9.349999999999999645, 7.799999999999998934, -9.919999999999999929 ) ) ;
#10718 = AXIS2_PLACEMENT_3D ( 'NONE', #6244, #9726, #2038 ) ;
#10719 = ADVANCED_FACE ( 'NONE', ( #9740 ), #8214, .T. ) ;
#10720 = DIRECTION ( 'NONE',  ( 0.0000000000000000000, -0.0000000000000000000, 1.000000000000000000 ) ) ;
#10721 = CARTESIAN_POINT ( 'NONE',  ( 11.15732851968652106, 6.612858871108943326, 1.727358167893094265 ) ) ;
#10722 = CARTESIAN_POINT ( 'NONE',  ( 4.299999999999958078, 15.30000000000000071, 8.659230484541332373 ) ) ;
#10723 = ORIENTED_EDGE ( 'NONE', *, *, #4655, .F. ) ;
#10724 = CARTESIAN_POINT ( 'NONE',  ( 4.515384615381074163, 15.50000000000000000, -8.605936613546161240 ) ) ;
#10725 = LINE ( 'NONE', #6457, #10883 ) ;
#10726 = ADVANCED_FACE ( 'NONE', ( #5575 ), #6471, .F. ) ;
#10727 = VERTEX_POINT ( 'NONE', #8994 ) ;
#10728 = VERTEX_POINT ( 'NONE', #8832 ) ;
#10729 = FACE_OUTER_BOUND ( 'NONE', #5654, .T. ) ;
#10730 = PLANE ( 'NONE',  #9906 ) ;
#10731 = EDGE_CURVE ( 'NONE', #9839, #3085, #2994, .T. ) ;
#10732 = EDGE_CURVE ( 'NONE', #3071, #9222, #1997, .T. ) ;
#10733 = CARTESIAN_POINT ( 'NONE',  ( 8.499999999999998224, 15.30000000000000249, -8.772580537057885763 ) ) ;
#10734 = CARTESIAN_POINT ( 'NONE',  ( 4.694285714285673983, 15.41715728752538261, -7.293384704858458356 ) ) ;
#10735 = DIRECTION ( 'NONE',  ( 3.880602260699040389E-17, -0.2747211278973781257, 0.9615239476408231623 ) ) ;
#10736 = ORIENTED_EDGE ( 'NONE', *, *, #4093, .T. ) ;
#10737 = CYLINDRICAL_SURFACE ( 'NONE', #7336, 0.2000000000000005107 ) ;
#10738 = VECTOR ( 'NONE', #1698, 999.9999999999998863 ) ;
#10739 = ADVANCED_FACE ( 'NONE', ( #10687 ), #9908, .T. ) ;
#10740 = EDGE_LOOP ( 'NONE', ( #8432, #9470, #9251, #6997 ) ) ;
#10741 = CIRCLE ( 'NONE', #7684, 1.650000000000000355 ) ;
#10742 = EDGE_CURVE ( 'NONE', #2647, #2865, #6313, .T. ) ;
#10743 = CARTESIAN_POINT ( 'NONE',  ( 10.19999999999999929, 6.650913555578844338, 0.7221253717925572024 ) ) ;
#10744 = CARTESIAN_POINT ( 'NONE',  ( 5.969997430234574409, 15.49999999999999822, 8.537094319120740238 ) ) ;
#10745 = CARTESIAN_POINT ( 'NONE',  ( 4.299999999999999822, 15.29999999999999893, -2.657419462942110400 ) ) ;
#10746 = ORIENTED_EDGE ( 'NONE', *, *, #7562, .T. ) ;
#10747 = CARTESIAN_POINT ( 'NONE',  ( 8.499991117421789255, 15.29997552248377701, -1.150695768309470068 ) ) ;
#10748 = ORIENTED_EDGE ( 'NONE', *, *, #6466, .T. ) ;
#10749 = CARTESIAN_POINT ( 'NONE',  ( 10.19999999999999929, 6.346386262629342134, 4.872639902568491443 ) ) ;
#10750 = DIRECTION ( 'NONE',  ( 2.556434596176350141E-15, 1.000000000000000000, 0.0000000000000000000 ) ) ;
#10751 = CARTESIAN_POINT ( 'NONE',  ( 4.299999999999999822, 15.35235987755982912, -6.467419462942110009 ) ) ;
#10752 = ORIENTED_EDGE ( 'NONE', *, *, #1728, .F. ) ;
#10753 = CARTESIAN_POINT ( 'NONE',  ( 4.499999999999998224, 15.30259718358288978, -1.352563672940485739 ) ) ;
#10754 = EDGE_CURVE ( 'NONE', #8526, #2365, #7370, .T. ) ;
#10755 = EDGE_CURVE ( 'NONE', #3173, #4972, #3902, .T. ) ;
#10756 = CYLINDRICAL_SURFACE ( 'NONE', #10903, 0.2999999999999981570 ) ;
#10757 = B_SPLINE_CURVE_WITH_KNOTS ( 'NONE', 3,
 ( #8521, #7696, #4935, #786, #9133, #11048 ),
 .UNSPECIFIED., .F., .F.,
 ( 4, 2, 4 ),
 ( 0.0000000000000000000, 0.5000000000000000000, 1.000000000000000000 ),
 .UNSPECIFIED. ) ;
#10758 = DIRECTION ( 'NONE',  ( -1.000000000000000000, 0.0000000000000000000, 0.0000000000000000000 ) ) ;
#10759 = DIRECTION ( 'NONE',  ( 0.0000000000000000000, -0.01298591791445111512, 0.9999156794129788750 ) ) ;
#10760 =( BOUNDED_SURFACE ( )  B_SPLINE_SURFACE ( 3, 3, ( 
 ( #1910, #4379, #6164, #8638 ),
 ( #10389, #10440, #2632, #9655 ),
 ( #2738, #9595, #7123, #9707 ),
 ( #2685, #6110, #5335, #9532 ) ),
 .UNSPECIFIED., .F., .F., .F. ) 
 B_SPLINE_SURFACE_WITH_KNOTS ( ( 4, 4 ),
 ( 4, 4 ),
 ( 0.0000000000000000000, 1.000000000000000000 ),
 ( 0.0000000000000000000, 1.000000000000000000 ),
 .UNSPECIFIED. ) 
 GEOMETRIC_REPRESENTATION_ITEM ( )  RATIONAL_B_SPLINE_SURFACE ( (
 ( 1.000000000000000000, 0.9738459485536802296, 0.9738459485536802296, 1.000000000000000000),
 ( 0.8047378541243457306, 0.7836906988867766710, 0.7836906988867766710, 0.8047378541243457306),
 ( 0.8047378541243457306, 0.7836906988867766710, 0.7836906988867766710, 0.8047378541243457306),
 ( 1.000000000000000000, 0.9738459485536802296, 0.9738459485536802296, 1.000000000000000000) ) ) 
 REPRESENTATION_ITEM ( '' )  SURFACE ( )  );
#10761 = CARTESIAN_POINT ( 'NONE',  ( 9.199999999999999289, 7.799999999999999822, 9.919999999999999929 ) ) ;
#10762 = ORIENTED_EDGE ( 'NONE', *, *, #2634, .T. ) ;
#10763 = LINE ( 'NONE', #3065, #982 ) ;
#10764 = EDGE_LOOP ( 'NONE', ( #7633, #3817, #7933, #562 ) ) ;
#10765 = CARTESIAN_POINT ( 'NONE',  ( 4.382842712474577240, 15.50000000000000178, -2.812000263224248897 ) ) ;
#10766 = ORIENTED_EDGE ( 'NONE', *, *, #1324, .F. ) ;
#10767 = SURFACE_SIDE_STYLE ('',( #1185 ) ) ;
#10768 = VERTEX_POINT ( 'NONE', #4580 ) ;
#10769 = DIRECTION ( 'NONE',  ( 0.0000000000000000000, -1.000000000000000000, 0.0000000000000000000 ) ) ;
#10770 = CYLINDRICAL_SURFACE ( 'NONE', #4632, 0.2000000000000005107 ) ;
#10771 = CARTESIAN_POINT ( 'NONE',  ( 9.450000000000001066, 15.20000000000005080, -0.4000000000000001887 ) ) ;
#10772 = DIRECTION ( 'NONE',  ( 0.0000000000000000000, 0.0000000000000000000, 1.000000000000000000 ) ) ;
#10773 = DIRECTION ( 'NONE',  ( -1.000000000000000000, -4.336808689942017736E-16, 0.0000000000000000000 ) ) ;
#10774 = DIRECTION ( 'NONE',  ( -1.000000000000000000, -0.0000000000000000000, -0.0000000000000000000 ) ) ;
#10775 = DIRECTION ( 'NONE',  ( 0.0000000000000000000, -1.000000000000000000, 0.0000000000000000000 ) ) ;
#10776 = CARTESIAN_POINT ( 'NONE',  ( 5.660349815481909630, 15.50000000000000533, -8.265274055973661049 ) ) ;
#10777 = EDGE_CURVE ( 'NONE', #10868, #2135, #6370, .T. ) ;
#10778 = LINE ( 'NONE', #3083, #8196 ) ;
#10779 = EDGE_LOOP ( 'NONE', ( #6938, #6112, #6550, #10002 ) ) ;
#10780 = CARTESIAN_POINT ( 'NONE',  ( 6.375000000000000000, 3.469446951953613696E-16, 9.919999999999999929 ) ) ;
#10781 =( NAMED_UNIT ( * ) SI_UNIT ( $, .STERADIAN. ) SOLID_ANGLE_UNIT ( ) );
#10782 = ORIENTED_EDGE ( 'NONE', *, *, #5096, .F. ) ;
#10783 = VERTEX_POINT ( 'NONE', #7203 ) ;
#10784 = SURFACE_SIDE_STYLE ('',( #2416 ) ) ;
#10785 = VECTOR ( 'NONE', #10130, 1000.000000000000000 ) ;
#10786 = CARTESIAN_POINT ( 'NONE',  ( 4.321556393503234617, 15.40439955824826335, 6.467909476159364957 ) ) ;
#10787 = ORIENTED_EDGE ( 'NONE', *, *, #5391, .T. ) ;
#10788 = ADVANCED_FACE ( 'NONE', ( #2825 ), #2208, .T. ) ;
#10789 = ADVANCED_FACE ( 'NONE', ( #320 ), #3739, .T. ) ;
#10790 = B_SPLINE_CURVE_WITH_KNOTS ( 'NONE', 3,
 ( #4342, #9618, #5356, #7780 ),
 .UNSPECIFIED., .F., .F.,
 ( 4, 4 ),
 ( 0.0000000000000000000, 1.000000000000000000 ),
 .UNSPECIFIED. ) ;
#10791 = CARTESIAN_POINT ( 'NONE',  ( 4.499999999999988454, 15.50000000000000000, -4.849230484541146247 ) ) ;
#10792 = EDGE_LOOP ( 'NONE', ( #5024, #6539, #7503 ) ) ;
#10793 = CARTESIAN_POINT ( 'NONE',  ( 8.369143109499560751, 15.42062190192916304, -6.268969115609468901 ) ) ;
#10794 = VECTOR ( 'NONE', #10105, 1000.000000000000000 ) ;
#10795 = CARTESIAN_POINT ( 'NONE',  ( 7.523120527381448319, 15.50000000000000178, 0.2735054433163672249 ) ) ;
#10796 = CARTESIAN_POINT ( 'NONE',  ( 11.16612991718305636, 6.597505421442273921, -2.091136529945465838 ) ) ;
#10797 = ORIENTED_EDGE ( 'NONE', *, *, #7320, .T. ) ;
#10798 = FILL_AREA_STYLE ('',( #5783 ) ) ;
#10799 = ORIENTED_EDGE ( 'NONE', *, *, #129, .T. ) ;
#10800 = CARTESIAN_POINT ( 'NONE',  ( 8.300000000000000711, 15.30259718358290399, -8.972563672940486512 ) ) ;
#10801 = CARTESIAN_POINT ( 'NONE',  ( 8.300000000000014921, 8.999999999999998224, -9.054415584415581364 ) ) ;
#10802 = CARTESIAN_POINT ( 'NONE',  ( 8.478445380721959523, 15.40439733175265857, -2.657419462942109512 ) ) ;
#10803 = CARTESIAN_POINT ( 'NONE',  ( 9.628445380721970537, 15.20000000000010054, -3.505602668247343345 ) ) ;
#10804 = CYLINDRICAL_SURFACE ( 'NONE', #356, 0.2999999999999999334 ) ;
#10805 = DIRECTION ( 'NONE',  ( 0.0000000000000000000, -0.0000000000000000000, 1.000000000000000000 ) ) ;
#10806 = CARTESIAN_POINT ( 'NONE',  ( 9.650000000000005684, 15.20000000000007567, -7.420000000000003482 ) ) ;
#10807 = CARTESIAN_POINT ( 'NONE',  ( 8.499999999999998224, 15.30000000000000249, 2.657419462942110400 ) ) ;
#10808 = ORIENTED_EDGE ( 'NONE', *, *, #2146, .T. ) ;
#10809 = AXIS2_PLACEMENT_3D ( 'NONE', #2554, #4356, #3569 ) ;
#10810 = CARTESIAN_POINT ( 'NONE',  ( 8.499999999999998224, 15.30000000000000249, -4.962580537057889707 ) ) ;
#10811 = EDGE_CURVE ( 'NONE', #626, #10014, #2931, .T. ) ;
#10812 = ORIENTED_EDGE ( 'NONE', *, *, #1064, .F. ) ;
#10813 = CARTESIAN_POINT ( 'NONE',  ( 4.299999999999999822, 9.000000000000000000, -9.070000000000000284 ) ) ;
#10814 = EDGE_LOOP ( 'NONE', ( #8966, #7846, #9358, #6523 ) ) ;
#10815 = EDGE_CURVE ( 'NONE', #36, #8071, #6585, .T. ) ;
#10816 = CARTESIAN_POINT ( 'NONE',  ( 9.650000000000000355, 13.19999999999999929, 4.009999999999999787 ) ) ;
#10817 = ORIENTED_EDGE ( 'NONE', *, *, #1280, .T. ) ;
#10818 = PRESENTATION_LAYER_ASSIGNMENT (  '', '', ( #2924 ) ) ;
#10819 = CARTESIAN_POINT ( 'NONE',  ( 8.299999999999998934, 15.30259718358288978, 6.267436327059519030 ) ) ;
#10820 = PRESENTATION_LAYER_ASSIGNMENT (  '', '', ( #4382 ) ) ;
#10821 = CARTESIAN_POINT ( 'NONE',  ( 4.599999999999980105, 15.30000000000000071, -6.580769515458699814 ) ) ;
#10822 = DIRECTION ( 'NONE',  ( -1.000000000000000000, -0.0000000000000000000, -0.0000000000000000000 ) ) ;
#10823 = DIRECTION ( 'NONE',  ( 0.0000000000000000000, 0.9999156794129789860, -0.01298591791445430008 ) ) ;
#10824 = B_SPLINE_CURVE_WITH_KNOTS ( 'NONE', 3,
 ( #2734, #6160, #9587, #1397 ),
 .UNSPECIFIED., .F., .F.,
 ( 4, 4 ),
 ( 0.0000000000000000000, 1.000000000000000000 ),
 .UNSPECIFIED. ) ;
#10825 = LINE ( 'NONE', #244, #8490 ) ;
#10826 = CARTESIAN_POINT ( 'NONE',  ( 11.20000000000000284, 5.500000000000000000, -8.970000000000020179 ) ) ;
#10827 = EDGE_CURVE ( 'NONE', #1692, #8282, #4228, .T. ) ;
#10828 = AXIS2_PLACEMENT_3D ( 'NONE', #7765, #10447, #9491 ) ;
#10829 = AXIS2_PLACEMENT_3D ( 'NONE', #7950, #3460, #10534 ) ;
#10830 = CARTESIAN_POINT ( 'NONE',  ( 4.599999999999980105, 15.50000000000009948, -1.039230484541299848 ) ) ;
#10831 = B_SPLINE_CURVE_WITH_KNOTS ( 'NONE', 3,
 ( #8859, #2800, #5497, #1189, #3768, #3596 ),
 .UNSPECIFIED., .F., .F.,
 ( 4, 2, 4 ),
 ( 0.0000000000000000000, 0.5000000000000000000, 1.000000000000000000 ),
 .UNSPECIFIED. ) ;
#10832 = CARTESIAN_POINT ( 'NONE',  ( 5.582524292228029594, 15.50000000000000000, -8.148799929389447527 ) ) ;
#10833 =( NAMED_UNIT ( * ) SI_UNIT ( $, .STERADIAN. ) SOLID_ANGLE_UNIT ( ) );
#10834 = ORIENTED_EDGE ( 'NONE', *, *, #10562, .F. ) ;
#10835 = ORIENTED_EDGE ( 'NONE', *, *, #5580, .T. ) ;
#10836 = CARTESIAN_POINT ( 'NONE',  ( 4.443991046532499212, 9.000000000000001776, -6.185998574942144224 ) ) ;
#10837 = AXIS2_PLACEMENT_3D ( 'NONE', #9316, #2645, #5126 ) ;
#10838 =( NAMED_UNIT ( * ) PLANE_ANGLE_UNIT ( ) SI_UNIT ( $, .RADIAN. ) );
#10839 = EDGE_CURVE ( 'NONE', #10605, #8300, #7437, .T. ) ;
#10840 = ORIENTED_EDGE ( 'NONE', *, *, #10000, .T. ) ;
#10841 = CARTESIAN_POINT ( 'NONE',  ( 9.018600732609508341, 13.20000000000007567, 3.409999999999999698 ) ) ;
#10842 = VECTOR ( 'NONE', #10049, 1000.000000000000000 ) ;
#10843 = DIRECTION ( 'NONE',  ( 1.000000000000000000, -0.0000000000000000000, 0.0000000000000000000 ) ) ;
#10844 = ORIENTED_EDGE ( 'NONE', *, *, #4676, .T. ) ;
#10845 = B_SPLINE_CURVE_WITH_KNOTS ( 'NONE', 3,
 ( #6841, #5825, #5174, #6619, #10943, #5121, #1571, #6788, #8414, #7579, #9430, #3, #1745, #3426, #1520, #6005, #11057, #4107 ),
 .UNSPECIFIED., .F., .F.,
 ( 4, 2, 2, 2, 2, 2, 2, 2, 4 ),
 ( 0.0000000000000000000, 0.1250000000000000000, 0.2500000000000000000, 0.3750000000000000000, 0.5000000000000000000, 0.6250000000000000000, 0.7500000000000000000, 0.8750000000000000000, 1.000000000000000000 ),
 .UNSPECIFIED. ) ;
#10846 = FACE_OUTER_BOUND ( 'NONE', #3452, .T. ) ;
#10847 = ORIENTED_EDGE ( 'NONE', *, *, #10742, .T. ) ;
#10848 = VERTEX_POINT ( 'NONE', #1436 ) ;
#10849 = CARTESIAN_POINT ( 'NONE',  ( 4.321556393503233728, 15.40439955824826157, 4.962090523840634759 ) ) ;
#10850 = VECTOR ( 'NONE', #6765, 1000.000000000000000 ) ;
#10851 = DIRECTION ( 'NONE',  ( -1.000000000000000000, -0.0000000000000000000, -0.0000000000000000000 ) ) ;
#10852 = CARTESIAN_POINT ( 'NONE',  ( 8.706350832689590646, 13.20000000000010054, 3.559999999999999609 ) ) ;
#10853 = ADVANCED_FACE ( 'NONE', ( #8371 ), #9043, .T. ) ;
#10854 = CARTESIAN_POINT ( 'NONE',  ( 4.499999999999998224, 15.50000000000000000, -6.580769515458847252 ) ) ;
#10855 = ORIENTED_EDGE ( 'NONE', *, *, #1048, .F. ) ;
#10856 = LINE ( 'NONE', #650, #7263 ) ;
#10857 = DIRECTION ( 'NONE',  ( 0.0000000000000000000, -1.000000000000000000, 0.0000000000000000000 ) ) ;
#10858 = CARTESIAN_POINT ( 'NONE',  ( 10.90000000000000036, 6.757765876465089860, -1.805000000000000160 ) ) ;
#10859 = FACE_BOUND ( 'NONE', #5259, .T. ) ;
#10860 = ORIENTED_EDGE ( 'NONE', *, *, #9777, .F. ) ;
#10861 = CARTESIAN_POINT ( 'NONE',  ( 4.321554619278035858, 9.000489967319669660, 2.471201508996599294 ) ) ;
#10862 = ORIENTED_EDGE ( 'NONE', *, *, #1566, .F. ) ;
#10863 = EDGE_CURVE ( 'NONE', #6443, #7588, #2266, .T. ) ;
#10864 = LINE ( 'NONE', #598, #166 ) ;
#10865 = DIRECTION ( 'NONE',  ( -1.000000000000000000, -0.0000000000000000000, -0.0000000000000000000 ) ) ;
#10866 = CARTESIAN_POINT ( 'NONE',  ( 8.299999999999982947, 8.999999999999996447, -1.434415584415590139 ) ) ;
#10867 = DIRECTION ( 'NONE',  ( 0.0000000000000000000, 0.0000000000000000000, 1.000000000000000000 ) ) ;
#10868 = VERTEX_POINT ( 'NONE', #9107 ) ;
#10869 = CARTESIAN_POINT ( 'NONE',  ( 9.650000000000003908, 15.20000000000009699, 7.872359877559831354 ) ) ;
#10870 = ORIENTED_EDGE ( 'NONE', *, *, #4491, .F. ) ;
#10871 = CARTESIAN_POINT ( 'NONE',  ( 4.416251525940028344, 15.50000000000000888, -2.886501040144152874 ) ) ;
#10872 = CARTESIAN_POINT ( 'NONE',  ( 8.299999999999998934, 15.50000000000000000, 9.070000000000000284 ) ) ;
#10873 = EDGE_LOOP ( 'NONE', ( #9691, #6915, #3537, #3121 ) ) ;
#10874 = PRESENTATION_LAYER_ASSIGNMENT (  '', '', ( #2449 ) ) ;
#10875 = CARTESIAN_POINT ( 'NONE',  ( 1.274999999999998801, -1.478419251352363239E-16, -1.499999999999999556 ) ) ;
#10876 = EDGE_CURVE ( 'NONE', #3097, #1522, #2320, .T. ) ;
#10877 = CARTESIAN_POINT ( 'NONE',  ( 10.89999999999962377, 7.009966887054290829, 9.219999999999933138 ) ) ;
#10878 = EDGE_CURVE ( 'NONE', #28, #1833, #1535, .T. ) ;
#10879 = DIRECTION ( 'NONE',  ( -0.0000000000000000000, 0.01298591791445429834, 0.9999156794129788750 ) ) ;
#10880 = DIRECTION ( 'NONE',  ( -0.0000000000000000000, -0.0000000000000000000, 1.000000000000000000 ) ) ;
#10881 = CARTESIAN_POINT ( 'NONE',  ( 8.499991117421787479, 15.29997552248377524, -2.659304231690534426 ) ) ;
#10882 = CARTESIAN_POINT ( 'NONE',  ( 7.549924752704436415, 15.50000000000000000, 7.481149531518091145 ) ) ;
#10883 = VECTOR ( 'NONE', #9889, 1000.000000000000000 ) ;
#10884 = FACE_OUTER_BOUND ( 'NONE', #6673, .T. ) ;
#10885 = VERTEX_POINT ( 'NONE', #9326 ) ;
#10886 = ORIENTED_EDGE ( 'NONE', *, *, #6258, .T. ) ;
#10887 = FACE_OUTER_BOUND ( 'NONE', #3371, .T. ) ;
#10888 = AXIS2_PLACEMENT_3D ( 'NONE', #10376, #2888, #6324 ) ;
#10889 = EDGE_CURVE ( 'NONE', #392, #3350, #1589, .T. ) ;
#10890 = DIRECTION ( 'NONE',  ( 0.0000000000000000000, 0.0000000000000000000, 1.000000000000000000 ) ) ;
#10891 = CARTESIAN_POINT ( 'NONE',  ( 4.299999999999999822, 9.000000000000000000, 5.259999999999999787 ) ) ;
#10892 = EDGE_LOOP ( 'NONE', ( #10619, #1243 ) ) ;
#10893 = CARTESIAN_POINT ( 'NONE',  ( 8.299999999999998934, 15.53376032063300016, -4.959544688737979712 ) ) ;
#10894 = AXIS2_PLACEMENT_3D ( 'NONE', #8238, #7395, #6558 ) ;
#10895 = DIRECTION ( 'NONE',  ( 1.000000000000000000, 0.0000000000000000000, -0.0000000000000000000 ) ) ;
#10896 = ORIENTED_EDGE ( 'NONE', *, *, #1155, .T. ) ;
#10897 = CARTESIAN_POINT ( 'NONE',  ( 8.706350832689592423, 15.20000000000007390, -0.2499999999999997780 ) ) ;
#10898 = VERTEX_POINT ( 'NONE', #5019 ) ;
#10899 = ORIENTED_EDGE ( 'NONE', *, *, #2418, .F. ) ;
#10900 = CARTESIAN_POINT ( 'NONE',  ( 4.499999999999996447, 15.42062190192916482, 1.351030884390530096 ) ) ;
#10901 = EDGE_CURVE ( 'NONE', #7444, #224, #8426, .T. ) ;
#10902 = DIRECTION ( 'NONE',  ( -1.000000000000000000, 0.0000000000000000000, 0.0000000000000000000 ) ) ;
#10903 = AXIS2_PLACEMENT_3D ( 'NONE', #1337, #9008, #1495 ) ;
#10904 = CARTESIAN_POINT ( 'NONE',  ( 7.144158946280201761, 15.50000000000000000, -0.8406354189934155396 ) ) ;
#10905 = CARTESIAN_POINT ( 'NONE',  ( 11.18914246427791070, 6.546115909585979331, -2.119535431422278737 ) ) ;
#10906 = CARTESIAN_POINT ( 'NONE',  ( 4.075000000000000178, 2.099999999999999645, 76.72799999999999443 ) ) ;
#10907 = CARTESIAN_POINT ( 'NONE',  ( 9.018600732609510118, 13.20000000000007567, -7.220000000000000639 ) ) ;
#10908 = UNCERTAINTY_MEASURE_WITH_UNIT (LENGTH_MEASURE( 1.000000000000000082E-05 ), #2314, 'distance_accuracy_value', 'NONE');
#10909 = DIRECTION ( 'NONE',  ( 1.000000000000000000, 0.0000000000000000000, 0.0000000000000000000 ) ) ;
#10910 = LINE ( 'NONE', #8323, #2899 ) ;
#10911 = DIRECTION ( 'NONE',  ( 1.192092219434271365E-16, 0.2290393337273615437, -0.9734171683331489522 ) ) ;
#10912 = ORIENTED_EDGE ( 'NONE', *, *, #7254, .F. ) ;
#10913 = CARTESIAN_POINT ( 'NONE',  ( 4.499999999999999112, 15.50259483730812349, -2.543896269375566010 ) ) ;
#10914 = EDGE_LOOP ( 'NONE', ( #8623, #6096, #3398, #6940 ) ) ;
#10915 = EDGE_CURVE ( 'NONE', #4661, #7526, #10404, .T. ) ;
#10916 = EDGE_LOOP ( 'NONE', ( #8405, #2898, #4280, #3564 ) ) ;
#10917 = CARTESIAN_POINT ( 'NONE',  ( 5.970620788249315858, 15.50000000000000178, -4.727195321208164991 ) ) ;
#10918 = CARTESIAN_POINT ( 'NONE',  ( 10.19999999999999929, 5.949892667124001555, -2.528344712590507193 ) ) ;
#10919 = LINE ( 'NONE', #4976, #9747 ) ;
#10920 = DIRECTION ( 'NONE',  ( 2.556434596176350141E-15, 1.000000000000000000, 0.0000000000000000000 ) ) ;
#10921 = VERTEX_POINT ( 'NONE', #10852 ) ;
#10922 = DIRECTION ( 'NONE',  ( 0.0000000000000000000, 0.0000000000000000000, -1.000000000000000000 ) ) ;
#10923 = EDGE_LOOP ( 'NONE', ( #9925, #1490, #1321, #4523 ) ) ;
#10924 = CARTESIAN_POINT ( 'NONE',  ( 9.600000000000001421, 5.500000000000000000, -8.970000000000020179 ) ) ;
#10925 = CARTESIAN_POINT ( 'NONE',  ( 9.599999999999999645, 5.799999999999998046, -8.936236820298944394 ) ) ;
#10926 = VERTEX_POINT ( 'NONE', #7422 ) ;
#10927 = EDGE_CURVE ( 'NONE', #8313, #5784, #3568, .T. ) ;
#10928 = CARTESIAN_POINT ( 'NONE',  ( 10.89999999999962377, 7.009966887054290829, -9.219999999999933138 ) ) ;
#10929 = EDGE_CURVE ( 'NONE', #8009, #392, #3751, .T. ) ;
#10930 = CARTESIAN_POINT ( 'NONE',  ( 11.19999999999999751, 6.457765876465027866, 5.450940134763995637 ) ) ;
#10931 = CARTESIAN_POINT ( 'NONE',  ( 4.299999999999999822, 9.000000000000000000, -2.360000000000000320 ) ) ;
#10932 = FACE_OUTER_BOUND ( 'NONE', #2254, .T. ) ;
#10933 = B_SPLINE_CURVE_WITH_KNOTS ( 'NONE', 3,
 ( #6083, #1821, #988, #2542 ),
 .UNSPECIFIED., .F., .F.,
 ( 4, 4 ),
 ( 0.0000000000000000000, 1.000000000000000000 ),
 .UNSPECIFIED. ) ;
#10934 = ORIENTED_EDGE ( 'NONE', *, *, #8524, .T. ) ;
#10935 = CARTESIAN_POINT ( 'NONE',  ( 11.17178785801862873, 6.747934930431261691, 9.220000000000000639 ) ) ;
#10936 = CARTESIAN_POINT ( 'NONE',  ( 7.144158946280165345, 15.50000000000000000, 6.779364581006492863 ) ) ;
#10937 = DIRECTION ( 'NONE',  ( 0.0000000000000000000, -1.000000000000000000, 0.0000000000000000000 ) ) ;
#10938 = EDGE_CURVE ( 'NONE', #835, #1020, #4231, .T. ) ;
#10939 = CARTESIAN_POINT ( 'NONE',  ( 11.19999999999999929, 7.799999999999999822, 9.220000000000000639 ) ) ;
#10940 = ORIENTED_EDGE ( 'NONE', *, *, #8390, .T. ) ;
#10941 = ORIENTED_EDGE ( 'NONE', *, *, #10876, .F. ) ;
#10942 = DIRECTION ( 'NONE',  ( 0.0000000000000000000, -1.000000000000000000, 0.0000000000000000000 ) ) ;
#10943 = CARTESIAN_POINT ( 'NONE',  ( 10.19999999999999929, 4.540238430996691221, 4.771825646931210585 ) ) ;
#10944 = B_SPLINE_CURVE_WITH_KNOTS ( 'NONE', 3,
 ( #2450, #7807, #10981, #6653 ),
 .UNSPECIFIED., .F., .F.,
 ( 4, 4 ),
 ( 0.0000000000000000000, 1.000000000000000000 ),
 .UNSPECIFIED. ) ;
#10945 = CARTESIAN_POINT ( 'NONE',  ( 4.499999999999957367, 15.50000000000000000, 4.830243901942416151 ) ) ;
#10946 = ORIENTED_EDGE ( 'NONE', *, *, #1292, .F. ) ;
#10947 = CARTESIAN_POINT ( 'NONE',  ( 4.395602668247342137, 9.000585821344342818, 9.032851539416725473 ) ) ;
#10948 = EDGE_CURVE ( 'NONE', #2454, #7870, #1819, .T. ) ;
#10949 = EDGE_CURVE ( 'NONE', #2881, #10402, #10741, .T. ) ;
#10950 = CARTESIAN_POINT ( 'NONE',  ( 4.299999999999999822, 15.30000000000000071, -2.360000000000000320 ) ) ;
#10951 = ORIENTED_EDGE ( 'NONE', *, *, #1875, .T. ) ;
#10952 = EDGE_LOOP ( 'NONE', ( #3835, #6657, #4940, #7568 ) ) ;
#10953 = ORIENTED_EDGE ( 'NONE', *, *, #9999, .T. ) ;
#10954 = CARTESIAN_POINT ( 'NONE',  ( 4.300008882578207903, 15.29997552248377346, 1.150695768309470512 ) ) ;
#10955 = CARTESIAN_POINT ( 'NONE',  ( 4.299999999999982059, 15.29999999999999893, -6.580769515458701591 ) ) ;
#10956 = LINE ( 'NONE', #5632, #4371 ) ;
#10957 = CARTESIAN_POINT ( 'NONE',  ( 11.07573593128806699, 6.585137115330399027, 1.896239973002775026 ) ) ;
#10958 = VERTEX_POINT ( 'NONE', #929 ) ;
#10959 = CARTESIAN_POINT ( 'NONE',  ( 4.299999999999999822, 9.000000000000000000, -2.360000000000000320 ) ) ;
#10960 = CARTESIAN_POINT ( 'NONE',  ( 8.417803733038718761, 15.50259483730813592, -8.886103730624432373 ) ) ;
#10961 = DIRECTION ( 'NONE',  ( -0.0000000000000000000, 1.000000000000000000, 0.0000000000000000000 ) ) ;
#10962 = DIRECTION ( 'NONE',  ( 0.0000000000000000000, 0.0000000000000000000, -1.000000000000000000 ) ) ;
#10963 = B_SPLINE_CURVE_WITH_KNOTS ( 'NONE', 3,
 ( #9018, #4823, #4770, #10928 ),
 .UNSPECIFIED., .F., .F.,
 ( 4, 4 ),
 ( 0.0000000000000000000, 1.000000000000000000 ),
 .UNSPECIFIED. ) ;
#10964 = DIRECTION ( 'NONE',  ( -0.0000000000000000000, -0.0000000000000000000, 1.000000000000000000 ) ) ;
#10965 = EDGE_LOOP ( 'NONE', ( #10548, #7252, #3068, #1334 ) ) ;
#10966 = CARTESIAN_POINT ( 'NONE',  ( 8.299999999999997158, 15.30259718358289689, 6.267436327059513701 ) ) ;
#10967 = ORIENTED_EDGE ( 'NONE', *, *, #2524, .F. ) ;
#10968 = COLOUR_RGB ( '',1.000000000000000000, 1.000000000000000000, 1.000000000000000000 ) ;
#10969 = CARTESIAN_POINT ( 'NONE',  ( 4.299999999999982947, 9.000000000000000000, -6.580769515458794849 ) ) ;
#10970 = CARTESIAN_POINT ( 'NONE',  ( 8.862475782649546829, 13.20000000000010054, -3.484999999999998543 ) ) ;
#10971 = CARTESIAN_POINT ( 'NONE',  ( 10.19999999999999929, 5.200000000000000178, -7.620000000000000107 ) ) ;
#10972 = FACE_OUTER_BOUND ( 'NONE', #71, .T. ) ;
#10973 = CARTESIAN_POINT ( 'NONE',  ( 9.199999999999999289, 7.799999999999999822, -9.220000000000000639 ) ) ;
#10974 = ORIENTED_EDGE ( 'NONE', *, *, #1760, .F. ) ;
#10975 = CARTESIAN_POINT ( 'NONE',  ( 4.300008882578209679, 15.29997552248378057, -8.770695768309469287 ) ) ;
#10976 = ORIENTED_EDGE ( 'NONE', *, *, #1108, .T. ) ;
#10977 = EDGE_CURVE ( 'NONE', #7915, #2326, #10790, .T. ) ;
#10978 = COLOUR_RGB ( '',1.000000000000000000, 1.000000000000000000, 1.000000000000000000 ) ;
#10979 = CARTESIAN_POINT ( 'NONE',  ( 8.500000000000000000, 15.20000000000004192, 7.870000000000000107 ) ) ;
#10980 = VERTEX_POINT ( 'NONE', #7658 ) ;
#10981 = CARTESIAN_POINT ( 'NONE',  ( 9.600000000000001421, 5.701679554779738091, -6.281346032661023315 ) ) ;
#10982 = VECTOR ( 'NONE', #2640, 1000.000000000000000 ) ;
#10983 = CARTESIAN_POINT ( 'NONE',  ( 9.650000000000003908, 15.20000000000010232, -0.2523598775598305255 ) ) ;
#10984 = CARTESIAN_POINT ( 'NONE',  ( 9.650000000000000355, 13.19999999999999929, -4.009999999999999787 ) ) ;
#10985 = ORIENTED_EDGE ( 'NONE', *, *, #10047, .T. ) ;
#10986 = CARTESIAN_POINT ( 'NONE',  ( 8.369143109499562527, 15.42062190192916482, -2.458969115609470180 ) ) ;
#10987 = DIRECTION ( 'NONE',  ( 0.0000000000000000000, 1.000000000000000000, 0.0000000000000000000 ) ) ;
#10988 = EDGE_CURVE ( 'NONE', #10402, #8236, #6922, .T. ) ;
#10989 = EDGE_CURVE ( 'NONE', #6982, #9902, #1091, .T. ) ;
#10990 = CARTESIAN_POINT ( 'NONE',  ( 8.299999999999998934, 15.50000000000000000, -8.772580537057889316 ) ) ;
#10991 = VERTEX_POINT ( 'NONE', #11076 ) ;
#10992 = VECTOR ( 'NONE', #1102, 999.9999999999998863 ) ;
#10993 = CARTESIAN_POINT ( 'NONE',  ( 4.515384615381938360, 15.50000000000000000, -2.824063386455573976 ) ) ;
#10994 = ORIENTED_EDGE ( 'NONE', *, *, #3689, .T. ) ;
#10995 = FACE_OUTER_BOUND ( 'NONE', #10518, .T. ) ;
#10996 = EDGE_CURVE ( 'NONE', #5369, #6375, #985, .T. ) ;
#10997 = SURFACE_STYLE_FILL_AREA ( #629 ) ;
#10998 = AXIS2_PLACEMENT_3D ( 'NONE', #248, #3894, #482 ) ;
#10999 = VECTOR ( 'NONE', #10773, 1000.000000000000000 ) ;
#11000 = DIRECTION ( 'NONE',  ( 0.0000000000000000000, 0.0000000000000000000, -1.000000000000000000 ) ) ;
#11001 = ORIENTED_EDGE ( 'NONE', *, *, #1610, .F. ) ;
#11002 = CARTESIAN_POINT ( 'NONE',  ( 8.499999999999998224, 15.30000000000000249, -1.152580537057889654 ) ) ;
#11003 = DIRECTION ( 'NONE',  ( 0.0000000000000000000, -0.0000000000000000000, 1.000000000000000000 ) ) ;
#11004 = STYLED_ITEM ( 'NONE', ( #5023 ), #5098 ) ;
#11005 = CARTESIAN_POINT ( 'NONE',  ( 6.500000000000000888, 14.49999999999890754, 3.184999999984140295 ) ) ;
#11006 = PRESENTATION_LAYER_ASSIGNMENT (  '', '', ( #620 ) ) ;
#11007 = ORIENTED_EDGE ( 'NONE', *, *, #8965, .T. ) ;
#11008 = VERTEX_POINT ( 'NONE', #5138 ) ;
#11009 = DIRECTION ( 'NONE',  ( -1.000000000000000000, 0.0000000000000000000, 0.0000000000000000000 ) ) ;
#11010 = EDGE_CURVE ( 'NONE', #10926, #7652, #6804, .T. ) ;
#11011 = SURFACE_STYLE_USAGE ( .BOTH. , #7592 ) ;
#11012 = CARTESIAN_POINT ( 'NONE',  ( 4.299999999999981171, 15.41715728752538794, 6.637729263255472745 ) ) ;
#11013 = ADVANCED_FACE ( 'NONE', ( #4459 ), #876, .T. ) ;
#11014 = CARTESIAN_POINT ( 'NONE',  ( 10.20000000000000284, 6.366384717017711914, -8.698745339831919665 ) ) ;
#11015 = DIRECTION ( 'NONE',  ( 1.000000000000000000, 0.0000000000000000000, 0.0000000000000000000 ) ) ;
#11016 = CIRCLE ( 'NONE', #5808, 1.049999999999999822 ) ;
#11017 = ORIENTED_EDGE ( 'NONE', *, *, #10173, .T. ) ;
#11018 = AXIS2_PLACEMENT_3D ( 'NONE', #3145, #1375, #2359 ) ;
#11019 = ORIENTED_EDGE ( 'NONE', *, *, #8647, .F. ) ;
#11020 = FACE_OUTER_BOUND ( 'NONE', #5336, .T. ) ;
#11021 = LINE ( 'NONE', #4014, #8179 ) ;
#11022 = CARTESIAN_POINT ( 'NONE',  ( 9.650000000000005684, 15.20000000000007390, -3.610000000000004761 ) ) ;
#11023 = CARTESIAN_POINT ( 'NONE',  ( 8.500000000000000000, 15.50000000000000000, -2.360000000000000320 ) ) ;
#11024 = EDGE_LOOP ( 'NONE', ( #5698, #1569, #5673, #9753 ) ) ;
#11025 = DIRECTION ( 'NONE',  ( -1.531342102931250010E-16, 0.0000000000000000000, 1.000000000000000000 ) ) ;
#11026 = VERTEX_POINT ( 'NONE', #3040 ) ;
#11027 = AXIS2_PLACEMENT_3D ( 'NONE', #6429, #2167, #5579 ) ;
#11028 = ORIENTED_EDGE ( 'NONE', *, *, #4076, .F. ) ;
#11029 = CARTESIAN_POINT ( 'NONE',  ( 9.599999999999999645, 5.298675942255759885, 8.958732383038514158 ) ) ;
#11030 = EDGE_CURVE ( 'NONE', #1965, #6417, #5409, .T. ) ;
#11031 = CARTESIAN_POINT ( 'NONE',  ( 6.666964126296234916, 14.50000000000000000, -0.6242603041111794981 ) ) ;
#11032 = DIRECTION ( 'NONE',  ( -1.000000000000000000, 0.0000000000000000000, 0.0000000000000000000 ) ) ;
#11033 = FACE_OUTER_BOUND ( 'NONE', #5527, .T. ) ;
#11034 = EDGE_LOOP ( 'NONE', ( #5146, #7304, #10086 ) ) ;
#11035 = CARTESIAN_POINT ( 'NONE',  ( 6.226543705840670739, 15.50000000000000000, 1.023071962910479860 ) ) ;
#11036 = CARTESIAN_POINT ( 'NONE',  ( 10.89999999999999858, 6.457765876465090038, 5.815000000000000391 ) ) ;
#11037 = PLANE ( 'NONE',  #7992 ) ;
#11038 = CARTESIAN_POINT ( 'NONE',  ( 6.500000000000000888, 14.49999999999890754, -4.435000000015860699 ) ) ;
#11039 = ORIENTED_EDGE ( 'NONE', *, *, #2855, .T. ) ;
#11040 = CARTESIAN_POINT ( 'NONE',  ( 4.300008882578209679, 15.29997552248377879, -1.150695768309465628 ) ) ;
#11041 = PLANE ( 'NONE',  #9846 ) ;
#11042 = VECTOR ( 'NONE', #4967, 1000.000000000000000 ) ;
#11043 = EDGE_CURVE ( 'NONE', #3097, #6982, #2474, .T. ) ;
#11044 = CARTESIAN_POINT ( 'NONE',  ( 11.19999999999999751, 6.437163872330955883, -2.157207249411575933 ) ) ;
#11045 = CARTESIAN_POINT ( 'NONE',  ( 4.346153846153809397, 15.30000000000000249, 0.8793488715349659923 ) ) ;
#11046 = EDGE_LOOP ( 'NONE', ( #1141, #5008, #5510, #3356 ) ) ;
#11047 = CARTESIAN_POINT ( 'NONE',  ( 8.499991117421794584, 15.41711772838280403, -2.660825559039875721 ) ) ;
#11048 = CARTESIAN_POINT ( 'NONE',  ( 8.500000000000000000, 8.999999999999998224, 1.234398718876068335 ) ) ;
#11049 = LINE ( 'NONE', #7519, #2075 ) ;
#11050 = AXIS2_PLACEMENT_3D ( 'NONE', #7455, #729, #3129 ) ;
#11051 = ORIENTED_EDGE ( 'NONE', *, *, #5342, .F. ) ;
#11052 = CARTESIAN_POINT ( 'NONE',  ( 8.499999999999998224, 15.30000000000000249, 4.962580537057887042 ) ) ;
#11053 = EDGE_LOOP ( 'NONE', ( #1956, #8254, #7966, #8164 ) ) ;
#11054 = CARTESIAN_POINT ( 'NONE',  ( -8.599999999999999645, 5.500000000000000000, 3.810000000000000053 ) ) ;
#11055 = ADVANCED_FACE ( 'NONE', ( #6461 ), #2152, .T. ) ;
#11056 = ADVANCED_FACE ( 'NONE', ( #7991 ), #2814, .T. ) ;
#11057 = CARTESIAN_POINT ( 'NONE',  ( 10.19999999999999929, 5.050107332876494937, 2.528344712590394394 ) ) ;
#11058 = CARTESIAN_POINT ( 'NONE',  ( 4.299999999999968736, 15.30000000000000071, 4.849230484541330100 ) ) ;
#11059 = ORIENTED_EDGE ( 'NONE', *, *, #8762, .T. ) ;
#11060 = ORIENTED_EDGE ( 'NONE', *, *, #8821, .T. ) ;
#11061 = CARTESIAN_POINT ( 'NONE',  ( 4.599999999999959677, 15.50000000000009948, 4.849230484541330100 ) ) ;
#11062 = LINE ( 'NONE', #5062, #1681 ) ;
#11063 = B_SPLINE_CURVE_WITH_KNOTS ( 'NONE', 3,
 ( #6114, #4265, #7704, #914 ),
 .UNSPECIFIED., .F., .F.,
 ( 4, 4 ),
 ( 0.0000000000000000000, 1.000000000000000000 ),
 .UNSPECIFIED. ) ;
#11064 = AXIS2_PLACEMENT_3D ( 'NONE', #512, #10769, #8287 ) ;
#11065 = DIRECTION ( 'NONE',  ( 0.0000000000000000000, -1.000000000000000000, 0.0000000000000000000 ) ) ;
#11066 = FACE_BOUND ( 'NONE', #11085, .T. ) ;
#11067 = VERTEX_POINT ( 'NONE', #10733 ) ;
#11068 = ORIENTED_EDGE ( 'NONE', *, *, #4140, .T. ) ;
#11069 = DIRECTION ( 'NONE',  ( 0.0000000000000000000, -0.9999156794129789860, -0.01298591791445430008 ) ) ;
#11070 = EDGE_CURVE ( 'NONE', #3811, #8470, #306, .T. ) ;
#11071 = EDGE_CURVE ( 'NONE', #434, #6322, #2197, .T. ) ;
#11072 = CARTESIAN_POINT ( 'NONE',  ( 9.449999999999999289, 15.20000000000004903, -3.409999999999999698 ) ) ;
#11073 = FACE_OUTER_BOUND ( 'NONE', #7606, .T. ) ;
#11074 = VECTOR ( 'NONE', #6425, 1000.000000000000000 ) ;
#11075 = DIRECTION ( 'NONE',  ( 0.0000000000000000000, 1.000000000000000000, 0.0000000000000000000 ) ) ;
#11076 = CARTESIAN_POINT ( 'NONE',  ( 10.19999999999999929, 5.199999999999999289, 8.936269300834878138 ) ) ;
#11077 = CIRCLE ( 'NONE', #6239, 1.050000000000000488 ) ;
#11078 = FACE_OUTER_BOUND ( 'NONE', #64, .T. ) ;
#11079 = LINE ( 'NONE', #8552, #4040 ) ;
#11080 = DIRECTION ( 'NONE',  ( 0.0000000000000000000, -1.000000000000000000, 0.0000000000000000000 ) ) ;
#11081 = EDGE_CURVE ( 'NONE', #5478, #3248, #1210, .T. ) ;
#11082 = DIRECTION ( 'NONE',  ( 0.0000000000000000000, 1.000000000000000000, 0.0000000000000000000 ) ) ;
#11083 = EDGE_LOOP ( 'NONE', ( #9364, #4953, #10319, #4866 ) ) ;
#11084 = DIRECTION ( 'NONE',  ( 0.0000000000000000000, -1.000000000000000000, 0.0000000000000000000 ) ) ;
#11085 = EDGE_LOOP ( 'NONE', ( #8314, #7548 ) ) ;
#11086 = CARTESIAN_POINT ( 'NONE',  ( 4.299999999999999822, 8.997200455540209418, 1.234435076596331671 ) ) ;
#11087 = ORIENTED_EDGE ( 'NONE', *, *, #1292, .T. ) ;
#11088 = VECTOR ( 'NONE', #3128, 1000.000000000000000 ) ;
#11089 = EDGE_LOOP ( 'NONE', ( #3104, #9611, #8853, #5919, #10690, #4589, #3299, #5202, #7206, #5376, #3646, #7195, #10658, #10101, #6079, #2024 ) ) ;
#11090 = DIRECTION ( 'NONE',  ( 1.000000000000000000, 0.0000000000000000000, 0.0000000000000000000 ) ) ;
#11091 = CARTESIAN_POINT ( 'NONE',  ( 8.899795149060294008, 15.20000000000010054, 0.3716118737073208500 ) ) ;
#11092 = FILL_AREA_STYLE ('',( #941 ) ) ;
#11093 = DIRECTION ( 'NONE',  ( 0.0000000000000000000, 0.0000000000000000000, -1.000000000000000000 ) ) ;
#11094 = B_SPLINE_CURVE_WITH_KNOTS ( 'NONE', 3,
 ( #3323, #2317, #1638, #9321 ),
 .UNSPECIFIED., .F., .F.,
 ( 4, 4 ),
 ( 0.0000000000000000000, 1.000000000000000000 ),
 .UNSPECIFIED. ) ;
#11095 = VERTEX_POINT ( 'NONE', #6247 ) ;
#11096 = CARTESIAN_POINT ( 'NONE',  ( 4.515384615381938360, 15.50000000000000000, 4.795936613544426130 ) ) ;
#11097 = ORIENTED_EDGE ( 'NONE', *, *, #1405, .F. ) ;
#11098 = FACE_OUTER_BOUND ( 'NONE', #3980, .T. ) ;
#11099 = EDGE_LOOP ( 'NONE', ( #9220, #7550, #7951, #4172, #3489, #57, #4707, #649, #8050, #2768, #397, #2783 ) ) ;
#11100 = VECTOR ( 'NONE', #2172, 1000.000000000000000 ) ;
#11101 = CARTESIAN_POINT ( 'NONE',  ( 8.500000000000000000, 15.19999999999999929, 1.449999999999999956 ) ) ;
#11102 = ADVANCED_FACE ( 'NONE', ( #1987 ), #6790, .F. ) ;
#11103 = EDGE_CURVE ( 'NONE', #1898, #145, #8206, .T. ) ;
#11104 = DIRECTION ( 'NONE',  ( -1.000000000000000000, 0.0000000000000000000, 0.0000000000000000000 ) ) ;
#11105 = ORIENTED_EDGE ( 'NONE', *, *, #6715, .F. ) ;
#11106 = FACE_OUTER_BOUND ( 'NONE', #11089, .T. ) ;
#11107 = CIRCLE ( 'NONE', #7706, 2.199999999999999734 ) ;
#11108 = DIRECTION ( 'NONE',  ( 0.0000000000000000000, 0.0000000000000000000, -1.000000000000000000 ) ) ;
#11109 = CARTESIAN_POINT ( 'NONE',  ( 6.500000000000000000, 14.50000000000000000, 0.0000000000000000000 ) ) ;
#11110 = PRESENTATION_STYLE_ASSIGNMENT (( #844 ) ) ;
#11111 = LINE ( 'NONE', #3417, #1322 ) ;
#11112 = VERTEX_POINT ( 'NONE', #8879 ) ;
#11113 = CARTESIAN_POINT ( 'NONE',  ( 11.15890156332594607, 6.784368843952137240, 9.219999999999997087 ) ) ;
#11114 = DIRECTION ( 'NONE',  ( 0.0000000000000000000, 0.0000000000000000000, -1.000000000000000000 ) ) ;
#11115 = LINE ( 'NONE', #4100, #10842 ) ;
#11116 = ORIENTED_EDGE ( 'NONE', *, *, #9511, .T. ) ;
ENDSEC;
END-ISO-10303-21;
